"uf";"nome_norm";"cod_municipio";"origem"
"AC";"ACRELÂNDIA";"1200013";"IBGE"
"AC";"ASSIS BRASIL";"1200054";"IBGE"
"AC";"BRASILÉIA";"1200104";"IBGE"
"AC";"BUJARI";"1200138";"IBGE"
"AC";"CAPIXABA";"1200179";"IBGE"
"AC";"CRUZEIRO DO SUL";"1200203";"IBGE"
"AC";"EPITACIOLÂNDIA";"1200252";"IBGE"
"AC";"FEIJÓ";"1200302";"IBGE"
"AC";"JORDÃO";"1200328";"IBGE"
"AC";"MÂNCIO LIMA";"1200336";"IBGE"
"AC";"MANOEL URBANO";"1200344";"IBGE"
"AC";"MARECHAL THAUMATURGO";"1200351";"IBGE"
"AC";"PLÁCIDO DE CASTRO";"1200385";"IBGE"
"AC";"PORTO ACRE";"1200807";"IBGE"
"AC";"PORTO WALTER";"1200393";"IBGE"
"AC";"RIO BRANCO";"1200401";"IBGE"
"AC";"RODRIGUES ALVES";"1200427";"IBGE"
"AC";"SANTA ROSA DO PURUS";"1200435";"IBGE"
"AC";"SENA MADUREIRA";"1200500";"IBGE"
"AC";"SENADOR GUIOMARD";"1200450";"IBGE"
"AC";"TARAUACÁ";"1200609";"IBGE"
"AC";"XAPURI";"1200708";"IBGE"
"AL";"ÁGUA BRANCA";"2700102";"IBGE"
"AL";"ANADIA";"2700201";"IBGE"
"AL";"ARAPIRACA";"2700300";"IBGE"
"AL";"ATALAIA";"2700409";"IBGE"
"AL";"BARRA DE SANTO ANTÔNIO";"2700508";"IBGE"
"AL";"BARRA DE SÃO MIGUEL";"2700607";"IBGE"
"AL";"BATALHA";"2700706";"IBGE"
"AL";"BELÉM";"2700805";"IBGE"
"AL";"BELO MONTE";"2700904";"IBGE"
"AL";"BOCA DA MATA";"2701001";"IBGE"
"AL";"BRANQUINHA";"2701100";"IBGE"
"AL";"CACIMBINHAS";"2701209";"IBGE"
"AL";"CAJUEIRO";"2701308";"IBGE"
"AL";"CAMPESTRE";"2701357";"IBGE"
"AL";"CAMPO ALEGRE";"2701407";"IBGE"
"AL";"CAMPO GRANDE";"2701506";"IBGE"
"AL";"CANAPI";"2701605";"IBGE"
"AL";"CAPELA";"2701704";"IBGE"
"AL";"CARNEIROS";"2701803";"IBGE"
"AL";"CHÃ PRETA";"2701902";"IBGE"
"AL";"COITÉ DO NÓIA";"2702009";"IBGE"
"AL";"COLÔNIA LEOPOLDINA";"2702108";"IBGE"
"AL";"COQUEIRO SECO";"2702207";"IBGE"
"AL";"CORURIPE";"2702306";"IBGE"
"AL";"CRAÍBAS";"2702355";"IBGE"
"AL";"DELMIRO GOUVEIA";"2702405";"IBGE"
"AL";"DOIS RIACHOS";"2702504";"IBGE"
"AL";"ESTRELA DE ALAGOAS";"2702553";"IBGE"
"AL";"FEIRA GRANDE";"2702603";"IBGE"
"AL";"FELIZ DESERTO";"2702702";"IBGE"
"AL";"FLEXEIRAS";"2702801";"IBGE"
"AL";"GIRAU DO PONCIANO";"2702900";"IBGE"
"AL";"IBATEGUARA";"2703007";"IBGE"
"AL";"IGACI";"2703106";"IBGE"
"AL";"IGREJA NOVA";"2703205";"IBGE"
"AL";"INHAPI";"2703304";"IBGE"
"AL";"JACARÉ DOS HOMENS";"2703403";"IBGE"
"AL";"JACUÍPE";"2703502";"IBGE"
"AL";"JAPARATINGA";"2703601";"IBGE"
"AL";"JARAMATAIA";"2703700";"IBGE"
"AL";"JEQUIÁ DA PRAIA";"2703759";"IBGE"
"AL";"JOAQUIM GOMES";"2703809";"IBGE"
"AL";"JUNDIÁ";"2703908";"IBGE"
"AL";"JUNQUEIRO";"2704005";"IBGE"
"AL";"LAGOA DA CANOA";"2704104";"IBGE"
"AL";"LIMOEIRO DE ANADIA";"2704203";"IBGE"
"AL";"MACEIÓ";"2704302";"IBGE"
"AL";"MAJOR ISIDORO";"2704401";"IBGE"
"AL";"MAR VERMELHO";"2704906";"IBGE"
"AL";"MARAGOGI";"2704500";"IBGE"
"AL";"MARAVILHA";"2704609";"IBGE"
"AL";"MARECHAL DEODORO";"2704708";"IBGE"
"AL";"MARIBONDO";"2704807";"IBGE"
"AL";"MATA GRANDE";"2705002";"IBGE"
"AL";"MATRIZ DE CAMARAGIBE";"2705101";"IBGE"
"AL";"MESSIAS";"2705200";"IBGE"
"AL";"MINADOR DO NEGRÃO";"2705309";"IBGE"
"AL";"MONTEIRÓPOLIS";"2705408";"IBGE"
"AL";"MURICI";"2705507";"IBGE"
"AL";"NOVO LINO";"2705606";"IBGE"
"AL";"OLHO D ÁGUA DAS FLORES";"2705705";"IBGE"
"AL";"OLHO D ÁGUA DO CASADO";"2705804";"IBGE"
"AL";"OLHO D ÁGUA GRANDE";"2705903";"IBGE"
"AL";"OLIVENÇA";"2706000";"IBGE"
"AL";"OURO BRANCO";"2706109";"IBGE"
"AL";"PALESTINA";"2706208";"IBGE"
"AL";"PALMEIRA DOS ÍNDIOS";"2706307";"IBGE"
"AL";"PÃO DE AÇÚCAR";"2706406";"IBGE"
"AL";"PARICONHA";"2706422";"IBGE"
"AL";"PARIPUEIRA";"2706448";"IBGE"
"AL";"PASSO DE CAMARAGIBE";"2706505";"IBGE"
"AL";"PAULO JACINTO";"2706604";"IBGE"
"AL";"PENEDO";"2706703";"IBGE"
"AL";"PIAÇABUÇU";"2706802";"IBGE"
"AL";"PILAR";"2706901";"IBGE"
"AL";"PINDOBA";"2707008";"IBGE"
"AL";"PIRANHAS";"2707107";"IBGE"
"AL";"POÇO DAS TRINCHEIRAS";"2707206";"IBGE"
"AL";"PORTO CALVO";"2707305";"IBGE"
"AL";"PORTO DE PEDRAS";"2707404";"IBGE"
"AL";"PORTO REAL DO COLÉGIO";"2707503";"IBGE"
"AL";"QUEBRANGULO";"2707602";"IBGE"
"AL";"RIO LARGO";"2707701";"IBGE"
"AL";"ROTEIRO";"2707800";"IBGE"
"AL";"SANTA LUZIA DO NORTE";"2707909";"IBGE"
"AL";"SANTANA DO IPANEMA";"2708006";"IBGE"
"AL";"SANTANA DO MUNDAÚ";"2708105";"IBGE"
"AL";"SÃO BRÁS";"2708204";"IBGE"
"AL";"SÃO JOSÉ DA LAJE";"2708303";"IBGE"
"AL";"SÃO JOSÉ DA TAPERA";"2708402";"IBGE"
"AL";"SÃO LUÍS DO QUITUNDE";"2708501";"IBGE"
"AL";"SÃO MIGUEL DOS CAMPOS";"2708600";"IBGE"
"AL";"SÃO MIGUEL DOS MILAGRES";"2708709";"IBGE"
"AL";"SÃO SEBASTIÃO";"2708808";"IBGE"
"AL";"SATUBA";"2708907";"IBGE"
"AL";"SENADOR RUI PALMEIRA";"2708956";"IBGE"
"AL";"TANQUE D ARCA";"2709004";"IBGE"
"AL";"TAQUARANA";"2709103";"IBGE"
"AL";"TEOTÔNIO VILELA";"2709152";"IBGE"
"AL";"TRAIPU";"2709202";"IBGE"
"AL";"UNIÃO DOS PALMARES";"2709301";"IBGE"
"AL";"VIÇOSA";"2709400";"IBGE"
"AM";"ALVARÃES";"1300029";"IBGE"
"AM";"AMATURÁ";"1300060";"IBGE"
"AM";"ANAMÃ";"1300086";"IBGE"
"AM";"ANORI";"1300102";"IBGE"
"AM";"APUÍ";"1300144";"IBGE"
"AM";"ATALAIA DO NORTE";"1300201";"IBGE"
"AM";"AUTAZES";"1300300";"IBGE"
"AM";"BARCELOS";"1300409";"IBGE"
"AM";"BARREIRINHA";"1300508";"IBGE"
"AM";"BENJAMIN CONSTANT";"1300607";"IBGE"
"AM";"BERURI";"1300631";"IBGE"
"AM";"BOA VISTA DO RAMOS";"1300680";"IBGE"
"AM";"BOCA DO ACRE";"1300706";"IBGE"
"AM";"BORBA";"1300805";"IBGE"
"AM";"CAAPIRANGA";"1300839";"IBGE"
"AM";"CANUTAMA";"1300904";"IBGE"
"AM";"CARAUARI";"1301001";"IBGE"
"AM";"CAREIRO";"1301100";"IBGE"
"AM";"CAREIRO DA VÁRZEA";"1301159";"IBGE"
"AM";"COARI";"1301209";"IBGE"
"AM";"CODAJÁS";"1301308";"IBGE"
"AM";"EIRUNEPÉ";"1301407";"IBGE"
"AM";"ENVIRA";"1301506";"IBGE"
"AM";"FONTE BOA";"1301605";"IBGE"
"AM";"GUAJARÁ";"1301654";"IBGE"
"AM";"HUMAITÁ";"1301704";"IBGE"
"AM";"IPIXUNA";"1301803";"IBGE"
"AM";"IRANDUBA";"1301852";"IBGE"
"AM";"ITACOATIARA";"1301902";"IBGE"
"AM";"ITAMARATI";"1301951";"IBGE"
"AM";"ITAPIRANGA";"1302009";"IBGE"
"AM";"JAPURÁ";"1302108";"IBGE"
"AM";"JURUÁ";"1302207";"IBGE"
"AM";"JUTAÍ";"1302306";"IBGE"
"AM";"LÁBREA";"1302405";"IBGE"
"AM";"MANACAPURU";"1302504";"IBGE"
"AM";"MANAQUIRI";"1302553";"IBGE"
"AM";"MANAUS";"1302603";"IBGE"
"AM";"MANICORÉ";"1302702";"IBGE"
"AM";"MARAÃ";"1302801";"IBGE"
"AM";"MAUÉS";"1302900";"IBGE"
"AM";"NHAMUNDÁ";"1303007";"IBGE"
"AM";"NOVA OLINDA DO NORTE";"1303106";"IBGE"
"AM";"NOVO AIRÃO";"1303205";"IBGE"
"AM";"NOVO ARIPUANÃ";"1303304";"IBGE"
"AM";"PARINTINS";"1303403";"IBGE"
"AM";"PAUINI";"1303502";"IBGE"
"AM";"PRESIDENTE FIGUEIREDO";"1303536";"IBGE"
"AM";"RIO PRETO DA EVA";"1303569";"IBGE"
"AM";"SANTA ISABEL DO RIO NEGRO";"1303601";"IBGE"
"AM";"SANTO ANTÔNIO DO IÇÁ";"1303700";"IBGE"
"AM";"SÃO GABRIEL DA CACHOEIRA";"1303809";"IBGE"
"AM";"SÃO PAULO DE OLIVENÇA";"1303908";"IBGE"
"AM";"SÃO SEBASTIÃO DO UATUMÃ";"1303957";"IBGE"
"AM";"SILVES";"1304005";"IBGE"
"AM";"TABATINGA";"1304062";"IBGE"
"AM";"TAPAUÁ";"1304104";"IBGE"
"AM";"TEFÉ";"1304203";"IBGE"
"AM";"TONANTINS";"1304237";"IBGE"
"AM";"UARINI";"1304260";"IBGE"
"AM";"URUCARÁ";"1304302";"IBGE"
"AM";"URUCURITUBA";"1304401";"IBGE"
"AP";"AMAPÁ";"1600105";"IBGE"
"AP";"CALÇOENE";"1600204";"IBGE"
"AP";"CUTIAS";"1600212";"IBGE"
"AP";"FERREIRA GOMES";"1600238";"IBGE"
"AP";"ITAUBAL";"1600253";"IBGE"
"AP";"LARANJAL DO JARI";"1600279";"IBGE"
"AP";"MACAPÁ";"1600303";"IBGE"
"AP";"MAZAGÃO";"1600402";"IBGE"
"AP";"OIAPOQUE";"1600501";"IBGE"
"AP";"PEDRA BRANCA DO AMAPARI";"1600154";"IBGE"
"AP";"PORTO GRANDE";"1600535";"IBGE"
"AP";"PRACUÚBA";"1600550";"IBGE"
"AP";"SANTANA";"1600600";"IBGE"
"AP";"SERRA DO NAVIO";"1600055";"IBGE"
"AP";"TARTARUGALZINHO";"1600709";"IBGE"
"AP";"VITÓRIA DO JARI";"1600808";"IBGE"
"BA";"ABAÍRA";"2900108";"IBGE"
"BA";"ABARÉ";"2900207";"IBGE"
"BA";"ACAJUTIBA";"2900306";"IBGE"
"BA";"ADUSTINA";"2900355";"IBGE"
"BA";"ÁGUA FRIA";"2900405";"IBGE"
"BA";"AIQUARA";"2900603";"IBGE"
"BA";"ALAGOINHAS";"2900702";"IBGE"
"BA";"ALCOBAÇA";"2900801";"IBGE"
"BA";"ALMADINA";"2900900";"IBGE"
"BA";"AMARGOSA";"2901007";"IBGE"
"BA";"AMÉLIA RODRIGUES";"2901106";"IBGE"
"BA";"AMÉRICA DOURADA";"2901155";"IBGE"
"BA";"ANAGÉ";"2901205";"IBGE"
"BA";"ANDARAÍ";"2901304";"IBGE"
"BA";"ANDORINHA";"2901353";"IBGE"
"BA";"ANGICAL";"2901403";"IBGE"
"BA";"ANGUERA";"2901502";"IBGE"
"BA";"ANTAS";"2901601";"IBGE"
"BA";"ANTÔNIO CARDOSO";"2901700";"IBGE"
"BA";"ANTÔNIO GONÇALVES";"2901809";"IBGE"
"BA";"APORÁ";"2901908";"IBGE"
"BA";"APUAREMA";"2901957";"IBGE"
"BA";"ARAÇÁS";"2902054";"IBGE"
"BA";"ARACATU";"2902005";"IBGE"
"BA";"ARACI";"2902104";"IBGE"
"BA";"ARAMARI";"2902203";"IBGE"
"BA";"ARATACA";"2902252";"IBGE"
"BA";"ARATUÍPE";"2902302";"IBGE"
"BA";"AREMBEPE";"2905701";"REGIAO_ADM"
"BA";"AURELINO LEAL";"2902401";"IBGE"
"BA";"BAIANÓPOLIS";"2902500";"IBGE"
"BA";"BAIXA GRANDE";"2902609";"IBGE"
"BA";"BANZAÊ";"2902658";"IBGE"
"BA";"BARRA";"2902708";"IBGE"
"BA";"BARRA DA ESTIVA";"2902807";"IBGE"
"BA";"BARRA DO CHOÇA";"2902906";"IBGE"
"BA";"BARRA DO MENDES";"2903003";"IBGE"
"BA";"BARRA DO ROCHA";"2903102";"IBGE"
"BA";"BARREIRAS";"2903201";"IBGE"
"BA";"BARRO ALTO";"2903235";"IBGE"
"BA";"BARRO PRETO";"2903300";"IBGE"
"BA";"BARROCAS";"2903276";"IBGE"
"BA";"BELMONTE";"2903409";"IBGE"
"BA";"BELO CAMPO";"2903508";"IBGE"
"BA";"BIRITINGA";"2903607";"IBGE"
"BA";"BOA NOVA";"2903706";"IBGE"
"BA";"BOA VISTA DO TUPIM";"2903805";"IBGE"
"BA";"BOM JESUS DA LAPA";"2903904";"IBGE"
"BA";"BOM JESUS DA SERRA";"2903953";"IBGE"
"BA";"BONINAL";"2904001";"IBGE"
"BA";"BONITO";"2904050";"IBGE"
"BA";"BOQUIRA";"2904100";"IBGE"
"BA";"BOTUPORÃ";"2904209";"IBGE"
"BA";"BREJÕES";"2904308";"IBGE"
"BA";"BREJOLÂNDIA";"2904407";"IBGE"
"BA";"BROTAS DE MACAÚBAS";"2904506";"IBGE"
"BA";"BRUMADO";"2904605";"IBGE"
"BA";"BUERAREMA";"2904704";"IBGE"
"BA";"BURITIRAMA";"2904753";"IBGE"
"BA";"CAATIBA";"2904803";"IBGE"
"BA";"CABACEIRAS DO PARAGUAÇU";"2904852";"IBGE"
"BA";"CACHOEIRA";"2904902";"IBGE"
"BA";"CACULÉ";"2905008";"IBGE"
"BA";"CAÉM";"2905107";"IBGE"
"BA";"CAETANOS";"2905156";"IBGE"
"BA";"CAETITÉ";"2905206";"IBGE"
"BA";"CAFARNAUM";"2905305";"IBGE"
"BA";"CAIRU";"2905404";"IBGE"
"BA";"CALDEIRÃO GRANDE";"2905503";"IBGE"
"BA";"CAMACAN";"2905602";"IBGE"
"BA";"CAMAÇARI";"2905701";"IBGE"
"BA";"CAMAMU";"2905800";"IBGE"
"BA";"CAMPO ALEGRE DE LOURDES";"2905909";"IBGE"
"BA";"CAMPO FORMOSO";"2906006";"IBGE"
"BA";"CANÁPOLIS";"2906105";"IBGE"
"BA";"CANARANA";"2906204";"IBGE"
"BA";"CANAVIEIRAS";"2906303";"IBGE"
"BA";"CANDEAL";"2906402";"IBGE"
"BA";"CANDEIAS";"2906501";"IBGE"
"BA";"CANDIBA";"2906600";"IBGE"
"BA";"CÂNDIDO SALES";"2906709";"IBGE"
"BA";"CANSANÇÃO";"2906808";"IBGE"
"BA";"CANUDOS";"2906824";"IBGE"
"BA";"CAPELA DO ALTO ALEGRE";"2906857";"IBGE"
"BA";"CAPIM GROSSO";"2906873";"IBGE"
"BA";"CARAÍBAS";"2906899";"IBGE"
"BA";"CARAVELAS";"2906907";"IBGE"
"BA";"CARDEAL DA SILVA";"2907004";"IBGE"
"BA";"CARINHANHA";"2907103";"IBGE"
"BA";"CASA NOVA";"2907202";"IBGE"
"BA";"CASTRO ALVES";"2907301";"IBGE"
"BA";"CATOLÂNDIA";"2907400";"IBGE"
"BA";"CATU";"2907509";"IBGE"
"BA";"CATURAMA";"2907558";"IBGE"
"BA";"CENTRAL";"2907608";"IBGE"
"BA";"CHORROCHÓ";"2907707";"IBGE"
"BA";"CÍCERO DANTAS";"2907806";"IBGE"
"BA";"CIPÓ";"2907905";"IBGE"
"BA";"COARACI";"2908002";"IBGE"
"BA";"COCOS";"2908101";"IBGE"
"BA";"CONCEIÇÃO DA FEIRA";"2908200";"IBGE"
"BA";"CONCEIÇÃO DO ALMEIDA";"2908309";"IBGE"
"BA";"CONCEIÇÃO DO COITÉ";"2908408";"IBGE"
"BA";"CONCEIÇÃO DO JACUÍPE";"2908507";"IBGE"
"BA";"CONDE";"2908606";"IBGE"
"BA";"CONDEÚBA";"2908705";"IBGE"
"BA";"CONTENDAS DO SINCORÁ";"2908804";"IBGE"
"BA";"CORAÇÃO DE MARIA";"2908903";"IBGE"
"BA";"CORDEIROS";"2909000";"IBGE"
"BA";"CORIBE";"2909109";"IBGE"
"BA";"CORONEL JOÃO SÁ";"2909208";"IBGE"
"BA";"CORRENTINA";"2909307";"IBGE"
"BA";"COTEGIPE";"2909406";"IBGE"
"BA";"CRAVOLÂNDIA";"2909505";"IBGE"
"BA";"CRISÓPOLIS";"2909604";"IBGE"
"BA";"CRISTÓPOLIS";"2909703";"IBGE"
"BA";"CRUZ DAS ALMAS";"2909802";"IBGE"
"BA";"CURAÇÁ";"2909901";"IBGE"
"BA";"DÁRIO MEIRA";"2910008";"IBGE"
"BA";"DIAS D ÁVILA";"2910057";"IBGE"
"BA";"DOM BASÍLIO";"2910107";"IBGE"
"BA";"DOM MACEDO COSTA";"2910206";"IBGE"
"BA";"ELÍSIO MEDRADO";"2910305";"IBGE"
"BA";"ENCRUZILHADA";"2910404";"IBGE"
"BA";"ENTRE RIOS";"2910503";"IBGE"
"BA";"ÉRICO CARDOSO";"2900504";"IBGE"
"BA";"ESPLANADA";"2910602";"IBGE"
"BA";"EUCLIDES DA CUNHA";"2910701";"IBGE"
"BA";"EUNÁPOLIS";"2910727";"IBGE"
"BA";"FÁTIMA";"2910750";"IBGE"
"BA";"FEIRA DA MATA";"2910776";"IBGE"
"BA";"FEIRA DE SANTANA";"2910800";"IBGE"
"BA";"FILADÉLFIA";"2910859";"IBGE"
"BA";"FIRMINO ALVES";"2910909";"IBGE"
"BA";"FLORESTA AZUL";"2911006";"IBGE"
"BA";"FORMOSA DO RIO PRETO";"2911105";"IBGE"
"BA";"GANDU";"2911204";"IBGE"
"BA";"GAVIÃO";"2911253";"IBGE"
"BA";"GENTIO DO OURO";"2911303";"IBGE"
"BA";"GLÓRIA";"2911402";"IBGE"
"BA";"GONGOGI";"2911501";"IBGE"
"BA";"GOVERNADOR MANGABEIRA";"2911600";"IBGE"
"BA";"GUAJERU";"2911659";"IBGE"
"BA";"GUANAMBI";"2911709";"IBGE"
"BA";"GUARATINGA";"2911808";"IBGE"
"BA";"HELIÓPOLIS";"2911857";"IBGE"
"BA";"IAÇU";"2911907";"IBGE"
"BA";"IBIASSUCÊ";"2912004";"IBGE"
"BA";"IBICARAÍ";"2912103";"IBGE"
"BA";"IBICOARA";"2912202";"IBGE"
"BA";"IBICUÍ";"2912301";"IBGE"
"BA";"IBIPEBA";"2912400";"IBGE"
"BA";"IBIPITANGA";"2912509";"IBGE"
"BA";"IBIQUERA";"2912608";"IBGE"
"BA";"IBIRAPITANGA";"2912707";"IBGE"
"BA";"IBIRAPUÃ";"2912806";"IBGE"
"BA";"IBIRATAIA";"2912905";"IBGE"
"BA";"IBITIARA";"2913002";"IBGE"
"BA";"IBITITÁ";"2913101";"IBGE"
"BA";"IBOTIRAMA";"2913200";"IBGE"
"BA";"ICHU";"2913309";"IBGE"
"BA";"IGAPORÃ";"2913408";"IBGE"
"BA";"IGRAPIÚNA";"2913457";"IBGE"
"BA";"IGUAÍ";"2913507";"IBGE"
"BA";"ILHÉUS";"2913606";"IBGE"
"BA";"INHAMBUPE";"2913705";"IBGE"
"BA";"IPECAETÁ";"2913804";"IBGE"
"BA";"IPIAÚ";"2913903";"IBGE"
"BA";"IPIRÁ";"2914000";"IBGE"
"BA";"IPUPIARA";"2914109";"IBGE"
"BA";"IRAJUBA";"2914208";"IBGE"
"BA";"IRAMAIA";"2914307";"IBGE"
"BA";"IRAQUARA";"2914406";"IBGE"
"BA";"IRARÁ";"2914505";"IBGE"
"BA";"IRECÊ";"2914604";"IBGE"
"BA";"ITABELA";"2914653";"IBGE"
"BA";"ITABERABA";"2914703";"IBGE"
"BA";"ITABUNA";"2914802";"IBGE"
"BA";"ITACARÉ";"2914901";"IBGE"
"BA";"ITAETÉ";"2915007";"IBGE"
"BA";"ITAGI";"2915106";"IBGE"
"BA";"ITAGIBÁ";"2915205";"IBGE"
"BA";"ITAGIMIRIM";"2915304";"IBGE"
"BA";"ITAGUAÇU DA BAHIA";"2915353";"IBGE"
"BA";"ITAJU DO COLÔNIA";"2915403";"IBGE"
"BA";"ITAJUÍPE";"2915502";"IBGE"
"BA";"ITAMARAJU";"2915601";"IBGE"
"BA";"ITAMARI";"2915700";"IBGE"
"BA";"ITAMBÉ";"2915809";"IBGE"
"BA";"ITANAGRA";"2915908";"IBGE"
"BA";"ITANHÉM";"2916005";"IBGE"
"BA";"ITAPARICA";"2916104";"IBGE"
"BA";"ITAPÉ";"2916203";"IBGE"
"BA";"ITAPEBI";"2916302";"IBGE"
"BA";"ITAPETINGA";"2916401";"IBGE"
"BA";"ITAPICURU";"2916500";"IBGE"
"BA";"ITAPITANGA";"2916609";"IBGE"
"BA";"ITAQUARA";"2916708";"IBGE"
"BA";"ITARANTIM";"2916807";"IBGE"
"BA";"ITATIM";"2916856";"IBGE"
"BA";"ITIRUÇU";"2916906";"IBGE"
"BA";"ITIÚBA";"2917003";"IBGE"
"BA";"ITORORÓ";"2917102";"IBGE"
"BA";"ITUAÇU";"2917201";"IBGE"
"BA";"ITUBERÁ";"2917300";"IBGE"
"BA";"IUIU";"2917334";"IBGE"
"BA";"JABORANDI";"2917359";"IBGE"
"BA";"JACARACI";"2917409";"IBGE"
"BA";"JACOBINA";"2917508";"IBGE"
"BA";"JAGUAQUARA";"2917607";"IBGE"
"BA";"JAGUARARI";"2917706";"IBGE"
"BA";"JAGUARIPE";"2917805";"IBGE"
"BA";"JANDAÍRA";"2917904";"IBGE"
"BA";"JEQUIÉ";"2918001";"IBGE"
"BA";"JEREMOABO";"2918100";"IBGE"
"BA";"JIQUIRIÇÁ";"2918209";"IBGE"
"BA";"JITAÚNA";"2918308";"IBGE"
"BA";"JOÃO DOURADO";"2918357";"IBGE"
"BA";"JUAZEIRO";"2918407";"IBGE"
"BA";"JUCURUÇU";"2918456";"IBGE"
"BA";"JUSSARA";"2918506";"IBGE"
"BA";"JUSSARI";"2918555";"IBGE"
"BA";"JUSSIAPE";"2918605";"IBGE"
"BA";"LAFAIETE COUTINHO";"2918704";"IBGE"
"BA";"LAGOA REAL";"2918753";"IBGE"
"BA";"LAJE";"2918803";"IBGE"
"BA";"LAJEDÃO";"2918902";"IBGE"
"BA";"LAJEDINHO";"2919009";"IBGE"
"BA";"LAJEDO DO TABOCAL";"2919058";"IBGE"
"BA";"LAMARÃO";"2919108";"IBGE"
"BA";"LAPÃO";"2919157";"IBGE"
"BA";"LAURO DE FREITAS";"2919207";"IBGE"
"BA";"LENÇÓIS";"2919306";"IBGE"
"BA";"LICÍNIO DE ALMEIDA";"2919405";"IBGE"
"BA";"LIVRAMENTO DE NOSSA SENHORA";"2919504";"IBGE"
"BA";"LUÍS EDUARDO MAGALHÃES";"2919553";"IBGE"
"BA";"MACAJUBA";"2919603";"IBGE"
"BA";"MACARANI";"2919702";"IBGE"
"BA";"MACAÚBAS";"2919801";"IBGE"
"BA";"MACURURÉ";"2919900";"IBGE"
"BA";"MADRE DE DEUS";"2919926";"IBGE"
"BA";"MAETINGA";"2919959";"IBGE"
"BA";"MAIQUINIQUE";"2920007";"IBGE"
"BA";"MAIRI";"2920106";"IBGE"
"BA";"MALHADA";"2920205";"IBGE"
"BA";"MALHADA DE PEDRAS";"2920304";"IBGE"
"BA";"MANOEL VITORINO";"2920403";"IBGE"
"BA";"MANSIDÃO";"2920452";"IBGE"
"BA";"MARACÁS";"2920502";"IBGE"
"BA";"MARAGOGIPE";"2920601";"IBGE"
"BA";"MARAÚ";"2920700";"IBGE"
"BA";"MARCIONÍLIO SOUZA";"2920809";"IBGE"
"BA";"MASCOTE";"2920908";"IBGE"
"BA";"MATA DE SÃO JOÃO";"2921005";"IBGE"
"BA";"MATINA";"2921054";"IBGE"
"BA";"MEDEIROS NETO";"2921104";"IBGE"
"BA";"MIGUEL CALMON";"2921203";"IBGE"
"BA";"MILAGRES";"2921302";"IBGE"
"BA";"MIRANGABA";"2921401";"IBGE"
"BA";"MIRANTE";"2921450";"IBGE"
"BA";"MONTE SANTO";"2921500";"IBGE"
"BA";"MORPARÁ";"2921609";"IBGE"
"BA";"MORRO DO CHAPÉU";"2921708";"IBGE"
"BA";"MORTUGABA";"2921807";"IBGE"
"BA";"MUCUGÊ";"2921906";"IBGE"
"BA";"MUCURI";"2922003";"IBGE"
"BA";"MULUNGU DO MORRO";"2922052";"IBGE"
"BA";"MUNDO NOVO";"2922102";"IBGE"
"BA";"MUNIZ FERREIRA";"2922201";"IBGE"
"BA";"MUQUÉM DO SÃO FRANCISCO";"2922250";"IBGE"
"BA";"MURITIBA";"2922300";"IBGE"
"BA";"MUTUÍPE";"2922409";"IBGE"
"BA";"NAZARÉ";"2922508";"IBGE"
"BA";"NILO PEÇANHA";"2922607";"IBGE"
"BA";"NORDESTINA";"2922656";"IBGE"
"BA";"NOVA CANAÃ";"2922706";"IBGE"
"BA";"NOVA FÁTIMA";"2922730";"IBGE"
"BA";"NOVA IBIÁ";"2922755";"IBGE"
"BA";"NOVA ITARANA";"2922805";"IBGE"
"BA";"NOVA REDENÇÃO";"2922854";"IBGE"
"BA";"NOVA SOURE";"2922904";"IBGE"
"BA";"NOVA VIÇOSA";"2923001";"IBGE"
"BA";"NOVO HORIZONTE";"2923035";"IBGE"
"BA";"NOVO TRIUNFO";"2923050";"IBGE"
"BA";"OLINDINA";"2923100";"IBGE"
"BA";"OLIVEIRA DOS BREJINHOS";"2923209";"IBGE"
"BA";"OURIÇANGAS";"2923308";"IBGE"
"BA";"OUROLÂNDIA";"2923357";"IBGE"
"BA";"PALMAS DE MONTE ALTO";"2923407";"IBGE"
"BA";"PALMEIRAS";"2923506";"IBGE"
"BA";"PARAMIRIM";"2923605";"IBGE"
"BA";"PARATINGA";"2923704";"IBGE"
"BA";"PARIPIRANGA";"2923803";"IBGE"
"BA";"PAU BRASIL";"2923902";"IBGE"
"BA";"PAULO AFONSO";"2924009";"IBGE"
"BA";"PÉ DE SERRA";"2924058";"IBGE"
"BA";"PEDRÃO";"2924108";"IBGE"
"BA";"PEDRO ALEXANDRE";"2924207";"IBGE"
"BA";"PIATÃ";"2924306";"IBGE"
"BA";"PILÃO ARCADO";"2924405";"IBGE"
"BA";"PINDAÍ";"2924504";"IBGE"
"BA";"PINDOBAÇU";"2924603";"IBGE"
"BA";"PINTADAS";"2924652";"IBGE"
"BA";"PIRAÍ DO NORTE";"2924678";"IBGE"
"BA";"PIRIPÁ";"2924702";"IBGE"
"BA";"PIRITIBA";"2924801";"IBGE"
"BA";"PLANALTINO";"2924900";"IBGE"
"BA";"PLANALTO";"2925006";"IBGE"
"BA";"POÇÕES";"2925105";"IBGE"
"BA";"POJUCA";"2925204";"IBGE"
"BA";"PONTO NOVO";"2925253";"IBGE"
"BA";"PORTO SEGURO";"2925303";"IBGE"
"BA";"POTIRAGUÁ";"2925402";"IBGE"
"BA";"PRADO";"2925501";"IBGE"
"BA";"PRESIDENTE DUTRA";"2925600";"IBGE"
"BA";"PRESIDENTE JÂNIO QUADROS";"2925709";"IBGE"
"BA";"PRESIDENTE TANCREDO NEVES";"2925758";"IBGE"
"BA";"QUEIMADAS";"2925808";"IBGE"
"BA";"QUIJINGUE";"2925907";"IBGE"
"BA";"QUIXABEIRA";"2925931";"IBGE"
"BA";"RAFAEL JAMBEIRO";"2925956";"IBGE"
"BA";"REMANSO";"2926004";"IBGE"
"BA";"RETIROLÂNDIA";"2926103";"IBGE"
"BA";"RIACHÃO DAS NEVES";"2926202";"IBGE"
"BA";"RIACHÃO DO JACUÍPE";"2926301";"IBGE"
"BA";"RIACHO DE SANTANA";"2926400";"IBGE"
"BA";"RIBEIRA DO AMPARO";"2926509";"IBGE"
"BA";"RIBEIRA DO POMBAL";"2926608";"IBGE"
"BA";"RIBEIRÃO DO LARGO";"2926657";"IBGE"
"BA";"RIO DE CONTAS";"2926707";"IBGE"
"BA";"RIO DO ANTÔNIO";"2926806";"IBGE"
"BA";"RIO DO PIRES";"2926905";"IBGE"
"BA";"RIO REAL";"2927002";"IBGE"
"BA";"RODELAS";"2927101";"IBGE"
"BA";"RUY BARBOSA";"2927200";"IBGE"
"BA";"SALINAS DA MARGARIDA";"2927309";"IBGE"
"BA";"SALVADOR";"2927408";"IBGE"
"BA";"SANTA BÁRBARA";"2927507";"IBGE"
"BA";"SANTA BRÍGIDA";"2927606";"IBGE"
"BA";"SANTA CRUZ CABRÁLIA";"2927705";"IBGE"
"BA";"SANTA CRUZ DA VITÓRIA";"2927804";"IBGE"
"BA";"SANTA INÊS";"2927903";"IBGE"
"BA";"SANTA LUZIA";"2928059";"IBGE"
"BA";"SANTA MARIA DA VITÓRIA";"2928109";"IBGE"
"BA";"SANTA RITA DE CÁSSIA";"2928406";"IBGE"
"BA";"SANTA TERESINHA";"2928505";"GRAFIA_ANTIGA"
"BA";"SANTA TEREZINHA";"2928505";"IBGE"
"BA";"SANTALUZ";"2928000";"IBGE"
"BA";"SANTANA";"2928208";"IBGE"
"BA";"SANTANÓPOLIS";"2928307";"IBGE"
"BA";"SANTO AMARO";"2928604";"IBGE"
"BA";"SANTO ANTÔNIO DE JESUS";"2928703";"IBGE"
"BA";"SANTO ESTÊVÃO";"2928802";"IBGE"
"BA";"SÃO DESIDÉRIO";"2928901";"IBGE"
"BA";"SÃO DOMINGOS";"2928950";"IBGE"
"BA";"SÃO FELIPE";"2929107";"IBGE"
"BA";"SÃO FÉLIX";"2929008";"IBGE"
"BA";"SÃO FÉLIX DO CORIBE";"2929057";"IBGE"
"BA";"SÃO FRANCISCO DO CONDE";"2929206";"IBGE"
"BA";"SÃO GABRIEL";"2929255";"IBGE"
"BA";"SÃO GONÇALO DOS CAMPOS";"2929305";"IBGE"
"BA";"SÃO JOSÉ DA VITÓRIA";"2929354";"IBGE"
"BA";"SÃO JOSÉ DO JACUÍPE";"2929370";"IBGE"
"BA";"SÃO MIGUEL DAS MATAS";"2929404";"IBGE"
"BA";"SÃO SEBASTIÃO DO PASSÉ";"2929503";"IBGE"
"BA";"SAPEAÇU";"2929602";"IBGE"
"BA";"SÁTIRO DIAS";"2929701";"IBGE"
"BA";"SAUBARA";"2929750";"IBGE"
"BA";"SAÚDE";"2929800";"IBGE"
"BA";"SEABRA";"2929909";"IBGE"
"BA";"SEBASTIÃO LARANJEIRAS";"2930006";"IBGE"
"BA";"SENHOR DO BONFIM";"2930105";"IBGE"
"BA";"SENTO SÉ";"2930204";"IBGE"
"BA";"SERRA DO RAMALHO";"2930154";"IBGE"
"BA";"SERRA DOURADA";"2930303";"IBGE"
"BA";"SERRA PRETA";"2930402";"IBGE"
"BA";"SERRINHA";"2930501";"IBGE"
"BA";"SERROLÂNDIA";"2930600";"IBGE"
"BA";"SIMÕES FILHO";"2930709";"IBGE"
"BA";"SÍTIO DO MATO";"2930758";"IBGE"
"BA";"SÍTIO DO QUINTO";"2930766";"IBGE"
"BA";"SOBRADINHO";"2930774";"IBGE"
"BA";"SOUTO SOARES";"2930808";"IBGE"
"BA";"TABOCAS DO BREJO VELHO";"2930907";"IBGE"
"BA";"TANHAÇU";"2931004";"IBGE"
"BA";"TANQUE NOVO";"2931053";"IBGE"
"BA";"TANQUINHO";"2931103";"IBGE"
"BA";"TAPEROÁ";"2931202";"IBGE"
"BA";"TAPIRAMUTÁ";"2931301";"IBGE"
"BA";"TEIXEIRA DE FREITAS";"2931350";"IBGE"
"BA";"TEODORO SAMPAIO";"2931400";"IBGE"
"BA";"TEOFILÂNDIA";"2931509";"IBGE"
"BA";"TEOLÂNDIA";"2931608";"IBGE"
"BA";"TERRA NOVA";"2931707";"IBGE"
"BA";"TREMEDAL";"2931806";"IBGE"
"BA";"TUCANO";"2931905";"IBGE"
"BA";"UAUÁ";"2932002";"IBGE"
"BA";"UBAÍRA";"2932101";"IBGE"
"BA";"UBAITABA";"2932200";"IBGE"
"BA";"UBATÃ";"2932309";"IBGE"
"BA";"UIBAÍ";"2932408";"IBGE"
"BA";"UMBURANAS";"2932457";"IBGE"
"BA";"UNA";"2932507";"IBGE"
"BA";"URANDI";"2932606";"IBGE"
"BA";"URUÇUCA";"2932705";"IBGE"
"BA";"UTINGA";"2932804";"IBGE"
"BA";"VALENÇA";"2932903";"IBGE"
"BA";"VALENTE";"2933000";"IBGE"
"BA";"VÁRZEA DA ROÇA";"2933059";"IBGE"
"BA";"VÁRZEA DO POÇO";"2933109";"IBGE"
"BA";"VÁRZEA NOVA";"2933158";"IBGE"
"BA";"VARZEDO";"2933174";"IBGE"
"BA";"VERA CRUZ";"2933208";"IBGE"
"BA";"VEREDA";"2933257";"IBGE"
"BA";"VITÓRIA DA CONQUISTA";"2933307";"IBGE"
"BA";"WAGNER";"2933406";"IBGE"
"BA";"WANDERLEY";"2933455";"IBGE"
"BA";"WENCESLAU GUIMARÃES";"2933505";"IBGE"
"BA";"XIQUE XIQUE";"2933604";"IBGE"
"CE";"ABAIARA";"2300101";"IBGE"
"CE";"ACARAPE";"2300150";"IBGE"
"CE";"ACARAÚ";"2300200";"IBGE"
"CE";"ACOPIARA";"2300309";"IBGE"
"CE";"AIUABA";"2300408";"IBGE"
"CE";"ALCÂNTARAS";"2300507";"IBGE"
"CE";"ALTANEIRA";"2300606";"IBGE"
"CE";"ALTO SANTO";"2300705";"IBGE"
"CE";"AMONTADA";"2300754";"IBGE"
"CE";"ANTONINA DO NORTE";"2300804";"IBGE"
"CE";"ANTONINA NORTE";"2300804";"GRAFIA_ANTIGA"
"CE";"APUIARÉS";"2300903";"IBGE"
"CE";"AQUIRAZ";"2301000";"IBGE"
"CE";"ARACATI";"2301109";"IBGE"
"CE";"ARACOIABA";"2301208";"IBGE"
"CE";"ARARENDÁ";"2301257";"IBGE"
"CE";"ARARIPE";"2301307";"IBGE"
"CE";"ARATUBA";"2301406";"IBGE"
"CE";"ARNEIROZ";"2301505";"IBGE"
"CE";"ASSARÉ";"2301604";"IBGE"
"CE";"AURORA";"2301703";"IBGE"
"CE";"BAIXIO";"2301802";"IBGE"
"CE";"BANABUIÚ";"2301851";"IBGE"
"CE";"BARBALHA";"2301901";"IBGE"
"CE";"BARREIRA";"2301950";"IBGE"
"CE";"BARRO";"2302008";"IBGE"
"CE";"BARROQUINHA";"2302057";"IBGE"
"CE";"BATURITÉ";"2302107";"IBGE"
"CE";"BEBERIBE";"2302206";"IBGE"
"CE";"BELA CRUZ";"2302305";"IBGE"
"CE";"BOA VIAGEM";"2302404";"IBGE"
"CE";"BREJO SANTO";"2302503";"IBGE"
"CE";"CAMOCIM";"2302602";"IBGE"
"CE";"CAMPOS SALES";"2302701";"IBGE"
"CE";"CANINDÉ";"2302800";"IBGE"
"CE";"CAPISTRANO";"2302909";"IBGE"
"CE";"CARIDADE";"2303006";"IBGE"
"CE";"CARIRÉ";"2303105";"IBGE"
"CE";"CARIRIAÇU";"2303204";"IBGE"
"CE";"CARIÚS";"2303303";"IBGE"
"CE";"CARNAUBAL";"2303402";"IBGE"
"CE";"CASCAVEL";"2303501";"IBGE"
"CE";"CATARINA";"2303600";"IBGE"
"CE";"CATUNDA";"2303659";"IBGE"
"CE";"CAUCAIA";"2303709";"IBGE"
"CE";"CEDRO";"2303808";"IBGE"
"CE";"CHAVAL";"2303907";"IBGE"
"CE";"CHORÓ";"2303931";"IBGE"
"CE";"CHOROZINHO";"2303956";"IBGE"
"CE";"COREAÚ";"2304004";"IBGE"
"CE";"CRATEÚS";"2304103";"IBGE"
"CE";"CRATO";"2304202";"IBGE"
"CE";"CROATÁ";"2304236";"IBGE"
"CE";"CRUZ";"2304251";"IBGE"
"CE";"DEPUTADO IRAPUAN PINHEIRO";"2304269";"IBGE"
"CE";"ERERÉ";"2304277";"IBGE"
"CE";"EUSÉBIO";"2304285";"IBGE"
"CE";"FARIAS BRITO";"2304301";"IBGE"
"CE";"FORQUILHA";"2304350";"IBGE"
"CE";"FORTALEZA";"2304400";"IBGE"
"CE";"FORTIM";"2304459";"IBGE"
"CE";"FRECHEIRINHA";"2304509";"IBGE"
"CE";"GENERAL SAMPAIO";"2304608";"IBGE"
"CE";"GRAÇA";"2304657";"IBGE"
"CE";"GRANJA";"2304707";"IBGE"
"CE";"GRANJEIRO";"2304806";"IBGE"
"CE";"GROAÍRAS";"2304905";"IBGE"
"CE";"GUAIÚBA";"2304954";"IBGE"
"CE";"GUARACIABA DO NORTE";"2305001";"IBGE"
"CE";"GUARAMIRANGA";"2305100";"IBGE"
"CE";"HIDROLÂNDIA";"2305209";"IBGE"
"CE";"HORIZONTE";"2305233";"IBGE"
"CE";"IBARETAMA";"2305266";"IBGE"
"CE";"IBIAPINA";"2305308";"IBGE"
"CE";"IBICUITINGA";"2305332";"IBGE"
"CE";"ICAPUÍ";"2305357";"IBGE"
"CE";"ICÓ";"2305407";"IBGE"
"CE";"IGUATU";"2305506";"IBGE"
"CE";"INDEPENDÊNCIA";"2305605";"IBGE"
"CE";"IPAPORANGA";"2305654";"IBGE"
"CE";"IPAUMIRIM";"2305704";"IBGE"
"CE";"IPU";"2305803";"IBGE"
"CE";"IPUEIRAS";"2305902";"IBGE"
"CE";"IRACEMA";"2306009";"IBGE"
"CE";"IRAUÇUBA";"2306108";"IBGE"
"CE";"ITAIÇABA";"2306207";"IBGE"
"CE";"ITAITINGA";"2306256";"IBGE"
"CE";"ITAPAGE";"2306306";"GRAFIA_ANTIGA"
"CE";"ITAPAJÉ";"2306306";"IBGE"
"CE";"ITAPIPOCA";"2306405";"IBGE"
"CE";"ITAPIÚNA";"2306504";"IBGE"
"CE";"ITAREMA";"2306553";"IBGE"
"CE";"ITATIRA";"2306603";"IBGE"
"CE";"JAGUARETAMA";"2306702";"IBGE"
"CE";"JAGUARIBARA";"2306801";"IBGE"
"CE";"JAGUARIBE";"2306900";"IBGE"
"CE";"JAGUARUANA";"2307007";"IBGE"
"CE";"JARDIM";"2307106";"IBGE"
"CE";"JATI";"2307205";"IBGE"
"CE";"JIJOCA DE JERICOACOARA";"2307254";"IBGE"
"CE";"JUAZEIRO DO NORTE";"2307304";"IBGE"
"CE";"JUCÁS";"2307403";"IBGE"
"CE";"LAVRAS DA MANGABEIRA";"2307502";"IBGE"
"CE";"LIMOEIRO DO NORTE";"2307601";"IBGE"
"CE";"MADALENA";"2307635";"IBGE"
"CE";"MARACANAÚ";"2307650";"IBGE"
"CE";"MARANGUAPE";"2307700";"IBGE"
"CE";"MARCO";"2307809";"IBGE"
"CE";"MARTINÓPOLE";"2307908";"IBGE"
"CE";"MASSAPÊ";"2308005";"IBGE"
"CE";"MAURITI";"2308104";"IBGE"
"CE";"MERUOCA";"2308203";"IBGE"
"CE";"MILAGRES";"2308302";"IBGE"
"CE";"MILHÃ";"2308351";"IBGE"
"CE";"MIRAÍMA";"2308377";"IBGE"
"CE";"MISSÃO VELHA";"2308401";"IBGE"
"CE";"MOMBAÇA";"2308500";"IBGE"
"CE";"MONSENHOR TABOSA";"2308609";"IBGE"
"CE";"MORADA NOVA";"2308708";"IBGE"
"CE";"MORAÚJO";"2308807";"IBGE"
"CE";"MORRINHOS";"2308906";"IBGE"
"CE";"MUCAMBO";"2309003";"IBGE"
"CE";"MULUNGU";"2309102";"IBGE"
"CE";"NOVA OLINDA";"2309201";"IBGE"
"CE";"NOVA RUSSAS";"2309300";"IBGE"
"CE";"NOVO ORIENTE";"2309409";"IBGE"
"CE";"OCARA";"2309458";"IBGE"
"CE";"ORÓS";"2309508";"IBGE"
"CE";"PACAJUS";"2309607";"IBGE"
"CE";"PACATUBA";"2309706";"IBGE"
"CE";"PACOTI";"2309805";"IBGE"
"CE";"PACUJÁ";"2309904";"IBGE"
"CE";"PALHANO";"2310001";"IBGE"
"CE";"PALMÁCIA";"2310100";"IBGE"
"CE";"PARACURU";"2310209";"IBGE"
"CE";"PARAIPABA";"2310258";"IBGE"
"CE";"PARAMBU";"2310308";"IBGE"
"CE";"PARAMOTI";"2310407";"IBGE"
"CE";"PEDRA BRANCA";"2310506";"IBGE"
"CE";"PENAFORTE";"2310605";"IBGE"
"CE";"PENTECOSTE";"2310704";"IBGE"
"CE";"PEREIRO";"2310803";"IBGE"
"CE";"PINDORETAMA";"2310852";"IBGE"
"CE";"PIQUET CARNEIRO";"2310902";"IBGE"
"CE";"PIRES FERREIRA";"2310951";"IBGE"
"CE";"PORANGA";"2311009";"IBGE"
"CE";"PORTEIRAS";"2311108";"IBGE"
"CE";"POTENGI";"2311207";"IBGE"
"CE";"POTIRETAMA";"2311231";"IBGE"
"CE";"QUITERIANÓPOLIS";"2311264";"IBGE"
"CE";"QUIXADÁ";"2311306";"IBGE"
"CE";"QUIXELÔ";"2311355";"IBGE"
"CE";"QUIXERAMOBIM";"2311405";"IBGE"
"CE";"QUIXERÉ";"2311504";"IBGE"
"CE";"REDENÇÃO";"2311603";"IBGE"
"CE";"RERIUTABA";"2311702";"IBGE"
"CE";"RUSSAS";"2311801";"IBGE"
"CE";"SABOEIRO";"2311900";"IBGE"
"CE";"SALITRE";"2311959";"IBGE"
"CE";"SANTA QUITÉRIA";"2312205";"IBGE"
"CE";"SANTANA DO ACARAÚ";"2312007";"IBGE"
"CE";"SANTANA DO CARIRI";"2312106";"IBGE"
"CE";"SÃO BENEDITO";"2312304";"IBGE"
"CE";"SÃO GONÇALO DO AMARANTE";"2312403";"IBGE"
"CE";"SÃO JOÃO DO JAGUARIBE";"2312502";"IBGE"
"CE";"SÃO LUÍS DO CURU";"2312601";"IBGE"
"CE";"SENADOR POMPEU";"2312700";"IBGE"
"CE";"SENADOR SÁ";"2312809";"IBGE"
"CE";"SOBRAL";"2312908";"IBGE"
"CE";"SOLONÓPOLE";"2313005";"IBGE"
"CE";"TABULEIRO DO NORTE";"2313104";"IBGE"
"CE";"TAMBORIL";"2313203";"IBGE"
"CE";"TARRAFAS";"2313252";"IBGE"
"CE";"TAUÁ";"2313302";"IBGE"
"CE";"TEJUÇUOCA";"2313351";"IBGE"
"CE";"TIANGUÁ";"2313401";"IBGE"
"CE";"TRAIRI";"2313500";"IBGE"
"CE";"TURURU";"2313559";"IBGE"
"CE";"UBAJARA";"2313609";"IBGE"
"CE";"UMARI";"2313708";"IBGE"
"CE";"UMIRIM";"2313757";"IBGE"
"CE";"URUBURETAMA";"2313807";"IBGE"
"CE";"URUOCA";"2313906";"IBGE"
"CE";"VARJOTA";"2313955";"IBGE"
"CE";"VÁRZEA ALEGRE";"2314003";"IBGE"
"CE";"VIÇOSA DO CEARÁ";"2314102";"IBGE"
"DF";"ASA NORTE";"5300108";"REGIAO_ADM"
"DF";"BRASÍLIA";"5300108";"IBGE"
"DF";"CANDANGOLANDIA";"5300108";"REGIAO_ADM"
"DF";"CEILANDIA";"5300108";"REGIAO_ADM"
"DF";"GAMA";"5300108";"REGIAO_ADM"
"DF";"GUARA";"5300108";"REGIAO_ADM"
"DF";"LAGO SUL";"5300108";"REGIAO_ADM"
"DF";"NUCLEO BANDEIRANTE";"5300108";"REGIAO_ADM"
"DF";"PARANOA";"5300108";"REGIAO_ADM"
"DF";"PLANALTINA";"5300108";"REGIAO_ADM"
"DF";"SAMAMBAIA";"5300108";"REGIAO_ADM"
"DF";"SOBRADINHO";"5300108";"REGIAO_ADM"
"DF";"TAGUATINGA";"5300108";"REGIAO_ADM"
"ES";"AFONSO CLÁUDIO";"3200102";"IBGE"
"ES";"ÁGUA DOCE DO NORTE";"3200169";"IBGE"
"ES";"ÁGUIA BRANCA";"3200136";"IBGE"
"ES";"ALEGRE";"3200201";"IBGE"
"ES";"ALFREDO CHAVES";"3200300";"IBGE"
"ES";"ALTO RIO NOVO";"3200359";"IBGE"
"ES";"ANCHIETA";"3200409";"IBGE"
"ES";"APIACÁ";"3200508";"IBGE"
"ES";"ARACRUZ";"3200607";"IBGE"
"ES";"ATÍLIO VIVÁCQUA";"3200706";"IBGE"
"ES";"BAIXO GUANDU";"3200805";"IBGE"
"ES";"BARRA DE SÃO FRANCISCO";"3200904";"IBGE"
"ES";"BOA ESPERANÇA";"3201001";"IBGE"
"ES";"BOM JESUS DO NORTE";"3201100";"IBGE"
"ES";"BREJETUBA";"3201159";"IBGE"
"ES";"CACHOEIRO DE ITAPEMIRIM";"3201209";"IBGE"
"ES";"CACHOEIRO DO ITAPEMIRIM";"3201209";"ERRO_DIGITACAO"
"ES";"CARIACICA";"3201308";"IBGE"
"ES";"CASTELO";"3201407";"IBGE"
"ES";"COLATINA";"3201506";"IBGE"
"ES";"CONCEIÇÃO DA BARRA";"3201605";"IBGE"
"ES";"CONCEIÇÃO DO CASTELO";"3201704";"IBGE"
"ES";"DIVINO DE SÃO LOURENÇO";"3201803";"IBGE"
"ES";"DOMINGOS MARTINS";"3201902";"IBGE"
"ES";"DORES DO RIO PRETO";"3202009";"IBGE"
"ES";"ECOPORANGA";"3202108";"IBGE"
"ES";"FUNDÃO";"3202207";"IBGE"
"ES";"GOVERNADOR LINDENBERG";"3202256";"IBGE"
"ES";"GUAÇUÍ";"3202306";"IBGE"
"ES";"GUARAPARI";"3202405";"IBGE"
"ES";"IBATIBA";"3202454";"IBGE"
"ES";"IBIRAÇU";"3202504";"IBGE"
"ES";"IBITIRAMA";"3202553";"IBGE"
"ES";"ICONHA";"3202603";"IBGE"
"ES";"IRUPI";"3202652";"IBGE"
"ES";"ITAGUAÇU";"3202702";"IBGE"
"ES";"ITAPEMIRIM";"3202801";"IBGE"
"ES";"ITARANA";"3202900";"IBGE"
"ES";"IÚNA";"3203007";"IBGE"
"ES";"JAGUARÉ";"3203056";"IBGE"
"ES";"JERÔNIMO MONTEIRO";"3203106";"IBGE"
"ES";"JOÃO NEIVA";"3203130";"IBGE"
"ES";"LARANJA DA TERRA";"3203163";"IBGE"
"ES";"LINHARES";"3203205";"IBGE"
"ES";"MANTENÓPOLIS";"3203304";"IBGE"
"ES";"MARATAÍZES";"3203320";"IBGE"
"ES";"MARECHAL FLORIANO";"3203346";"IBGE"
"ES";"MARILÂNDIA";"3203353";"IBGE"
"ES";"MIMOSO DO SUL";"3203403";"IBGE"
"ES";"MONTANHA";"3203502";"IBGE"
"ES";"MUCURICI";"3203601";"IBGE"
"ES";"MUNIZ FREIRE";"3203700";"IBGE"
"ES";"MUQUI";"3203809";"IBGE"
"ES";"NOVA VENÉCIA";"3203908";"IBGE"
"ES";"PANCAS";"3204005";"IBGE"
"ES";"PEDRO CANÁRIO";"3204054";"IBGE"
"ES";"PINHEIROS";"3204104";"IBGE"
"ES";"PIÚMA";"3204203";"IBGE"
"ES";"PONTO BELO";"3204252";"IBGE"
"ES";"PRESIDENTE KENNEDY";"3204302";"IBGE"
"ES";"RIO BANANAL";"3204351";"IBGE"
"ES";"RIO NOVO DO SUL";"3204401";"IBGE"
"ES";"SANTA LEOPOLDINA";"3204500";"IBGE"
"ES";"SANTA MARIA DE JETIBÁ";"3204559";"IBGE"
"ES";"SANTA TERESA";"3204609";"IBGE"
"ES";"SÃO DOMINGOS DO NORTE";"3204658";"IBGE"
"ES";"SÃO GABRIEL DA PALHA";"3204708";"IBGE"
"ES";"SÃO JOSÉ DO CALÇADO";"3204807";"IBGE"
"ES";"SÃO MATEUS";"3204906";"IBGE"
"ES";"SÃO ROQUE DO CANAÃ";"3204955";"IBGE"
"ES";"SERRA";"3205002";"IBGE"
"ES";"SOORETAMA";"3205010";"IBGE"
"ES";"VARGEM ALTA";"3205036";"IBGE"
"ES";"VENDA NOVA DO IMIGRANTE";"3205069";"IBGE"
"ES";"VIANA";"3205101";"IBGE"
"ES";"VILA PAVÃO";"3205150";"IBGE"
"ES";"VILA VALÉRIO";"3205176";"IBGE"
"ES";"VILA VELHA";"3205200";"IBGE"
"ES";"VITÓRIA";"3205309";"IBGE"
"GO";"ABADIA DE GOIÁS";"5200050";"IBGE"
"GO";"ABADIÂNIA";"5200100";"IBGE"
"GO";"ACREÚNA";"5200134";"IBGE"
"GO";"ADELÂNDIA";"5200159";"IBGE"
"GO";"ÁGUA FRIA DE GOIÁS";"5200175";"IBGE"
"GO";"ÁGUA LIMPA";"5200209";"IBGE"
"GO";"ÁGUAS LINDAS DE GOIÁS";"5200258";"IBGE"
"GO";"ALEXÂNIA";"5200308";"IBGE"
"GO";"ALOÂNDIA";"5200506";"IBGE"
"GO";"ALTO HORIZONTE";"5200555";"IBGE"
"GO";"ALTO PARAÍSO DE GOIÁS";"5200605";"IBGE"
"GO";"ALVORADA DO NORTE";"5200803";"IBGE"
"GO";"AMARALINA";"5200829";"IBGE"
"GO";"AMERICANO DO BRASIL";"5200852";"IBGE"
"GO";"AMORINÓPOLIS";"5200902";"IBGE"
"GO";"ANÁPOLIS";"5201108";"IBGE"
"GO";"ANHANGUERA";"5201207";"IBGE"
"GO";"ANICUNS";"5201306";"IBGE"
"GO";"APARECIDA DE GOIÂNIA";"5201405";"IBGE"
"GO";"APARECIDA DO RIO DOCE";"5201454";"IBGE"
"GO";"APORÉ";"5201504";"IBGE"
"GO";"ARAÇU";"5201603";"IBGE"
"GO";"ARAGARÇAS";"5201702";"IBGE"
"GO";"ARAGOIÂNIA";"5201801";"IBGE"
"GO";"ARAGUAPAZ";"5202155";"IBGE"
"GO";"ARENÓPOLIS";"5202353";"IBGE"
"GO";"ARUANÃ";"5202502";"IBGE"
"GO";"AURILÂNDIA";"5202601";"IBGE"
"GO";"AVELINÓPOLIS";"5202809";"IBGE"
"GO";"BALIZA";"5203104";"IBGE"
"GO";"BARRO ALTO";"5203203";"IBGE"
"GO";"BELA VISTA DE GOIÁS";"5203302";"IBGE"
"GO";"BOM JARDIM DE GOIÁS";"5203401";"IBGE"
"GO";"BOM JESUS DE GOIÁS";"5203500";"IBGE"
"GO";"BONFINÓPOLIS";"5203559";"IBGE"
"GO";"BONÓPOLIS";"5203575";"IBGE"
"GO";"BRAZABRANTES";"5203609";"IBGE"
"GO";"BRITÂNIA";"5203807";"IBGE"
"GO";"BURITI ALEGRE";"5203906";"IBGE"
"GO";"BURITI DE GOIÁS";"5203939";"IBGE"
"GO";"BURITINÓPOLIS";"5203962";"IBGE"
"GO";"CABECEIRAS";"5204003";"IBGE"
"GO";"CACHOEIRA ALTA";"5204102";"IBGE"
"GO";"CACHOEIRA DE GOIÁS";"5204201";"IBGE"
"GO";"CACHOEIRA DOURADA";"5204250";"IBGE"
"GO";"CAÇU";"5204300";"IBGE"
"GO";"CAIAPÔNIA";"5204409";"IBGE"
"GO";"CALDAS NOVAS";"5204508";"IBGE"
"GO";"CALDAZINHA";"5204557";"IBGE"
"GO";"CAMPESTRE DE GOIÁS";"5204607";"IBGE"
"GO";"CAMPINAÇU";"5204656";"IBGE"
"GO";"CAMPINORTE";"5204706";"IBGE"
"GO";"CAMPO ALEGRE DE GOIÁS";"5204805";"IBGE"
"GO";"CAMPO LIMPO DE GOIÁS";"5204854";"IBGE"
"GO";"CAMPOS BELOS";"5204904";"IBGE"
"GO";"CAMPOS VERDES";"5204953";"IBGE"
"GO";"CARMO DO RIO VERDE";"5205000";"IBGE"
"GO";"CASTELÂNDIA";"5205059";"IBGE"
"GO";"CATALÃO";"5205109";"IBGE"
"GO";"CATURAÍ";"5205208";"IBGE"
"GO";"CAVALCANTE";"5205307";"IBGE"
"GO";"CERES";"5205406";"IBGE"
"GO";"CEZARINA";"5205455";"IBGE"
"GO";"CHAPADÃO DO CÉU";"5205471";"IBGE"
"GO";"CIDADE OCIDENTAL";"5205497";"IBGE"
"GO";"COCALZINHO DE GOIÁS";"5205513";"IBGE"
"GO";"COLINAS DO SUL";"5205521";"IBGE"
"GO";"CÓRREGO DO OURO";"5205703";"IBGE"
"GO";"CORUMBÁ DE GOIÁS";"5205802";"IBGE"
"GO";"CORUMBAÍBA";"5205901";"IBGE"
"GO";"CRISTALINA";"5206206";"IBGE"
"GO";"CRISTIANÓPOLIS";"5206305";"IBGE"
"GO";"CRIXÁS";"5206404";"IBGE"
"GO";"CROMÍNIA";"5206503";"IBGE"
"GO";"CUMARI";"5206602";"IBGE"
"GO";"DAMIANÓPOLIS";"5206701";"IBGE"
"GO";"DAMOLÂNDIA";"5206800";"IBGE"
"GO";"DAVINÓPOLIS";"5206909";"IBGE"
"GO";"DIORAMA";"5207105";"IBGE"
"GO";"DIVINÓPOLIS DE GOIÁS";"5208301";"IBGE"
"GO";"DOVERLÂNDIA";"5207253";"IBGE"
"GO";"EDEALINA";"5207352";"IBGE"
"GO";"EDÉIA";"5207402";"IBGE"
"GO";"ESTRELA DO NORTE";"5207501";"IBGE"
"GO";"FAINA";"5207535";"IBGE"
"GO";"FAZENDA NOVA";"5207600";"IBGE"
"GO";"FIRMINÓPOLIS";"5207808";"IBGE"
"GO";"FLORES DE GOIÁS";"5207907";"IBGE"
"GO";"FORMOSA";"5208004";"IBGE"
"GO";"FORMOSO";"5208103";"IBGE"
"GO";"GAMELEIRA DE GOIÁS";"5208152";"IBGE"
"GO";"GOIANÁPOLIS";"5208400";"IBGE"
"GO";"GOIANDIRA";"5208509";"IBGE"
"GO";"GOIANÉSIA";"5208608";"IBGE"
"GO";"GOIÂNIA";"5208707";"IBGE"
"GO";"GOIANIRA";"5208806";"IBGE"
"GO";"GOIÁS";"5208905";"IBGE"
"GO";"GOIATUBA";"5209101";"IBGE"
"GO";"GOUVELÂNDIA";"5209150";"IBGE"
"GO";"GUAPÓ";"5209200";"IBGE"
"GO";"GUARAÍTA";"5209291";"IBGE"
"GO";"GUARANI DE GOIÁS";"5209408";"IBGE"
"GO";"GUARINOS";"5209457";"IBGE"
"GO";"HEITORAÍ";"5209606";"IBGE"
"GO";"HIDROLÂNDIA";"5209705";"IBGE"
"GO";"HIDROLINA";"5209804";"IBGE"
"GO";"IACIARA";"5209903";"IBGE"
"GO";"INACIOLÂNDIA";"5209937";"IBGE"
"GO";"INDIARA";"5209952";"IBGE"
"GO";"INHUMAS";"5210000";"IBGE"
"GO";"IPAMERI";"5210109";"IBGE"
"GO";"IPIRANGA DE GOIÁS";"5210158";"IBGE"
"GO";"IPORÁ";"5210208";"IBGE"
"GO";"ISRAELÂNDIA";"5210307";"IBGE"
"GO";"ITABERAÍ";"5210406";"IBGE"
"GO";"ITAGUARI";"5210562";"IBGE"
"GO";"ITAGUARU";"5210604";"IBGE"
"GO";"ITAJÁ";"5210802";"IBGE"
"GO";"ITAPACI";"5210901";"IBGE"
"GO";"ITAPIRAPUÃ";"5211008";"IBGE"
"GO";"ITAPURANGA";"5211206";"IBGE"
"GO";"ITARUMÃ";"5211305";"IBGE"
"GO";"ITAUÇU";"5211404";"IBGE"
"GO";"ITUMBIARA";"5211503";"IBGE"
"GO";"IVOLÂNDIA";"5211602";"IBGE"
"GO";"JANDAIA";"5211701";"IBGE"
"GO";"JARAGUÁ";"5211800";"IBGE"
"GO";"JATAÍ";"5211909";"IBGE"
"GO";"JAUPACI";"5212006";"IBGE"
"GO";"JESÚPOLIS";"5212055";"IBGE"
"GO";"JOVIÂNIA";"5212105";"IBGE"
"GO";"JUSSARA";"5212204";"IBGE"
"GO";"LAGOA SANTA";"5212253";"IBGE"
"GO";"LEOPOLDO DE BULHÕES";"5212303";"IBGE"
"GO";"LUZIÂNIA";"5212501";"IBGE"
"GO";"MAIRIPOTABA";"5212600";"IBGE"
"GO";"MAMBAÍ";"5212709";"IBGE"
"GO";"MARA ROSA";"5212808";"IBGE"
"GO";"MARZAGÃO";"5212907";"IBGE"
"GO";"MATRINCHÃ";"5212956";"IBGE"
"GO";"MAURILÂNDIA";"5213004";"IBGE"
"GO";"MIMOSO DE GOIÁS";"5213053";"IBGE"
"GO";"MINAÇU";"5213087";"IBGE"
"GO";"MINEIROS";"5213103";"IBGE"
"GO";"MOIPORÁ";"5213400";"IBGE"
"GO";"MONTE ALEGRE DE GOIÁS";"5213509";"IBGE"
"GO";"MONTES CLAROS DE GOIÁS";"5213707";"IBGE"
"GO";"MONTIVIDIU";"5213756";"IBGE"
"GO";"MONTIVIDIU DO NORTE";"5213772";"IBGE"
"GO";"MORRINHOS";"5213806";"IBGE"
"GO";"MORRO AGUDO DE GOIÁS";"5213855";"IBGE"
"GO";"MOSSÂMEDES";"5213905";"IBGE"
"GO";"MOZARLÂNDIA";"5214002";"IBGE"
"GO";"MUNDO NOVO";"5214051";"IBGE"
"GO";"MUTUNÓPOLIS";"5214101";"IBGE"
"GO";"NAZÁRIO";"5214408";"IBGE"
"GO";"NERÓPOLIS";"5214507";"IBGE"
"GO";"NIQUELÂNDIA";"5214606";"IBGE"
"GO";"NOVA AMÉRICA";"5214705";"IBGE"
"GO";"NOVA AURORA";"5214804";"IBGE"
"GO";"NOVA CRIXÁS";"5214838";"IBGE"
"GO";"NOVA GLÓRIA";"5214861";"IBGE"
"GO";"NOVA IGUAÇU DE GOIÁS";"5214879";"IBGE"
"GO";"NOVA ROMA";"5214903";"IBGE"
"GO";"NOVA VENEZA";"5215009";"IBGE"
"GO";"NOVO BRASIL";"5215207";"IBGE"
"GO";"NOVO GAMA";"5215231";"IBGE"
"GO";"NOVO PLANALTO";"5215256";"IBGE"
"GO";"ORIZONA";"5215306";"IBGE"
"GO";"OURO VERDE DE GOIÁS";"5215405";"IBGE"
"GO";"OUVIDOR";"5215504";"IBGE"
"GO";"PADRE BERNARDO";"5215603";"IBGE"
"GO";"PALESTINA DE GOIÁS";"5215652";"IBGE"
"GO";"PALMEIRAS DE GOIÁS";"5215702";"IBGE"
"GO";"PALMELO";"5215801";"IBGE"
"GO";"PALMINÓPOLIS";"5215900";"IBGE"
"GO";"PANAMÁ";"5216007";"IBGE"
"GO";"PARANAIGUARA";"5216304";"IBGE"
"GO";"PARAÚNA";"5216403";"IBGE"
"GO";"PEROLÂNDIA";"5216452";"IBGE"
"GO";"PETROLINA DE GOIÁS";"5216809";"IBGE"
"GO";"PILAR DE GOIÁS";"5216908";"IBGE"
"GO";"PIRACANJUBA";"5217104";"IBGE"
"GO";"PIRANHAS";"5217203";"IBGE"
"GO";"PIRENÓPOLIS";"5217302";"IBGE"
"GO";"PIRES DO RIO";"5217401";"IBGE"
"GO";"PLANALTINA";"5217609";"IBGE"
"GO";"PONTALINA";"5217708";"IBGE"
"GO";"PORANGATU";"5218003";"IBGE"
"GO";"PORTEIRÃO";"5218052";"IBGE"
"GO";"PORTELÂNDIA";"5218102";"IBGE"
"GO";"POSSE";"5218300";"IBGE"
"GO";"PROFESSOR JAMIL";"5218391";"IBGE"
"GO";"QUIRINÓPOLIS";"5218508";"IBGE"
"GO";"RIALMA";"5218607";"IBGE"
"GO";"RIANÁPOLIS";"5218706";"IBGE"
"GO";"RIO QUENTE";"5218789";"IBGE"
"GO";"RIO VERDE";"5218805";"IBGE"
"GO";"RUBIATABA";"5218904";"IBGE"
"GO";"SANCLERLÂNDIA";"5219001";"IBGE"
"GO";"SANTA BÁRBARA DE GOIÁS";"5219100";"IBGE"
"GO";"SANTA CRUZ DE GOIÁS";"5219209";"IBGE"
"GO";"SANTA FÉ DE GOIÁS";"5219258";"IBGE"
"GO";"SANTA HELENA DE GOIÁS";"5219308";"IBGE"
"GO";"SANTA ISABEL";"5219357";"IBGE"
"GO";"SANTA RITA DO ARAGUAIA";"5219407";"IBGE"
"GO";"SANTA RITA DO NOVO DESTINO";"5219456";"IBGE"
"GO";"SANTA ROSA DE GOIÁS";"5219506";"IBGE"
"GO";"SANTA TEREZA DE GOIÁS";"5219605";"IBGE"
"GO";"SANTA TEREZINHA DE GOIÁS";"5219704";"IBGE"
"GO";"SANTO ANTÔNIO DA BARRA";"5219712";"IBGE"
"GO";"SANTO ANTÔNIO DE GOIÁS";"5219738";"IBGE"
"GO";"SANTO ANTÔNIO DO DESCOBERTO";"5219753";"IBGE"
"GO";"SÃO DOMINGOS";"5219803";"IBGE"
"GO";"SÃO FRANCISCO DE GOIÁS";"5219902";"IBGE"
"GO";"SÃO JOÃO D ALIANÇA";"5220009";"IBGE"
"GO";"SÃO JOÃO DA PARAÚNA";"5220058";"IBGE"
"GO";"SÃO LUÍS DE MONTES BELOS";"5220108";"IBGE"
"GO";"SAO LUIS MONTES BELOS";"5220108";"ERRO_DIGITACAO"
"GO";"SÃO LUIZ DO NORTE";"5220157";"IBGE"
"GO";"SÃO MIGUEL DO ARAGUAIA";"5220207";"IBGE"
"GO";"SÃO MIGUEL DO PASSA QUATRO";"5220264";"IBGE"
"GO";"SÃO PATRÍCIO";"5220280";"IBGE"
"GO";"SÃO SIMÃO";"5220405";"IBGE"
"GO";"SENADOR CANEDO";"5220454";"IBGE"
"GO";"SERRANÓPOLIS";"5220504";"IBGE"
"GO";"SILVÂNIA";"5220603";"IBGE"
"GO";"SIMOLÂNDIA";"5220686";"IBGE"
"GO";"SÍTIO D ABADIA";"5220702";"IBGE"
"GO";"TAQUARAL DE GOIÁS";"5221007";"IBGE"
"GO";"TERESINA DE GOIÁS";"5221080";"IBGE"
"GO";"TEREZÓPOLIS DE GOIÁS";"5221197";"IBGE"
"GO";"TRÊS RANCHOS";"5221304";"IBGE"
"GO";"TRINDADE";"5221403";"IBGE"
"GO";"TROMBAS";"5221452";"IBGE"
"GO";"TURVÂNIA";"5221502";"IBGE"
"GO";"TURVELÂNDIA";"5221551";"IBGE"
"GO";"UIRAPURU";"5221577";"IBGE"
"GO";"URUAÇU";"5221601";"IBGE"
"GO";"URUANA";"5221700";"IBGE"
"GO";"URUTAÍ";"5221809";"IBGE"
"GO";"VALPARAÍSO DE GOIÁS";"5221858";"IBGE"
"GO";"VARJÃO";"5221908";"IBGE"
"GO";"VIANÓPOLIS";"5222005";"IBGE"
"GO";"VICENTINÓPOLIS";"5222054";"IBGE"
"GO";"VILA BOA";"5222203";"IBGE"
"GO";"VILA PROPÍCIO";"5222302";"IBGE"
"MA";"AÇAILÂNDIA";"2100055";"IBGE"
"MA";"AFONSO CUNHA";"2100105";"IBGE"
"MA";"ÁGUA DOCE DO MARANHÃO";"2100154";"IBGE"
"MA";"ALCÂNTARA";"2100204";"IBGE"
"MA";"ALDEIAS ALTAS";"2100303";"IBGE"
"MA";"ALTAMIRA DO MARANHÃO";"2100402";"IBGE"
"MA";"ALTO ALEGRE DO MARANHÃO";"2100436";"IBGE"
"MA";"ALTO ALEGRE DO PINDARÉ";"2100477";"IBGE"
"MA";"ALTO PARNAÍBA";"2100501";"IBGE"
"MA";"AMAPÁ DO MARANHÃO";"2100550";"IBGE"
"MA";"AMARANTE DO MARANHÃO";"2100600";"IBGE"
"MA";"ANAJATUBA";"2100709";"IBGE"
"MA";"ANAPURUS";"2100808";"IBGE"
"MA";"APICUM AÇU";"2100832";"IBGE"
"MA";"ARAGUANÃ";"2100873";"IBGE"
"MA";"ARAIOSES";"2100907";"IBGE"
"MA";"ARAME";"2100956";"IBGE"
"MA";"ARARI";"2101004";"IBGE"
"MA";"AXIXÁ";"2101103";"IBGE"
"MA";"BACABAL";"2101202";"IBGE"
"MA";"BACABEIRA";"2101251";"IBGE"
"MA";"BACURI";"2101301";"IBGE"
"MA";"BACURITUBA";"2101350";"IBGE"
"MA";"BALSAS";"2101400";"IBGE"
"MA";"BARÃO DE GRAJAÚ";"2101509";"IBGE"
"MA";"BARRA DO CORDA";"2101608";"IBGE"
"MA";"BARREIRINHAS";"2101707";"IBGE"
"MA";"BELA VISTA DO MARANHÃO";"2101772";"IBGE"
"MA";"BELÁGUA";"2101731";"IBGE"
"MA";"BENEDITO LEITE";"2101806";"IBGE"
"MA";"BEQUIMÃO";"2101905";"IBGE"
"MA";"BERNARDO DO MEARIM";"2101939";"IBGE"
"MA";"BOA VISTA DO GURUPI";"2101970";"IBGE"
"MA";"BOM JARDIM";"2102002";"IBGE"
"MA";"BOM JESUS DAS SELVAS";"2102036";"IBGE"
"MA";"BOM LUGAR";"2102077";"IBGE"
"MA";"BREJO";"2102101";"IBGE"
"MA";"BREJO DE AREIA";"2102150";"IBGE"
"MA";"BURITI";"2102200";"IBGE"
"MA";"BURITI BRAVO";"2102309";"IBGE"
"MA";"BURITICUPU";"2102325";"IBGE"
"MA";"BURITIRANA";"2102358";"IBGE"
"MA";"CACHOEIRA GRANDE";"2102374";"IBGE"
"MA";"CAJAPIÓ";"2102408";"IBGE"
"MA";"CAJARI";"2102507";"IBGE"
"MA";"CAMPESTRE DO MARANHÃO";"2102556";"IBGE"
"MA";"CÂNDIDO MENDES";"2102606";"IBGE"
"MA";"CANTANHEDE";"2102705";"IBGE"
"MA";"CAPINZAL DO NORTE";"2102754";"IBGE"
"MA";"CAROLINA";"2102804";"IBGE"
"MA";"CARUTAPERA";"2102903";"IBGE"
"MA";"CAXIAS";"2103000";"IBGE"
"MA";"CEDRAL";"2103109";"IBGE"
"MA";"CENTRAL DO MARANHÃO";"2103125";"IBGE"
"MA";"CENTRO DO GUILHERME";"2103158";"IBGE"
"MA";"CENTRO NOVO DO MARANHÃO";"2103174";"IBGE"
"MA";"CHAPADINHA";"2103208";"IBGE"
"MA";"CIDELÂNDIA";"2103257";"IBGE"
"MA";"CODÓ";"2103307";"IBGE"
"MA";"COELHO NETO";"2103406";"IBGE"
"MA";"COLINAS";"2103505";"IBGE"
"MA";"CONCEIÇÃO DO LAGO AÇU";"2103554";"IBGE"
"MA";"COROATÁ";"2103604";"IBGE"
"MA";"CURURUPU";"2103703";"IBGE"
"MA";"DAVINÓPOLIS";"2103752";"IBGE"
"MA";"DOM PEDRO";"2103802";"IBGE"
"MA";"DUQUE BACELAR";"2103901";"IBGE"
"MA";"ESPERANTINÓPOLIS";"2104008";"IBGE"
"MA";"ESTREITO";"2104057";"IBGE"
"MA";"FEIRA NOVA DO MARANHÃO";"2104073";"IBGE"
"MA";"FERNANDO FALCÃO";"2104081";"IBGE"
"MA";"FORMOSA DA SERRA NEGRA";"2104099";"IBGE"
"MA";"FORTALEZA DOS NOGUEIRAS";"2104107";"IBGE"
"MA";"FORTUNA";"2104206";"IBGE"
"MA";"GODOFREDO VIANA";"2104305";"IBGE"
"MA";"GONÇALVES DIAS";"2104404";"IBGE"
"MA";"GOVERNADOR ARCHER";"2104503";"IBGE"
"MA";"GOVERNADOR EDISON LOBÃO";"2104552";"IBGE"
"MA";"GOVERNADOR EUGÊNIO BARROS";"2104602";"IBGE"
"MA";"GOVERNADOR LUIZ ROCHA";"2104628";"IBGE"
"MA";"GOVERNADOR NEWTON BELLO";"2104651";"IBGE"
"MA";"GOVERNADOR NUNES FREIRE";"2104677";"IBGE"
"MA";"GRAÇA ARANHA";"2104701";"IBGE"
"MA";"GRAJAÚ";"2104800";"IBGE"
"MA";"GUIMARÃES";"2104909";"IBGE"
"MA";"HUMBERTO DE CAMPOS";"2105005";"IBGE"
"MA";"ICATU";"2105104";"IBGE"
"MA";"IGARAPÉ DO MEIO";"2105153";"IBGE"
"MA";"IGARAPÉ GRANDE";"2105203";"IBGE"
"MA";"IMPERATRIZ";"2105302";"IBGE"
"MA";"ITAIPAVA DO GRAJAÚ";"2105351";"IBGE"
"MA";"ITAPECURU MIRIM";"2105401";"IBGE"
"MA";"ITINGA DO MARANHÃO";"2105427";"IBGE"
"MA";"JATOBÁ";"2105450";"IBGE"
"MA";"JENIPAPO DOS VIEIRAS";"2105476";"IBGE"
"MA";"JOÃO LISBOA";"2105500";"IBGE"
"MA";"JOSELÂNDIA";"2105609";"IBGE"
"MA";"JUNCO DO MARANHÃO";"2105658";"IBGE"
"MA";"LAGO DA PEDRA";"2105708";"IBGE"
"MA";"LAGO DO JUNCO";"2105807";"IBGE"
"MA";"LAGO DOS RODRIGUES";"2105948";"IBGE"
"MA";"LAGO VERDE";"2105906";"IBGE"
"MA";"LAGOA DO MATO";"2105922";"IBGE"
"MA";"LAGOA GRANDE DO MARANHÃO";"2105963";"IBGE"
"MA";"LAJEADO NOVO";"2105989";"IBGE"
"MA";"LIMA CAMPOS";"2106003";"IBGE"
"MA";"LORETO";"2106102";"IBGE"
"MA";"LUÍS DOMINGUES";"2106201";"IBGE"
"MA";"MAGALHÃES DE ALMEIDA";"2106300";"IBGE"
"MA";"MARACAÇUMÉ";"2106326";"IBGE"
"MA";"MARAJÁ DO SENA";"2106359";"IBGE"
"MA";"MARANHÃOZINHO";"2106375";"IBGE"
"MA";"MATA ROMA";"2106409";"IBGE"
"MA";"MATINHA";"2106508";"IBGE"
"MA";"MATÕES";"2106607";"IBGE"
"MA";"MATÕES DO NORTE";"2106631";"IBGE"
"MA";"MILAGRES DO MARANHÃO";"2106672";"IBGE"
"MA";"MIRADOR";"2106706";"IBGE"
"MA";"MIRANDA DO NORTE";"2106755";"IBGE"
"MA";"MIRINZAL";"2106805";"IBGE"
"MA";"MONÇÃO";"2106904";"IBGE"
"MA";"MONTES ALTOS";"2107001";"IBGE"
"MA";"MORROS";"2107100";"IBGE"
"MA";"NINA RODRIGUES";"2107209";"IBGE"
"MA";"NOVA COLINAS";"2107258";"IBGE"
"MA";"NOVA IORQUE";"2107308";"IBGE"
"MA";"NOVA OLINDA DO MARANHÃO";"2107357";"IBGE"
"MA";"OLHO D ÁGUA DAS CUNHÃS";"2107407";"IBGE"
"MA";"OLINDA NOVA DO MARANHÃO";"2107456";"IBGE"
"MA";"PAÇO DO LUMIAR";"2107506";"IBGE"
"MA";"PALMEIRÂNDIA";"2107605";"IBGE"
"MA";"PARAIBANO";"2107704";"IBGE"
"MA";"PARNARAMA";"2107803";"IBGE"
"MA";"PASSAGEM FRANCA";"2107902";"IBGE"
"MA";"PASTOS BONS";"2108009";"IBGE"
"MA";"PAULINO NEVES";"2108058";"IBGE"
"MA";"PAULO RAMOS";"2108108";"IBGE"
"MA";"PEDREIRAS";"2108207";"IBGE"
"MA";"PEDRO DO ROSÁRIO";"2108256";"IBGE"
"MA";"PENALVA";"2108306";"IBGE"
"MA";"PERI MIRIM";"2108405";"IBGE"
"MA";"PERITORÓ";"2108454";"IBGE"
"MA";"PINDARÉ MIRIM";"2108504";"IBGE"
"MA";"PINHEIRO";"2108603";"IBGE"
"MA";"PIO XII";"2108702";"IBGE"
"MA";"PIRAPEMAS";"2108801";"IBGE"
"MA";"POÇÃO DE PEDRAS";"2108900";"IBGE"
"MA";"PORTO FRANCO";"2109007";"IBGE"
"MA";"PORTO RICO DO MARANHÃO";"2109056";"IBGE"
"MA";"PRESIDENTE DUTRA";"2109106";"IBGE"
"MA";"PRESIDENTE JUSCELINO";"2109205";"IBGE"
"MA";"PRESIDENTE MÉDICI";"2109239";"IBGE"
"MA";"PRESIDENTE SARNEY";"2109270";"IBGE"
"MA";"PRESIDENTE VARGAS";"2109304";"IBGE"
"MA";"PRIMEIRA CRUZ";"2109403";"IBGE"
"MA";"RAPOSA";"2109452";"IBGE"
"MA";"RIACHÃO";"2109502";"IBGE"
"MA";"RIBAMAR FIQUENE";"2109551";"IBGE"
"MA";"ROSÁRIO";"2109601";"IBGE"
"MA";"SAMBAÍBA";"2109700";"IBGE"
"MA";"SANTA FILOMENA DO MARANHÃO";"2109759";"IBGE"
"MA";"SANTA HELENA";"2109809";"IBGE"
"MA";"SANTA INÊS";"2109908";"IBGE"
"MA";"SANTA LUZIA";"2110005";"IBGE"
"MA";"SANTA LUZIA DO PARUÁ";"2110039";"IBGE"
"MA";"SANTA QUITÉRIA DO MARANHÃO";"2110104";"IBGE"
"MA";"SANTA RITA";"2110203";"IBGE"
"MA";"SANTANA DO MARANHÃO";"2110237";"IBGE"
"MA";"SANTO AMARO DO MARANHÃO";"2110278";"IBGE"
"MA";"SANTO ANTÔNIO DOS LOPES";"2110302";"IBGE"
"MA";"SÃO BENEDITO DO RIO PRETO";"2110401";"IBGE"
"MA";"SÃO BENTO";"2110500";"IBGE"
"MA";"SÃO BERNARDO";"2110609";"IBGE"
"MA";"SÃO DOMINGOS DO AZEITÃO";"2110658";"IBGE"
"MA";"SÃO DOMINGOS DO MARANHÃO";"2110708";"IBGE"
"MA";"SÃO FÉLIX DE BALSAS";"2110807";"IBGE"
"MA";"SÃO FRANCISCO DO BREJÃO";"2110856";"IBGE"
"MA";"SÃO FRANCISCO DO MARANHÃO";"2110906";"IBGE"
"MA";"SÃO JOÃO BATISTA";"2111003";"IBGE"
"MA";"SÃO JOÃO DO CARÚ";"2111029";"IBGE"
"MA";"SÃO JOÃO DO PARAÍSO";"2111052";"IBGE"
"MA";"SÃO JOÃO DO SOTER";"2111078";"IBGE"
"MA";"SÃO JOÃO DOS PATOS";"2111102";"IBGE"
"MA";"SÃO JOSÉ DE RIBAMAR";"2111201";"IBGE"
"MA";"SÃO JOSÉ DOS BASÍLIOS";"2111250";"IBGE"
"MA";"SÃO LUÍS";"2111300";"IBGE"
"MA";"SÃO LUÍS GONZAGA DO MARANHÃO";"2111409";"IBGE"
"MA";"SÃO MATEUS DO MARANHÃO";"2111508";"IBGE"
"MA";"SÃO PEDRO DA ÁGUA BRANCA";"2111532";"IBGE"
"MA";"SÃO PEDRO DOS CRENTES";"2111573";"IBGE"
"MA";"SÃO RAIMUNDO DAS MANGABEIRAS";"2111607";"IBGE"
"MA";"SÃO RAIMUNDO DO DOCA BEZERRA";"2111631";"IBGE"
"MA";"SÃO ROBERTO";"2111672";"IBGE"
"MA";"SÃO VICENTE FERRER";"2111706";"IBGE"
"MA";"SATUBINHA";"2111722";"IBGE"
"MA";"SENADOR ALEXANDRE COSTA";"2111748";"IBGE"
"MA";"SENADOR LA ROCQUE";"2111763";"IBGE"
"MA";"SERRANO DO MARANHÃO";"2111789";"IBGE"
"MA";"SÍTIO NOVO";"2111805";"IBGE"
"MA";"SUCUPIRA DO NORTE";"2111904";"IBGE"
"MA";"SUCUPIRA DO RIACHÃO";"2111953";"IBGE"
"MA";"TASSO FRAGOSO";"2112001";"IBGE"
"MA";"TIMBIRAS";"2112100";"IBGE"
"MA";"TIMON";"2112209";"IBGE"
"MA";"TRIZIDELA DO VALE";"2112233";"IBGE"
"MA";"TUFILÂNDIA";"2112274";"IBGE"
"MA";"TUNTUM";"2112308";"IBGE"
"MA";"TURIAÇU";"2112407";"IBGE"
"MA";"TURILÂNDIA";"2112456";"IBGE"
"MA";"TUTÓIA";"2112506";"IBGE"
"MA";"URBANO SANTOS";"2112605";"IBGE"
"MA";"VARGEM GRANDE";"2112704";"IBGE"
"MA";"VIANA";"2112803";"IBGE"
"MA";"VILA NOVA DOS MARTÍRIOS";"2112852";"IBGE"
"MA";"VITÓRIA DO MEARIM";"2112902";"IBGE"
"MA";"VITORINO FREIRE";"2113009";"IBGE"
"MA";"ZÉ DOCA";"2114007";"IBGE"
"MG";"ABADIA DOS DOURADOS";"3100104";"IBGE"
"MG";"ABAETÉ";"3100203";"IBGE"
"MG";"ABRE CAMPO";"3100302";"IBGE"
"MG";"ACAIACA";"3100401";"IBGE"
"MG";"AÇUCENA";"3100500";"IBGE"
"MG";"ÁGUA BOA";"3100609";"IBGE"
"MG";"ÁGUA COMPRIDA";"3100708";"IBGE"
"MG";"AGUANIL";"3100807";"IBGE"
"MG";"ÁGUAS FORMOSAS";"3100906";"IBGE"
"MG";"ÁGUAS VERMELHAS";"3101003";"IBGE"
"MG";"AIMORÉS";"3101102";"IBGE"
"MG";"AIURUOCA";"3101201";"IBGE"
"MG";"ALAGOA";"3101300";"IBGE"
"MG";"ALBERTINA";"3101409";"IBGE"
"MG";"ALÉM PARAÍBA";"3101508";"IBGE"
"MG";"ALFENAS";"3101607";"IBGE"
"MG";"ALFREDO VASCONCELOS";"3101631";"IBGE"
"MG";"ALMENARA";"3101706";"IBGE"
"MG";"ALPERCATA";"3101805";"IBGE"
"MG";"ALPINÓPOLIS";"3101904";"IBGE"
"MG";"ALTEROSA";"3102001";"IBGE"
"MG";"ALTO CAPARAÓ";"3102050";"IBGE"
"MG";"ALTO JEQUITIBÁ";"3153509";"IBGE"
"MG";"ALTO RIO DOCE";"3102100";"IBGE"
"MG";"ALVARENGA";"3102209";"IBGE"
"MG";"ALVINÓPOLIS";"3102308";"IBGE"
"MG";"ALVORADA DE MINAS";"3102407";"IBGE"
"MG";"AMPARO DO SERRA";"3102506";"IBGE"
"MG";"ANDRADAS";"3102605";"IBGE"
"MG";"ANDRELÂNDIA";"3102803";"IBGE"
"MG";"ANGELÂNDIA";"3102852";"IBGE"
"MG";"ANTÔNIO CARLOS";"3102902";"IBGE"
"MG";"ANTÔNIO DIAS";"3103009";"IBGE"
"MG";"ANTÔNIO PRADO DE MINAS";"3103108";"IBGE"
"MG";"ARAÇAÍ";"3103207";"IBGE"
"MG";"ARACITABA";"3103306";"IBGE"
"MG";"ARAÇUAÍ";"3103405";"IBGE"
"MG";"ARAGUARI";"3103504";"IBGE"
"MG";"ARANTINA";"3103603";"IBGE"
"MG";"ARAPONGA";"3103702";"IBGE"
"MG";"ARAPORÃ";"3103751";"IBGE"
"MG";"ARAPUÁ";"3103801";"IBGE"
"MG";"ARAÚJOS";"3103900";"IBGE"
"MG";"ARAXÁ";"3104007";"IBGE"
"MG";"ARCEBURGO";"3104106";"IBGE"
"MG";"ARCOS";"3104205";"IBGE"
"MG";"AREADO";"3104304";"IBGE"
"MG";"ARGIRITA";"3104403";"IBGE"
"MG";"ARICANDUVA";"3104452";"IBGE"
"MG";"ARINOS";"3104502";"IBGE"
"MG";"ASTOLFO DUTRA";"3104601";"IBGE"
"MG";"ATALÉIA";"3104700";"IBGE"
"MG";"AUGUSTO DE LIMA";"3104809";"IBGE"
"MG";"BAEPENDI";"3104908";"IBGE"
"MG";"BALDIM";"3105004";"IBGE"
"MG";"BAMBUÍ";"3105103";"IBGE"
"MG";"BANDEIRA";"3105202";"IBGE"
"MG";"BANDEIRA DO SUL";"3105301";"IBGE"
"MG";"BARÃO DE COCAIS";"3105400";"IBGE"
"MG";"BARÃO DO MONTE ALTO";"3105509";"IBGE"
"MG";"BARBACENA";"3105608";"IBGE"
"MG";"BARRA LONGA";"3105707";"IBGE"
"MG";"BARROSO";"3105905";"IBGE"
"MG";"BELA VISTA DE MINAS";"3106002";"IBGE"
"MG";"BELMIRO BRAGA";"3106101";"IBGE"
"MG";"BELO HORIZONTE";"3106200";"IBGE"
"MG";"BELO ORIENTE";"3106309";"IBGE"
"MG";"BELO VALE";"3106408";"IBGE"
"MG";"BERILO";"3106507";"IBGE"
"MG";"BERIZAL";"3106655";"IBGE"
"MG";"BERTÓPOLIS";"3106606";"IBGE"
"MG";"BETIM";"3106705";"IBGE"
"MG";"BIAS FORTES";"3106804";"IBGE"
"MG";"BICAS";"3106903";"IBGE"
"MG";"BIQUINHAS";"3107000";"IBGE"
"MG";"BOA ESPERANÇA";"3107109";"IBGE"
"MG";"BOCAINA DE MINAS";"3107208";"IBGE"
"MG";"BOCAIÚVA";"3107307";"IBGE"
"MG";"BOM DESPACHO";"3107406";"IBGE"
"MG";"BOM JARDIM DE MINAS";"3107505";"IBGE"
"MG";"BOM JESUS DA PENHA";"3107604";"IBGE"
"MG";"BOM JESUS DO AMPARO";"3107703";"IBGE"
"MG";"BOM JESUS DO GALHO";"3107802";"IBGE"
"MG";"BOM REPOUSO";"3107901";"IBGE"
"MG";"BOM SUCESSO";"3108008";"IBGE"
"MG";"BONFIM";"3108107";"IBGE"
"MG";"BONFINÓPOLIS DE MINAS";"3108206";"IBGE"
"MG";"BONITO DE MINAS";"3108255";"IBGE"
"MG";"BORDA DA MATA";"3108305";"IBGE"
"MG";"BOTELHOS";"3108404";"IBGE"
"MG";"BOTUMIRIM";"3108503";"IBGE"
"MG";"BRÁS PIRES";"3108701";"IBGE"
"MG";"BRASILÂNDIA DE MINAS";"3108552";"IBGE"
"MG";"BRASÍLIA DE MINAS";"3108602";"IBGE"
"MG";"BRASOPOLIS";"3108909";"GRAFIA_ANTIGA"
"MG";"BRAÚNAS";"3108800";"IBGE"
"MG";"BRAZÓPOLIS";"3108909";"IBGE"
"MG";"BRUMADINHO";"3109006";"IBGE"
"MG";"BUENO BRANDÃO";"3109105";"IBGE"
"MG";"BUENÓPOLIS";"3109204";"IBGE"
"MG";"BUGRE";"3109253";"IBGE"
"MG";"BURITIS";"3109303";"IBGE"
"MG";"BURITIZEIRO";"3109402";"IBGE"
"MG";"CABECEIRA GRANDE";"3109451";"IBGE"
"MG";"CABO VERDE";"3109501";"IBGE"
"MG";"CACHOEIRA DA PRATA";"3109600";"IBGE"
"MG";"CACHOEIRA DE MINAS";"3109709";"IBGE"
"MG";"CACHOEIRA DE PAJEÚ";"3102704";"IBGE"
"MG";"CACHOEIRA DOURADA";"3109808";"IBGE"
"MG";"CAETANÓPOLIS";"3109907";"IBGE"
"MG";"CAETÉ";"3110004";"IBGE"
"MG";"CAIANA";"3110103";"IBGE"
"MG";"CAJURI";"3110202";"IBGE"
"MG";"CALDAS";"3110301";"IBGE"
"MG";"CAMACHO";"3110400";"IBGE"
"MG";"CAMANDUCAIA";"3110509";"IBGE"
"MG";"CAMBUÍ";"3110608";"IBGE"
"MG";"CAMBUQUIRA";"3110707";"IBGE"
"MG";"CAMPANÁRIO";"3110806";"IBGE"
"MG";"CAMPANHA";"3110905";"IBGE"
"MG";"CAMPESTRE";"3111002";"IBGE"
"MG";"CAMPINA VERDE";"3111101";"IBGE"
"MG";"CAMPO AZUL";"3111150";"IBGE"
"MG";"CAMPO BELO";"3111200";"IBGE"
"MG";"CAMPO DO MEIO";"3111309";"IBGE"
"MG";"CAMPO FLORIDO";"3111408";"IBGE"
"MG";"CAMPOS ALTOS";"3111507";"IBGE"
"MG";"CAMPOS GERAIS";"3111606";"IBGE"
"MG";"CANA VERDE";"3111903";"IBGE"
"MG";"CANAÃ";"3111705";"IBGE"
"MG";"CANÁPOLIS";"3111804";"IBGE"
"MG";"CANDEIAS";"3112000";"IBGE"
"MG";"CANTAGALO";"3112059";"IBGE"
"MG";"CAPARAÓ";"3112109";"IBGE"
"MG";"CAPELA NOVA";"3112208";"IBGE"
"MG";"CAPELINHA";"3112307";"IBGE"
"MG";"CAPETINGA";"3112406";"IBGE"
"MG";"CAPIM BRANCO";"3112505";"IBGE"
"MG";"CAPINÓPOLIS";"3112604";"IBGE"
"MG";"CAPITÃO ANDRADE";"3112653";"IBGE"
"MG";"CAPITÃO ENÉAS";"3112703";"IBGE"
"MG";"CAPITÓLIO";"3112802";"IBGE"
"MG";"CAPUTIRA";"3112901";"IBGE"
"MG";"CARAÍ";"3113008";"IBGE"
"MG";"CARANAÍBA";"3113107";"IBGE"
"MG";"CARANDAÍ";"3113206";"IBGE"
"MG";"CARANGOLA";"3113305";"IBGE"
"MG";"CARATINGA";"3113404";"IBGE"
"MG";"CARBONITA";"3113503";"IBGE"
"MG";"CAREAÇU";"3113602";"IBGE"
"MG";"CARLOS CHAGAS";"3113701";"IBGE"
"MG";"CARMÉSIA";"3113800";"IBGE"
"MG";"CARMO DA CACHOEIRA";"3113909";"IBGE"
"MG";"CARMO DA MATA";"3114006";"IBGE"
"MG";"CARMO DE MINAS";"3114105";"IBGE"
"MG";"CARMO DO CAJURU";"3114204";"IBGE"
"MG";"CARMO DO PARANAÍBA";"3114303";"IBGE"
"MG";"CARMO DO RIO CLARO";"3114402";"IBGE"
"MG";"CARMÓPOLIS DE MINAS";"3114501";"IBGE"
"MG";"CARNEIRINHO";"3114550";"IBGE"
"MG";"CARRANCAS";"3114600";"IBGE"
"MG";"CARVALHÓPOLIS";"3114709";"IBGE"
"MG";"CARVALHOS";"3114808";"IBGE"
"MG";"CASA GRANDE";"3114907";"IBGE"
"MG";"CASCALHO RICO";"3115003";"IBGE"
"MG";"CÁSSIA";"3115102";"IBGE"
"MG";"CATAGUASES";"3115300";"IBGE"
"MG";"CATAS ALTAS";"3115359";"IBGE"
"MG";"CATAS ALTAS DA NORUEGA";"3115409";"IBGE"
"MG";"CATUJI";"3115458";"IBGE"
"MG";"CATUTI";"3115474";"IBGE"
"MG";"CAXAMBU";"3115508";"IBGE"
"MG";"CEDRO DO ABAETÉ";"3115607";"IBGE"
"MG";"CENTRAL DE MINAS";"3115706";"IBGE"
"MG";"CENTRALINA";"3115805";"IBGE"
"MG";"CHÁCARA";"3115904";"IBGE"
"MG";"CHALÉ";"3116001";"IBGE"
"MG";"CHAPADA DO NORTE";"3116100";"IBGE"
"MG";"CHAPADA GAÚCHA";"3116159";"IBGE"
"MG";"CHIADOR";"3116209";"IBGE"
"MG";"CIPOTÂNEA";"3116308";"IBGE"
"MG";"CLARAVAL";"3116407";"IBGE"
"MG";"CLARO DOS POÇÕES";"3116506";"IBGE"
"MG";"CLÁUDIO";"3116605";"IBGE"
"MG";"COIMBRA";"3116704";"IBGE"
"MG";"COLUNA";"3116803";"IBGE"
"MG";"COMENDADOR GOMES";"3116902";"IBGE"
"MG";"COMERCINHO";"3117009";"IBGE"
"MG";"CONCEIÇÃO DA APARECIDA";"3117108";"IBGE"
"MG";"CONCEIÇÃO DA BARRA DE MINAS";"3115201";"IBGE"
"MG";"CONCEIÇÃO DAS ALAGOAS";"3117306";"IBGE"
"MG";"CONCEIÇÃO DAS PEDRAS";"3117207";"IBGE"
"MG";"CONCEIÇÃO DE IPANEMA";"3117405";"IBGE"
"MG";"CONCEIÇÃO DO MATO DENTRO";"3117504";"IBGE"
"MG";"CONCEIÇÃO DO PARÁ";"3117603";"IBGE"
"MG";"CONCEIÇÃO DO RIO VERDE";"3117702";"IBGE"
"MG";"CONCEIÇÃO DOS OUROS";"3117801";"IBGE"
"MG";"CÔNEGO MARINHO";"3117836";"IBGE"
"MG";"CONFINS";"3117876";"IBGE"
"MG";"CONGONHAL";"3117900";"IBGE"
"MG";"CONGONHAS";"3118007";"IBGE"
"MG";"CONGONHAS DO NORTE";"3118106";"IBGE"
"MG";"CONQUISTA";"3118205";"IBGE"
"MG";"CONSELHEIRO LAFAIETE";"3118304";"IBGE"
"MG";"CONSELHEIRO PENA";"3118403";"IBGE"
"MG";"CONSOLAÇÃO";"3118502";"IBGE"
"MG";"CONTAGEM";"3118601";"IBGE"
"MG";"COQUEIRAL";"3118700";"IBGE"
"MG";"CORAÇÃO DE JESUS";"3118809";"IBGE"
"MG";"CORDISBURGO";"3118908";"IBGE"
"MG";"CORDISLÂNDIA";"3119005";"IBGE"
"MG";"CORINTO";"3119104";"IBGE"
"MG";"COROACI";"3119203";"IBGE"
"MG";"COROMANDEL";"3119302";"IBGE"
"MG";"CORONEL FABRICIANO";"3119401";"IBGE"
"MG";"CORONEL MURTA";"3119500";"IBGE"
"MG";"CORONEL PACHECO";"3119609";"IBGE"
"MG";"CORONEL XAVIER CHAVES";"3119708";"IBGE"
"MG";"CÓRREGO DANTA";"3119807";"IBGE"
"MG";"CÓRREGO DO BOM JESUS";"3119906";"IBGE"
"MG";"CÓRREGO FUNDO";"3119955";"IBGE"
"MG";"CÓRREGO NOVO";"3120003";"IBGE"
"MG";"COUTO DE MAGALHÃES DE MINAS";"3120102";"IBGE"
"MG";"CRISÓLITA";"3120151";"IBGE"
"MG";"CRISTAIS";"3120201";"IBGE"
"MG";"CRISTÁLIA";"3120300";"IBGE"
"MG";"CRISTIANO OTONI";"3120409";"IBGE"
"MG";"CRISTINA";"3120508";"IBGE"
"MG";"CRUCILÂNDIA";"3120607";"IBGE"
"MG";"CRUZEIRO DA FORTALEZA";"3120706";"IBGE"
"MG";"CRUZÍLIA";"3120805";"IBGE"
"MG";"CUPARAQUE";"3120839";"IBGE"
"MG";"CURRAL DE DENTRO";"3120870";"IBGE"
"MG";"CURVELO";"3120904";"IBGE"
"MG";"DATAS";"3121001";"IBGE"
"MG";"DELFIM MOREIRA";"3121100";"IBGE"
"MG";"DELFINÓPOLIS";"3121209";"IBGE"
"MG";"DELTA";"3121258";"IBGE"
"MG";"DESCOBERTO";"3121308";"IBGE"
"MG";"DESTERRO DE ENTRE RIOS";"3121407";"IBGE"
"MG";"DESTERRO DO MELO";"3121506";"IBGE"
"MG";"DIAMANTINA";"3121605";"IBGE"
"MG";"DIOGO DE VASCONCELOS";"3121704";"IBGE"
"MG";"DIONÍSIO";"3121803";"IBGE"
"MG";"DIVINÉSIA";"3121902";"IBGE"
"MG";"DIVINO";"3122009";"IBGE"
"MG";"DIVINO DAS LARANJEIRAS";"3122108";"IBGE"
"MG";"DIVINOLÂNDIA DE MINAS";"3122207";"IBGE"
"MG";"DIVINÓPOLIS";"3122306";"IBGE"
"MG";"DIVISA ALEGRE";"3122355";"IBGE"
"MG";"DIVISA NOVA";"3122405";"IBGE"
"MG";"DIVISÓPOLIS";"3122454";"IBGE"
"MG";"DOM BOSCO";"3122470";"IBGE"
"MG";"DOM CAVATI";"3122504";"IBGE"
"MG";"DOM JOAQUIM";"3122603";"IBGE"
"MG";"DOM SILVÉRIO";"3122702";"IBGE"
"MG";"DOM VIÇOSO";"3122801";"IBGE"
"MG";"DONA EUZÉBIA";"3122900";"IBGE"
"MG";"DORES DE CAMPOS";"3123007";"IBGE"
"MG";"DORES DE GUANHÃES";"3123106";"IBGE"
"MG";"DORES DO INDAIÁ";"3123205";"IBGE"
"MG";"DORES DO TURVO";"3123304";"IBGE"
"MG";"DORESÓPOLIS";"3123403";"IBGE"
"MG";"DOURADOQUARA";"3123502";"IBGE"
"MG";"DURANDÉ";"3123528";"IBGE"
"MG";"ELÓI MENDES";"3123601";"IBGE"
"MG";"ENGENHEIRO CALDAS";"3123700";"IBGE"
"MG";"ENGENHEIRO NAVARRO";"3123809";"IBGE"
"MG";"ENTRE FOLHAS";"3123858";"IBGE"
"MG";"ENTRE RIOS DE MINAS";"3123908";"IBGE"
"MG";"ERVÁLIA";"3124005";"IBGE"
"MG";"ESMERALDAS";"3124104";"IBGE"
"MG";"ESPERA FELIZ";"3124203";"IBGE"
"MG";"ESPINOSA";"3124302";"IBGE"
"MG";"ESPÍRITO SANTO DO DOURADO";"3124401";"IBGE"
"MG";"ESTIVA";"3124500";"IBGE"
"MG";"ESTRELA DALVA";"3124609";"IBGE"
"MG";"ESTRELA DO INDAIÁ";"3124708";"IBGE"
"MG";"ESTRELA DO SUL";"3124807";"IBGE"
"MG";"EUGENÓPOLIS";"3124906";"IBGE"
"MG";"EWBANK DA CÂMARA";"3125002";"IBGE"
"MG";"EXTREMA";"3125101";"IBGE"
"MG";"FAMA";"3125200";"IBGE"
"MG";"FARIA LEMOS";"3125309";"IBGE"
"MG";"FELÍCIO DOS SANTOS";"3125408";"IBGE"
"MG";"FELISBURGO";"3125606";"IBGE"
"MG";"FELIXLÂNDIA";"3125705";"IBGE"
"MG";"FERNANDES TOURINHO";"3125804";"IBGE"
"MG";"FERROS";"3125903";"IBGE"
"MG";"FERVEDOURO";"3125952";"IBGE"
"MG";"FLORESTAL";"3126000";"IBGE"
"MG";"FORMIGA";"3126109";"IBGE"
"MG";"FORMOSO";"3126208";"IBGE"
"MG";"FORTALEZA DE MINAS";"3126307";"IBGE"
"MG";"FORTUNA DE MINAS";"3126406";"IBGE"
"MG";"FRANCISCO BADARÓ";"3126505";"IBGE"
"MG";"FRANCISCO DUMONT";"3126604";"IBGE"
"MG";"FRANCISCO SÁ";"3126703";"IBGE"
"MG";"FRANCISCÓPOLIS";"3126752";"IBGE"
"MG";"FREI GASPAR";"3126802";"IBGE"
"MG";"FREI INOCÊNCIO";"3126901";"IBGE"
"MG";"FREI LAGONEGRO";"3126950";"IBGE"
"MG";"FRONTEIRA";"3127008";"IBGE"
"MG";"FRONTEIRA DOS VALES";"3127057";"IBGE"
"MG";"FRUTA DE LEITE";"3127073";"IBGE"
"MG";"FRUTAL";"3127107";"IBGE"
"MG";"FUNILÂNDIA";"3127206";"IBGE"
"MG";"GALILÉIA";"3127305";"IBGE"
"MG";"GAMELEIRAS";"3127339";"IBGE"
"MG";"GLAUCILÂNDIA";"3127354";"IBGE"
"MG";"GOIABEIRA";"3127370";"IBGE"
"MG";"GOIANÁ";"3127388";"IBGE"
"MG";"GONÇALVES";"3127404";"IBGE"
"MG";"GONZAGA";"3127503";"IBGE"
"MG";"GOUVEIA";"3127602";"IBGE"
"MG";"GOVERNADOR VALADARES";"3127701";"IBGE"
"MG";"GRÃO MOGOL";"3127800";"IBGE"
"MG";"GRUPIARA";"3127909";"IBGE"
"MG";"GUANHÃES";"3128006";"IBGE"
"MG";"GUAPÉ";"3128105";"IBGE"
"MG";"GUARACIABA";"3128204";"IBGE"
"MG";"GUARACIAMA";"3128253";"IBGE"
"MG";"GUARANÉSIA";"3128303";"IBGE"
"MG";"GUARANI";"3128402";"IBGE"
"MG";"GUARARÁ";"3128501";"IBGE"
"MG";"GUARDA MOR";"3128600";"IBGE"
"MG";"GUAXUPÉ";"3128709";"IBGE"
"MG";"GUIDOVAL";"3128808";"IBGE"
"MG";"GUIMARÂNIA";"3128907";"IBGE"
"MG";"GUIRICEMA";"3129004";"IBGE"
"MG";"GURINHATÃ";"3129103";"IBGE"
"MG";"HELIODORA";"3129202";"IBGE"
"MG";"IAPU";"3129301";"IBGE"
"MG";"IBERTIOGA";"3129400";"IBGE"
"MG";"IBIÁ";"3129509";"IBGE"
"MG";"IBIAÍ";"3129608";"IBGE"
"MG";"IBIRACATU";"3129657";"IBGE"
"MG";"IBIRACI";"3129707";"IBGE"
"MG";"IBIRITÉ";"3129806";"IBGE"
"MG";"IBITIÚRA DE MINAS";"3129905";"IBGE"
"MG";"IBITURUNA";"3130002";"IBGE"
"MG";"ICARAÍ DE MINAS";"3130051";"IBGE"
"MG";"IGARAPÉ";"3130101";"IBGE"
"MG";"IGARATINGA";"3130200";"IBGE"
"MG";"IGUATAMA";"3130309";"IBGE"
"MG";"IJACI";"3130408";"IBGE"
"MG";"ILICÍNEA";"3130507";"IBGE"
"MG";"IMBÉ DE MINAS";"3130556";"IBGE"
"MG";"INCONFIDENTES";"3130606";"IBGE"
"MG";"INDAIABIRA";"3130655";"IBGE"
"MG";"INDIANÓPOLIS";"3130705";"IBGE"
"MG";"INGAÍ";"3130804";"IBGE"
"MG";"INHAPIM";"3130903";"IBGE"
"MG";"INHAÚMA";"3131000";"IBGE"
"MG";"INIMUTABA";"3131109";"IBGE"
"MG";"IPABA";"3131158";"IBGE"
"MG";"IPANEMA";"3131208";"IBGE"
"MG";"IPATINGA";"3131307";"IBGE"
"MG";"IPIAÇU";"3131406";"IBGE"
"MG";"IPUIÚNA";"3131505";"IBGE"
"MG";"IRAÍ DE MINAS";"3131604";"IBGE"
"MG";"ITABIRA";"3131703";"IBGE"
"MG";"ITABIRINHA";"3131802";"IBGE"
"MG";"ITABIRITO";"3131901";"IBGE"
"MG";"ITACAMBIRA";"3132008";"IBGE"
"MG";"ITACARAMBI";"3132107";"IBGE"
"MG";"ITAGUARA";"3132206";"IBGE"
"MG";"ITAIPÉ";"3132305";"IBGE"
"MG";"ITAJUBÁ";"3132404";"IBGE"
"MG";"ITAMARANDIBA";"3132503";"IBGE"
"MG";"ITAMARATI DE MINAS";"3132602";"IBGE"
"MG";"ITAMBACURI";"3132701";"IBGE"
"MG";"ITAMBÉ DO MATO DENTRO";"3132800";"IBGE"
"MG";"ITAMOGI";"3132909";"IBGE"
"MG";"ITAMONTE";"3133006";"IBGE"
"MG";"ITANHANDU";"3133105";"IBGE"
"MG";"ITANHOMI";"3133204";"IBGE"
"MG";"ITAOBIM";"3133303";"IBGE"
"MG";"ITAPAGIPE";"3133402";"IBGE"
"MG";"ITAPECERICA";"3133501";"IBGE"
"MG";"ITAPEVA";"3133600";"IBGE"
"MG";"ITATIAIUÇU";"3133709";"IBGE"
"MG";"ITAÚ DE MINAS";"3133758";"IBGE"
"MG";"ITAÚNA";"3133808";"IBGE"
"MG";"ITAVERAVA";"3133907";"IBGE"
"MG";"ITINGA";"3134004";"IBGE"
"MG";"ITUETA";"3134103";"IBGE"
"MG";"ITUIUTABA";"3134202";"IBGE"
"MG";"ITUMIRIM";"3134301";"IBGE"
"MG";"ITURAMA";"3134400";"IBGE"
"MG";"ITUTINGA";"3134509";"IBGE"
"MG";"JABOTICATUBAS";"3134608";"IBGE"
"MG";"JACINTO";"3134707";"IBGE"
"MG";"JACUÍ";"3134806";"IBGE"
"MG";"JACUTINGA";"3134905";"IBGE"
"MG";"JAGUARAÇU";"3135001";"IBGE"
"MG";"JAÍBA";"3135050";"IBGE"
"MG";"JAMPRUCA";"3135076";"IBGE"
"MG";"JANAÚBA";"3135100";"IBGE"
"MG";"JANUÁRIA";"3135209";"IBGE"
"MG";"JAPARAÍBA";"3135308";"IBGE"
"MG";"JAPONVAR";"3135357";"IBGE"
"MG";"JECEABA";"3135407";"IBGE"
"MG";"JENIPAPO DE MINAS";"3135456";"IBGE"
"MG";"JEQUERI";"3135506";"IBGE"
"MG";"JEQUITAÍ";"3135605";"IBGE"
"MG";"JEQUITIBÁ";"3135704";"IBGE"
"MG";"JEQUITINHONHA";"3135803";"IBGE"
"MG";"JESUÂNIA";"3135902";"IBGE"
"MG";"JOAÍMA";"3136009";"IBGE"
"MG";"JOANÉSIA";"3136108";"IBGE"
"MG";"JOÃO MONLEVADE";"3136207";"IBGE"
"MG";"JOÃO PINHEIRO";"3136306";"IBGE"
"MG";"JOAQUIM FELÍCIO";"3136405";"IBGE"
"MG";"JORDÂNIA";"3136504";"IBGE"
"MG";"JOSÉ GONÇALVES DE MINAS";"3136520";"IBGE"
"MG";"JOSÉ RAYDAN";"3136553";"IBGE"
"MG";"JOSENÓPOLIS";"3136579";"IBGE"
"MG";"JUATUBA";"3136652";"IBGE"
"MG";"JUIZ DE FORA";"3136702";"IBGE"
"MG";"JURAMENTO";"3136801";"IBGE"
"MG";"JURUAIA";"3136900";"IBGE"
"MG";"JUVENÍLIA";"3136959";"IBGE"
"MG";"LADAINHA";"3137007";"IBGE"
"MG";"LAGAMAR";"3137106";"IBGE"
"MG";"LAGOA DA PRATA";"3137205";"IBGE"
"MG";"LAGOA DOS PATOS";"3137304";"IBGE"
"MG";"LAGOA DOURADA";"3137403";"IBGE"
"MG";"LAGOA FORMOSA";"3137502";"IBGE"
"MG";"LAGOA GRANDE";"3137536";"IBGE"
"MG";"LAGOA SANTA";"3137601";"IBGE"
"MG";"LAJINHA";"3137700";"IBGE"
"MG";"LAMBARI";"3137809";"IBGE"
"MG";"LAMIM";"3137908";"IBGE"
"MG";"LARANJAL";"3138005";"IBGE"
"MG";"LASSANCE";"3138104";"IBGE"
"MG";"LAVRAS";"3138203";"IBGE"
"MG";"LEANDRO FERREIRA";"3138302";"IBGE"
"MG";"LEME DO PRADO";"3138351";"IBGE"
"MG";"LEOPOLDINA";"3138401";"IBGE"
"MG";"LIBERDADE";"3138500";"IBGE"
"MG";"LIMA DUARTE";"3138609";"IBGE"
"MG";"LIMEIRA DO OESTE";"3138625";"IBGE"
"MG";"LONTRA";"3138658";"IBGE"
"MG";"LUISBURGO";"3138674";"IBGE"
"MG";"LUISLÂNDIA";"3138682";"IBGE"
"MG";"LUMINÁRIAS";"3138708";"IBGE"
"MG";"LUZ";"3138807";"IBGE"
"MG";"MACHACALIS";"3138906";"IBGE"
"MG";"MACHADO";"3139003";"IBGE"
"MG";"MADRE DE DEUS DE MINAS";"3139102";"IBGE"
"MG";"MALACACHETA";"3139201";"IBGE"
"MG";"MAMONAS";"3139250";"IBGE"
"MG";"MANGA";"3139300";"IBGE"
"MG";"MANHUAÇU";"3139409";"IBGE"
"MG";"MANHUMIRIM";"3139508";"IBGE"
"MG";"MANTENA";"3139607";"IBGE"
"MG";"MAR DE ESPANHA";"3139805";"IBGE"
"MG";"MARAVILHAS";"3139706";"IBGE"
"MG";"MARIA DA FÉ";"3139904";"IBGE"
"MG";"MARIANA";"3140001";"IBGE"
"MG";"MARILAC";"3140100";"IBGE"
"MG";"MÁRIO CAMPOS";"3140159";"IBGE"
"MG";"MARIPÁ DE MINAS";"3140209";"IBGE"
"MG";"MARLIÉRIA";"3140308";"IBGE"
"MG";"MARMELÓPOLIS";"3140407";"IBGE"
"MG";"MARTINHO CAMPOS";"3140506";"IBGE"
"MG";"MARTINS SOARES";"3140530";"IBGE"
"MG";"MATA VERDE";"3140555";"IBGE"
"MG";"MATERLÂNDIA";"3140605";"IBGE"
"MG";"MATEUS LEME";"3140704";"IBGE"
"MG";"MATHIAS LOBATO";"3171501";"IBGE"
"MG";"MATIAS BARBOSA";"3140803";"IBGE"
"MG";"MATIAS CARDOSO";"3140852";"IBGE"
"MG";"MATIPÓ";"3140902";"IBGE"
"MG";"MATO VERDE";"3141009";"IBGE"
"MG";"MATOZINHOS";"3141108";"IBGE"
"MG";"MATUTINA";"3141207";"IBGE"
"MG";"MEDEIROS";"3141306";"IBGE"
"MG";"MEDINA";"3141405";"IBGE"
"MG";"MENDES PIMENTEL";"3141504";"IBGE"
"MG";"MERCÊS";"3141603";"IBGE"
"MG";"MESQUITA";"3141702";"IBGE"
"MG";"MINAS NOVAS";"3141801";"IBGE"
"MG";"MINDURI";"3141900";"IBGE"
"MG";"MIRABELA";"3142007";"IBGE"
"MG";"MIRADOURO";"3142106";"IBGE"
"MG";"MIRAÍ";"3142205";"IBGE"
"MG";"MIRAVÂNIA";"3142254";"IBGE"
"MG";"MOEDA";"3142304";"IBGE"
"MG";"MOEMA";"3142403";"IBGE"
"MG";"MONJOLOS";"3142502";"IBGE"
"MG";"MONSENHOR PAULO";"3142601";"IBGE"
"MG";"MONTALVÂNIA";"3142700";"IBGE"
"MG";"MONTE ALEGRE DE MINAS";"3142809";"IBGE"
"MG";"MONTE AZUL";"3142908";"IBGE"
"MG";"MONTE BELO";"3143005";"IBGE"
"MG";"MONTE CARMELO";"3143104";"IBGE"
"MG";"MONTE FORMOSO";"3143153";"IBGE"
"MG";"MONTE SANTO DE MINAS";"3143203";"IBGE"
"MG";"MONTE SIÃO";"3143401";"IBGE"
"MG";"MONTES CLAROS";"3143302";"IBGE"
"MG";"MONTEZUMA";"3143450";"IBGE"
"MG";"MORADA NOVA DE MINAS";"3143500";"IBGE"
"MG";"MORRO DA GARÇA";"3143609";"IBGE"
"MG";"MORRO DO PILAR";"3143708";"IBGE"
"MG";"MUNHOZ";"3143807";"IBGE"
"MG";"MURIAÉ";"3143906";"IBGE"
"MG";"MUTUM";"3144003";"IBGE"
"MG";"MUZAMBINHO";"3144102";"IBGE"
"MG";"NACIP RAYDAN";"3144201";"IBGE"
"MG";"NANUQUE";"3144300";"IBGE"
"MG";"NAQUE";"3144359";"IBGE"
"MG";"NATALÂNDIA";"3144375";"IBGE"
"MG";"NATÉRCIA";"3144409";"IBGE"
"MG";"NAZARENO";"3144508";"IBGE"
"MG";"NEPOMUCENO";"3144607";"IBGE"
"MG";"NINHEIRA";"3144656";"IBGE"
"MG";"NOVA BELÉM";"3144672";"IBGE"
"MG";"NOVA ERA";"3144706";"IBGE"
"MG";"NOVA LIMA";"3144805";"IBGE"
"MG";"NOVA MÓDICA";"3144904";"IBGE"
"MG";"NOVA PONTE";"3145000";"IBGE"
"MG";"NOVA PORTEIRINHA";"3145059";"IBGE"
"MG";"NOVA RESENDE";"3145109";"IBGE"
"MG";"NOVA SERRANA";"3145208";"IBGE"
"MG";"NOVA UNIÃO";"3136603";"IBGE"
"MG";"NOVO CRUZEIRO";"3145307";"IBGE"
"MG";"NOVO ORIENTE DE MINAS";"3145356";"IBGE"
"MG";"NOVORIZONTE";"3145372";"IBGE"
"MG";"OLARIA";"3145406";"IBGE"
"MG";"OLHOS D ÁGUA";"3145455";"IBGE"
"MG";"OLÍMPIO NORONHA";"3145505";"IBGE"
"MG";"OLIVEIRA";"3145604";"IBGE"
"MG";"OLIVEIRA FORTES";"3145703";"IBGE"
"MG";"ONÇA DE PITANGUI";"3145802";"IBGE"
"MG";"ORATÓRIOS";"3145851";"IBGE"
"MG";"ORIZÂNIA";"3145877";"IBGE"
"MG";"OURO BRANCO";"3145901";"IBGE"
"MG";"OURO FINO";"3146008";"IBGE"
"MG";"OURO PRETO";"3146107";"IBGE"
"MG";"OURO VERDE DE MINAS";"3146206";"IBGE"
"MG";"PADRE CARVALHO";"3146255";"IBGE"
"MG";"PADRE PARAÍSO";"3146305";"IBGE"
"MG";"PAI PEDRO";"3146552";"IBGE"
"MG";"PAINEIRAS";"3146404";"IBGE"
"MG";"PAINS";"3146503";"IBGE"
"MG";"PAIVA";"3146602";"IBGE"
"MG";"PALMA";"3146701";"IBGE"
"MG";"PALMÓPOLIS";"3146750";"IBGE"
"MG";"PAPAGAIOS";"3146909";"IBGE"
"MG";"PARÁ DE MINAS";"3147105";"IBGE"
"MG";"PARACATU";"3147006";"IBGE"
"MG";"PARAGUAÇU";"3147204";"IBGE"
"MG";"PARAISÓPOLIS";"3147303";"IBGE"
"MG";"PARAOPEBA";"3147402";"IBGE"
"MG";"PASSA QUATRO";"3147600";"IBGE"
"MG";"PASSA TEMPO";"3147709";"IBGE"
"MG";"PASSA VINTE";"3147808";"IBGE"
"MG";"PASSABÉM";"3147501";"IBGE"
"MG";"PASSOS";"3147907";"IBGE"
"MG";"PATIS";"3147956";"IBGE"
"MG";"PATOS DE MINAS";"3148004";"IBGE"
"MG";"PATROCÍNIO";"3148103";"IBGE"
"MG";"PATROCÍNIO DO MURIAÉ";"3148202";"IBGE"
"MG";"PAULA CÂNDIDO";"3148301";"IBGE"
"MG";"PAULISTAS";"3148400";"IBGE"
"MG";"PAVÃO";"3148509";"IBGE"
"MG";"PEÇANHA";"3148608";"IBGE"
"MG";"PEDRA AZUL";"3148707";"IBGE"
"MG";"PEDRA BONITA";"3148756";"IBGE"
"MG";"PEDRA DO ANTA";"3148806";"IBGE"
"MG";"PEDRA DO INDAIÁ";"3148905";"IBGE"
"MG";"PEDRA DOURADA";"3149002";"IBGE"
"MG";"PEDRALVA";"3149101";"IBGE"
"MG";"PEDRAS DE MARIA DA CRUZ";"3149150";"IBGE"
"MG";"PEDRINÓPOLIS";"3149200";"IBGE"
"MG";"PEDRO LEOPOLDO";"3149309";"IBGE"
"MG";"PEDRO TEIXEIRA";"3149408";"IBGE"
"MG";"PEQUERI";"3149507";"IBGE"
"MG";"PEQUI";"3149606";"IBGE"
"MG";"PERDIGÃO";"3149705";"IBGE"
"MG";"PERDIZES";"3149804";"IBGE"
"MG";"PERDÕES";"3149903";"IBGE"
"MG";"PERIQUITO";"3149952";"IBGE"
"MG";"PESCADOR";"3150000";"IBGE"
"MG";"PIAU";"3150109";"IBGE"
"MG";"PIEDADE DE CARATINGA";"3150158";"IBGE"
"MG";"PIEDADE DE PONTE NOVA";"3150208";"IBGE"
"MG";"PIEDADE DO RIO GRANDE";"3150307";"IBGE"
"MG";"PIEDADE DOS GERAIS";"3150406";"IBGE"
"MG";"PIMENTA";"3150505";"IBGE"
"MG";"PINGO D ÁGUA";"3150539";"IBGE"
"MG";"PINTÓPOLIS";"3150570";"IBGE"
"MG";"PIRACEMA";"3150604";"IBGE"
"MG";"PIRAJUBA";"3150703";"IBGE"
"MG";"PIRANGA";"3150802";"IBGE"
"MG";"PIRANGUÇU";"3150901";"IBGE"
"MG";"PIRANGUINHO";"3151008";"IBGE"
"MG";"PIRAPETINGA";"3151107";"IBGE"
"MG";"PIRAPORA";"3151206";"IBGE"
"MG";"PIRAÚBA";"3151305";"IBGE"
"MG";"PITANGUI";"3151404";"IBGE"
"MG";"PIUMHI";"3151503";"IBGE"
"MG";"PLANURA";"3151602";"IBGE"
"MG";"POÇO FUNDO";"3151701";"IBGE"
"MG";"POÇOS DE CALDAS";"3151800";"IBGE"
"MG";"POCRANE";"3151909";"IBGE"
"MG";"POMPÉU";"3152006";"IBGE"
"MG";"PONTE NOVA";"3152105";"IBGE"
"MG";"PONTO CHIQUE";"3152131";"IBGE"
"MG";"PONTO DOS VOLANTES";"3152170";"IBGE"
"MG";"PORTEIRINHA";"3152204";"IBGE"
"MG";"PORTO FIRME";"3152303";"IBGE"
"MG";"POTÉ";"3152402";"IBGE"
"MG";"POUSO ALEGRE";"3152501";"IBGE"
"MG";"POUSO ALTO";"3152600";"IBGE"
"MG";"PRADOS";"3152709";"IBGE"
"MG";"PRATA";"3152808";"IBGE"
"MG";"PRATÁPOLIS";"3152907";"IBGE"
"MG";"PRATINHA";"3153004";"IBGE"
"MG";"PRESIDENTE BERNARDES";"3153103";"IBGE"
"MG";"PRESIDENTE JUSCELINO";"3153202";"IBGE"
"MG";"PRESIDENTE KUBITSCHEK";"3153301";"IBGE"
"MG";"PRESIDENTE OLEGÁRIO";"3153400";"IBGE"
"MG";"PRUDENTE DE MORAIS";"3153608";"IBGE"
"MG";"QUARTEL GERAL";"3153707";"IBGE"
"MG";"QUELUZITO";"3153806";"IBGE"
"MG";"RAPOSOS";"3153905";"IBGE"
"MG";"RAUL SOARES";"3154002";"IBGE"
"MG";"RECREIO";"3154101";"IBGE"
"MG";"REDUTO";"3154150";"IBGE"
"MG";"RESENDE COSTA";"3154200";"IBGE"
"MG";"RESPLENDOR";"3154309";"IBGE"
"MG";"RESSAQUINHA";"3154408";"IBGE"
"MG";"RIACHINHO";"3154457";"IBGE"
"MG";"RIACHO DOS MACHADOS";"3154507";"IBGE"
"MG";"RIBEIRÃO DAS NEVES";"3154606";"IBGE"
"MG";"RIBEIRÃO VERMELHO";"3154705";"IBGE"
"MG";"RIO ACIMA";"3154804";"IBGE"
"MG";"RIO CASCA";"3154903";"IBGE"
"MG";"RIO DO PRADO";"3155108";"IBGE"
"MG";"RIO DOCE";"3155009";"IBGE"
"MG";"RIO ESPERA";"3155207";"IBGE"
"MG";"RIO MANSO";"3155306";"IBGE"
"MG";"RIO NOVO";"3155405";"IBGE"
"MG";"RIO PARANAÍBA";"3155504";"IBGE"
"MG";"RIO PARDO DE MINAS";"3155603";"IBGE"
"MG";"RIO PIRACICABA";"3155702";"IBGE"
"MG";"RIO POMBA";"3155801";"IBGE"
"MG";"RIO PRETO";"3155900";"IBGE"
"MG";"RIO VERMELHO";"3156007";"IBGE"
"MG";"RITÁPOLIS";"3156106";"IBGE"
"MG";"ROCHEDO DE MINAS";"3156205";"IBGE"
"MG";"RODEIRO";"3156304";"IBGE"
"MG";"ROMARIA";"3156403";"IBGE"
"MG";"ROSÁRIO DA LIMEIRA";"3156452";"IBGE"
"MG";"RUBELITA";"3156502";"IBGE"
"MG";"RUBIM";"3156601";"IBGE"
"MG";"SABARÁ";"3156700";"IBGE"
"MG";"SABINÓPOLIS";"3156809";"IBGE"
"MG";"SACRAMENTO";"3156908";"IBGE"
"MG";"SALINAS";"3157005";"IBGE"
"MG";"SALTO DA DIVISA";"3157104";"IBGE"
"MG";"SANTA BÁRBARA";"3157203";"IBGE"
"MG";"SANTA BÁRBARA DO LESTE";"3157252";"IBGE"
"MG";"SANTA BÁRBARA DO MONTE VERDE";"3157278";"IBGE"
"MG";"SANTA BÁRBARA DO TUGÚRIO";"3157302";"IBGE"
"MG";"SANTA CRUZ DE MINAS";"3157336";"IBGE"
"MG";"SANTA CRUZ DE SALINAS";"3157377";"IBGE"
"MG";"SANTA CRUZ DO ESCALVADO";"3157401";"IBGE"
"MG";"SANTA EFIGÊNIA DE MINAS";"3157500";"IBGE"
"MG";"SANTA FÉ DE MINAS";"3157609";"IBGE"
"MG";"SANTA HELENA DE MINAS";"3157658";"IBGE"
"MG";"SANTA JULIANA";"3157708";"IBGE"
"MG";"SANTA LUZIA";"3157807";"IBGE"
"MG";"SANTA MARGARIDA";"3157906";"IBGE"
"MG";"SANTA MARIA DE ITABIRA";"3158003";"IBGE"
"MG";"SANTA MARIA DO SALTO";"3158102";"IBGE"
"MG";"SANTA MARIA DO SUAÇUÍ";"3158201";"IBGE"
"MG";"SANTA RITA DE CALDAS";"3159209";"IBGE"
"MG";"SANTA RITA DE IBITIPOCA";"3159407";"IBGE"
"MG";"SANTA RITA DE JACUTINGA";"3159308";"IBGE"
"MG";"SANTA RITA DE MINAS";"3159357";"IBGE"
"MG";"SANTA RITA DO ITUETO";"3159506";"IBGE"
"MG";"SANTA RITA DO SAPUCAÍ";"3159605";"IBGE"
"MG";"SANTA ROSA DA SERRA";"3159704";"IBGE"
"MG";"SANTA VITÓRIA";"3159803";"IBGE"
"MG";"SANTANA DA VARGEM";"3158300";"IBGE"
"MG";"SANTANA DE CATAGUASES";"3158409";"IBGE"
"MG";"SANTANA DE PIRAPAMA";"3158508";"IBGE"
"MG";"SANTANA DO DESERTO";"3158607";"IBGE"
"MG";"SANTANA DO GARAMBÉU";"3158706";"IBGE"
"MG";"SANTANA DO JACARÉ";"3158805";"IBGE"
"MG";"SANTANA DO MANHUAÇU";"3158904";"IBGE"
"MG";"SANTANA DO PARAÍSO";"3158953";"IBGE"
"MG";"SANTANA DO RIACHO";"3159001";"IBGE"
"MG";"SANTANA DOS MONTES";"3159100";"IBGE"
"MG";"SANTO ANTÔNIO DO AMPARO";"3159902";"IBGE"
"MG";"SANTO ANTÔNIO DO AVENTUREIRO";"3160009";"IBGE"
"MG";"SANTO ANTÔNIO DO GRAMA";"3160108";"IBGE"
"MG";"SANTO ANTÔNIO DO ITAMBÉ";"3160207";"IBGE"
"MG";"SANTO ANTÔNIO DO JACINTO";"3160306";"IBGE"
"MG";"SANTO ANTÔNIO DO MONTE";"3160405";"IBGE"
"MG";"SANTO ANTÔNIO DO RETIRO";"3160454";"IBGE"
"MG";"SANTO ANTÔNIO DO RIO ABAIXO";"3160504";"IBGE"
"MG";"SANTO HIPÓLITO";"3160603";"IBGE"
"MG";"SANTOS DUMONT";"3160702";"IBGE"
"MG";"SÃO BENTO ABADE";"3160801";"IBGE"
"MG";"SÃO BRÁS DO SUAÇUÍ";"3160900";"IBGE"
"MG";"SÃO DOMINGOS DAS DORES";"3160959";"IBGE"
"MG";"SÃO DOMINGOS DO PRATA";"3161007";"IBGE"
"MG";"SÃO FÉLIX DE MINAS";"3161056";"IBGE"
"MG";"SÃO FRANCISCO";"3161106";"IBGE"
"MG";"SÃO FRANCISCO DE PAULA";"3161205";"IBGE"
"MG";"SÃO FRANCISCO DE SALES";"3161304";"IBGE"
"MG";"SÃO FRANCISCO DO GLÓRIA";"3161403";"IBGE"
"MG";"SÃO GERALDO";"3161502";"IBGE"
"MG";"SÃO GERALDO DA PIEDADE";"3161601";"IBGE"
"MG";"SÃO GERALDO DO BAIXIO";"3161650";"IBGE"
"MG";"SÃO GONÇALO DO ABAETÉ";"3161700";"IBGE"
"MG";"SÃO GONÇALO DO PARÁ";"3161809";"IBGE"
"MG";"SÃO GONÇALO DO RIO ABAIXO";"3161908";"IBGE"
"MG";"SÃO GONÇALO DO RIO PRETO";"3125507";"IBGE"
"MG";"SÃO GONÇALO DO SAPUCAÍ";"3162005";"IBGE"
"MG";"SÃO GOTARDO";"3162104";"IBGE"
"MG";"SÃO JOÃO BATISTA DO GLÓRIA";"3162203";"IBGE"
"MG";"SÃO JOÃO DA LAGOA";"3162252";"IBGE"
"MG";"SÃO JOÃO DA MATA";"3162302";"IBGE"
"MG";"SÃO JOÃO DA PONTE";"3162401";"IBGE"
"MG";"SÃO JOÃO DAS MISSÕES";"3162450";"IBGE"
"MG";"SÃO JOÃO DEL REI";"3162500";"IBGE"
"MG";"SÃO JOÃO DO MANHUAÇU";"3162559";"IBGE"
"MG";"SÃO JOÃO DO MANTENINHA";"3162575";"IBGE"
"MG";"SÃO JOÃO DO ORIENTE";"3162609";"IBGE"
"MG";"SÃO JOÃO DO PACUÍ";"3162658";"IBGE"
"MG";"SÃO JOÃO DO PARAÍSO";"3162708";"IBGE"
"MG";"SÃO JOÃO EVANGELISTA";"3162807";"IBGE"
"MG";"SÃO JOÃO NEPOMUCENO";"3162906";"IBGE"
"MG";"SÃO JOAQUIM DE BICAS";"3162922";"IBGE"
"MG";"SÃO JOSÉ DA BARRA";"3162948";"IBGE"
"MG";"SÃO JOSÉ DA LAPA";"3162955";"IBGE"
"MG";"SÃO JOSÉ DA SAFIRA";"3163003";"IBGE"
"MG";"SÃO JOSÉ DA VARGINHA";"3163102";"IBGE"
"MG";"SÃO JOSÉ DO ALEGRE";"3163201";"IBGE"
"MG";"SÃO JOSÉ DO DIVINO";"3163300";"IBGE"
"MG";"SÃO JOSÉ DO GOIABAL";"3163409";"IBGE"
"MG";"SÃO JOSÉ DO JACURI";"3163508";"IBGE"
"MG";"SÃO JOSÉ DO MANTIMENTO";"3163607";"IBGE"
"MG";"SÃO LOURENÇO";"3163706";"IBGE"
"MG";"SÃO MIGUEL DO ANTA";"3163805";"IBGE"
"MG";"SÃO PEDRO DA UNIÃO";"3163904";"IBGE"
"MG";"SÃO PEDRO DO SUAÇUÍ";"3164100";"IBGE"
"MG";"SÃO PEDRO DOS FERROS";"3164001";"IBGE"
"MG";"SÃO ROMÃO";"3164209";"IBGE"
"MG";"SÃO ROQUE DE MINAS";"3164308";"IBGE"
"MG";"SÃO SEBASTIÃO DA BELA VISTA";"3164407";"IBGE"
"MG";"SÃO SEBASTIÃO DA VARGEM ALEGRE";"3164431";"IBGE"
"MG";"SÃO SEBASTIÃO DO ANTA";"3164472";"IBGE"
"MG";"SÃO SEBASTIÃO DO MARANHÃO";"3164506";"IBGE"
"MG";"SÃO SEBASTIÃO DO OESTE";"3164605";"IBGE"
"MG";"SÃO SEBASTIÃO DO PARAÍSO";"3164704";"IBGE"
"MG";"SÃO SEBASTIÃO DO RIO PRETO";"3164803";"IBGE"
"MG";"SÃO SEBASTIÃO DO RIO VERDE";"3164902";"IBGE"
"MG";"SAO THOME DAS LETRAS";"3165206";"GRAFIA_ANTIGA"
"MG";"SÃO TIAGO";"3165008";"IBGE"
"MG";"SÃO TOMÁS DE AQUINO";"3165107";"IBGE"
"MG";"SÃO TOMÉ DAS LETRAS";"3165206";"IBGE"
"MG";"SÃO VICENTE DE MINAS";"3165305";"IBGE"
"MG";"SAPUCAÍ MIRIM";"3165404";"IBGE"
"MG";"SARDOÁ";"3165503";"IBGE"
"MG";"SARZEDO";"3165537";"IBGE"
"MG";"SEM PEIXE";"3165560";"IBGE"
"MG";"SENADOR AMARAL";"3165578";"IBGE"
"MG";"SENADOR CORTES";"3165602";"IBGE"
"MG";"SENADOR FIRMINO";"3165701";"IBGE"
"MG";"SENADOR JOSÉ BENTO";"3165800";"IBGE"
"MG";"SENADOR MODESTINO GONÇALVES";"3165909";"IBGE"
"MG";"SENHORA DE OLIVEIRA";"3166006";"IBGE"
"MG";"SENHORA DO PORTO";"3166105";"IBGE"
"MG";"SENHORA DOS REMÉDIOS";"3166204";"IBGE"
"MG";"SERICITA";"3166303";"IBGE"
"MG";"SERITINGA";"3166402";"IBGE"
"MG";"SERRA AZUL DE MINAS";"3166501";"IBGE"
"MG";"SERRA DA SAUDADE";"3166600";"IBGE"
"MG";"SERRA DO SALITRE";"3166808";"IBGE"
"MG";"SERRA DOS AIMORÉS";"3166709";"IBGE"
"MG";"SERRANIA";"3166907";"IBGE"
"MG";"SERRANÓPOLIS DE MINAS";"3166956";"IBGE"
"MG";"SERRANOS";"3167004";"IBGE"
"MG";"SERRO";"3167103";"IBGE"
"MG";"SETE LAGOAS";"3167202";"IBGE"
"MG";"SETUBINHA";"3165552";"IBGE"
"MG";"SILVEIRÂNIA";"3167301";"IBGE"
"MG";"SILVIANÓPOLIS";"3167400";"IBGE"
"MG";"SIMÃO PEREIRA";"3167509";"IBGE"
"MG";"SIMONÉSIA";"3167608";"IBGE"
"MG";"SOBRÁLIA";"3167707";"IBGE"
"MG";"SOLEDADE DE MINAS";"3167806";"IBGE"
"MG";"TABULEIRO";"3167905";"IBGE"
"MG";"TAIOBEIRAS";"3168002";"IBGE"
"MG";"TAPARUBA";"3168051";"IBGE"
"MG";"TAPIRA";"3168101";"IBGE"
"MG";"TAPIRAÍ";"3168200";"IBGE"
"MG";"TAQUARAÇU DE MINAS";"3168309";"IBGE"
"MG";"TARUMIRIM";"3168408";"IBGE"
"MG";"TEIXEIRAS";"3168507";"IBGE"
"MG";"TEÓFILO OTONI";"3168606";"IBGE"
"MG";"TIMÓTEO";"3168705";"IBGE"
"MG";"TIRADENTES";"3168804";"IBGE"
"MG";"TIROS";"3168903";"IBGE"
"MG";"TOCANTINS";"3169000";"IBGE"
"MG";"TOCOS DO MOJI";"3169059";"IBGE"
"MG";"TOLEDO";"3169109";"IBGE"
"MG";"TOMBOS";"3169208";"IBGE"
"MG";"TRÊS CORAÇÕES";"3169307";"IBGE"
"MG";"TRÊS MARIAS";"3169356";"IBGE"
"MG";"TRÊS PONTAS";"3169406";"IBGE"
"MG";"TUMIRITINGA";"3169505";"IBGE"
"MG";"TUPACIGUARA";"3169604";"IBGE"
"MG";"TURMALINA";"3169703";"IBGE"
"MG";"TURVOLÂNDIA";"3169802";"IBGE"
"MG";"UBÁ";"3169901";"IBGE"
"MG";"UBAÍ";"3170008";"IBGE"
"MG";"UBAPORANGA";"3170057";"IBGE"
"MG";"UBERABA";"3170107";"IBGE"
"MG";"UBERLÂNDIA";"3170206";"IBGE"
"MG";"UMBURATIBA";"3170305";"IBGE"
"MG";"UNAÍ";"3170404";"IBGE"
"MG";"UNIÃO DE MINAS";"3170438";"IBGE"
"MG";"URUANA DE MINAS";"3170479";"IBGE"
"MG";"URUCÂNIA";"3170503";"IBGE"
"MG";"URUCUIA";"3170529";"IBGE"
"MG";"VARGEM ALEGRE";"3170578";"IBGE"
"MG";"VARGEM BONITA";"3170602";"IBGE"
"MG";"VARGEM GRANDE DO RIO PARDO";"3170651";"IBGE"
"MG";"VARGINHA";"3170701";"IBGE"
"MG";"VARJÃO DE MINAS";"3170750";"IBGE"
"MG";"VÁRZEA DA PALMA";"3170800";"IBGE"
"MG";"VARZELÂNDIA";"3170909";"IBGE"
"MG";"VAZANTE";"3171006";"IBGE"
"MG";"VERDELÂNDIA";"3171030";"IBGE"
"MG";"VEREDINHA";"3171071";"IBGE"
"MG";"VERÍSSIMO";"3171105";"IBGE"
"MG";"VERMELHO NOVO";"3171154";"IBGE"
"MG";"VESPASIANO";"3171204";"IBGE"
"MG";"VIÇOSA";"3171303";"IBGE"
"MG";"VIEIRAS";"3171402";"IBGE"
"MG";"VIRGEM DA LAPA";"3171600";"IBGE"
"MG";"VIRGÍNIA";"3171709";"IBGE"
"MG";"VIRGINÓPOLIS";"3171808";"IBGE"
"MG";"VIRGOLÂNDIA";"3171907";"IBGE"
"MG";"VISCONDE DO RIO BRANCO";"3172004";"IBGE"
"MG";"VOLTA GRANDE";"3172103";"IBGE"
"MG";"WENCESLAU BRAZ";"3172202";"IBGE"
"MS";"ÁGUA CLARA";"5000203";"IBGE"
"MS";"ALCINÓPOLIS";"5000252";"IBGE"
"MS";"AMAMBAI";"5000609";"IBGE"
"MS";"ANASTÁCIO";"5000708";"IBGE"
"MS";"ANAURILÂNDIA";"5000807";"IBGE"
"MS";"ANGÉLICA";"5000856";"IBGE"
"MS";"ANTÔNIO JOÃO";"5000906";"IBGE"
"MS";"APARECIDA DO TABOADO";"5001003";"IBGE"
"MS";"AQUIDAUANA";"5001102";"IBGE"
"MS";"ARAL MOREIRA";"5001243";"IBGE"
"MS";"BANDEIRANTES";"5001508";"IBGE"
"MS";"BATAGUASSU";"5001904";"IBGE"
"MS";"BATAYPORÃ";"5002001";"IBGE"
"MS";"BELA VISTA";"5002100";"IBGE"
"MS";"BODOQUENA";"5002159";"IBGE"
"MS";"BONITO";"5002209";"IBGE"
"MS";"BRASILÂNDIA";"5002308";"IBGE"
"MS";"CAARAPÓ";"5002407";"IBGE"
"MS";"CAMAPUÃ";"5002605";"IBGE"
"MS";"CAMPO GRANDE";"5002704";"IBGE"
"MS";"CARACOL";"5002803";"IBGE"
"MS";"CASSILÂNDIA";"5002902";"IBGE"
"MS";"CHAPADÃO DO SUL";"5002951";"IBGE"
"MS";"CORGUINHO";"5003108";"IBGE"
"MS";"CORONEL SAPUCAIA";"5003157";"IBGE"
"MS";"CORUMBÁ";"5003207";"IBGE"
"MS";"COSTA RICA";"5003256";"IBGE"
"MS";"COXIM";"5003306";"IBGE"
"MS";"DEODÁPOLIS";"5003454";"IBGE"
"MS";"DOIS IRMÃOS DO BURITI";"5003488";"IBGE"
"MS";"DOURADINA";"5003504";"IBGE"
"MS";"DOURADOS";"5003702";"IBGE"
"MS";"ELDORADO";"5003751";"IBGE"
"MS";"FÁTIMA DO SUL";"5003801";"IBGE"
"MS";"FIGUEIRÃO";"5003900";"IBGE"
"MS";"GLÓRIA DE DOURADOS";"5004007";"IBGE"
"MS";"GUIA LOPES DA LAGUNA";"5004106";"IBGE"
"MS";"IGUATEMI";"5004304";"IBGE"
"MS";"INOCÊNCIA";"5004403";"IBGE"
"MS";"ITAPORÃ";"5004502";"IBGE"
"MS";"ITAQUIRAÍ";"5004601";"IBGE"
"MS";"IVINHEMA";"5004700";"IBGE"
"MS";"JAPORÃ";"5004809";"IBGE"
"MS";"JARAGUARI";"5004908";"IBGE"
"MS";"JARDIM";"5005004";"IBGE"
"MS";"JATEÍ";"5005103";"IBGE"
"MS";"JUTI";"5005152";"IBGE"
"MS";"LADÁRIO";"5005202";"IBGE"
"MS";"LAGUNA CARAPÃ";"5005251";"IBGE"
"MS";"MARACAJU";"5005400";"IBGE"
"MS";"MIRANDA";"5005608";"IBGE"
"MS";"MUNDO NOVO";"5005681";"IBGE"
"MS";"NAVIRAÍ";"5005707";"IBGE"
"MS";"NIOAQUE";"5005806";"IBGE"
"MS";"NOVA ALVORADA DO SUL";"5006002";"IBGE"
"MS";"NOVA ANDRADINA";"5006200";"IBGE"
"MS";"NOVO HORIZONTE DO SUL";"5006259";"IBGE"
"MS";"PARAÍSO DAS ÁGUAS";"5006275";"IBGE"
"MS";"PARANAÍBA";"5006309";"IBGE"
"MS";"PARANHOS";"5006358";"IBGE"
"MS";"PEDRO GOMES";"5006408";"IBGE"
"MS";"PONTA PORÃ";"5006606";"IBGE"
"MS";"PORTO MURTINHO";"5006903";"IBGE"
"MS";"RIBAS DO RIO PARDO";"5007109";"IBGE"
"MS";"RIO BRILHANTE";"5007208";"IBGE"
"MS";"RIO NEGRO";"5007307";"IBGE"
"MS";"RIO VERDE DE MATO GROSSO";"5007406";"IBGE"
"MS";"ROCHEDO";"5007505";"IBGE"
"MS";"SANTA RITA DO PARDO";"5007554";"IBGE"
"MS";"SÃO GABRIEL DO OESTE";"5007695";"IBGE"
"MS";"SELVÍRIA";"5007802";"IBGE"
"MS";"SETE QUEDAS";"5007703";"IBGE"
"MS";"SIDROLÂNDIA";"5007901";"IBGE"
"MS";"SONORA";"5007935";"IBGE"
"MS";"TACURU";"5007950";"IBGE"
"MS";"TAQUARUSSU";"5007976";"IBGE"
"MS";"TERENOS";"5008008";"IBGE"
"MS";"TRÊS LAGOAS";"5008305";"IBGE"
"MS";"VICENTINA";"5008404";"IBGE"
"MT";"ACORIZAL";"5100102";"IBGE"
"MT";"ÁGUA BOA";"5100201";"IBGE"
"MT";"ALTA FLORESTA";"5100250";"IBGE"
"MT";"ALTO ARAGUAIA";"5100300";"IBGE"
"MT";"ALTO BOA VISTA";"5100359";"IBGE"
"MT";"ALTO GARÇAS";"5100409";"IBGE"
"MT";"ALTO PARAGUAI";"5100508";"IBGE"
"MT";"ALTO TAQUARI";"5100607";"IBGE"
"MT";"APIACÁS";"5100805";"IBGE"
"MT";"ARAGUAIANA";"5101001";"IBGE"
"MT";"ARAGUAINHA";"5101209";"IBGE"
"MT";"ARAPUTANGA";"5101258";"IBGE"
"MT";"ARENÁPOLIS";"5101308";"IBGE"
"MT";"ARIPUANÃ";"5101407";"IBGE"
"MT";"BARÃO DE MELGAÇO";"5101605";"IBGE"
"MT";"BARRA DO BUGRES";"5101704";"IBGE"
"MT";"BARRA DO GARÇAS";"5101803";"IBGE"
"MT";"BOA ESPERANÇA DO NORTE";"5101837";"IBGE"
"MT";"BOM JESUS DO ARAGUAIA";"5101852";"IBGE"
"MT";"BRASNORTE";"5101902";"IBGE"
"MT";"CÁCERES";"5102504";"IBGE"
"MT";"CAMPINÁPOLIS";"5102603";"IBGE"
"MT";"CAMPO NOVO DO PARECIS";"5102637";"IBGE"
"MT";"CAMPO VERDE";"5102678";"IBGE"
"MT";"CAMPOS DE JÚLIO";"5102686";"IBGE"
"MT";"CANABRAVA DO NORTE";"5102694";"IBGE"
"MT";"CANARANA";"5102702";"IBGE"
"MT";"CARLINDA";"5102793";"IBGE"
"MT";"CASTANHEIRA";"5102850";"IBGE"
"MT";"CHAPADA DOS GUIMARÃES";"5103007";"IBGE"
"MT";"CLÁUDIA";"5103056";"IBGE"
"MT";"COCALINHO";"5103106";"IBGE"
"MT";"COLÍDER";"5103205";"IBGE"
"MT";"COLNIZA";"5103254";"IBGE"
"MT";"COMODORO";"5103304";"IBGE"
"MT";"CONFRESA";"5103353";"IBGE"
"MT";"CONQUISTA D OESTE";"5103361";"IBGE"
"MT";"COTRIGUAÇU";"5103379";"IBGE"
"MT";"CUIABÁ";"5103403";"IBGE"
"MT";"CURVELÂNDIA";"5103437";"IBGE"
"MT";"DENISE";"5103452";"IBGE"
"MT";"DIAMANTINO";"5103502";"IBGE"
"MT";"DOM AQUINO";"5103601";"IBGE"
"MT";"FELIZ NATAL";"5103700";"IBGE"
"MT";"FIGUEIRÓPOLIS D OESTE";"5103809";"IBGE"
"MT";"GAÚCHA DO NORTE";"5103858";"IBGE"
"MT";"GENERAL CARNEIRO";"5103908";"IBGE"
"MT";"GLÓRIA D OESTE";"5103957";"IBGE"
"MT";"GUARANTÃ DO NORTE";"5104104";"IBGE"
"MT";"GUIRATINGA";"5104203";"IBGE"
"MT";"INDIAVAÍ";"5104500";"IBGE"
"MT";"IPIRANGA DO NORTE";"5104526";"IBGE"
"MT";"ITANHANGÁ";"5104542";"IBGE"
"MT";"ITAÚBA";"5104559";"IBGE"
"MT";"ITIQUIRA";"5104609";"IBGE"
"MT";"JACIARA";"5104807";"IBGE"
"MT";"JANGADA";"5104906";"IBGE"
"MT";"JAURU";"5105002";"IBGE"
"MT";"JUARA";"5105101";"IBGE"
"MT";"JUÍNA";"5105150";"IBGE"
"MT";"JURUENA";"5105176";"IBGE"
"MT";"JUSCIMEIRA";"5105200";"IBGE"
"MT";"LAMBARI D OESTE";"5105234";"IBGE"
"MT";"LUCAS DO RIO VERDE";"5105259";"IBGE"
"MT";"LUCIARA";"5105309";"IBGE"
"MT";"MARCELÂNDIA";"5105580";"IBGE"
"MT";"MATUPÁ";"5105606";"IBGE"
"MT";"MIRASSOL D OESTE";"5105622";"IBGE"
"MT";"NOBRES";"5105903";"IBGE"
"MT";"NORTELÂNDIA";"5106000";"IBGE"
"MT";"NOSSA SENHORA DO LIVRAMENTO";"5106109";"IBGE"
"MT";"NOVA BANDEIRANTES";"5106158";"IBGE"
"MT";"NOVA BRASILÂNDIA";"5106208";"IBGE"
"MT";"NOVA CANAÃ DO NORTE";"5106216";"IBGE"
"MT";"NOVA GUARITA";"5108808";"IBGE"
"MT";"NOVA LACERDA";"5106182";"IBGE"
"MT";"NOVA MARILÂNDIA";"5108857";"IBGE"
"MT";"NOVA MARINGÁ";"5108907";"IBGE"
"MT";"NOVA MONTE VERDE";"5108956";"IBGE"
"MT";"NOVA MUTUM";"5106224";"IBGE"
"MT";"NOVA NAZARÉ";"5106174";"IBGE"
"MT";"NOVA OLÍMPIA";"5106232";"IBGE"
"MT";"NOVA SANTA HELENA";"5106190";"IBGE"
"MT";"NOVA UBIRATÃ";"5106240";"IBGE"
"MT";"NOVA XAVANTINA";"5106257";"IBGE"
"MT";"NOVO HORIZONTE DO NORTE";"5106273";"IBGE"
"MT";"NOVO MUNDO";"5106265";"IBGE"
"MT";"NOVO SANTO ANTÔNIO";"5106315";"IBGE"
"MT";"NOVO SÃO JOAQUIM";"5106281";"IBGE"
"MT";"PARANAÍTA";"5106299";"IBGE"
"MT";"PARANATINGA";"5106307";"IBGE"
"MT";"PEDRA PRETA";"5106372";"IBGE"
"MT";"PEIXOTO DE AZEVEDO";"5106422";"IBGE"
"MT";"PLANALTO DA SERRA";"5106455";"IBGE"
"MT";"POCONÉ";"5106505";"IBGE"
"MT";"PONTAL DO ARAGUAIA";"5106653";"IBGE"
"MT";"PONTE BRANCA";"5106703";"IBGE"
"MT";"PONTES E LACERDA";"5106752";"IBGE"
"MT";"PORTO ALEGRE DO NORTE";"5106778";"IBGE"
"MT";"PORTO DOS GAÚCHOS";"5106802";"IBGE"
"MT";"PORTO ESPERIDIÃO";"5106828";"IBGE"
"MT";"PORTO ESTRELA";"5106851";"IBGE"
"MT";"POXOREO";"5107008";"GRAFIA_ANTIGA"
"MT";"POXORÉU";"5107008";"IBGE"
"MT";"PRIMAVERA DO LESTE";"5107040";"IBGE"
"MT";"QUERÊNCIA";"5107065";"IBGE"
"MT";"RESERVA DO CABAÇAL";"5107156";"IBGE"
"MT";"RIBEIRÃO CASCALHEIRA";"5107180";"IBGE"
"MT";"RIBEIRÃOZINHO";"5107198";"IBGE"
"MT";"RIO BRANCO";"5107206";"IBGE"
"MT";"RONDOLÂNDIA";"5107578";"IBGE"
"MT";"RONDONÓPOLIS";"5107602";"IBGE"
"MT";"ROSÁRIO OESTE";"5107701";"IBGE"
"MT";"SALTO DO CÉU";"5107750";"IBGE"
"MT";"SANTA CARMEM";"5107248";"IBGE"
"MT";"SANTA CRUZ DO XINGU";"5107743";"IBGE"
"MT";"SANTA RITA DO TRIVELATO";"5107768";"IBGE"
"MT";"SANTA TEREZINHA";"5107776";"IBGE"
"MT";"SANTO AFONSO";"5107263";"IBGE"
"MT";"SANTO ANTÔNIO DE LEVERGER";"5107800";"IBGE"
"MT";"SANTO ANTÔNIO DO LESTE";"5107792";"IBGE"
"MT";"SÃO FÉLIX DO ARAGUAIA";"5107859";"IBGE"
"MT";"SÃO JOSÉ DO POVO";"5107297";"IBGE"
"MT";"SÃO JOSÉ DO RIO CLARO";"5107305";"IBGE"
"MT";"SÃO JOSÉ DO XINGU";"5107354";"IBGE"
"MT";"SÃO JOSÉ DOS QUATRO MARCOS";"5107107";"IBGE"
"MT";"SÃO PEDRO DA CIPA";"5107404";"IBGE"
"MT";"SAPEZAL";"5107875";"IBGE"
"MT";"SERRA NOVA DOURADA";"5107883";"IBGE"
"MT";"SINOP";"5107909";"IBGE"
"MT";"SORRISO";"5107925";"IBGE"
"MT";"TABAPORÃ";"5107941";"IBGE"
"MT";"TANGARÁ DA SERRA";"5107958";"IBGE"
"MT";"TAPURAH";"5108006";"IBGE"
"MT";"TERRA NOVA DO NORTE";"5108055";"IBGE"
"MT";"TESOURO";"5108105";"IBGE"
"MT";"TORIXORÉU";"5108204";"IBGE"
"MT";"UNIÃO DO SUL";"5108303";"IBGE"
"MT";"VALE DE SÃO DOMINGOS";"5108352";"IBGE"
"MT";"VÁRZEA GRANDE";"5108402";"IBGE"
"MT";"VERA";"5108501";"IBGE"
"MT";"VILA BELA DA SANTÍSSIMA TRINDADE";"5105507";"IBGE"
"MT";"VILA RICA";"5108600";"IBGE"
"PA";"ABAETETUBA";"1500107";"IBGE"
"PA";"ABEL FIGUEIREDO";"1500131";"IBGE"
"PA";"ACARÁ";"1500206";"IBGE"
"PA";"AFUÁ";"1500305";"IBGE"
"PA";"ÁGUA AZUL DO NORTE";"1500347";"IBGE"
"PA";"ALENQUER";"1500404";"IBGE"
"PA";"ALMEIRIM";"1500503";"IBGE"
"PA";"ALTAMIRA";"1500602";"IBGE"
"PA";"ANAJÁS";"1500701";"IBGE"
"PA";"ANANINDEUA";"1500800";"IBGE"
"PA";"ANAPU";"1500859";"IBGE"
"PA";"AUGUSTO CORRÊA";"1500909";"IBGE"
"PA";"AURORA DO PARÁ";"1500958";"IBGE"
"PA";"AVEIRO";"1501006";"IBGE"
"PA";"BAGRE";"1501105";"IBGE"
"PA";"BAIÃO";"1501204";"IBGE"
"PA";"BANNACH";"1501253";"IBGE"
"PA";"BARCARENA";"1501303";"IBGE"
"PA";"BELÉM";"1501402";"IBGE"
"PA";"BELTERRA";"1501451";"IBGE"
"PA";"BENEVIDES";"1501501";"IBGE"
"PA";"BOM JESUS DO TOCANTINS";"1501576";"IBGE"
"PA";"BONITO";"1501600";"IBGE"
"PA";"BRAGANÇA";"1501709";"IBGE"
"PA";"BRASIL NOVO";"1501725";"IBGE"
"PA";"BREJO GRANDE DO ARAGUAIA";"1501758";"IBGE"
"PA";"BREU BRANCO";"1501782";"IBGE"
"PA";"BREVES";"1501808";"IBGE"
"PA";"BUJARU";"1501907";"IBGE"
"PA";"CACHOEIRA DO ARARI";"1502004";"IBGE"
"PA";"CACHOEIRA DO PIRIÁ";"1501956";"IBGE"
"PA";"CAMETÁ";"1502103";"IBGE"
"PA";"CANAÃ DOS CARAJÁS";"1502152";"IBGE"
"PA";"CAPANEMA";"1502202";"IBGE"
"PA";"CAPITÃO POÇO";"1502301";"IBGE"
"PA";"CASTANHAL";"1502400";"IBGE"
"PA";"CHAVES";"1502509";"IBGE"
"PA";"COLARES";"1502608";"IBGE"
"PA";"CONCEIÇÃO DO ARAGUAIA";"1502707";"IBGE"
"PA";"CONCÓRDIA DO PARÁ";"1502756";"IBGE"
"PA";"CUMARU DO NORTE";"1502764";"IBGE"
"PA";"CURIONÓPOLIS";"1502772";"IBGE"
"PA";"CURRALINHO";"1502806";"IBGE"
"PA";"CURUÁ";"1502855";"IBGE"
"PA";"CURUÇÁ";"1502905";"IBGE"
"PA";"DOM ELISEU";"1502939";"IBGE"
"PA";"ELDORADO DO CARAJÁS";"1502954";"IBGE"
"PA";"FARO";"1503002";"IBGE"
"PA";"FLORESTA DO ARAGUAIA";"1503044";"IBGE"
"PA";"GARRAFÃO DO NORTE";"1503077";"IBGE"
"PA";"GOIANÉSIA DO PARÁ";"1503093";"IBGE"
"PA";"GURUPÁ";"1503101";"IBGE"
"PA";"IGARAPÉ AÇU";"1503200";"IBGE"
"PA";"IGARAPÉ MIRI";"1503309";"IBGE"
"PA";"INHANGAPI";"1503408";"IBGE"
"PA";"IPIXUNA DO PARÁ";"1503457";"IBGE"
"PA";"IRITUIA";"1503507";"IBGE"
"PA";"ITAITUBA";"1503606";"IBGE"
"PA";"ITUPIRANGA";"1503705";"IBGE"
"PA";"JACAREACANGA";"1503754";"IBGE"
"PA";"JACUNDÁ";"1503804";"IBGE"
"PA";"JURUTI";"1503903";"IBGE"
"PA";"LIMOEIRO DO AJURU";"1504000";"IBGE"
"PA";"MÃE DO RIO";"1504059";"IBGE"
"PA";"MAGALHÃES BARATA";"1504109";"IBGE"
"PA";"MARABÁ";"1504208";"IBGE"
"PA";"MARACANÃ";"1504307";"IBGE"
"PA";"MARAPANIM";"1504406";"IBGE"
"PA";"MARITUBA";"1504422";"IBGE"
"PA";"MEDICILÂNDIA";"1504455";"IBGE"
"PA";"MELGAÇO";"1504505";"IBGE"
"PA";"MOCAJUBA";"1504604";"IBGE"
"PA";"MOJU";"1504703";"IBGE"
"PA";"MOJUÍ DOS CAMPOS";"1504752";"IBGE"
"PA";"MONTE ALEGRE";"1504802";"IBGE"
"PA";"MUANÁ";"1504901";"IBGE"
"PA";"NOVA ESPERANÇA DO PIRIÁ";"1504950";"IBGE"
"PA";"NOVA IPIXUNA";"1504976";"IBGE"
"PA";"NOVA TIMBOTEUA";"1505007";"IBGE"
"PA";"NOVO PROGRESSO";"1505031";"IBGE"
"PA";"NOVO REPARTIMENTO";"1505064";"IBGE"
"PA";"ÓBIDOS";"1505106";"IBGE"
"PA";"OEIRAS DO PARÁ";"1505205";"IBGE"
"PA";"ORIXIMINÁ";"1505304";"IBGE"
"PA";"OURÉM";"1505403";"IBGE"
"PA";"OURILÂNDIA DO NORTE";"1505437";"IBGE"
"PA";"PACAJÁ";"1505486";"IBGE"
"PA";"PALESTINA DO PARÁ";"1505494";"IBGE"
"PA";"PARAGOMINAS";"1505502";"IBGE"
"PA";"PARAUAPEBAS";"1505536";"IBGE"
"PA";"PAU D ARCO";"1505551";"IBGE"
"PA";"PEIXE BOI";"1505601";"IBGE"
"PA";"PIÇARRA";"1505635";"IBGE"
"PA";"PLACAS";"1505650";"IBGE"
"PA";"PONTA DE PEDRAS";"1505700";"IBGE"
"PA";"PORTEL";"1505809";"IBGE"
"PA";"PORTO DE MOZ";"1505908";"IBGE"
"PA";"PRAINHA";"1506005";"IBGE"
"PA";"PRIMAVERA";"1506104";"IBGE"
"PA";"QUATIPURU";"1506112";"IBGE"
"PA";"REDENÇÃO";"1506138";"IBGE"
"PA";"RIO MARIA";"1506161";"IBGE"
"PA";"RONDON DO PARÁ";"1506187";"IBGE"
"PA";"RURÓPOLIS";"1506195";"IBGE"
"PA";"SALINÓPOLIS";"1506203";"IBGE"
"PA";"SALVATERRA";"1506302";"IBGE"
"PA";"SANTA BÁRBARA DO PARÁ";"1506351";"IBGE"
"PA";"SANTA CRUZ DO ARARI";"1506401";"IBGE"
"PA";"SANTA ISABEL DO PARA";"1506500";"GRAFIA_ANTIGA"
"PA";"SANTA IZABEL DO PARÁ";"1506500";"IBGE"
"PA";"SANTA LUZIA DO PARÁ";"1506559";"IBGE"
"PA";"SANTA MARIA DAS BARREIRAS";"1506583";"IBGE"
"PA";"SANTA MARIA DO PARÁ";"1506609";"IBGE"
"PA";"SANTANA DO ARAGUAIA";"1506708";"IBGE"
"PA";"SANTARÉM";"1506807";"IBGE"
"PA";"SANTARÉM NOVO";"1506906";"IBGE"
"PA";"SANTO ANTÔNIO DO TAUÁ";"1507003";"IBGE"
"PA";"SÃO CAETANO DE ODIVELAS";"1507102";"IBGE"
"PA";"SÃO DOMINGOS DO ARAGUAIA";"1507151";"IBGE"
"PA";"SÃO DOMINGOS DO CAPIM";"1507201";"IBGE"
"PA";"SÃO FÉLIX DO XINGU";"1507300";"IBGE"
"PA";"SÃO FRANCISCO DO PARÁ";"1507409";"IBGE"
"PA";"SÃO GERALDO DO ARAGUAIA";"1507458";"IBGE"
"PA";"SÃO JOÃO DA PONTA";"1507466";"IBGE"
"PA";"SÃO JOÃO DE PIRABAS";"1507474";"IBGE"
"PA";"SÃO JOÃO DO ARAGUAIA";"1507508";"IBGE"
"PA";"SÃO MIGUEL DO GUAMÁ";"1507607";"IBGE"
"PA";"SÃO SEBASTIÃO DA BOA VISTA";"1507706";"IBGE"
"PA";"SAPUCAIA";"1507755";"IBGE"
"PA";"SENADOR JOSÉ PORFÍRIO";"1507805";"IBGE"
"PA";"SOURE";"1507904";"IBGE"
"PA";"TAILÂNDIA";"1507953";"IBGE"
"PA";"TERRA ALTA";"1507961";"IBGE"
"PA";"TERRA SANTA";"1507979";"IBGE"
"PA";"TOMÉ AÇU";"1508001";"IBGE"
"PA";"TRACUATEUA";"1508035";"IBGE"
"PA";"TRAIRÃO";"1508050";"IBGE"
"PA";"TUCUMÃ";"1508084";"IBGE"
"PA";"TUCURUÍ";"1508100";"IBGE"
"PA";"ULIANÓPOLIS";"1508126";"IBGE"
"PA";"URUARÁ";"1508159";"IBGE"
"PA";"VIGIA";"1508209";"IBGE"
"PA";"VISEU";"1508308";"IBGE"
"PA";"VITÓRIA DO XINGU";"1508357";"IBGE"
"PA";"XINGUARA";"1508407";"IBGE"
"PB";"ÁGUA BRANCA";"2500106";"IBGE"
"PB";"AGUIAR";"2500205";"IBGE"
"PB";"ALAGOA GRANDE";"2500304";"IBGE"
"PB";"ALAGOA NOVA";"2500403";"IBGE"
"PB";"ALAGOINHA";"2500502";"IBGE"
"PB";"ALCANTIL";"2500536";"IBGE"
"PB";"ALGODÃO DE JANDAÍRA";"2500577";"IBGE"
"PB";"ALHANDRA";"2500601";"IBGE"
"PB";"AMPARO";"2500734";"IBGE"
"PB";"APARECIDA";"2500775";"IBGE"
"PB";"ARAÇAGI";"2500809";"IBGE"
"PB";"ARARA";"2500908";"IBGE"
"PB";"ARARUNA";"2501005";"IBGE"
"PB";"AREIA";"2501104";"IBGE"
"PB";"AREIA DE BARAÚNAS";"2501153";"IBGE"
"PB";"AREIAL";"2501203";"IBGE"
"PB";"AROEIRAS";"2501302";"IBGE"
"PB";"ASSUNÇÃO";"2501351";"IBGE"
"PB";"BAÍA DA TRAIÇÃO";"2501401";"IBGE"
"PB";"BANANEIRAS";"2501500";"IBGE"
"PB";"BARAÚNA";"2501534";"IBGE"
"PB";"BARRA DE SANTA ROSA";"2501609";"IBGE"
"PB";"BARRA DE SANTANA";"2501575";"IBGE"
"PB";"BARRA DE SÃO MIGUEL";"2501708";"IBGE"
"PB";"BAYEUX";"2501807";"IBGE"
"PB";"BELÉM";"2501906";"IBGE"
"PB";"BELÉM DO BREJO DO CRUZ";"2502003";"IBGE"
"PB";"BERNARDINO BATISTA";"2502052";"IBGE"
"PB";"BOA VENTURA";"2502102";"IBGE"
"PB";"BOA VISTA";"2502151";"IBGE"
"PB";"BOM JESUS";"2502201";"IBGE"
"PB";"BOM SUCESSO";"2502300";"IBGE"
"PB";"BONITO DE SANTA FÉ";"2502409";"IBGE"
"PB";"BOQUEIRÃO";"2502508";"IBGE"
"PB";"BORBOREMA";"2502706";"IBGE"
"PB";"BREJO DO CRUZ";"2502805";"IBGE"
"PB";"BREJO DOS SANTOS";"2502904";"IBGE"
"PB";"CAAPORÃ";"2503001";"IBGE"
"PB";"CABACEIRAS";"2503100";"IBGE"
"PB";"CABEDELO";"2503209";"IBGE"
"PB";"CACHOEIRA DOS ÍNDIOS";"2503308";"IBGE"
"PB";"CACIMBA DE AREIA";"2503407";"IBGE"
"PB";"CACIMBA DE DENTRO";"2503506";"IBGE"
"PB";"CACIMBAS";"2503555";"IBGE"
"PB";"CAIÇARA";"2503605";"IBGE"
"PB";"CAJAZEIRAS";"2503704";"IBGE"
"PB";"CAJAZEIRINHAS";"2503753";"IBGE"
"PB";"CALDAS BRANDÃO";"2503803";"IBGE"
"PB";"CAMALAÚ";"2503902";"IBGE"
"PB";"CAMPINA GRANDE";"2504009";"IBGE"
"PB";"CAPIM";"2504033";"IBGE"
"PB";"CARAÚBAS";"2504074";"IBGE"
"PB";"CARRAPATEIRA";"2504108";"IBGE"
"PB";"CASSERENGUE";"2504157";"IBGE"
"PB";"CATINGUEIRA";"2504207";"IBGE"
"PB";"CATOLÉ DO ROCHA";"2504306";"IBGE"
"PB";"CATURITÉ";"2504355";"IBGE"
"PB";"CONCEIÇÃO";"2504405";"IBGE"
"PB";"CONDADO";"2504504";"IBGE"
"PB";"CONDE";"2504603";"IBGE"
"PB";"CONGO";"2504702";"IBGE"
"PB";"COREMAS";"2504801";"IBGE"
"PB";"COXIXOLA";"2504850";"IBGE"
"PB";"CRUZ DO ESPÍRITO SANTO";"2504900";"IBGE"
"PB";"CUBATI";"2505006";"IBGE"
"PB";"CUITÉ";"2505105";"IBGE"
"PB";"CUITÉ DE MAMANGUAPE";"2505238";"IBGE"
"PB";"CUITEGI";"2505204";"IBGE"
"PB";"CURRAL DE CIMA";"2505279";"IBGE"
"PB";"CURRAL VELHO";"2505303";"IBGE"
"PB";"DAMIÃO";"2505352";"IBGE"
"PB";"DESTERRO";"2505402";"IBGE"
"PB";"DIAMANTE";"2505600";"IBGE"
"PB";"DONA INÊS";"2505709";"IBGE"
"PB";"DUAS ESTRADAS";"2505808";"IBGE"
"PB";"EMAS";"2505907";"IBGE"
"PB";"ESPERANÇA";"2506004";"IBGE"
"PB";"FAGUNDES";"2506103";"IBGE"
"PB";"FREI MARTINHO";"2506202";"IBGE"
"PB";"GADO BRAVO";"2506251";"IBGE"
"PB";"GUARABIRA";"2506301";"IBGE"
"PB";"GURINHÉM";"2506400";"IBGE"
"PB";"GURJÃO";"2506509";"IBGE"
"PB";"IBIARA";"2506608";"IBGE"
"PB";"IGARACY";"2502607";"IBGE"
"PB";"IMACULADA";"2506707";"IBGE"
"PB";"INGÁ";"2506806";"IBGE"
"PB";"ITABAIANA";"2506905";"IBGE"
"PB";"ITAPORANGA";"2507002";"IBGE"
"PB";"ITAPOROROCA";"2507101";"IBGE"
"PB";"ITATUBA";"2507200";"IBGE"
"PB";"JACARAÚ";"2507309";"IBGE"
"PB";"JERICÓ";"2507408";"IBGE"
"PB";"JOÃO PESSOA";"2507507";"IBGE"
"PB";"JOCA CLAUDINO";"2513653";"IBGE"
"PB";"JUAREZ TÁVORA";"2507606";"IBGE"
"PB";"JUAZEIRINHO";"2507705";"IBGE"
"PB";"JUNCO DO SERIDÓ";"2507804";"IBGE"
"PB";"JURIPIRANGA";"2507903";"IBGE"
"PB";"JURU";"2508000";"IBGE"
"PB";"LAGOA";"2508109";"IBGE"
"PB";"LAGOA DE DENTRO";"2508208";"IBGE"
"PB";"LAGOA SECA";"2508307";"IBGE"
"PB";"LASTRO";"2508406";"IBGE"
"PB";"LIVRAMENTO";"2508505";"IBGE"
"PB";"LOGRADOURO";"2508554";"IBGE"
"PB";"LUCENA";"2508604";"IBGE"
"PB";"MÃE D ÁGUA";"2508703";"IBGE"
"PB";"MALTA";"2508802";"IBGE"
"PB";"MAMANGUAPE";"2508901";"IBGE"
"PB";"MANAÍRA";"2509008";"IBGE"
"PB";"MARCAÇÃO";"2509057";"IBGE"
"PB";"MARI";"2509107";"IBGE"
"PB";"MARIZÓPOLIS";"2509156";"IBGE"
"PB";"MASSARANDUBA";"2509206";"IBGE"
"PB";"MATARACA";"2509305";"IBGE"
"PB";"MATINHAS";"2509339";"IBGE"
"PB";"MATO GROSSO";"2509370";"IBGE"
"PB";"MATURÉIA";"2509396";"IBGE"
"PB";"MOGEIRO";"2509404";"IBGE"
"PB";"MONTADAS";"2509503";"IBGE"
"PB";"MONTE HOREBE";"2509602";"IBGE"
"PB";"MONTEIRO";"2509701";"IBGE"
"PB";"MULUNGU";"2509800";"IBGE"
"PB";"NATUBA";"2509909";"IBGE"
"PB";"NAZAREZINHO";"2510006";"IBGE"
"PB";"NOVA FLORESTA";"2510105";"IBGE"
"PB";"NOVA OLINDA";"2510204";"IBGE"
"PB";"NOVA PALMEIRA";"2510303";"IBGE"
"PB";"OLHO D ÁGUA";"2510402";"IBGE"
"PB";"OLIVEDOS";"2510501";"IBGE"
"PB";"OURO VELHO";"2510600";"IBGE"
"PB";"PARARI";"2510659";"IBGE"
"PB";"PASSAGEM";"2510709";"IBGE"
"PB";"PATOS";"2510808";"IBGE"
"PB";"PAULISTA";"2510907";"IBGE"
"PB";"PEDRA BRANCA";"2511004";"IBGE"
"PB";"PEDRA LAVRADA";"2511103";"IBGE"
"PB";"PEDRAS DE FOGO";"2511202";"IBGE"
"PB";"PEDRO RÉGIS";"2512721";"IBGE"
"PB";"PIANCÓ";"2511301";"IBGE"
"PB";"PICUÍ";"2511400";"IBGE"
"PB";"PILAR";"2511509";"IBGE"
"PB";"PILÕES";"2511608";"IBGE"
"PB";"PILÕEZINHOS";"2511707";"IBGE"
"PB";"PIRPIRITUBA";"2511806";"IBGE"
"PB";"PITIMBU";"2511905";"IBGE"
"PB";"POCINHOS";"2512002";"IBGE"
"PB";"POÇO DANTAS";"2512036";"IBGE"
"PB";"POÇO DE JOSÉ DE MOURA";"2512077";"IBGE"
"PB";"POMBAL";"2512101";"IBGE"
"PB";"PRATA";"2512200";"IBGE"
"PB";"PRINCESA ISABEL";"2512309";"IBGE"
"PB";"PUXINANÃ";"2512408";"IBGE"
"PB";"QUEIMADAS";"2512507";"IBGE"
"PB";"QUIXABA";"2512606";"IBGE"
"PB";"REMÍGIO";"2512705";"IBGE"
"PB";"RIACHÃO";"2512747";"IBGE"
"PB";"RIACHÃO DO BACAMARTE";"2512754";"IBGE"
"PB";"RIACHÃO DO POÇO";"2512762";"IBGE"
"PB";"RIACHO DE SANTO ANTÔNIO";"2512788";"IBGE"
"PB";"RIACHO DOS CAVALOS";"2512804";"IBGE"
"PB";"RIO TINTO";"2512903";"IBGE"
"PB";"SALGADINHO";"2513000";"IBGE"
"PB";"SALGADO DE SÃO FÉLIX";"2513109";"IBGE"
"PB";"SANTA CECÍLIA";"2513158";"IBGE"
"PB";"SANTA CRUZ";"2513208";"IBGE"
"PB";"SANTA HELENA";"2513307";"IBGE"
"PB";"SANTA INÊS";"2513356";"IBGE"
"PB";"SANTA LUZIA";"2513406";"IBGE"
"PB";"SANTA RITA";"2513703";"IBGE"
"PB";"SANTA TERESINHA";"2513802";"IBGE"
"PB";"SANTANA DE MANGUEIRA";"2513505";"IBGE"
"PB";"SANTANA DOS GARROTES";"2513604";"IBGE"
"PB";"SANTO ANDRÉ";"2513851";"IBGE"
"PB";"SÃO BENTINHO";"2513927";"IBGE"
"PB";"SÃO BENTO";"2513901";"IBGE"
"PB";"SÃO DOMINGOS";"2513968";"IBGE"
"PB";"SÃO DOMINGOS DO CARIRI";"2513943";"IBGE"
"PB";"SÃO FRANCISCO";"2513984";"IBGE"
"PB";"SÃO JOÃO DO CARIRI";"2514008";"IBGE"
"PB";"SÃO JOÃO DO RIO DO PEIXE";"2500700";"IBGE"
"PB";"SÃO JOÃO DO TIGRE";"2514107";"IBGE"
"PB";"SÃO JOSÉ DA LAGOA TAPADA";"2514206";"IBGE"
"PB";"SÃO JOSÉ DE CAIANA";"2514305";"IBGE"
"PB";"SÃO JOSÉ DE ESPINHARAS";"2514404";"IBGE"
"PB";"SÃO JOSÉ DE PIRANHAS";"2514503";"IBGE"
"PB";"SÃO JOSÉ DE PRINCESA";"2514552";"IBGE"
"PB";"SÃO JOSÉ DO BONFIM";"2514602";"IBGE"
"PB";"SÃO JOSÉ DO BREJO DO CRUZ";"2514651";"IBGE"
"PB";"SÃO JOSÉ DO SABUGI";"2514701";"IBGE"
"PB";"SÃO JOSÉ DOS CORDEIROS";"2514800";"IBGE"
"PB";"SÃO JOSÉ DOS RAMOS";"2514453";"IBGE"
"PB";"SÃO MAMEDE";"2514909";"IBGE"
"PB";"SÃO MIGUEL DE TAIPU";"2515005";"IBGE"
"PB";"SÃO SEBASTIÃO DE LAGOA DE ROÇA";"2515104";"IBGE"
"PB";"SÃO SEBASTIÃO DO UMBUZEIRO";"2515203";"IBGE"
"PB";"SÃO VICENTE DO SERIDÓ";"2515401";"IBGE"
"PB";"SAPÉ";"2515302";"IBGE"
"PB";"SERRA BRANCA";"2515500";"IBGE"
"PB";"SERRA DA RAIZ";"2515609";"IBGE"
"PB";"SERRA GRANDE";"2515708";"IBGE"
"PB";"SERRA REDONDA";"2515807";"IBGE"
"PB";"SERRARIA";"2515906";"IBGE"
"PB";"SERTÃOZINHO";"2515930";"IBGE"
"PB";"SOBRADO";"2515971";"IBGE"
"PB";"SOLÂNEA";"2516003";"IBGE"
"PB";"SOLEDADE";"2516102";"IBGE"
"PB";"SOSSÊGO";"2516151";"IBGE"
"PB";"SOUSA";"2516201";"IBGE"
"PB";"SUMÉ";"2516300";"IBGE"
"PB";"TACIMA";"2516409";"IBGE"
"PB";"TAPEROÁ";"2516508";"IBGE"
"PB";"TAVARES";"2516607";"IBGE"
"PB";"TEIXEIRA";"2516706";"IBGE"
"PB";"TENÓRIO";"2516755";"IBGE"
"PB";"TRIUNFO";"2516805";"IBGE"
"PB";"UIRAÚNA";"2516904";"IBGE"
"PB";"UMBUZEIRO";"2517001";"IBGE"
"PB";"VÁRZEA";"2517100";"IBGE"
"PB";"VIEIRÓPOLIS";"2517209";"IBGE"
"PB";"VISTA SERRANA";"2505501";"IBGE"
"PB";"ZABELÊ";"2517407";"IBGE"
"PE";"ABREU E LIMA";"2600054";"IBGE"
"PE";"AFOGADOS DA INGAZEIRA";"2600104";"IBGE"
"PE";"AFRÂNIO";"2600203";"IBGE"
"PE";"AGRESTINA";"2600302";"IBGE"
"PE";"ÁGUA PRETA";"2600401";"IBGE"
"PE";"ÁGUAS BELAS";"2600500";"IBGE"
"PE";"ALAGOINHA";"2600609";"IBGE"
"PE";"ALIANÇA";"2600708";"IBGE"
"PE";"ALTINHO";"2600807";"IBGE"
"PE";"AMARAJI";"2600906";"IBGE"
"PE";"ANGELIM";"2601003";"IBGE"
"PE";"ARAÇOIABA";"2601052";"IBGE"
"PE";"ARARIPINA";"2601102";"IBGE"
"PE";"ARCOVERDE";"2601201";"IBGE"
"PE";"BARRA DE GUABIRABA";"2601300";"IBGE"
"PE";"BARREIROS";"2601409";"IBGE"
"PE";"BELÉM DE MARIA";"2601508";"IBGE"
"PE";"BELÉM DO SÃO FRANCISCO";"2601607";"IBGE"
"PE";"BELO JARDIM";"2601706";"IBGE"
"PE";"BETÂNIA";"2601805";"IBGE"
"PE";"BEZERROS";"2601904";"IBGE"
"PE";"BODOCÓ";"2602001";"IBGE"
"PE";"BOM CONSELHO";"2602100";"IBGE"
"PE";"BOM JARDIM";"2602209";"IBGE"
"PE";"BONITO";"2602308";"IBGE"
"PE";"BREJÃO";"2602407";"IBGE"
"PE";"BREJINHO";"2602506";"IBGE"
"PE";"BREJO DA MADRE DE DEUS";"2602605";"IBGE"
"PE";"BUENOS AIRES";"2602704";"IBGE"
"PE";"BUÍQUE";"2602803";"IBGE"
"PE";"CABO DE SANTO AGOSTINHO";"2602902";"IBGE"
"PE";"CABROBÓ";"2603009";"IBGE"
"PE";"CACHOEIRINHA";"2603108";"IBGE"
"PE";"CAETÉS";"2603207";"IBGE"
"PE";"CALÇADO";"2603306";"IBGE"
"PE";"CALUMBI";"2603405";"IBGE"
"PE";"CAMARAGIBE";"2603454";"IBGE"
"PE";"CAMOCIM DE SÃO FÉLIX";"2603504";"IBGE"
"PE";"CAMUTANGA";"2603603";"IBGE"
"PE";"CANHOTINHO";"2603702";"IBGE"
"PE";"CAPOEIRAS";"2603801";"IBGE"
"PE";"CARNAÍBA";"2603900";"IBGE"
"PE";"CARNAUBEIRA DA PENHA";"2603926";"IBGE"
"PE";"CARPINA";"2604007";"IBGE"
"PE";"CARUARU";"2604106";"IBGE"
"PE";"CASINHAS";"2604155";"IBGE"
"PE";"CATENDE";"2604205";"IBGE"
"PE";"CEDRO";"2604304";"IBGE"
"PE";"CHÃ DE ALEGRIA";"2604403";"IBGE"
"PE";"CHÃ GRANDE";"2604502";"IBGE"
"PE";"CONDADO";"2604601";"IBGE"
"PE";"CORRENTES";"2604700";"IBGE"
"PE";"CORTÊS";"2604809";"IBGE"
"PE";"CUMARU";"2604908";"IBGE"
"PE";"CUPIRA";"2605004";"IBGE"
"PE";"CUSTÓDIA";"2605103";"IBGE"
"PE";"DORMENTES";"2605152";"IBGE"
"PE";"ESCADA";"2605202";"IBGE"
"PE";"EXU";"2605301";"IBGE"
"PE";"FEIRA NOVA";"2605400";"IBGE"
"PE";"FERNANDO DE NORONHA";"2605459";"IBGE"
"PE";"FERREIROS";"2605509";"IBGE"
"PE";"FLORES";"2605608";"IBGE"
"PE";"FLORESTA";"2605707";"IBGE"
"PE";"FREI MIGUELINHO";"2605806";"IBGE"
"PE";"GAMELEIRA";"2605905";"IBGE"
"PE";"GARANHUNS";"2606002";"IBGE"
"PE";"GLÓRIA DO GOITÁ";"2606101";"IBGE"
"PE";"GOIANA";"2606200";"IBGE"
"PE";"GRANITO";"2606309";"IBGE"
"PE";"GRAVATÁ";"2606408";"IBGE"
"PE";"IATI";"2606507";"IBGE"
"PE";"IBIMIRIM";"2606606";"IBGE"
"PE";"IBIRAJUBA";"2606705";"IBGE"
"PE";"IGARASSU";"2606804";"IBGE"
"PE";"IGUARACY";"2606903";"IBGE"
"PE";"ILHA DE ITAMARACÁ";"2607604";"IBGE"
"PE";"INAJÁ";"2607000";"IBGE"
"PE";"INGAZEIRA";"2607109";"IBGE"
"PE";"IPOJUCA";"2607208";"IBGE"
"PE";"IPUBI";"2607307";"IBGE"
"PE";"ITACURUBA";"2607406";"IBGE"
"PE";"ITAÍBA";"2607505";"IBGE"
"PE";"ITAMBÉ";"2607653";"IBGE"
"PE";"ITAPETIM";"2607703";"IBGE"
"PE";"ITAPISSUMA";"2607752";"IBGE"
"PE";"ITAQUITINGA";"2607802";"IBGE"
"PE";"JABOATÃO DOS GUARARAPES";"2607901";"IBGE"
"PE";"JAQUEIRA";"2607950";"IBGE"
"PE";"JATAÚBA";"2608008";"IBGE"
"PE";"JATOBÁ";"2608057";"IBGE"
"PE";"JOÃO ALFREDO";"2608107";"IBGE"
"PE";"JOAQUIM NABUCO";"2608206";"IBGE"
"PE";"JUCATI";"2608255";"IBGE"
"PE";"JUPI";"2608305";"IBGE"
"PE";"JUREMA";"2608404";"IBGE"
"PE";"LAGOA DE ITAENGA";"2608503";"IBGE"
"PE";"LAGOA DO CARRO";"2608453";"IBGE"
"PE";"LAGOA DO OURO";"2608602";"IBGE"
"PE";"LAGOA DOS GATOS";"2608701";"IBGE"
"PE";"LAGOA GRANDE";"2608750";"IBGE"
"PE";"LAJEDO";"2608800";"IBGE"
"PE";"LIMOEIRO";"2608909";"IBGE"
"PE";"MACAPARANA";"2609006";"IBGE"
"PE";"MACHADOS";"2609105";"IBGE"
"PE";"MANARI";"2609154";"IBGE"
"PE";"MARAIAL";"2609204";"IBGE"
"PE";"MIRANDIBA";"2609303";"IBGE"
"PE";"MOREILÂNDIA";"2614303";"IBGE"
"PE";"MORENO";"2609402";"IBGE"
"PE";"NAZARÉ DA MATA";"2609501";"IBGE"
"PE";"OLINDA";"2609600";"IBGE"
"PE";"OROBÓ";"2609709";"IBGE"
"PE";"OROCÓ";"2609808";"IBGE"
"PE";"OURICURI";"2609907";"IBGE"
"PE";"PALMARES";"2610004";"IBGE"
"PE";"PALMEIRINA";"2610103";"IBGE"
"PE";"PANELAS";"2610202";"IBGE"
"PE";"PARANATAMA";"2610301";"IBGE"
"PE";"PARNAMIRIM";"2610400";"IBGE"
"PE";"PASSIRA";"2610509";"IBGE"
"PE";"PAUDALHO";"2610608";"IBGE"
"PE";"PAULISTA";"2610707";"IBGE"
"PE";"PEDRA";"2610806";"IBGE"
"PE";"PESQUEIRA";"2610905";"IBGE"
"PE";"PETROLÂNDIA";"2611002";"IBGE"
"PE";"PETROLINA";"2611101";"IBGE"
"PE";"POÇÃO";"2611200";"IBGE"
"PE";"POMBOS";"2611309";"IBGE"
"PE";"PRIMAVERA";"2611408";"IBGE"
"PE";"QUIPAPÁ";"2611507";"IBGE"
"PE";"QUIXABA";"2611533";"IBGE"
"PE";"RECIFE";"2611606";"IBGE"
"PE";"RIACHO DAS ALMAS";"2611705";"IBGE"
"PE";"RIBEIRÃO";"2611804";"IBGE"
"PE";"RIO FORMOSO";"2611903";"IBGE"
"PE";"SAIRÉ";"2612000";"IBGE"
"PE";"SALGADINHO";"2612109";"IBGE"
"PE";"SALGUEIRO";"2612208";"IBGE"
"PE";"SALOÁ";"2612307";"IBGE"
"PE";"SANHARÓ";"2612406";"IBGE"
"PE";"SANTA CRUZ";"2612455";"IBGE"
"PE";"SANTA CRUZ DA BAIXA VERDE";"2612471";"IBGE"
"PE";"SANTA CRUZ DO CAPIBARIBE";"2612505";"IBGE"
"PE";"SANTA FILOMENA";"2612554";"IBGE"
"PE";"SANTA MARIA DA BOA VISTA";"2612604";"IBGE"
"PE";"SANTA MARIA DO CAMBUCÁ";"2612703";"IBGE"
"PE";"SANTA TEREZINHA";"2612802";"IBGE"
"PE";"SÃO BENEDITO DO SUL";"2612901";"IBGE"
"PE";"SÃO BENTO DO UNA";"2613008";"IBGE"
"PE";"SÃO CAITANO";"2613107";"IBGE"
"PE";"SÃO JOÃO";"2613206";"IBGE"
"PE";"SÃO JOAQUIM DO MONTE";"2613305";"IBGE"
"PE";"SÃO JOSÉ DA COROA GRANDE";"2613404";"IBGE"
"PE";"SÃO JOSÉ DO BELMONTE";"2613503";"IBGE"
"PE";"SÃO JOSÉ DO EGITO";"2613602";"IBGE"
"PE";"SÃO LOURENÇO DA MATA";"2613701";"IBGE"
"PE";"SÃO VICENTE FÉRRER";"2613800";"IBGE"
"PE";"SERRA TALHADA";"2613909";"IBGE"
"PE";"SERRITA";"2614006";"IBGE"
"PE";"SERTÂNIA";"2614105";"IBGE"
"PE";"SIRINHAÉM";"2614204";"IBGE"
"PE";"SOLIDÃO";"2614402";"IBGE"
"PE";"SURUBIM";"2614501";"IBGE"
"PE";"TABIRA";"2614600";"IBGE"
"PE";"TACAIMBÓ";"2614709";"IBGE"
"PE";"TACARATU";"2614808";"IBGE"
"PE";"TAMANDARÉ";"2614857";"IBGE"
"PE";"TAQUARITINGA DO NORTE";"2615003";"IBGE"
"PE";"TEREZINHA";"2615102";"IBGE"
"PE";"TERRA NOVA";"2615201";"IBGE"
"PE";"TIMBAÚBA";"2615300";"IBGE"
"PE";"TORITAMA";"2615409";"IBGE"
"PE";"TRACUNHAÉM";"2615508";"IBGE"
"PE";"TRINDADE";"2615607";"IBGE"
"PE";"TRIUNFO";"2615706";"IBGE"
"PE";"TUPANATINGA";"2615805";"IBGE"
"PE";"TUPARETAMA";"2615904";"IBGE"
"PE";"VENTUROSA";"2616001";"IBGE"
"PE";"VERDEJANTE";"2616100";"IBGE"
"PE";"VERTENTE DO LÉRIO";"2616183";"IBGE"
"PE";"VERTENTES";"2616209";"IBGE"
"PE";"VICÊNCIA";"2616308";"IBGE"
"PE";"VITÓRIA DE SANTO ANTÃO";"2616407";"IBGE"
"PE";"XEXÉU";"2616506";"IBGE"
"PI";"ACAUÃ";"2200053";"IBGE"
"PI";"AGRICOLÂNDIA";"2200103";"IBGE"
"PI";"ÁGUA BRANCA";"2200202";"IBGE"
"PI";"ALAGOINHA DO PIAUÍ";"2200251";"IBGE"
"PI";"ALEGRETE DO PIAUÍ";"2200277";"IBGE"
"PI";"ALTO LONGÁ";"2200301";"IBGE"
"PI";"ALTOS";"2200400";"IBGE"
"PI";"ALVORADA DO GURGUÉIA";"2200459";"IBGE"
"PI";"AMARANTE";"2200509";"IBGE"
"PI";"ANGICAL DO PIAUÍ";"2200608";"IBGE"
"PI";"ANÍSIO DE ABREU";"2200707";"IBGE"
"PI";"ANTÔNIO ALMEIDA";"2200806";"IBGE"
"PI";"AROAZES";"2200905";"IBGE"
"PI";"AROEIRAS DO ITAIM";"2200954";"IBGE"
"PI";"ARRAIAL";"2201002";"IBGE"
"PI";"ASSUNÇÃO DO PIAUÍ";"2201051";"IBGE"
"PI";"AVELINO LOPES";"2201101";"IBGE"
"PI";"BAIXA GRANDE DO RIBEIRO";"2201150";"IBGE"
"PI";"BARRA D ALCÂNTARA";"2201176";"IBGE"
"PI";"BARRAS";"2201200";"IBGE"
"PI";"BARREIRAS DO PIAUÍ";"2201309";"IBGE"
"PI";"BARRO DURO";"2201408";"IBGE"
"PI";"BATALHA";"2201507";"IBGE"
"PI";"BELA VISTA DO PIAUÍ";"2201556";"IBGE"
"PI";"BELÉM DO PIAUÍ";"2201572";"IBGE"
"PI";"BENEDITINOS";"2201606";"IBGE"
"PI";"BERTOLÍNIA";"2201705";"IBGE"
"PI";"BETÂNIA DO PIAUÍ";"2201739";"IBGE"
"PI";"BOA HORA";"2201770";"IBGE"
"PI";"BOCAINA";"2201804";"IBGE"
"PI";"BOM JESUS";"2201903";"IBGE"
"PI";"BOM PRINCÍPIO DO PIAUÍ";"2201919";"IBGE"
"PI";"BONFIM DO PIAUÍ";"2201929";"IBGE"
"PI";"BOQUEIRÃO DO PIAUÍ";"2201945";"IBGE"
"PI";"BRASILEIRA";"2201960";"IBGE"
"PI";"BREJO DO PIAUÍ";"2201988";"IBGE"
"PI";"BURITI DOS LOPES";"2202000";"IBGE"
"PI";"BURITI DOS MONTES";"2202026";"IBGE"
"PI";"CABECEIRAS DO PIAUÍ";"2202059";"IBGE"
"PI";"CAJAZEIRAS DO PIAUÍ";"2202075";"IBGE"
"PI";"CAJUEIRO DA PRAIA";"2202083";"IBGE"
"PI";"CALDEIRÃO GRANDE DO PIAUÍ";"2202091";"IBGE"
"PI";"CAMPINAS DO PIAUÍ";"2202109";"IBGE"
"PI";"CAMPO ALEGRE DO FIDALGO";"2202117";"IBGE"
"PI";"CAMPO GRANDE DO PIAUÍ";"2202133";"IBGE"
"PI";"CAMPO LARGO DO PIAUÍ";"2202174";"IBGE"
"PI";"CAMPO MAIOR";"2202208";"IBGE"
"PI";"CANAVIEIRA";"2202251";"IBGE"
"PI";"CANTO DO BURITI";"2202307";"IBGE"
"PI";"CAPITÃO DE CAMPOS";"2202406";"IBGE"
"PI";"CAPITÃO GERVÁSIO OLIVEIRA";"2202455";"IBGE"
"PI";"CARACOL";"2202505";"IBGE"
"PI";"CARAÚBAS DO PIAUÍ";"2202539";"IBGE"
"PI";"CARIDADE DO PIAUÍ";"2202554";"IBGE"
"PI";"CASTELO DO PIAUÍ";"2202604";"IBGE"
"PI";"CAXINGÓ";"2202653";"IBGE"
"PI";"COCAL";"2202703";"IBGE"
"PI";"COCAL DE TELHA";"2202711";"IBGE"
"PI";"COCAL DOS ALVES";"2202729";"IBGE"
"PI";"COIVARAS";"2202737";"IBGE"
"PI";"COLÔNIA DO GURGUÉIA";"2202752";"IBGE"
"PI";"COLÔNIA DO PIAUÍ";"2202778";"IBGE"
"PI";"CONCEIÇÃO DO CANINDÉ";"2202802";"IBGE"
"PI";"CORONEL JOSÉ DIAS";"2202851";"IBGE"
"PI";"CORRENTE";"2202901";"IBGE"
"PI";"CRISTALÂNDIA DO PIAUÍ";"2203008";"IBGE"
"PI";"CRISTINO CASTRO";"2203107";"IBGE"
"PI";"CURIMATÁ";"2203206";"IBGE"
"PI";"CURRAIS";"2203230";"IBGE"
"PI";"CURRAL NOVO DO PIAUÍ";"2203271";"IBGE"
"PI";"CURRALINHOS";"2203255";"IBGE"
"PI";"DEMERVAL LOBÃO";"2203305";"IBGE"
"PI";"DIRCEU ARCOVERDE";"2203354";"IBGE"
"PI";"DOM EXPEDITO LOPES";"2203404";"IBGE"
"PI";"DOM INOCÊNCIO";"2203453";"IBGE"
"PI";"DOMINGOS MOURÃO";"2203420";"IBGE"
"PI";"ELESBÃO VELOSO";"2203503";"IBGE"
"PI";"ELISEU MARTINS";"2203602";"IBGE"
"PI";"ESPERANTINA";"2203701";"IBGE"
"PI";"FARTURA DO PIAUÍ";"2203750";"IBGE"
"PI";"FLORES DO PIAUÍ";"2203800";"IBGE"
"PI";"FLORESTA DO PIAUÍ";"2203859";"IBGE"
"PI";"FLORIANO";"2203909";"IBGE"
"PI";"FRANCINÓPOLIS";"2204006";"IBGE"
"PI";"FRANCISCO AYRES";"2204105";"IBGE"
"PI";"FRANCISCO MACEDO";"2204154";"IBGE"
"PI";"FRANCISCO SANTOS";"2204204";"IBGE"
"PI";"FRONTEIRAS";"2204303";"IBGE"
"PI";"GEMINIANO";"2204352";"IBGE"
"PI";"GILBUÉS";"2204402";"IBGE"
"PI";"GUADALUPE";"2204501";"IBGE"
"PI";"GUARIBAS";"2204550";"IBGE"
"PI";"HUGO NAPOLEÃO";"2204600";"IBGE"
"PI";"ILHA GRANDE";"2204659";"IBGE"
"PI";"INHUMA";"2204709";"IBGE"
"PI";"IPIRANGA DO PIAUÍ";"2204808";"IBGE"
"PI";"ISAÍAS COELHO";"2204907";"IBGE"
"PI";"ITAINÓPOLIS";"2205003";"IBGE"
"PI";"ITAUEIRA";"2205102";"IBGE"
"PI";"JACOBINA DO PIAUÍ";"2205151";"IBGE"
"PI";"JAICÓS";"2205201";"IBGE"
"PI";"JARDIM DO MULATO";"2205250";"IBGE"
"PI";"JATOBÁ DO PIAUÍ";"2205276";"IBGE"
"PI";"JERUMENHA";"2205300";"IBGE"
"PI";"JOÃO COSTA";"2205359";"IBGE"
"PI";"JOAQUIM PIRES";"2205409";"IBGE"
"PI";"JOCA MARQUES";"2205458";"IBGE"
"PI";"JOSÉ DE FREITAS";"2205508";"IBGE"
"PI";"JUAZEIRO DO PIAUÍ";"2205516";"IBGE"
"PI";"JÚLIO BORGES";"2205524";"IBGE"
"PI";"JUREMA";"2205532";"IBGE"
"PI";"LAGOA ALEGRE";"2205557";"IBGE"
"PI";"LAGOA DE SÃO FRANCISCO";"2205573";"IBGE"
"PI";"LAGOA DO BARRO DO PIAUÍ";"2205565";"IBGE"
"PI";"LAGOA DO PIAUÍ";"2205581";"IBGE"
"PI";"LAGOA DO SÍTIO";"2205599";"IBGE"
"PI";"LAGOINHA DO PIAUÍ";"2205540";"IBGE"
"PI";"LANDRI SALES";"2205607";"IBGE"
"PI";"LUÍS CORREIA";"2205706";"IBGE"
"PI";"LUZILÂNDIA";"2205805";"IBGE"
"PI";"MADEIRO";"2205854";"IBGE"
"PI";"MANOEL EMÍDIO";"2205904";"IBGE"
"PI";"MARCOLÂNDIA";"2205953";"IBGE"
"PI";"MARCOS PARENTE";"2206001";"IBGE"
"PI";"MASSAPÊ DO PIAUÍ";"2206050";"IBGE"
"PI";"MATIAS OLÍMPIO";"2206100";"IBGE"
"PI";"MIGUEL ALVES";"2206209";"IBGE"
"PI";"MIGUEL LEÃO";"2206308";"IBGE"
"PI";"MILTON BRANDÃO";"2206357";"IBGE"
"PI";"MONSENHOR GIL";"2206407";"IBGE"
"PI";"MONSENHOR HIPÓLITO";"2206506";"IBGE"
"PI";"MONTE ALEGRE DO PIAUÍ";"2206605";"IBGE"
"PI";"MORRO CABEÇA NO TEMPO";"2206654";"IBGE"
"PI";"MORRO DO CHAPÉU DO PIAUÍ";"2206670";"IBGE"
"PI";"MURICI DOS PORTELAS";"2206696";"IBGE"
"PI";"NAZARÉ DO PIAUÍ";"2206704";"IBGE"
"PI";"NAZÁRIA";"2206720";"IBGE"
"PI";"NOSSA SENHORA DE NAZARÉ";"2206753";"IBGE"
"PI";"NOSSA SENHORA DOS REMÉDIOS";"2206803";"IBGE"
"PI";"NOVA SANTA RITA";"2207959";"IBGE"
"PI";"NOVO ORIENTE DO PIAUÍ";"2206902";"IBGE"
"PI";"NOVO SANTO ANTÔNIO";"2206951";"IBGE"
"PI";"OEIRAS";"2207009";"IBGE"
"PI";"OLHO D ÁGUA DO PIAUÍ";"2207108";"IBGE"
"PI";"PADRE MARCOS";"2207207";"IBGE"
"PI";"PAES LANDIM";"2207306";"IBGE"
"PI";"PAJEÚ DO PIAUÍ";"2207355";"IBGE"
"PI";"PALMEIRA DO PIAUÍ";"2207405";"IBGE"
"PI";"PALMEIRAIS";"2207504";"IBGE"
"PI";"PAQUETÁ";"2207553";"IBGE"
"PI";"PARNAGUÁ";"2207603";"IBGE"
"PI";"PARNAÍBA";"2207702";"IBGE"
"PI";"PASSAGEM FRANCA DO PIAUÍ";"2207751";"IBGE"
"PI";"PATOS DO PIAUÍ";"2207777";"IBGE"
"PI";"PAU D ARCO DO PIAUÍ";"2207793";"IBGE"
"PI";"PAULISTANA";"2207801";"IBGE"
"PI";"PAVUSSU";"2207850";"IBGE"
"PI";"PEDRO II";"2207900";"IBGE"
"PI";"PEDRO LAURENTINO";"2207934";"IBGE"
"PI";"PICOS";"2208007";"IBGE"
"PI";"PIMENTEIRAS";"2208106";"IBGE"
"PI";"PIO IX";"2208205";"IBGE"
"PI";"PIRACURUCA";"2208304";"IBGE"
"PI";"PIRIPIRI";"2208403";"IBGE"
"PI";"PORTO";"2208502";"IBGE"
"PI";"PORTO ALEGRE DO PIAUÍ";"2208551";"IBGE"
"PI";"PRATA DO PIAUÍ";"2208601";"IBGE"
"PI";"QUEIMADA NOVA";"2208650";"IBGE"
"PI";"REDENÇÃO DO GURGUÉIA";"2208700";"IBGE"
"PI";"REGENERAÇÃO";"2208809";"IBGE"
"PI";"RIACHO FRIO";"2208858";"IBGE"
"PI";"RIBEIRA DO PIAUÍ";"2208874";"IBGE"
"PI";"RIBEIRO GONÇALVES";"2208908";"IBGE"
"PI";"RIO GRANDE DO PIAUÍ";"2209005";"IBGE"
"PI";"SANTA CRUZ DO PIAUÍ";"2209104";"IBGE"
"PI";"SANTA CRUZ DOS MILAGRES";"2209153";"IBGE"
"PI";"SANTA FILOMENA";"2209203";"IBGE"
"PI";"SANTA LUZ";"2209302";"IBGE"
"PI";"SANTA ROSA DO PIAUÍ";"2209377";"IBGE"
"PI";"SANTANA DO PIAUÍ";"2209351";"IBGE"
"PI";"SANTO ANTÔNIO DE LISBOA";"2209401";"IBGE"
"PI";"SANTO ANTÔNIO DOS MILAGRES";"2209450";"IBGE"
"PI";"SANTO INÁCIO DO PIAUÍ";"2209500";"IBGE"
"PI";"SÃO BRAZ DO PIAUÍ";"2209559";"IBGE"
"PI";"SÃO FÉLIX DO PIAUÍ";"2209609";"IBGE"
"PI";"SÃO FRANCISCO DE ASSIS DO PIAUÍ";"2209658";"IBGE"
"PI";"SÃO FRANCISCO DO PIAUÍ";"2209708";"IBGE"
"PI";"SÃO GONÇALO DO GURGUÉIA";"2209757";"IBGE"
"PI";"SÃO GONÇALO DO PIAUÍ";"2209807";"IBGE"
"PI";"SÃO JOÃO DA CANABRAVA";"2209856";"IBGE"
"PI";"SÃO JOÃO DA FRONTEIRA";"2209872";"IBGE"
"PI";"SÃO JOÃO DA SERRA";"2209906";"IBGE"
"PI";"SÃO JOÃO DA VARJOTA";"2209955";"IBGE"
"PI";"SÃO JOÃO DO ARRAIAL";"2209971";"IBGE"
"PI";"SÃO JOÃO DO PIAUÍ";"2210003";"IBGE"
"PI";"SÃO JOSÉ DO DIVINO";"2210052";"IBGE"
"PI";"SÃO JOSÉ DO PEIXE";"2210102";"IBGE"
"PI";"SÃO JOSÉ DO PIAUÍ";"2210201";"IBGE"
"PI";"SÃO JULIÃO";"2210300";"IBGE"
"PI";"SÃO LOURENÇO DO PIAUÍ";"2210359";"IBGE"
"PI";"SÃO LUIS DO PIAUÍ";"2210375";"IBGE"
"PI";"SÃO MIGUEL DA BAIXA GRANDE";"2210383";"IBGE"
"PI";"SÃO MIGUEL DO FIDALGO";"2210391";"IBGE"
"PI";"SÃO MIGUEL DO TAPUIO";"2210409";"IBGE"
"PI";"SÃO PEDRO DO PIAUÍ";"2210508";"IBGE"
"PI";"SÃO RAIMUNDO NONATO";"2210607";"IBGE"
"PI";"SEBASTIÃO BARROS";"2210623";"IBGE"
"PI";"SEBASTIÃO LEAL";"2210631";"IBGE"
"PI";"SIGEFREDO PACHECO";"2210656";"IBGE"
"PI";"SIMÕES";"2210706";"IBGE"
"PI";"SIMPLÍCIO MENDES";"2210805";"IBGE"
"PI";"SOCORRO DO PIAUÍ";"2210904";"IBGE"
"PI";"SUSSUAPARA";"2210938";"IBGE"
"PI";"TAMBORIL DO PIAUÍ";"2210953";"IBGE"
"PI";"TANQUE DO PIAUÍ";"2210979";"IBGE"
"PI";"TERESINA";"2211001";"IBGE"
"PI";"UNIÃO";"2211100";"IBGE"
"PI";"URUÇUÍ";"2211209";"IBGE"
"PI";"VALENÇA DO PIAUÍ";"2211308";"IBGE"
"PI";"VÁRZEA BRANCA";"2211357";"IBGE"
"PI";"VÁRZEA GRANDE";"2211407";"IBGE"
"PI";"VERA MENDES";"2211506";"IBGE"
"PI";"VILA NOVA DO PIAUÍ";"2211605";"IBGE"
"PI";"WALL FERRAZ";"2211704";"IBGE"
"PR";"ABATIÁ";"4100103";"IBGE"
"PR";"ADRIANÓPOLIS";"4100202";"IBGE"
"PR";"AGUDOS DO SUL";"4100301";"IBGE"
"PR";"ALMIRANTE TAMANDARÉ";"4100400";"IBGE"
"PR";"ALTAMIRA DO PARANÁ";"4100459";"IBGE"
"PR";"ALTO PARAÍSO";"4128625";"IBGE"
"PR";"ALTO PARANÁ";"4100608";"IBGE"
"PR";"ALTO PIQUIRI";"4100707";"IBGE"
"PR";"ALTÔNIA";"4100509";"IBGE"
"PR";"ALVORADA DO SUL";"4100806";"IBGE"
"PR";"AMAPORÃ";"4100905";"IBGE"
"PR";"AMPÉRE";"4101002";"IBGE"
"PR";"ANAHY";"4101051";"IBGE"
"PR";"ANDIRÁ";"4101101";"IBGE"
"PR";"ÂNGULO";"4101150";"IBGE"
"PR";"ANTONINA";"4101200";"IBGE"
"PR";"ANTÔNIO OLINTO";"4101309";"IBGE"
"PR";"APUCARANA";"4101408";"IBGE"
"PR";"ARAPONGAS";"4101507";"IBGE"
"PR";"ARAPOTI";"4101606";"IBGE"
"PR";"ARAPUÃ";"4101655";"IBGE"
"PR";"ARARUNA";"4101705";"IBGE"
"PR";"ARAUCÁRIA";"4101804";"IBGE"
"PR";"ARIRANHA DO IVAÍ";"4101853";"IBGE"
"PR";"ASSAÍ";"4101903";"IBGE"
"PR";"ASSIS CHATEAUBRIAND";"4102000";"IBGE"
"PR";"ASTORGA";"4102109";"IBGE"
"PR";"ATALAIA";"4102208";"IBGE"
"PR";"BALSA NOVA";"4102307";"IBGE"
"PR";"BANDEIRANTES";"4102406";"IBGE"
"PR";"BARBOSA FERRAZ";"4102505";"IBGE"
"PR";"BARRA DO JACARÉ";"4102703";"IBGE"
"PR";"BARRACÃO";"4102604";"IBGE"
"PR";"BELA VISTA DA CAROBA";"4102752";"IBGE"
"PR";"BELA VISTA DO PARAÍSO";"4102802";"IBGE"
"PR";"BITURUNA";"4102901";"IBGE"
"PR";"BOA ESPERANÇA";"4103008";"IBGE"
"PR";"BOA ESPERANÇA DO IGUAÇU";"4103024";"IBGE"
"PR";"BOA VENTURA DE SÃO ROQUE";"4103040";"IBGE"
"PR";"BOA VISTA DA APARECIDA";"4103057";"IBGE"
"PR";"BOCAIÚVA DO SUL";"4103107";"IBGE"
"PR";"BOM JESUS DO SUL";"4103156";"IBGE"
"PR";"BOM SUCESSO";"4103206";"IBGE"
"PR";"BOM SUCESSO DO SUL";"4103222";"IBGE"
"PR";"BORRAZÓPOLIS";"4103305";"IBGE"
"PR";"BRAGANEY";"4103354";"IBGE"
"PR";"BRASILÂNDIA DO SUL";"4103370";"IBGE"
"PR";"CAFEARA";"4103404";"IBGE"
"PR";"CAFELÂNDIA";"4103453";"IBGE"
"PR";"CAFEZAL DO SUL";"4103479";"IBGE"
"PR";"CALIFÓRNIA";"4103503";"IBGE"
"PR";"CAMBARÁ";"4103602";"IBGE"
"PR";"CAMBÉ";"4103701";"IBGE"
"PR";"CAMBIRA";"4103800";"IBGE"
"PR";"CAMPINA DA LAGOA";"4103909";"IBGE"
"PR";"CAMPINA DO SIMÃO";"4103958";"IBGE"
"PR";"CAMPINA GRANDE DO SUL";"4104006";"IBGE"
"PR";"CAMPO BONITO";"4104055";"IBGE"
"PR";"CAMPO DO TENENTE";"4104105";"IBGE"
"PR";"CAMPO LARGO";"4104204";"IBGE"
"PR";"CAMPO MAGRO";"4104253";"IBGE"
"PR";"CAMPO MOURÃO";"4104303";"IBGE"
"PR";"CÂNDIDO DE ABREU";"4104402";"IBGE"
"PR";"CANDÓI";"4104428";"IBGE"
"PR";"CANTAGALO";"4104451";"IBGE"
"PR";"CAPANEMA";"4104501";"IBGE"
"PR";"CAPITÃO LEÔNIDAS MARQUES";"4104600";"IBGE"
"PR";"CARAMBEÍ";"4104659";"IBGE"
"PR";"CARLÓPOLIS";"4104709";"IBGE"
"PR";"CASCAVEL";"4104808";"IBGE"
"PR";"CASTRO";"4104907";"IBGE"
"PR";"CATANDUVAS";"4105003";"IBGE"
"PR";"CENTENÁRIO DO SUL";"4105102";"IBGE"
"PR";"CERRO AZUL";"4105201";"IBGE"
"PR";"CÉU AZUL";"4105300";"IBGE"
"PR";"CHOPINZINHO";"4105409";"IBGE"
"PR";"CIANORTE";"4105508";"IBGE"
"PR";"CIDADE GAÚCHA";"4105607";"IBGE"
"PR";"CLEVELÂNDIA";"4105706";"IBGE"
"PR";"COLOMBO";"4105805";"IBGE"
"PR";"COLORADO";"4105904";"IBGE"
"PR";"CONGONHINHAS";"4106001";"IBGE"
"PR";"CONSELHEIRO MAIRINCK";"4106100";"IBGE"
"PR";"CONTENDA";"4106209";"IBGE"
"PR";"CORBÉLIA";"4106308";"IBGE"
"PR";"CORNÉLIO PROCÓPIO";"4106407";"IBGE"
"PR";"CORONEL DOMINGOS SOARES";"4106456";"IBGE"
"PR";"CORONEL VIVIDA";"4106506";"IBGE"
"PR";"CORUMBATAÍ DO SUL";"4106555";"IBGE"
"PR";"CRUZ MACHADO";"4106803";"IBGE"
"PR";"CRUZEIRO DO IGUAÇU";"4106571";"IBGE"
"PR";"CRUZEIRO DO OESTE";"4106605";"IBGE"
"PR";"CRUZEIRO DO SUL";"4106704";"IBGE"
"PR";"CRUZMALTINA";"4106852";"IBGE"
"PR";"CURITIBA";"4106902";"IBGE"
"PR";"CURIÚVA";"4107009";"IBGE"
"PR";"DIAMANTE D OESTE";"4107157";"IBGE"
"PR";"DIAMANTE DO NORTE";"4107108";"IBGE"
"PR";"DIAMANTE DO SUL";"4107124";"IBGE"
"PR";"DOIS VIZINHOS";"4107207";"IBGE"
"PR";"DOURADINA";"4107256";"IBGE"
"PR";"DOUTOR CAMARGO";"4107306";"IBGE"
"PR";"DOUTOR ULYSSES";"4128633";"IBGE"
"PR";"ENÉAS MARQUES";"4107405";"IBGE"
"PR";"ENGENHEIRO BELTRÃO";"4107504";"IBGE"
"PR";"ENTRE RIOS DO OESTE";"4107538";"IBGE"
"PR";"ESPERANÇA NOVA";"4107520";"IBGE"
"PR";"ESPIGÃO ALTO DO IGUAÇU";"4107546";"IBGE"
"PR";"FAROL";"4107553";"IBGE"
"PR";"FAXINAL";"4107603";"IBGE"
"PR";"FAZENDA RIO GRANDE";"4107652";"IBGE"
"PR";"FÊNIX";"4107702";"IBGE"
"PR";"FERNANDES PINHEIRO";"4107736";"IBGE"
"PR";"FIGUEIRA";"4107751";"IBGE"
"PR";"FLOR DA SERRA DO SUL";"4107850";"IBGE"
"PR";"FLORAÍ";"4107801";"IBGE"
"PR";"FLORESTA";"4107900";"IBGE"
"PR";"FLORESTÓPOLIS";"4108007";"IBGE"
"PR";"FLÓRIDA";"4108106";"IBGE"
"PR";"FORMOSA DO OESTE";"4108205";"IBGE"
"PR";"FOZ DO IGUAÇU";"4108304";"IBGE"
"PR";"FOZ DO JORDÃO";"4108452";"IBGE"
"PR";"FRANCISCO ALVES";"4108320";"IBGE"
"PR";"FRANCISCO BELTRÃO";"4108403";"IBGE"
"PR";"GENERAL CARNEIRO";"4108502";"IBGE"
"PR";"GODOY MOREIRA";"4108551";"IBGE"
"PR";"GOIOERÊ";"4108601";"IBGE"
"PR";"GOIOXIM";"4108650";"IBGE"
"PR";"GRANDES RIOS";"4108700";"IBGE"
"PR";"GUAÍRA";"4108809";"IBGE"
"PR";"GUAIRAÇÁ";"4108908";"IBGE"
"PR";"GUAMIRANGA";"4108957";"IBGE"
"PR";"GUAPIRAMA";"4109005";"IBGE"
"PR";"GUAPOREMA";"4109104";"IBGE"
"PR";"GUARACI";"4109203";"IBGE"
"PR";"GUARANIAÇU";"4109302";"IBGE"
"PR";"GUARAPUAVA";"4109401";"IBGE"
"PR";"GUARAQUEÇABA";"4109500";"IBGE"
"PR";"GUARATUBA";"4109609";"IBGE"
"PR";"HONÓRIO SERPA";"4109658";"IBGE"
"PR";"IBAITI";"4109708";"IBGE"
"PR";"IBEMA";"4109757";"IBGE"
"PR";"IBIPORÃ";"4109807";"IBGE"
"PR";"ICARAÍMA";"4109906";"IBGE"
"PR";"IGUARAÇU";"4110003";"IBGE"
"PR";"IGUATU";"4110052";"IBGE"
"PR";"IMBAÚ";"4110078";"IBGE"
"PR";"IMBITUVA";"4110102";"IBGE"
"PR";"INÁCIO MARTINS";"4110201";"IBGE"
"PR";"INAJÁ";"4110300";"IBGE"
"PR";"INDIANÓPOLIS";"4110409";"IBGE"
"PR";"IPIRANGA";"4110508";"IBGE"
"PR";"IPORÃ";"4110607";"IBGE"
"PR";"IRACEMA DO OESTE";"4110656";"IBGE"
"PR";"IRATI";"4110706";"IBGE"
"PR";"IRETAMA";"4110805";"IBGE"
"PR";"ITAGUAJÉ";"4110904";"IBGE"
"PR";"ITAIPULÂNDIA";"4110953";"IBGE"
"PR";"ITAMBARACÁ";"4111001";"IBGE"
"PR";"ITAMBÉ";"4111100";"IBGE"
"PR";"ITAPEJARA D OESTE";"4111209";"IBGE"
"PR";"ITAPERUÇU";"4111258";"IBGE"
"PR";"ITAÚNA DO SUL";"4111308";"IBGE"
"PR";"IVAÍ";"4111407";"IBGE"
"PR";"IVAIPORÃ";"4111506";"IBGE"
"PR";"IVATÉ";"4111555";"IBGE"
"PR";"IVATUBA";"4111605";"IBGE"
"PR";"JABOTI";"4111704";"IBGE"
"PR";"JACAREZINHO";"4111803";"IBGE"
"PR";"JAGUAPITÃ";"4111902";"IBGE"
"PR";"JAGUARIAÍVA";"4112009";"IBGE"
"PR";"JANDAIA DO SUL";"4112108";"IBGE"
"PR";"JANIÓPOLIS";"4112207";"IBGE"
"PR";"JAPIRA";"4112306";"IBGE"
"PR";"JAPURÁ";"4112405";"IBGE"
"PR";"JARDIM ALEGRE";"4112504";"IBGE"
"PR";"JARDIM OLINDA";"4112603";"IBGE"
"PR";"JATAIZINHO";"4112702";"IBGE"
"PR";"JESUÍTAS";"4112751";"IBGE"
"PR";"JOAQUIM TÁVORA";"4112801";"IBGE"
"PR";"JUNDIAÍ DO SUL";"4112900";"IBGE"
"PR";"JURANDA";"4112959";"IBGE"
"PR";"JUSSARA";"4113007";"IBGE"
"PR";"KALORÉ";"4113106";"IBGE"
"PR";"LAPA";"4113205";"IBGE"
"PR";"LARANJAL";"4113254";"IBGE"
"PR";"LARANJEIRAS DO SUL";"4113304";"IBGE"
"PR";"LEÓPOLIS";"4113403";"IBGE"
"PR";"LIDIANÓPOLIS";"4113429";"IBGE"
"PR";"LINDOESTE";"4113452";"IBGE"
"PR";"LOANDA";"4113502";"IBGE"
"PR";"LOBATO";"4113601";"IBGE"
"PR";"LONDRINA";"4113700";"IBGE"
"PR";"LUIZIANA";"4113734";"IBGE"
"PR";"LUNARDELLI";"4113759";"IBGE"
"PR";"LUPIONÓPOLIS";"4113809";"IBGE"
"PR";"MALLET";"4113908";"IBGE"
"PR";"MAMBORÊ";"4114005";"IBGE"
"PR";"MANDAGUAÇU";"4114104";"IBGE"
"PR";"MANDAGUARI";"4114203";"IBGE"
"PR";"MANDIRITUBA";"4114302";"IBGE"
"PR";"MANFRINÓPOLIS";"4114351";"IBGE"
"PR";"MANGUEIRINHA";"4114401";"IBGE"
"PR";"MANOEL RIBAS";"4114500";"IBGE"
"PR";"MARECHAL CÂNDIDO RONDON";"4114609";"IBGE"
"PR";"MARIA HELENA";"4114708";"IBGE"
"PR";"MARIALVA";"4114807";"IBGE"
"PR";"MARILÂNDIA DO SUL";"4114906";"IBGE"
"PR";"MARILENA";"4115002";"IBGE"
"PR";"MARILUZ";"4115101";"IBGE"
"PR";"MARINGÁ";"4115200";"IBGE"
"PR";"MARIÓPOLIS";"4115309";"IBGE"
"PR";"MARIPÁ";"4115358";"IBGE"
"PR";"MARMELEIRO";"4115408";"IBGE"
"PR";"MARQUINHO";"4115457";"IBGE"
"PR";"MARUMBI";"4115507";"IBGE"
"PR";"MATELÂNDIA";"4115606";"IBGE"
"PR";"MATINHOS";"4115705";"IBGE"
"PR";"MATO RICO";"4115739";"IBGE"
"PR";"MAUÁ DA SERRA";"4115754";"IBGE"
"PR";"MEDIANEIRA";"4115804";"IBGE"
"PR";"MERCEDES";"4115853";"IBGE"
"PR";"MIRADOR";"4115903";"IBGE"
"PR";"MIRASELVA";"4116000";"IBGE"
"PR";"MISSAL";"4116059";"IBGE"
"PR";"MOREIRA SALES";"4116109";"IBGE"
"PR";"MORRETES";"4116208";"IBGE"
"PR";"MUNHOZ DE MELO";"4116307";"IBGE"
"PR";"NOSSA SENHORA DAS GRAÇAS";"4116406";"IBGE"
"PR";"NOVA ALIANÇA DO IVAÍ";"4116505";"IBGE"
"PR";"NOVA AMÉRICA DA COLINA";"4116604";"IBGE"
"PR";"NOVA AURORA";"4116703";"IBGE"
"PR";"NOVA CANTU";"4116802";"IBGE"
"PR";"NOVA ESPERANÇA";"4116901";"IBGE"
"PR";"NOVA ESPERANÇA DO SUDOESTE";"4116950";"IBGE"
"PR";"NOVA FÁTIMA";"4117008";"IBGE"
"PR";"NOVA LARANJEIRAS";"4117057";"IBGE"
"PR";"NOVA LONDRINA";"4117107";"IBGE"
"PR";"NOVA OLÍMPIA";"4117206";"IBGE"
"PR";"NOVA PRATA DO IGUAÇU";"4117255";"IBGE"
"PR";"NOVA SANTA BÁRBARA";"4117214";"IBGE"
"PR";"NOVA SANTA ROSA";"4117222";"IBGE"
"PR";"NOVA TEBAS";"4117271";"IBGE"
"PR";"NOVO ITACOLOMI";"4117297";"IBGE"
"PR";"ORTIGUEIRA";"4117305";"IBGE"
"PR";"OURIZONA";"4117404";"IBGE"
"PR";"OURO VERDE DO OESTE";"4117453";"IBGE"
"PR";"PAIÇANDU";"4117503";"IBGE"
"PR";"PALMAS";"4117602";"IBGE"
"PR";"PALMEIRA";"4117701";"IBGE"
"PR";"PALMITAL";"4117800";"IBGE"
"PR";"PALOTINA";"4117909";"IBGE"
"PR";"PARAÍSO DO NORTE";"4118006";"IBGE"
"PR";"PARANACITY";"4118105";"IBGE"
"PR";"PARANAGUÁ";"4118204";"IBGE"
"PR";"PARANAPOEMA";"4118303";"IBGE"
"PR";"PARANAVAÍ";"4118402";"IBGE"
"PR";"PATO BRAGADO";"4118451";"IBGE"
"PR";"PATO BRANCO";"4118501";"IBGE"
"PR";"PAULA FREITAS";"4118600";"IBGE"
"PR";"PAULO FRONTIN";"4118709";"IBGE"
"PR";"PEABIRU";"4118808";"IBGE"
"PR";"PEROBAL";"4118857";"IBGE"
"PR";"PÉROLA";"4118907";"IBGE"
"PR";"PÉROLA D OESTE";"4119004";"IBGE"
"PR";"PIÊN";"4119103";"IBGE"
"PR";"PINHAIS";"4119152";"IBGE"
"PR";"PINHAL DE SÃO BENTO";"4119251";"IBGE"
"PR";"PINHALÃO";"4119202";"IBGE"
"PR";"PINHÃO";"4119301";"IBGE"
"PR";"PIRAÍ DO SUL";"4119400";"IBGE"
"PR";"PIRAQUARA";"4119509";"IBGE"
"PR";"PITANGA";"4119608";"IBGE"
"PR";"PITANGUEIRAS";"4119657";"IBGE"
"PR";"PLANALTINA DO PARANÁ";"4119707";"IBGE"
"PR";"PLANALTO";"4119806";"IBGE"
"PR";"PONTA GROSSA";"4119905";"IBGE"
"PR";"PONTAL DO PARANÁ";"4119954";"IBGE"
"PR";"PORECATU";"4120002";"IBGE"
"PR";"PORTO AMAZONAS";"4120101";"IBGE"
"PR";"PORTO BARREIRO";"4120150";"IBGE"
"PR";"PORTO RICO";"4120200";"IBGE"
"PR";"PORTO VITÓRIA";"4120309";"IBGE"
"PR";"PRADO FERREIRA";"4120333";"IBGE"
"PR";"PRANCHITA";"4120358";"IBGE"
"PR";"PRESIDENTE CASTELO BRANCO";"4120408";"IBGE"
"PR";"PRIMEIRO DE MAIO";"4120507";"IBGE"
"PR";"PRUDENTÓPOLIS";"4120606";"IBGE"
"PR";"QUARTO CENTENÁRIO";"4120655";"IBGE"
"PR";"QUATIGUÁ";"4120705";"IBGE"
"PR";"QUATRO BARRAS";"4120804";"IBGE"
"PR";"QUATRO PONTES";"4120853";"IBGE"
"PR";"QUEDAS DO IGUAÇU";"4120903";"IBGE"
"PR";"QUERÊNCIA DO NORTE";"4121000";"IBGE"
"PR";"QUINTA DO SOL";"4121109";"IBGE"
"PR";"QUITANDINHA";"4121208";"IBGE"
"PR";"RAMILÂNDIA";"4121257";"IBGE"
"PR";"RANCHO ALEGRE";"4121307";"IBGE"
"PR";"RANCHO ALEGRE D OESTE";"4121356";"IBGE"
"PR";"REALEZA";"4121406";"IBGE"
"PR";"REBOUÇAS";"4121505";"IBGE"
"PR";"RENASCENÇA";"4121604";"IBGE"
"PR";"RESERVA";"4121703";"IBGE"
"PR";"RESERVA DO IGUAÇU";"4121752";"IBGE"
"PR";"RIBEIRÃO CLARO";"4121802";"IBGE"
"PR";"RIBEIRÃO DO PINHAL";"4121901";"IBGE"
"PR";"RIO AZUL";"4122008";"IBGE"
"PR";"RIO BOM";"4122107";"IBGE"
"PR";"RIO BONITO DO IGUAÇU";"4122156";"IBGE"
"PR";"RIO BRANCO DO IVAÍ";"4122172";"IBGE"
"PR";"RIO BRANCO DO SUL";"4122206";"IBGE"
"PR";"RIO NEGRO";"4122305";"IBGE"
"PR";"ROLÂNDIA";"4122404";"IBGE"
"PR";"RONCADOR";"4122503";"IBGE"
"PR";"RONDON";"4122602";"IBGE"
"PR";"ROSÁRIO DO IVAÍ";"4122651";"IBGE"
"PR";"SABÁUDIA";"4122701";"IBGE"
"PR";"SALGADO FILHO";"4122800";"IBGE"
"PR";"SALTO DO ITARARÉ";"4122909";"IBGE"
"PR";"SALTO DO LONTRA";"4123006";"IBGE"
"PR";"SANTA AMÉLIA";"4123105";"IBGE"
"PR";"SANTA CECÍLIA DO PAVÃO";"4123204";"IBGE"
"PR";"SANTA CRUZ DE MONTE CASTELO";"4123303";"IBGE"
"PR";"SANTA FÉ";"4123402";"IBGE"
"PR";"SANTA HELENA";"4123501";"IBGE"
"PR";"SANTA INÊS";"4123600";"IBGE"
"PR";"SANTA ISABEL DO IVAÍ";"4123709";"IBGE"
"PR";"SANTA IZABEL DO OESTE";"4123808";"IBGE"
"PR";"SANTA LÚCIA";"4123824";"IBGE"
"PR";"SANTA MARIA DO OESTE";"4123857";"IBGE"
"PR";"SANTA MARIANA";"4123907";"IBGE"
"PR";"SANTA MÔNICA";"4123956";"IBGE"
"PR";"SANTA TEREZA DO OESTE";"4124020";"IBGE"
"PR";"SANTA TEREZINHA DE ITAIPU";"4124053";"IBGE"
"PR";"SANTANA DO ITARARÉ";"4124004";"IBGE"
"PR";"SANTO ANTÔNIO DA PLATINA";"4124103";"IBGE"
"PR";"SANTO ANTÔNIO DO CAIUÁ";"4124202";"IBGE"
"PR";"SANTO ANTÔNIO DO PARAÍSO";"4124301";"IBGE"
"PR";"SANTO ANTÔNIO DO SUDOESTE";"4124400";"IBGE"
"PR";"SANTO INÁCIO";"4124509";"IBGE"
"PR";"SÃO CARLOS DO IVAÍ";"4124608";"IBGE"
"PR";"SÃO JERÔNIMO DA SERRA";"4124707";"IBGE"
"PR";"SÃO JOÃO";"4124806";"IBGE"
"PR";"SÃO JOÃO DO CAIUÁ";"4124905";"IBGE"
"PR";"SÃO JOÃO DO IVAÍ";"4125001";"IBGE"
"PR";"SÃO JOÃO DO TRIUNFO";"4125100";"IBGE"
"PR";"SÃO JORGE D OESTE";"4125209";"IBGE"
"PR";"SÃO JORGE DO IVAÍ";"4125308";"IBGE"
"PR";"SÃO JORGE DO PATROCÍNIO";"4125357";"IBGE"
"PR";"SÃO JOSÉ DA BOA VISTA";"4125407";"IBGE"
"PR";"SÃO JOSÉ DAS PALMEIRAS";"4125456";"IBGE"
"PR";"SÃO JOSÉ DOS PINHAIS";"4125506";"IBGE"
"PR";"SÃO MANOEL DO PARANÁ";"4125555";"IBGE"
"PR";"SÃO MATEUS DO SUL";"4125605";"IBGE"
"PR";"SÃO MIGUEL DO IGUAÇU";"4125704";"IBGE"
"PR";"SÃO PEDRO DO IGUAÇU";"4125753";"IBGE"
"PR";"SÃO PEDRO DO IVAÍ";"4125803";"IBGE"
"PR";"SÃO PEDRO DO PARANÁ";"4125902";"IBGE"
"PR";"SÃO SEBASTIÃO DA AMOREIRA";"4126009";"IBGE"
"PR";"SÃO TOMÉ";"4126108";"IBGE"
"PR";"SAPOPEMA";"4126207";"IBGE"
"PR";"SARANDI";"4126256";"IBGE"
"PR";"SAUDADE DO IGUAÇU";"4126272";"IBGE"
"PR";"SENGÉS";"4126306";"IBGE"
"PR";"SERRANÓPOLIS DO IGUAÇU";"4126355";"IBGE"
"PR";"SERTANEJA";"4126405";"IBGE"
"PR";"SERTANÓPOLIS";"4126504";"IBGE"
"PR";"SIQUEIRA CAMPOS";"4126603";"IBGE"
"PR";"SULINA";"4126652";"IBGE"
"PR";"TAMARANA";"4126678";"IBGE"
"PR";"TAMBOARA";"4126702";"IBGE"
"PR";"TAPEJARA";"4126801";"IBGE"
"PR";"TAPIRA";"4126900";"IBGE"
"PR";"TEIXEIRA SOARES";"4127007";"IBGE"
"PR";"TELÊMACO BORBA";"4127106";"IBGE"
"PR";"TERRA BOA";"4127205";"IBGE"
"PR";"TERRA RICA";"4127304";"IBGE"
"PR";"TERRA ROXA";"4127403";"IBGE"
"PR";"TIBAGI";"4127502";"IBGE"
"PR";"TIJUCAS DO SUL";"4127601";"IBGE"
"PR";"TOLEDO";"4127700";"IBGE"
"PR";"TOMAZINA";"4127809";"IBGE"
"PR";"TRÊS BARRAS DO PARANÁ";"4127858";"IBGE"
"PR";"TUNAS DO PARANÁ";"4127882";"IBGE"
"PR";"TUNEIRAS DO OESTE";"4127908";"IBGE"
"PR";"TUPÃSSI";"4127957";"IBGE"
"PR";"TURVO";"4127965";"IBGE"
"PR";"UBIRATÃ";"4128005";"IBGE"
"PR";"UMUARAMA";"4128104";"IBGE"
"PR";"UNIÃO DA VITÓRIA";"4128203";"IBGE"
"PR";"UNIFLOR";"4128302";"IBGE"
"PR";"URAÍ";"4128401";"IBGE"
"PR";"VENTANIA";"4128534";"IBGE"
"PR";"VERA CRUZ DO OESTE";"4128559";"IBGE"
"PR";"VERÊ";"4128609";"IBGE"
"PR";"VIRMOND";"4128658";"IBGE"
"PR";"VITORINO";"4128708";"IBGE"
"PR";"WENCESLAU BRAZ";"4128500";"IBGE"
"PR";"XAMBRÊ";"4128807";"IBGE"
"RJ";"ANGRA DOS REIS";"3300100";"IBGE"
"RJ";"APERIBÉ";"3300159";"IBGE"
"RJ";"ARARUAMA";"3300209";"IBGE"
"RJ";"AREAL";"3300225";"IBGE"
"RJ";"ARMAÇÃO DOS BÚZIOS";"3300233";"IBGE"
"RJ";"ARRAIAL DO CABO";"3300258";"IBGE"
"RJ";"BARRA DO PIRAÍ";"3300308";"IBGE"
"RJ";"BARRA MANSA";"3300407";"IBGE"
"RJ";"BELFORD ROXO";"3300456";"IBGE"
"RJ";"BOM JARDIM";"3300506";"IBGE"
"RJ";"BOM JESUS DE ITABAPOANA";"3300605";"ERRO_DIGITACAO"
"RJ";"BOM JESUS DO ITABAPOANA";"3300605";"IBGE"
"RJ";"BONSUCESSO";"3304557";"REGIAO_ADM"
"RJ";"CABO FRIO";"3300704";"IBGE"
"RJ";"CACHOEIRAS DE MACACU";"3300803";"IBGE"
"RJ";"CAMBUCI";"3300902";"IBGE"
"RJ";"CAMPOS DOS GOYTACAZES";"3301009";"IBGE"
"RJ";"CANTAGALO";"3301108";"IBGE"
"RJ";"CARAPEBUS";"3300936";"IBGE"
"RJ";"CARDOSO MOREIRA";"3301157";"IBGE"
"RJ";"CARMO";"3301207";"IBGE"
"RJ";"CASIMIRO DE ABREU";"3301306";"IBGE"
"RJ";"COMENDADOR LEVY GASPARIAN";"3300951";"IBGE"
"RJ";"CONCEIÇÃO DE MACABU";"3301405";"IBGE"
"RJ";"COPACABANA";"3304557";"REGIAO_ADM"
"RJ";"CORDEIRO";"3301504";"IBGE"
"RJ";"DUAS BARRAS";"3301603";"IBGE"
"RJ";"DUQUE DE CAXIAS";"3301702";"IBGE"
"RJ";"ENGENHEIRO PAULO DE FRONTIN";"3301801";"IBGE"
"RJ";"GUAPIMIRIM";"3301850";"IBGE"
"RJ";"IGUABA GRANDE";"3301876";"IBGE"
"RJ";"ITABORAÍ";"3301900";"IBGE"
"RJ";"ITAGUAÍ";"3302007";"IBGE"
"RJ";"ITALVA";"3302056";"IBGE"
"RJ";"ITAOCARA";"3302106";"IBGE"
"RJ";"ITAPERUNA";"3302205";"IBGE"
"RJ";"ITATIAIA";"3302254";"IBGE"
"RJ";"JAPERI";"3302270";"IBGE"
"RJ";"LAJE DO MURIAÉ";"3302304";"IBGE"
"RJ";"MACAÉ";"3302403";"IBGE"
"RJ";"MACUCO";"3302452";"IBGE"
"RJ";"MAGÉ";"3302502";"IBGE"
"RJ";"MANGARATIBA";"3302601";"IBGE"
"RJ";"MARICÁ";"3302700";"IBGE"
"RJ";"MENDES";"3302809";"IBGE"
"RJ";"MESQUITA";"3302858";"IBGE"
"RJ";"MIGUEL PEREIRA";"3302908";"IBGE"
"RJ";"MIRACEMA";"3303005";"IBGE"
"RJ";"NATIVIDADE";"3303104";"IBGE"
"RJ";"NILÓPOLIS";"3303203";"IBGE"
"RJ";"NITERÓI";"3303302";"IBGE"
"RJ";"NOVA FRIBURGO";"3303401";"IBGE"
"RJ";"NOVA IGUAÇU";"3303500";"IBGE"
"RJ";"PARACAMBI";"3303609";"IBGE"
"RJ";"PARAÍBA DO SUL";"3303708";"IBGE"
"RJ";"PARATI";"3303807";"GRAFIA_ANTIGA"
"RJ";"PARATY";"3303807";"IBGE"
"RJ";"PATY DO ALFERES";"3303856";"IBGE"
"RJ";"PETRÓPOLIS";"3303906";"IBGE"
"RJ";"PINHEIRAL";"3303955";"IBGE"
"RJ";"PIRAHI";"3304003";"ERRO_DIGITACAO"
"RJ";"PIRAÍ";"3304003";"IBGE"
"RJ";"PORCIÚNCULA";"3304102";"IBGE"
"RJ";"PORTO REAL";"3304110";"IBGE"
"RJ";"QUATIS";"3304128";"IBGE"
"RJ";"QUEIMADOS";"3304144";"IBGE"
"RJ";"QUISSAMÃ";"3304151";"IBGE"
"RJ";"RESENDE";"3304201";"IBGE"
"RJ";"RIO BONITO";"3304300";"IBGE"
"RJ";"RIO CLARO";"3304409";"IBGE"
"RJ";"RIO DAS FLORES";"3304508";"IBGE"
"RJ";"RIO DAS OSTRAS";"3304524";"IBGE"
"RJ";"RIO DE JANEIRO";"3304557";"IBGE"
"RJ";"RIO JANEIRO";"3304557";"ERRO_DIGITACAO"
"RJ";"SANTA MARIA MADALENA";"3304607";"IBGE"
"RJ";"SANTO ANTÔNIO DE PÁDUA";"3304706";"IBGE"
"RJ";"SÃO FIDÉLIS";"3304805";"IBGE"
"RJ";"SÃO FRANCISCO DE ITABAPOANA";"3304755";"IBGE"
"RJ";"SÃO GONÇALO";"3304904";"IBGE"
"RJ";"SÃO JOÃO DA BARRA";"3305000";"IBGE"
"RJ";"SÃO JOÃO DE MERITI";"3305109";"IBGE"
"RJ";"SÃO JOSÉ DE UBÁ";"3305133";"IBGE"
"RJ";"SÃO JOSÉ DO VALE DO RIO PRETO";"3305158";"IBGE"
"RJ";"SÃO PEDRO DA ALDEIA";"3305208";"IBGE"
"RJ";"SÃO SEBASTIÃO DO ALTO";"3305307";"IBGE"
"RJ";"SAPUCAIA";"3305406";"IBGE"
"RJ";"SAQUAREMA";"3305505";"IBGE"
"RJ";"SEROPÉDICA";"3305554";"IBGE"
"RJ";"SILVA JARDIM";"3305604";"IBGE"
"RJ";"SUMIDOURO";"3305703";"IBGE"
"RJ";"TANGUÁ";"3305752";"IBGE"
"RJ";"TERESÓPOLIS";"3305802";"IBGE"
"RJ";"TRAJANO DE MORAES";"3305901";"IBGE"
"RJ";"TRAJANO DE MORAIS";"3305901";"ERRO_DIGITACAO"
"RJ";"TRÊS RIOS";"3306008";"IBGE"
"RJ";"VALENÇA";"3306107";"IBGE"
"RJ";"VARRE SAI";"3306156";"IBGE"
"RJ";"VASSOURAS";"3306206";"IBGE"
"RJ";"VOLTA REDONDA";"3306305";"IBGE"
"RN";"ACARI";"2400109";"IBGE"
"RN";"AÇU";"2400208";"IBGE"
"RN";"AFONSO BEZERRA";"2400307";"IBGE"
"RN";"ÁGUA NOVA";"2400406";"IBGE"
"RN";"ALEXANDRIA";"2400505";"IBGE"
"RN";"ALMINO AFONSO";"2400604";"IBGE"
"RN";"ALTO DO RODRIGUES";"2400703";"IBGE"
"RN";"ANGICOS";"2400802";"IBGE"
"RN";"ANTÔNIO MARTINS";"2400901";"IBGE"
"RN";"APODI";"2401008";"IBGE"
"RN";"AREIA BRANCA";"2401107";"IBGE"
"RN";"ARÊS";"2401206";"IBGE"
"RN";"BAÍA FORMOSA";"2401404";"IBGE"
"RN";"BARAÚNA";"2401453";"IBGE"
"RN";"BARCELONA";"2401503";"IBGE"
"RN";"BENTO FERNANDES";"2401602";"IBGE"
"RN";"BODÓ";"2401651";"IBGE"
"RN";"BOM JESUS";"2401701";"IBGE"
"RN";"BREJINHO";"2401800";"IBGE"
"RN";"CAIÇARA DO NORTE";"2401859";"IBGE"
"RN";"CAIÇARA DO RIO DO VENTO";"2401909";"IBGE"
"RN";"CAICÓ";"2402006";"IBGE"
"RN";"CAMPO GRANDE";"2401305";"IBGE"
"RN";"CAMPO REDONDO";"2402105";"IBGE"
"RN";"CANGUARETAMA";"2402204";"IBGE"
"RN";"CARAÚBAS";"2402303";"IBGE"
"RN";"CARNAÚBA DOS DANTAS";"2402402";"IBGE"
"RN";"CARNAUBAIS";"2402501";"IBGE"
"RN";"CEARÁ MIRIM";"2402600";"IBGE"
"RN";"CERRO CORÁ";"2402709";"IBGE"
"RN";"CORONEL EZEQUIEL";"2402808";"IBGE"
"RN";"CORONEL JOÃO PESSOA";"2402907";"IBGE"
"RN";"CRUZETA";"2403004";"IBGE"
"RN";"CURRAIS NOVOS";"2403103";"IBGE"
"RN";"DOUTOR SEVERIANO";"2403202";"IBGE"
"RN";"ENCANTO";"2403301";"IBGE"
"RN";"EQUADOR";"2403400";"IBGE"
"RN";"ESPÍRITO SANTO";"2403509";"IBGE"
"RN";"EXTREMOZ";"2403608";"IBGE"
"RN";"FELIPE GUERRA";"2403707";"IBGE"
"RN";"FERNANDO PEDROZA";"2403756";"IBGE"
"RN";"FLORÂNIA";"2403806";"IBGE"
"RN";"FRANCISCO DANTAS";"2403905";"IBGE"
"RN";"FRUTUOSO GOMES";"2404002";"IBGE"
"RN";"GALINHOS";"2404101";"IBGE"
"RN";"GOIANINHA";"2404200";"IBGE"
"RN";"GOVERNADOR DIX SEPT ROSADO";"2404309";"IBGE"
"RN";"GROSSOS";"2404408";"IBGE"
"RN";"GUAMARÉ";"2404507";"IBGE"
"RN";"IELMO MARINHO";"2404606";"IBGE"
"RN";"IPANGUAÇU";"2404705";"IBGE"
"RN";"IPUEIRA";"2404804";"IBGE"
"RN";"ITAJÁ";"2404853";"IBGE"
"RN";"ITAÚ";"2404903";"IBGE"
"RN";"JAÇANÃ";"2405009";"IBGE"
"RN";"JANDAÍRA";"2405108";"IBGE"
"RN";"JANDUÍS";"2405207";"IBGE"
"RN";"JANUÁRIO CICCO";"2405306";"IBGE"
"RN";"JAPI";"2405405";"IBGE"
"RN";"JARDIM DE ANGICOS";"2405504";"IBGE"
"RN";"JARDIM DE PIRANHAS";"2405603";"IBGE"
"RN";"JARDIM DO SERIDÓ";"2405702";"IBGE"
"RN";"JOÃO CÂMARA";"2405801";"IBGE"
"RN";"JOÃO DIAS";"2405900";"IBGE"
"RN";"JOSÉ DA PENHA";"2406007";"IBGE"
"RN";"JUCURUTU";"2406106";"IBGE"
"RN";"JUNDIÁ";"2406155";"IBGE"
"RN";"LAGOA D ANTA";"2406205";"IBGE"
"RN";"LAGOA DE PEDRAS";"2406304";"IBGE"
"RN";"LAGOA DE VELHOS";"2406403";"IBGE"
"RN";"LAGOA NOVA";"2406502";"IBGE"
"RN";"LAGOA SALGADA";"2406601";"IBGE"
"RN";"LAJES";"2406700";"IBGE"
"RN";"LAJES PINTADAS";"2406809";"IBGE"
"RN";"LUCRÉCIA";"2406908";"IBGE"
"RN";"LUÍS GOMES";"2407005";"IBGE"
"RN";"MACAÍBA";"2407104";"IBGE"
"RN";"MACAU";"2407203";"IBGE"
"RN";"MAJOR SALES";"2407252";"IBGE"
"RN";"MARCELINO VIEIRA";"2407302";"IBGE"
"RN";"MARTINS";"2407401";"IBGE"
"RN";"MAXARANGUAPE";"2407500";"IBGE"
"RN";"MESSIAS TARGINO";"2407609";"IBGE"
"RN";"MONTANHAS";"2407708";"IBGE"
"RN";"MONTE ALEGRE";"2407807";"IBGE"
"RN";"MONTE DAS GAMELEIRAS";"2407906";"IBGE"
"RN";"MOSSORÓ";"2408003";"IBGE"
"RN";"NATAL";"2408102";"IBGE"
"RN";"NÍSIA FLORESTA";"2408201";"IBGE"
"RN";"NOVA CRUZ";"2408300";"IBGE"
"RN";"OLHO D ÁGUA DO BORGES";"2408409";"IBGE"
"RN";"OURO BRANCO";"2408508";"IBGE"
"RN";"PARANÁ";"2408607";"IBGE"
"RN";"PARAÚ";"2408706";"IBGE"
"RN";"PARAZINHO";"2408805";"IBGE"
"RN";"PARELHAS";"2408904";"IBGE"
"RN";"PARNAMIRIM";"2403251";"IBGE"
"RN";"PASSA E FICA";"2409100";"IBGE"
"RN";"PASSAGEM";"2409209";"IBGE"
"RN";"PATU";"2409308";"IBGE"
"RN";"PAU DOS FERROS";"2409407";"IBGE"
"RN";"PEDRA GRANDE";"2409506";"IBGE"
"RN";"PEDRA PRETA";"2409605";"IBGE"
"RN";"PEDRO AVELINO";"2409704";"IBGE"
"RN";"PEDRO VELHO";"2409803";"IBGE"
"RN";"PENDÊNCIAS";"2409902";"IBGE"
"RN";"PILÕES";"2410009";"IBGE"
"RN";"POÇO BRANCO";"2410108";"IBGE"
"RN";"PORTALEGRE";"2410207";"IBGE"
"RN";"PORTO DO MANGUE";"2410256";"IBGE"
"RN";"PUREZA";"2410405";"IBGE"
"RN";"RAFAEL FERNANDES";"2410504";"IBGE"
"RN";"RAFAEL GODEIRO";"2410603";"IBGE"
"RN";"RIACHO DA CRUZ";"2410702";"IBGE"
"RN";"RIACHO DE SANTANA";"2410801";"IBGE"
"RN";"RIACHUELO";"2410900";"IBGE"
"RN";"RIO DO FOGO";"2408953";"IBGE"
"RN";"RODOLFO FERNANDES";"2411007";"IBGE"
"RN";"RUY BARBOSA";"2411106";"IBGE"
"RN";"SANTA CRUZ";"2411205";"IBGE"
"RN";"SANTA MARIA";"2409332";"IBGE"
"RN";"SANTANA DO MATOS";"2411403";"IBGE"
"RN";"SANTANA DO SERIDÓ";"2411429";"IBGE"
"RN";"SANTO ANTÔNIO";"2411502";"IBGE"
"RN";"SÃO BENTO DO NORTE";"2411601";"IBGE"
"RN";"SÃO BENTO DO TRAIRÍ";"2411700";"IBGE"
"RN";"SÃO FERNANDO";"2411809";"IBGE"
"RN";"SÃO FRANCISCO DO OESTE";"2411908";"IBGE"
"RN";"SÃO GONÇALO DO AMARANTE";"2412005";"IBGE"
"RN";"SÃO JOÃO DO SABUGI";"2412104";"IBGE"
"RN";"SÃO JOSÉ DE MIPIBU";"2412203";"IBGE"
"RN";"SÃO JOSÉ DO CAMPESTRE";"2412302";"IBGE"
"RN";"SÃO JOSÉ DO SERIDÓ";"2412401";"IBGE"
"RN";"SÃO MIGUEL";"2412500";"IBGE"
"RN";"SÃO MIGUEL DO GOSTOSO";"2412559";"IBGE"
"RN";"SÃO PAULO DO POTENGI";"2412609";"IBGE"
"RN";"SÃO PEDRO";"2412708";"IBGE"
"RN";"SÃO RAFAEL";"2412807";"IBGE"
"RN";"SÃO TOMÉ";"2412906";"IBGE"
"RN";"SÃO VICENTE";"2413003";"IBGE"
"RN";"SENADOR ELÓI DE SOUZA";"2413102";"IBGE"
"RN";"SENADOR GEORGINO AVELINO";"2413201";"IBGE"
"RN";"SERRA CAIADA";"2410306";"IBGE"
"RN";"SERRA DE SÃO BENTO";"2413300";"IBGE"
"RN";"SERRA DO MEL";"2413359";"IBGE"
"RN";"SERRA NEGRA DO NORTE";"2413409";"IBGE"
"RN";"SERRINHA";"2413508";"IBGE"
"RN";"SERRINHA DOS PINTOS";"2413557";"IBGE"
"RN";"SEVERIANO MELO";"2413607";"IBGE"
"RN";"SÍTIO NOVO";"2413706";"IBGE"
"RN";"TABOLEIRO GRANDE";"2413805";"IBGE"
"RN";"TAIPU";"2413904";"IBGE"
"RN";"TANGARÁ";"2414001";"IBGE"
"RN";"TENENTE ANANIAS";"2414100";"IBGE"
"RN";"TENENTE LAURENTINO CRUZ";"2414159";"IBGE"
"RN";"TIBAU";"2411056";"IBGE"
"RN";"TIBAU DO SUL";"2414209";"IBGE"
"RN";"TIMBAÚBA DOS BATISTAS";"2414308";"IBGE"
"RN";"TOUROS";"2414407";"IBGE"
"RN";"TRIUNFO POTIGUAR";"2414456";"IBGE"
"RN";"UMARIZAL";"2414506";"IBGE"
"RN";"UPANEMA";"2414605";"IBGE"
"RN";"VÁRZEA";"2414704";"IBGE"
"RN";"VENHA VER";"2414753";"IBGE"
"RN";"VERA CRUZ";"2414803";"IBGE"
"RN";"VIÇOSA";"2414902";"IBGE"
"RN";"VILA FLOR";"2415008";"IBGE"
"RO";"ALTA FLORESTA D OESTE";"1100015";"IBGE"
"RO";"ALTO ALEGRE DOS PARECIS";"1100379";"IBGE"
"RO";"ALTO PARAÍSO";"1100403";"IBGE"
"RO";"ALVORADA D OESTE";"1100346";"IBGE"
"RO";"ARIQUEMES";"1100023";"IBGE"
"RO";"BURITIS";"1100452";"IBGE"
"RO";"CABIXI";"1100031";"IBGE"
"RO";"CACAULÂNDIA";"1100601";"IBGE"
"RO";"CACOAL";"1100049";"IBGE"
"RO";"CAMPO NOVO DE RONDÔNIA";"1100700";"IBGE"
"RO";"CANDEIAS DO JAMARI";"1100809";"IBGE"
"RO";"CASTANHEIRAS";"1100908";"IBGE"
"RO";"CEREJEIRAS";"1100056";"IBGE"
"RO";"CHUPINGUAIA";"1100924";"IBGE"
"RO";"COLORADO DO OESTE";"1100064";"IBGE"
"RO";"CORUMBIARA";"1100072";"IBGE"
"RO";"COSTA MARQUES";"1100080";"IBGE"
"RO";"CUJUBIM";"1100940";"IBGE"
"RO";"ESPIGÃO D OESTE";"1100098";"IBGE"
"RO";"GOVERNADOR JORGE TEIXEIRA";"1101005";"IBGE"
"RO";"GUAJARÁ MIRIM";"1100106";"IBGE"
"RO";"ITAPUÃ DO OESTE";"1101104";"IBGE"
"RO";"JARU";"1100114";"IBGE"
"RO";"JI PARANÁ";"1100122";"IBGE"
"RO";"MACHADINHO D OESTE";"1100130";"IBGE"
"RO";"MINISTRO ANDREAZZA";"1101203";"IBGE"
"RO";"MIRANTE DA SERRA";"1101302";"IBGE"
"RO";"MONTE NEGRO";"1101401";"IBGE"
"RO";"NOVA BRASILÂNDIA D OESTE";"1100148";"IBGE"
"RO";"NOVA MAMORÉ";"1100338";"IBGE"
"RO";"NOVA UNIÃO";"1101435";"IBGE"
"RO";"NOVO HORIZONTE DO OESTE";"1100502";"IBGE"
"RO";"OURO PRETO D OESTE";"1100155";"ERRO_DIGITACAO"
"RO";"OURO PRETO DO OESTE";"1100155";"IBGE"
"RO";"PARECIS";"1101450";"IBGE"
"RO";"PIMENTA BUENO";"1100189";"IBGE"
"RO";"PIMENTEIRAS DO OESTE";"1101468";"IBGE"
"RO";"PORTO VELHO";"1100205";"IBGE"
"RO";"PRESIDENTE MÉDICI";"1100254";"IBGE"
"RO";"PRIMAVERA DE RONDÔNIA";"1101476";"IBGE"
"RO";"RIO CRESPO";"1100262";"IBGE"
"RO";"ROLIM DE MOURA";"1100288";"IBGE"
"RO";"SANTA LUZIA D OESTE";"1100296";"IBGE"
"RO";"SÃO FELIPE D OESTE";"1101484";"IBGE"
"RO";"SÃO FRANCISCO DO GUAPORÉ";"1101492";"IBGE"
"RO";"SÃO MIGUEL DO GUAPORÉ";"1100320";"IBGE"
"RO";"SERINGUEIRAS";"1101500";"IBGE"
"RO";"TEIXEIRÓPOLIS";"1101559";"IBGE"
"RO";"THEOBROMA";"1101609";"IBGE"
"RO";"URUPÁ";"1101708";"IBGE"
"RO";"VALE DO ANARI";"1101757";"IBGE"
"RO";"VALE DO PARAÍSO";"1101807";"IBGE"
"RO";"VILHENA";"1100304";"IBGE"
"RR";"ALTO ALEGRE";"1400050";"IBGE"
"RR";"AMAJARI";"1400027";"IBGE"
"RR";"BOA VISTA";"1400100";"IBGE"
"RR";"BONFIM";"1400159";"IBGE"
"RR";"CANTÁ";"1400175";"IBGE"
"RR";"CARACARAÍ";"1400209";"IBGE"
"RR";"CAROEBE";"1400233";"IBGE"
"RR";"IRACEMA";"1400282";"IBGE"
"RR";"MUCAJAÍ";"1400308";"IBGE"
"RR";"NORMANDIA";"1400407";"IBGE"
"RR";"PACARAIMA";"1400456";"IBGE"
"RR";"RORAINÓPOLIS";"1400472";"IBGE"
"RR";"SÃO JOÃO DA BALIZA";"1400506";"IBGE"
"RR";"SÃO LUIZ";"1400605";"IBGE"
"RR";"UIRAMUTÃ";"1400704";"IBGE"
"RS";"ACEGUÁ";"4300034";"IBGE"
"RS";"ÁGUA SANTA";"4300059";"IBGE"
"RS";"AGUDO";"4300109";"IBGE"
"RS";"AJURICABA";"4300208";"IBGE"
"RS";"ALECRIM";"4300307";"IBGE"
"RS";"ALEGRETE";"4300406";"IBGE"
"RS";"ALEGRIA";"4300455";"IBGE"
"RS";"ALMIRANTE TAMANDARÉ DO SUL";"4300471";"IBGE"
"RS";"ALPESTRE";"4300505";"IBGE"
"RS";"ALTO ALEGRE";"4300554";"IBGE"
"RS";"ALTO FELIZ";"4300570";"IBGE"
"RS";"ALVORADA";"4300604";"IBGE"
"RS";"AMARAL FERRADOR";"4300638";"IBGE"
"RS";"AMETISTA DO SUL";"4300646";"IBGE"
"RS";"ANDRÉ DA ROCHA";"4300661";"IBGE"
"RS";"ANTA GORDA";"4300703";"IBGE"
"RS";"ANTÔNIO PRADO";"4300802";"IBGE"
"RS";"ARAMBARÉ";"4300851";"IBGE"
"RS";"ARARICÁ";"4300877";"IBGE"
"RS";"ARATIBA";"4300901";"IBGE"
"RS";"ARROIO DO MEIO";"4301008";"IBGE"
"RS";"ARROIO DO PADRE";"4301073";"IBGE"
"RS";"ARROIO DO SAL";"4301057";"IBGE"
"RS";"ARROIO DO TIGRE";"4301206";"IBGE"
"RS";"ARROIO DOS RATOS";"4301107";"IBGE"
"RS";"ARROIO GRANDE";"4301305";"IBGE"
"RS";"ARROIO TIGRE";"4301206";"ERRO_DIGITACAO"
"RS";"ARVOREZINHA";"4301404";"IBGE"
"RS";"AUGUSTO PESTANA";"4301503";"IBGE"
"RS";"ÁUREA";"4301552";"IBGE"
"RS";"BAGÉ";"4301602";"IBGE"
"RS";"BALNEÁRIO PINHAL";"4301636";"IBGE"
"RS";"BARÃO";"4301651";"IBGE"
"RS";"BARÃO DE COTEGIPE";"4301701";"IBGE"
"RS";"BARÃO DO TRIUNFO";"4301750";"IBGE"
"RS";"BARRA DO GUARITA";"4301859";"IBGE"
"RS";"BARRA DO QUARAÍ";"4301875";"IBGE"
"RS";"BARRA DO RIBEIRO";"4301909";"IBGE"
"RS";"BARRA DO RIO AZUL";"4301925";"IBGE"
"RS";"BARRA FUNDA";"4301958";"IBGE"
"RS";"BARRACÃO";"4301800";"IBGE"
"RS";"BARROS CASSAL";"4302006";"IBGE"
"RS";"BENJAMIN CONSTANT DO SUL";"4302055";"IBGE"
"RS";"BENTO GONÇALVES";"4302105";"IBGE"
"RS";"BOA VISTA DAS MISSÕES";"4302154";"IBGE"
"RS";"BOA VISTA DO BURICÁ";"4302204";"IBGE"
"RS";"BOA VISTA DO CADEADO";"4302220";"IBGE"
"RS";"BOA VISTA DO INCRA";"4302238";"IBGE"
"RS";"BOA VISTA DO SUL";"4302253";"IBGE"
"RS";"BOM JESUS";"4302303";"IBGE"
"RS";"BOM PRINCÍPIO";"4302352";"IBGE"
"RS";"BOM PROGRESSO";"4302378";"IBGE"
"RS";"BOM RETIRO DO SUL";"4302402";"IBGE"
"RS";"BOQUEIRÃO DO LEÃO";"4302451";"IBGE"
"RS";"BOSSOROCA";"4302501";"IBGE"
"RS";"BOZANO";"4302584";"IBGE"
"RS";"BRAGA";"4302600";"IBGE"
"RS";"BROCHIER";"4302659";"IBGE"
"RS";"BUTIÁ";"4302709";"IBGE"
"RS";"CAÇAPAVA DO SUL";"4302808";"IBGE"
"RS";"CACEQUI";"4302907";"IBGE"
"RS";"CACHOEIRA DO SUL";"4303004";"IBGE"
"RS";"CACHOEIRINHA";"4303103";"IBGE"
"RS";"CACIQUE DOBLE";"4303202";"IBGE"
"RS";"CAIBATÉ";"4303301";"IBGE"
"RS";"CAIÇARA";"4303400";"IBGE"
"RS";"CAMAQUÃ";"4303509";"IBGE"
"RS";"CAMARGO";"4303558";"IBGE"
"RS";"CAMBARÁ DO SUL";"4303608";"IBGE"
"RS";"CAMPESTRE DA SERRA";"4303673";"IBGE"
"RS";"CAMPINA DAS MISSÕES";"4303707";"IBGE"
"RS";"CAMPINAS DO SUL";"4303806";"IBGE"
"RS";"CAMPO BOM";"4303905";"IBGE"
"RS";"CAMPO NOVO";"4304002";"IBGE"
"RS";"CAMPOS BORGES";"4304101";"IBGE"
"RS";"CANDELÁRIA";"4304200";"IBGE"
"RS";"CÂNDIDO GODÓI";"4304309";"IBGE"
"RS";"CANDIOTA";"4304358";"IBGE"
"RS";"CANELA";"4304408";"IBGE"
"RS";"CANGUÇU";"4304507";"IBGE"
"RS";"CANOAS";"4304606";"IBGE"
"RS";"CANUDOS DO VALE";"4304614";"IBGE"
"RS";"CAPÃO BONITO DO SUL";"4304622";"IBGE"
"RS";"CAPÃO DA CANOA";"4304630";"IBGE"
"RS";"CAPÃO DO CIPÓ";"4304655";"IBGE"
"RS";"CAPÃO DO LEÃO";"4304663";"IBGE"
"RS";"CAPELA DE SANTANA";"4304689";"IBGE"
"RS";"CAPITÃO";"4304697";"IBGE"
"RS";"CAPIVARI DO SUL";"4304671";"IBGE"
"RS";"CARAÁ";"4304713";"IBGE"
"RS";"CARAZINHO";"4304705";"IBGE"
"RS";"CARLOS BARBOSA";"4304804";"IBGE"
"RS";"CARLOS GOMES";"4304853";"IBGE"
"RS";"CASCA";"4304903";"IBGE"
"RS";"CASEIROS";"4304952";"IBGE"
"RS";"CATUÍPE";"4305009";"IBGE"
"RS";"CAXIAS DO SUL";"4305108";"IBGE"
"RS";"CENTENÁRIO";"4305116";"IBGE"
"RS";"CERRITO";"4305124";"IBGE"
"RS";"CERRO BRANCO";"4305132";"IBGE"
"RS";"CERRO GRANDE";"4305157";"IBGE"
"RS";"CERRO GRANDE DO SUL";"4305173";"IBGE"
"RS";"CERRO LARGO";"4305207";"IBGE"
"RS";"CHAPADA";"4305306";"IBGE"
"RS";"CHARQUEADAS";"4305355";"IBGE"
"RS";"CHARRUA";"4305371";"IBGE"
"RS";"CHIAPETTA";"4305405";"IBGE"
"RS";"CHUÍ";"4305439";"IBGE"
"RS";"CHUVISCA";"4305447";"IBGE"
"RS";"CIDREIRA";"4305454";"IBGE"
"RS";"CIRÍACO";"4305504";"IBGE"
"RS";"COLINAS";"4305587";"IBGE"
"RS";"COLORADO";"4305603";"IBGE"
"RS";"CONDOR";"4305702";"IBGE"
"RS";"CONSTANTINA";"4305801";"IBGE"
"RS";"COQUEIRO BAIXO";"4305835";"IBGE"
"RS";"COQUEIROS DO SUL";"4305850";"IBGE"
"RS";"CORONEL BARROS";"4305871";"IBGE"
"RS";"CORONEL BICACO";"4305900";"IBGE"
"RS";"CORONEL PILAR";"4305934";"IBGE"
"RS";"COTIPORÃ";"4305959";"IBGE"
"RS";"COXILHA";"4305975";"IBGE"
"RS";"CRISSIUMAL";"4306007";"IBGE"
"RS";"CRISTAL";"4306056";"IBGE"
"RS";"CRISTAL DO SUL";"4306072";"IBGE"
"RS";"CRUZ ALTA";"4306106";"IBGE"
"RS";"CRUZALTENSE";"4306130";"IBGE"
"RS";"CRUZEIRO DO SUL";"4306205";"IBGE"
"RS";"DAVID CANABARRO";"4306304";"IBGE"
"RS";"DERRUBADAS";"4306320";"IBGE"
"RS";"DEZESSEIS DE NOVEMBRO";"4306353";"IBGE"
"RS";"DILERMANDO DE AGUIAR";"4306379";"IBGE"
"RS";"DOIS IRMÃOS";"4306403";"IBGE"
"RS";"DOIS IRMÃOS DAS MISSÕES";"4306429";"IBGE"
"RS";"DOIS LAJEADOS";"4306452";"IBGE"
"RS";"DOM FELICIANO";"4306502";"IBGE"
"RS";"DOM PEDRITO";"4306601";"IBGE"
"RS";"DOM PEDRO DE ALCÂNTARA";"4306551";"IBGE"
"RS";"DONA FRANCISCA";"4306700";"IBGE"
"RS";"DOUTOR MAURÍCIO CARDOSO";"4306734";"IBGE"
"RS";"DOUTOR RICARDO";"4306759";"IBGE"
"RS";"ELDORADO DO SUL";"4306767";"IBGE"
"RS";"ENCANTADO";"4306809";"IBGE"
"RS";"ENCRUZILHADA DO SUL";"4306908";"IBGE"
"RS";"ENGENHO VELHO";"4306924";"IBGE"
"RS";"ENTRE IJUÍS";"4306932";"IBGE"
"RS";"ENTRE RIOS DO SUL";"4306957";"IBGE"
"RS";"EREBANGO";"4306973";"IBGE"
"RS";"ERECHIM";"4307005";"IBGE"
"RS";"ERNESTINA";"4307054";"IBGE"
"RS";"ERVAL GRANDE";"4307203";"IBGE"
"RS";"ERVAL SECO";"4307302";"IBGE"
"RS";"ESMERALDA";"4307401";"IBGE"
"RS";"ESPERANÇA DO SUL";"4307450";"IBGE"
"RS";"ESPUMOSO";"4307500";"IBGE"
"RS";"ESTAÇÃO";"4307559";"IBGE"
"RS";"ESTÂNCIA VELHA";"4307609";"IBGE"
"RS";"ESTEIO";"4307708";"IBGE"
"RS";"ESTRELA";"4307807";"IBGE"
"RS";"ESTRELA VELHA";"4307815";"IBGE"
"RS";"EUGÊNIO DE CASTRO";"4307831";"IBGE"
"RS";"FAGUNDES VARELA";"4307864";"IBGE"
"RS";"FARROUPILHA";"4307906";"IBGE"
"RS";"FAXINAL DO SOTURNO";"4308003";"IBGE"
"RS";"FAXINALZINHO";"4308052";"IBGE"
"RS";"FAZENDA VILANOVA";"4308078";"IBGE"
"RS";"FELIZ";"4308102";"IBGE"
"RS";"FLORES DA CUNHA";"4308201";"IBGE"
"RS";"FLORIANO PEIXOTO";"4308250";"IBGE"
"RS";"FONTOURA XAVIER";"4308300";"IBGE"
"RS";"FORMIGUEIRO";"4308409";"IBGE"
"RS";"FORQUETINHA";"4308433";"IBGE"
"RS";"FORTALEZA DOS VALOS";"4308458";"IBGE"
"RS";"FREDERICO WESTPHALEN";"4308508";"IBGE"
"RS";"GARIBALDI";"4308607";"IBGE"
"RS";"GARRUCHOS";"4308656";"IBGE"
"RS";"GAURAMA";"4308706";"IBGE"
"RS";"GENERAL CÂMARA";"4308805";"IBGE"
"RS";"GENTIL";"4308854";"IBGE"
"RS";"GETÚLIO VARGAS";"4308904";"IBGE"
"RS";"GIRUÁ";"4309001";"IBGE"
"RS";"GLORINHA";"4309050";"IBGE"
"RS";"GRAMADO";"4309100";"IBGE"
"RS";"GRAMADO DOS LOUREIROS";"4309126";"IBGE"
"RS";"GRAMADO XAVIER";"4309159";"IBGE"
"RS";"GRAVATAÍ";"4309209";"IBGE"
"RS";"GUABIJU";"4309258";"IBGE"
"RS";"GUAÍBA";"4309308";"IBGE"
"RS";"GUAPORÉ";"4309407";"IBGE"
"RS";"GUARANI DAS MISSÕES";"4309506";"IBGE"
"RS";"GUAROPE";"4309407";"ERRO_DIGITACAO"
"RS";"HARMONIA";"4309555";"IBGE"
"RS";"HERVAL";"4307104";"IBGE"
"RS";"HERVEIRAS";"4309571";"IBGE"
"RS";"HORIZONTINA";"4309605";"IBGE"
"RS";"HULHA NEGRA";"4309654";"IBGE"
"RS";"HUMAITÁ";"4309704";"IBGE"
"RS";"IBARAMA";"4309753";"IBGE"
"RS";"IBIAÇÁ";"4309803";"IBGE"
"RS";"IBIRAIARAS";"4309902";"IBGE"
"RS";"IBIRAPUITÃ";"4309951";"IBGE"
"RS";"IBIRUBÁ";"4310009";"IBGE"
"RS";"IGREJINHA";"4310108";"IBGE"
"RS";"IJUÍ";"4310207";"IBGE"
"RS";"ILÓPOLIS";"4310306";"IBGE"
"RS";"IMBÉ";"4310330";"IBGE"
"RS";"IMIGRANTE";"4310363";"IBGE"
"RS";"INDEPENDÊNCIA";"4310405";"IBGE"
"RS";"INHACORÁ";"4310413";"IBGE"
"RS";"IPÊ";"4310439";"IBGE"
"RS";"IPIRANGA DO SUL";"4310462";"IBGE"
"RS";"IRAÍ";"4310504";"IBGE"
"RS";"ITAARA";"4310538";"IBGE"
"RS";"ITACURUBI";"4310553";"IBGE"
"RS";"ITAPUCA";"4310579";"IBGE"
"RS";"ITAQUI";"4310603";"IBGE"
"RS";"ITATI";"4310652";"IBGE"
"RS";"ITATIBA DO SUL";"4310702";"IBGE"
"RS";"IVORÁ";"4310751";"IBGE"
"RS";"IVOTI";"4310801";"IBGE"
"RS";"JABOTICABA";"4310850";"IBGE"
"RS";"JACUIZINHO";"4310876";"IBGE"
"RS";"JACUTINGA";"4310900";"IBGE"
"RS";"JAGUARÃO";"4311007";"IBGE"
"RS";"JAGUARI";"4311106";"IBGE"
"RS";"JAQUIRANA";"4311122";"IBGE"
"RS";"JARI";"4311130";"IBGE"
"RS";"JÓIA";"4311155";"IBGE"
"RS";"JULIO DE CASTILHO";"4311205";"ERRO_DIGITACAO"
"RS";"JÚLIO DE CASTILHOS";"4311205";"IBGE"
"RS";"LAGOA BONITA DO SUL";"4311239";"IBGE"
"RS";"LAGOA DOS TRÊS CANTOS";"4311270";"IBGE"
"RS";"LAGOA VERMELHA";"4311304";"IBGE"
"RS";"LAGOÃO";"4311254";"IBGE"
"RS";"LAJEADO";"4311403";"IBGE"
"RS";"LAJEADO DO BUGRE";"4311429";"IBGE"
"RS";"LAVRAS DO SUL";"4311502";"IBGE"
"RS";"LIBERATO SALZANO";"4311601";"IBGE"
"RS";"LINDOLFO COLLOR";"4311627";"IBGE"
"RS";"LINHA NOVA";"4311643";"IBGE"
"RS";"MAÇAMBARÁ";"4311718";"IBGE"
"RS";"MACHADINHO";"4311700";"IBGE"
"RS";"MAMPITUBA";"4311734";"IBGE"
"RS";"MANOEL VIANA";"4311759";"IBGE"
"RS";"MAQUINÉ";"4311775";"IBGE"
"RS";"MARATÁ";"4311791";"IBGE"
"RS";"MARAU";"4311809";"IBGE"
"RS";"MARCELINO RAMOS";"4311908";"IBGE"
"RS";"MARIANA PIMENTEL";"4311981";"IBGE"
"RS";"MARIANO MORO";"4312005";"IBGE"
"RS";"MARQUES DE SOUZA";"4312054";"IBGE"
"RS";"MATA";"4312104";"IBGE"
"RS";"MATO CASTELHANO";"4312138";"IBGE"
"RS";"MATO LEITÃO";"4312153";"IBGE"
"RS";"MATO QUEIMADO";"4312179";"IBGE"
"RS";"MAXIMILIANO DE ALMEIDA";"4312203";"IBGE"
"RS";"MINAS DO LEÃO";"4312252";"IBGE"
"RS";"MIRAGUAÍ";"4312302";"IBGE"
"RS";"MONTAURI";"4312351";"IBGE"
"RS";"MONTE ALEGRE DOS CAMPOS";"4312377";"IBGE"
"RS";"MONTE BELO DO SUL";"4312385";"IBGE"
"RS";"MONTENEGRO";"4312401";"IBGE"
"RS";"MORMAÇO";"4312427";"IBGE"
"RS";"MORRINHOS DO SUL";"4312443";"IBGE"
"RS";"MORRO REDONDO";"4312450";"IBGE"
"RS";"MORRO REUTER";"4312476";"IBGE"
"RS";"MOSTARDAS";"4312500";"IBGE"
"RS";"MUÇUM";"4312609";"IBGE"
"RS";"MUITOS CAPÕES";"4312617";"IBGE"
"RS";"MULITERNO";"4312625";"IBGE"
"RS";"NÃO ME TOQUE";"4312658";"IBGE"
"RS";"NICOLAU VERGUEIRO";"4312674";"IBGE"
"RS";"NONOAI";"4312708";"IBGE"
"RS";"NOVA ALVORADA";"4312757";"IBGE"
"RS";"NOVA ARAÇÁ";"4312807";"IBGE"
"RS";"NOVA BASSANO";"4312906";"IBGE"
"RS";"NOVA BOA VISTA";"4312955";"IBGE"
"RS";"NOVA BRÉSCIA";"4313003";"IBGE"
"RS";"NOVA CANDELÁRIA";"4313011";"IBGE"
"RS";"NOVA ESPERANÇA DO SUL";"4313037";"IBGE"
"RS";"NOVA HARTZ";"4313060";"IBGE"
"RS";"NOVA PÁDUA";"4313086";"IBGE"
"RS";"NOVA PALMA";"4313102";"IBGE"
"RS";"NOVA PETRÓPOLIS";"4313201";"IBGE"
"RS";"NOVA PRATA";"4313300";"IBGE"
"RS";"NOVA RAMADA";"4313334";"IBGE"
"RS";"NOVA ROMA DO SUL";"4313359";"IBGE"
"RS";"NOVA SANTA RITA";"4313375";"IBGE"
"RS";"NOVO BARREIRO";"4313490";"IBGE"
"RS";"NOVO CABRAIS";"4313391";"IBGE"
"RS";"NOVO HAMBURGO";"4313409";"IBGE"
"RS";"NOVO MACHADO";"4313425";"IBGE"
"RS";"NOVO TIRADENTES";"4313441";"IBGE"
"RS";"NOVO XINGU";"4313466";"IBGE"
"RS";"OSÓRIO";"4313508";"IBGE"
"RS";"PAIM FILHO";"4313607";"IBGE"
"RS";"PALMARES DO SUL";"4313656";"IBGE"
"RS";"PALMEIRA DAS MISSÕES";"4313706";"IBGE"
"RS";"PALMITINHO";"4313805";"IBGE"
"RS";"PANAMBI";"4313904";"IBGE"
"RS";"PANTANO GRANDE";"4313953";"IBGE"
"RS";"PARAÍ";"4314001";"IBGE"
"RS";"PARAÍSO DO SUL";"4314027";"IBGE"
"RS";"PARECI NOVO";"4314035";"IBGE"
"RS";"PAROBÉ";"4314050";"IBGE"
"RS";"PASSA SETE";"4314068";"IBGE"
"RS";"PASSO DO SOBRADO";"4314076";"IBGE"
"RS";"PASSO FUNDO";"4314100";"IBGE"
"RS";"PAULO BENTO";"4314134";"IBGE"
"RS";"PAVERAMA";"4314159";"IBGE"
"RS";"PEDRAS ALTAS";"4314175";"IBGE"
"RS";"PEDRO OSÓRIO";"4314209";"IBGE"
"RS";"PEJUÇARA";"4314308";"IBGE"
"RS";"PELOTAS";"4314407";"IBGE"
"RS";"PICADA CAFÉ";"4314423";"IBGE"
"RS";"PINHAL";"4314456";"IBGE"
"RS";"PINHAL DA SERRA";"4314464";"IBGE"
"RS";"PINHAL GRANDE";"4314472";"IBGE"
"RS";"PINHEIRINHO DO VALE";"4314498";"IBGE"
"RS";"PINHEIRO MACHADO";"4314506";"IBGE"
"RS";"PINTO BANDEIRA";"4314548";"IBGE"
"RS";"PIRAPÓ";"4314555";"IBGE"
"RS";"PIRATINI";"4314605";"IBGE"
"RS";"PLANALTO";"4314704";"IBGE"
"RS";"POÇO DAS ANTAS";"4314753";"IBGE"
"RS";"PONTÃO";"4314779";"IBGE"
"RS";"PONTE PRETA";"4314787";"IBGE"
"RS";"PORTÃO";"4314803";"IBGE"
"RS";"PORTO ALEGRE";"4314902";"IBGE"
"RS";"PORTO LUCENA";"4315008";"IBGE"
"RS";"PORTO MAUÁ";"4315057";"IBGE"
"RS";"PORTO VERA CRUZ";"4315073";"IBGE"
"RS";"PORTO XAVIER";"4315107";"IBGE"
"RS";"POUSO NOVO";"4315131";"IBGE"
"RS";"PRESIDENTE LUCENA";"4315149";"IBGE"
"RS";"PROGRESSO";"4315156";"IBGE"
"RS";"PROTÁSIO ALVES";"4315172";"IBGE"
"RS";"PUTINGA";"4315206";"IBGE"
"RS";"QUARAÍ";"4315305";"IBGE"
"RS";"QUATRO IRMÃOS";"4315313";"IBGE"
"RS";"QUEVEDOS";"4315321";"IBGE"
"RS";"QUINZE DE NOVEMBRO";"4315354";"IBGE"
"RS";"REDENTORA";"4315404";"IBGE"
"RS";"RELVADO";"4315453";"IBGE"
"RS";"RESTINGA SÊCA";"4315503";"IBGE"
"RS";"RIO DOS ÍNDIOS";"4315552";"IBGE"
"RS";"RIO GRANDE";"4315602";"IBGE"
"RS";"RIO PARDO";"4315701";"IBGE"
"RS";"RIOZINHO";"4315750";"IBGE"
"RS";"ROCA SALES";"4315800";"IBGE"
"RS";"RODEIO BONITO";"4315909";"IBGE"
"RS";"ROLADOR";"4315958";"IBGE"
"RS";"ROLANTE";"4316006";"IBGE"
"RS";"RONDA ALTA";"4316105";"IBGE"
"RS";"RONDINHA";"4316204";"IBGE"
"RS";"ROQUE GONZALES";"4316303";"IBGE"
"RS";"ROSÁRIO DO SUL";"4316402";"IBGE"
"RS";"SAGRADA FAMÍLIA";"4316428";"IBGE"
"RS";"SALDANHA MARINHO";"4316436";"IBGE"
"RS";"SALTO DO JACUÍ";"4316451";"IBGE"
"RS";"SALVADOR DAS MISSÕES";"4316477";"IBGE"
"RS";"SALVADOR DO SUL";"4316501";"IBGE"
"RS";"SANANDUVA";"4316600";"IBGE"
"RS";"SANT ANA DO LIVRAMENTO";"4317103";"IBGE"
"RS";"SANTA BÁRBARA DO SUL";"4316709";"IBGE"
"RS";"SANTA CECÍLIA DO SUL";"4316733";"IBGE"
"RS";"SANTA CLARA DO SUL";"4316758";"IBGE"
"RS";"SANTA CRUZ DO SUL";"4316808";"IBGE"
"RS";"SANTA MARGARIDA DO SUL";"4316972";"IBGE"
"RS";"SANTA MARIA";"4316907";"IBGE"
"RS";"SANTA MARIA DO HERVAL";"4316956";"IBGE"
"RS";"SANTA ROSA";"4317202";"IBGE"
"RS";"SANTA TEREZA";"4317251";"IBGE"
"RS";"SANTA VITÓRIA DO PALMAR";"4317301";"IBGE"
"RS";"SANTANA DA BOA VISTA";"4317004";"IBGE"
"RS";"SANTANA DO LIVRAMENTO";"4317103";"GRAFIA_ANTIGA"
"RS";"SANTIAGO";"4317400";"IBGE"
"RS";"SANTO ÂNGELO";"4317509";"IBGE"
"RS";"SANTO ANTÔNIO DA PATRULHA";"4317608";"IBGE"
"RS";"SANTO ANTÔNIO DAS MISSÕES";"4317707";"IBGE"
"RS";"SANTO ANTÔNIO DO PALMA";"4317558";"IBGE"
"RS";"SANTO ANTÔNIO DO PLANALTO";"4317756";"IBGE"
"RS";"SANTO AUGUSTO";"4317806";"IBGE"
"RS";"SANTO CRISTO";"4317905";"IBGE"
"RS";"SANTO EXPEDITO DO SUL";"4317954";"IBGE"
"RS";"SÃO BORJA";"4318002";"IBGE"
"RS";"SÃO DOMINGOS DO SUL";"4318051";"IBGE"
"RS";"SÃO FRANCISCO DE ASSIS";"4318101";"IBGE"
"RS";"SÃO FRANCISCO DE PAULA";"4318200";"IBGE"
"RS";"SÃO GABRIEL";"4318309";"IBGE"
"RS";"SÃO JERÔNIMO";"4318408";"IBGE"
"RS";"SÃO JOÃO DA URTIGA";"4318424";"IBGE"
"RS";"SÃO JOÃO DO POLÊSINE";"4318432";"IBGE"
"RS";"SÃO JORGE";"4318440";"IBGE"
"RS";"SÃO JOSÉ DAS MISSÕES";"4318457";"IBGE"
"RS";"SÃO JOSÉ DO HERVAL";"4318465";"IBGE"
"RS";"SÃO JOSÉ DO HORTÊNCIO";"4318481";"IBGE"
"RS";"SÃO JOSÉ DO INHACORÁ";"4318499";"IBGE"
"RS";"SÃO JOSÉ DO NORTE";"4318507";"IBGE"
"RS";"SÃO JOSÉ DO OURO";"4318606";"IBGE"
"RS";"SÃO JOSÉ DO SUL";"4318614";"IBGE"
"RS";"SÃO JOSÉ DOS AUSENTES";"4318622";"IBGE"
"RS";"SÃO LEOPOLDO";"4318705";"IBGE"
"RS";"SÃO LOURENÇO DO SUL";"4318804";"IBGE"
"RS";"SÃO LUIZ GONZAGA";"4318903";"IBGE"
"RS";"SÃO MARCOS";"4319000";"IBGE"
"RS";"SÃO MARTINHO";"4319109";"IBGE"
"RS";"SÃO MARTINHO DA SERRA";"4319125";"IBGE"
"RS";"SÃO MIGUEL DAS MISSÕES";"4319158";"IBGE"
"RS";"SÃO NICOLAU";"4319208";"IBGE"
"RS";"SÃO PAULO DAS MISSÕES";"4319307";"IBGE"
"RS";"SÃO PEDRO DA SERRA";"4319356";"IBGE"
"RS";"SÃO PEDRO DAS MISSÕES";"4319364";"IBGE"
"RS";"SÃO PEDRO DO BUTIÁ";"4319372";"IBGE"
"RS";"SÃO PEDRO DO SUL";"4319406";"IBGE"
"RS";"SÃO SEBASTIÃO DO CAÍ";"4319505";"IBGE"
"RS";"SÃO SEPÉ";"4319604";"IBGE"
"RS";"SÃO VALENTIM";"4319703";"IBGE"
"RS";"SÃO VALENTIM DO SUL";"4319711";"IBGE"
"RS";"SÃO VALÉRIO DO SUL";"4319737";"IBGE"
"RS";"SÃO VENDELINO";"4319752";"IBGE"
"RS";"SÃO VICENTE DO SUL";"4319802";"IBGE"
"RS";"SAPIRANGA";"4319901";"IBGE"
"RS";"SAPUCAIA DO SUL";"4320008";"IBGE"
"RS";"SARANDI";"4320107";"IBGE"
"RS";"SEBERI";"4320206";"IBGE"
"RS";"SEDE NOVA";"4320230";"IBGE"
"RS";"SEGREDO";"4320263";"IBGE"
"RS";"SELBACH";"4320305";"IBGE"
"RS";"SENADOR SALGADO FILHO";"4320321";"IBGE"
"RS";"SENTINELA DO SUL";"4320354";"IBGE"
"RS";"SERAFINA CORRÊA";"4320404";"IBGE"
"RS";"SÉRIO";"4320453";"IBGE"
"RS";"SERTÃO";"4320503";"IBGE"
"RS";"SERTÃO SANTANA";"4320552";"IBGE"
"RS";"SETE DE SETEMBRO";"4320578";"IBGE"
"RS";"SEVERIANO DE ALMEIDA";"4320602";"IBGE"
"RS";"SILVEIRA MARTINS";"4320651";"IBGE"
"RS";"SINIMBU";"4320677";"IBGE"
"RS";"SOBRADINHO";"4320701";"IBGE"
"RS";"SOLEDADE";"4320800";"IBGE"
"RS";"TABAÍ";"4320859";"IBGE"
"RS";"TAPEJARA";"4320909";"IBGE"
"RS";"TAPERA";"4321006";"IBGE"
"RS";"TAPES";"4321105";"IBGE"
"RS";"TAQUARA";"4321204";"IBGE"
"RS";"TAQUARI";"4321303";"IBGE"
"RS";"TAQUARUÇU DO SUL";"4321329";"IBGE"
"RS";"TAVARES";"4321352";"IBGE"
"RS";"TENENTE PORTELA";"4321402";"IBGE"
"RS";"TERRA DE AREIA";"4321436";"IBGE"
"RS";"TEUTÔNIA";"4321451";"IBGE"
"RS";"TIO HUGO";"4321469";"IBGE"
"RS";"TIRADENTES DO SUL";"4321477";"IBGE"
"RS";"TOROPI";"4321493";"IBGE"
"RS";"TORRES";"4321501";"IBGE"
"RS";"TRAMANDAÍ";"4321600";"IBGE"
"RS";"TRAVESSEIRO";"4321626";"IBGE"
"RS";"TRÊS ARROIOS";"4321634";"IBGE"
"RS";"TRÊS CACHOEIRAS";"4321667";"IBGE"
"RS";"TRÊS COROAS";"4321709";"IBGE"
"RS";"TRÊS DE MAIO";"4321808";"IBGE"
"RS";"TRÊS FORQUILHAS";"4321832";"IBGE"
"RS";"TRÊS PALMEIRAS";"4321857";"IBGE"
"RS";"TRÊS PASSOS";"4321907";"IBGE"
"RS";"TRINDADE DO SUL";"4321956";"IBGE"
"RS";"TRIUNFO";"4322004";"IBGE"
"RS";"TUCUNDUVA";"4322103";"IBGE"
"RS";"TUNAS";"4322152";"IBGE"
"RS";"TUPANCI DO SUL";"4322186";"IBGE"
"RS";"TUPANCIRETÃ";"4322202";"IBGE"
"RS";"TUPANDI";"4322251";"IBGE"
"RS";"TUPARENDI";"4322301";"IBGE"
"RS";"TURUÇU";"4322327";"IBGE"
"RS";"UBIRETAMA";"4322343";"IBGE"
"RS";"UNIÃO DA SERRA";"4322350";"IBGE"
"RS";"UNISTALDA";"4322376";"IBGE"
"RS";"URUGUAIANA";"4322400";"IBGE"
"RS";"VACARIA";"4322509";"IBGE"
"RS";"VALE DO SOL";"4322533";"IBGE"
"RS";"VALE REAL";"4322541";"IBGE"
"RS";"VALE VERDE";"4322525";"IBGE"
"RS";"VANINI";"4322558";"IBGE"
"RS";"VENÂNCIO AIRES";"4322608";"IBGE"
"RS";"VERA CRUZ";"4322707";"IBGE"
"RS";"VERANÓPOLIS";"4322806";"IBGE"
"RS";"VESPASIANO CORRÊA";"4322855";"IBGE"
"RS";"VIADUTOS";"4322905";"IBGE"
"RS";"VIAMÃO";"4323002";"IBGE"
"RS";"VICENTE DUTRA";"4323101";"IBGE"
"RS";"VICTOR GRAEFF";"4323200";"IBGE"
"RS";"VILA FLORES";"4323309";"IBGE"
"RS";"VILA LÂNGARO";"4323358";"IBGE"
"RS";"VILA MARIA";"4323408";"IBGE"
"RS";"VILA NOVA DO SUL";"4323457";"IBGE"
"RS";"VISTA ALEGRE";"4323507";"IBGE"
"RS";"VISTA ALEGRE DO PRATA";"4323606";"IBGE"
"RS";"VISTA GAÚCHA";"4323705";"IBGE"
"RS";"VITÓRIA DAS MISSÕES";"4323754";"IBGE"
"RS";"WESTFÁLIA";"4323770";"IBGE"
"RS";"XANGRI LÁ";"4323804";"IBGE"
"RS";"XANGRILA";"4323804";"ERRO_DIGITACAO"
"SC";"ABDON BATISTA";"4200051";"IBGE"
"SC";"ABELARDO LUZ";"4200101";"IBGE"
"SC";"AGROLÂNDIA";"4200200";"IBGE"
"SC";"AGRONÔMICA";"4200309";"IBGE"
"SC";"ÁGUA DOCE";"4200408";"IBGE"
"SC";"ÁGUAS DE CHAPECÓ";"4200507";"IBGE"
"SC";"ÁGUAS FRIAS";"4200556";"IBGE"
"SC";"ÁGUAS MORNAS";"4200606";"IBGE"
"SC";"ALFREDO WAGNER";"4200705";"IBGE"
"SC";"ALTO BELA VISTA";"4200754";"IBGE"
"SC";"ANCHIETA";"4200804";"IBGE"
"SC";"ANGELINA";"4200903";"IBGE"
"SC";"ANITA GARIBALDI";"4201000";"IBGE"
"SC";"ANITÁPOLIS";"4201109";"IBGE"
"SC";"ANTÔNIO CARLOS";"4201208";"IBGE"
"SC";"APIÚNA";"4201257";"IBGE"
"SC";"ARABUTÃ";"4201273";"IBGE"
"SC";"ARAQUARI";"4201307";"IBGE"
"SC";"ARARANGUÁ";"4201406";"IBGE"
"SC";"ARMAZÉM";"4201505";"IBGE"
"SC";"ARROIO TRINTA";"4201604";"IBGE"
"SC";"ARVOREDO";"4201653";"IBGE"
"SC";"ASCURRA";"4201703";"IBGE"
"SC";"ATALANTA";"4201802";"IBGE"
"SC";"AURORA";"4201901";"IBGE"
"SC";"BALNEÁRIO ARROIO DO SILVA";"4201950";"IBGE"
"SC";"BALNEÁRIO BARRA DO SUL";"4202057";"IBGE"
"SC";"BALNEÁRIO CAMBORIÚ";"4202008";"IBGE"
"SC";"BALNEARIO CAMBURIU";"4202008";"ERRO_DIGITACAO"
"SC";"BALNEARIO DAS PICARRAS";"4212809";"ERRO_DIGITACAO"
"SC";"BALNEÁRIO GAIVOTA";"4202073";"IBGE"
"SC";"BALNEÁRIO PIÇARRAS";"4212809";"IBGE"
"SC";"BALNEÁRIO RINCÃO";"4220000";"IBGE"
"SC";"BANDEIRANTE";"4202081";"IBGE"
"SC";"BARRA BONITA";"4202099";"IBGE"
"SC";"BARRA VELHA";"4202107";"IBGE"
"SC";"BELA VISTA DO TOLDO";"4202131";"IBGE"
"SC";"BELMONTE";"4202156";"IBGE"
"SC";"BENEDITO NOVO";"4202206";"IBGE"
"SC";"BIGUAÇU";"4202305";"IBGE"
"SC";"BLUMENAU";"4202404";"IBGE"
"SC";"BOCAINA DO SUL";"4202438";"IBGE"
"SC";"BOM JARDIM DA SERRA";"4202503";"IBGE"
"SC";"BOM JESUS";"4202537";"IBGE"
"SC";"BOM JESUS DO OESTE";"4202578";"IBGE"
"SC";"BOM RETIRO";"4202602";"IBGE"
"SC";"BOMBINHAS";"4202453";"IBGE"
"SC";"BOTUVERÁ";"4202701";"IBGE"
"SC";"BRAÇO DO NORTE";"4202800";"IBGE"
"SC";"BRAÇO DO TROMBUDO";"4202859";"IBGE"
"SC";"BRUNÓPOLIS";"4202875";"IBGE"
"SC";"BRUSQUE";"4202909";"IBGE"
"SC";"CAÇADOR";"4203006";"IBGE"
"SC";"CAIBI";"4203105";"IBGE"
"SC";"CALMON";"4203154";"IBGE"
"SC";"CAMBORIÚ";"4203204";"IBGE"
"SC";"CAMPO ALEGRE";"4203303";"IBGE"
"SC";"CAMPO BELO DO SUL";"4203402";"IBGE"
"SC";"CAMPO ERÊ";"4203501";"IBGE"
"SC";"CAMPOS NOVOS";"4203600";"IBGE"
"SC";"CANELINHA";"4203709";"IBGE"
"SC";"CANOINHAS";"4203808";"IBGE"
"SC";"CAPÃO ALTO";"4203253";"IBGE"
"SC";"CAPINZAL";"4203907";"IBGE"
"SC";"CAPIVARI DE BAIXO";"4203956";"IBGE"
"SC";"CATANDUVAS";"4204004";"IBGE"
"SC";"CAXAMBU DO SUL";"4204103";"IBGE"
"SC";"CELSO RAMOS";"4204152";"IBGE"
"SC";"CERRO NEGRO";"4204178";"IBGE"
"SC";"CHAPADÃO DO LAGEADO";"4204194";"IBGE"
"SC";"CHAPECÓ";"4204202";"IBGE"
"SC";"COCAL DO SUL";"4204251";"IBGE"
"SC";"CONCÓRDIA";"4204301";"IBGE"
"SC";"CORDILHEIRA ALTA";"4204350";"IBGE"
"SC";"CORONEL FREITAS";"4204400";"IBGE"
"SC";"CORONEL MARTINS";"4204459";"IBGE"
"SC";"CORREIA PINTO";"4204558";"IBGE"
"SC";"CORUPÁ";"4204509";"IBGE"
"SC";"CRICIÚMA";"4204608";"IBGE"
"SC";"CUNHA PORÃ";"4204707";"IBGE"
"SC";"CUNHATAÍ";"4204756";"IBGE"
"SC";"CURITIBANOS";"4204806";"IBGE"
"SC";"DESCANSO";"4204905";"IBGE"
"SC";"DIONÍSIO CERQUEIRA";"4205001";"IBGE"
"SC";"DONA EMMA";"4205100";"IBGE"
"SC";"DOUTOR PEDRINHO";"4205159";"IBGE"
"SC";"ENTRE RIOS";"4205175";"IBGE"
"SC";"ERMO";"4205191";"IBGE"
"SC";"ERVAL VELHO";"4205209";"IBGE"
"SC";"FAXINAL DOS GUEDES";"4205308";"IBGE"
"SC";"FLOR DO SERTÃO";"4205357";"IBGE"
"SC";"FLORIANÓPOLIS";"4205407";"IBGE"
"SC";"FORMOSA DO SUL";"4205431";"IBGE"
"SC";"FORQUILHINHA";"4205456";"IBGE"
"SC";"FRAIBURGO";"4205506";"IBGE"
"SC";"FREI ROGÉRIO";"4205555";"IBGE"
"SC";"GALVÃO";"4205605";"IBGE"
"SC";"GAROPABA";"4205704";"IBGE"
"SC";"GARUVA";"4205803";"IBGE"
"SC";"GASPAR";"4205902";"IBGE"
"SC";"GOVERNADOR CELSO RAMOS";"4206009";"IBGE"
"SC";"GRÃO PARÁ";"4206108";"IBGE"
"SC";"GRAVATAL";"4206207";"IBGE"
"SC";"GUABIRUBA";"4206306";"IBGE"
"SC";"GUARACIABA";"4206405";"IBGE"
"SC";"GUARAMIRIM";"4206504";"IBGE"
"SC";"GUARAMIRIN";"4206504";"ERRO_DIGITACAO"
"SC";"GUARUJÁ DO SUL";"4206603";"IBGE"
"SC";"GUATAMBÚ";"4206652";"IBGE"
"SC";"HERVAL D OESTE";"4206702";"IBGE"
"SC";"IBIAM";"4206751";"IBGE"
"SC";"IBICARÉ";"4206801";"IBGE"
"SC";"IBIRAMA";"4206900";"IBGE"
"SC";"IÇARA";"4207007";"IBGE"
"SC";"ILHOTA";"4207106";"IBGE"
"SC";"IMARUÍ";"4207205";"IBGE"
"SC";"IMBITUBA";"4207304";"IBGE"
"SC";"IMBUIA";"4207403";"IBGE"
"SC";"INDAIAL";"4207502";"IBGE"
"SC";"IOMERÊ";"4207577";"IBGE"
"SC";"IPIRA";"4207601";"IBGE"
"SC";"IPORÃ DO OESTE";"4207650";"IBGE"
"SC";"IPUAÇU";"4207684";"IBGE"
"SC";"IPUMIRIM";"4207700";"IBGE"
"SC";"IRACEMINHA";"4207759";"IBGE"
"SC";"IRANI";"4207809";"IBGE"
"SC";"IRATI";"4207858";"IBGE"
"SC";"IRINEÓPOLIS";"4207908";"IBGE"
"SC";"ITÁ";"4208005";"IBGE"
"SC";"ITAIÓPOLIS";"4208104";"IBGE"
"SC";"ITAJAÍ";"4208203";"IBGE"
"SC";"ITAPEMA";"4208302";"IBGE"
"SC";"ITAPIRANGA";"4208401";"IBGE"
"SC";"ITAPOÁ";"4208450";"IBGE"
"SC";"ITUPORANGA";"4208500";"IBGE"
"SC";"JABORÁ";"4208609";"IBGE"
"SC";"JACINTO MACHADO";"4208708";"IBGE"
"SC";"JAGUARUNA";"4208807";"IBGE"
"SC";"JARAGUÁ DO SUL";"4208906";"IBGE"
"SC";"JARDINÓPOLIS";"4208955";"IBGE"
"SC";"JOAÇABA";"4209003";"IBGE"
"SC";"JOINVILLE";"4209102";"IBGE"
"SC";"JOSÉ BOITEUX";"4209151";"IBGE"
"SC";"JUPIÁ";"4209177";"IBGE"
"SC";"LACERDÓPOLIS";"4209201";"IBGE"
"SC";"LAGES";"4209300";"IBGE"
"SC";"LAGUNA";"4209409";"IBGE"
"SC";"LAJEADO GRANDE";"4209458";"IBGE"
"SC";"LAURENTINO";"4209508";"IBGE"
"SC";"LAURO MÜLLER";"4209607";"IBGE"
"SC";"LEBON RÉGIS";"4209706";"IBGE"
"SC";"LEOBERTO LEAL";"4209805";"IBGE"
"SC";"LINDÓIA DO SUL";"4209854";"IBGE"
"SC";"LONTRAS";"4209904";"IBGE"
"SC";"LUIZ ALVES";"4210001";"IBGE"
"SC";"LUZERNA";"4210035";"IBGE"
"SC";"MACIEIRA";"4210050";"IBGE"
"SC";"MAFRA";"4210100";"IBGE"
"SC";"MAJOR GERCINO";"4210209";"IBGE"
"SC";"MAJOR VIEIRA";"4210308";"IBGE"
"SC";"MARACAJÁ";"4210407";"IBGE"
"SC";"MARAVILHA";"4210506";"IBGE"
"SC";"MARAVILHA MG";"4210506";"ERRO_DIGITACAO"
"SC";"MAREMA";"4210555";"IBGE"
"SC";"MASSARANDUBA";"4210605";"IBGE"
"SC";"MATOS COSTA";"4210704";"IBGE"
"SC";"MELEIRO";"4210803";"IBGE"
"SC";"MIRIM DOCE";"4210852";"IBGE"
"SC";"MODELO";"4210902";"IBGE"
"SC";"MONDAÍ";"4211009";"IBGE"
"SC";"MONTE CARLO";"4211058";"IBGE"
"SC";"MONTE CASTELO";"4211108";"IBGE"
"SC";"MORRO DA FUMAÇA";"4211207";"IBGE"
"SC";"MORRO GRANDE";"4211256";"IBGE"
"SC";"NAVEGANTES";"4211306";"IBGE"
"SC";"NOVA ERECHIM";"4211405";"IBGE"
"SC";"NOVA ITABERABA";"4211454";"IBGE"
"SC";"NOVA TRENTO";"4211504";"IBGE"
"SC";"NOVA VENEZA";"4211603";"IBGE"
"SC";"NOVO HORIZONTE";"4211652";"IBGE"
"SC";"ORLEANS";"4211702";"IBGE"
"SC";"OTACÍLIO COSTA";"4211751";"IBGE"
"SC";"OURO";"4211801";"IBGE"
"SC";"OURO VERDE";"4211850";"IBGE"
"SC";"PAIAL";"4211876";"IBGE"
"SC";"PAINEL";"4211892";"IBGE"
"SC";"PALHOÇA";"4211900";"IBGE"
"SC";"PALMA SOLA";"4212007";"IBGE"
"SC";"PALMEIRA";"4212056";"IBGE"
"SC";"PALMITOS";"4212106";"IBGE"
"SC";"PAPANDUVA";"4212205";"IBGE"
"SC";"PARAÍSO";"4212239";"IBGE"
"SC";"PASSO DE TORRES";"4212254";"IBGE"
"SC";"PASSOS MAIA";"4212270";"IBGE"
"SC";"PAULO LOPES";"4212304";"IBGE"
"SC";"PEDRAS GRANDES";"4212403";"IBGE"
"SC";"PENHA";"4212502";"IBGE"
"SC";"PERITIBA";"4212601";"IBGE"
"SC";"PESCARIA BRAVA";"4212650";"IBGE"
"SC";"PETROLÂNDIA";"4212700";"IBGE"
"SC";"PINHALZINHO";"4212908";"IBGE"
"SC";"PINHEIRO PRETO";"4213005";"IBGE"
"SC";"PIRATUBA";"4213104";"IBGE"
"SC";"PLANALTO ALEGRE";"4213153";"IBGE"
"SC";"POMERODE";"4213203";"IBGE"
"SC";"PONTE ALTA";"4213302";"IBGE"
"SC";"PONTE ALTA DO NORTE";"4213351";"IBGE"
"SC";"PONTE SERRADA";"4213401";"IBGE"
"SC";"PORTO BELO";"4213500";"IBGE"
"SC";"PORTO UNIÃO";"4213609";"IBGE"
"SC";"POUSO REDONDO";"4213708";"IBGE"
"SC";"PRAIA GRANDE";"4213807";"IBGE"
"SC";"PRESIDENTE CASTELLO BRANCO";"4213906";"IBGE"
"SC";"PRESIDENTE GETÚLIO";"4214003";"IBGE"
"SC";"PRESIDENTE NEREU";"4214102";"IBGE"
"SC";"PRINCESA";"4214151";"IBGE"
"SC";"QUILOMBO";"4214201";"IBGE"
"SC";"RANCHO QUEIMADO";"4214300";"IBGE"
"SC";"RIO DAS ANTAS";"4214409";"IBGE"
"SC";"RIO DO CAMPO";"4214508";"IBGE"
"SC";"RIO DO OESTE";"4214607";"IBGE"
"SC";"RIO DO SUL";"4214805";"IBGE"
"SC";"RIO DOS CEDROS";"4214706";"IBGE"
"SC";"RIO FORTUNA";"4214904";"IBGE"
"SC";"RIO NEGRINHO";"4215000";"IBGE"
"SC";"RIO RUFINO";"4215059";"IBGE"
"SC";"RIQUEZA";"4215075";"IBGE"
"SC";"RODEIO";"4215109";"IBGE"
"SC";"ROMELÂNDIA";"4215208";"IBGE"
"SC";"SALETE";"4215307";"IBGE"
"SC";"SALTINHO";"4215356";"IBGE"
"SC";"SALTO VELOSO";"4215406";"IBGE"
"SC";"SANGÃO";"4215455";"IBGE"
"SC";"SANTA CECÍLIA";"4215505";"IBGE"
"SC";"SANTA HELENA";"4215554";"IBGE"
"SC";"SANTA ROSA DE LIMA";"4215604";"IBGE"
"SC";"SANTA ROSA DO SUL";"4215653";"IBGE"
"SC";"SANTA TEREZINHA";"4215679";"IBGE"
"SC";"SANTA TEREZINHA DO PROGRESSO";"4215687";"IBGE"
"SC";"SANTIAGO DO SUL";"4215695";"IBGE"
"SC";"SANTO AMARO DA IMPERATRIZ";"4215703";"IBGE"
"SC";"SÃO BENTO DO SUL";"4215802";"IBGE"
"SC";"SÃO BERNARDINO";"4215752";"IBGE"
"SC";"SÃO BONIFÁCIO";"4215901";"IBGE"
"SC";"SÃO CARLOS";"4216008";"IBGE"
"SC";"SÃO CRISTÓVÃO DO SUL";"4216057";"IBGE"
"SC";"SÃO DOMINGOS";"4216107";"IBGE"
"SC";"SÃO FRANCISCO DO SUL";"4216206";"IBGE"
"SC";"SÃO JOÃO BATISTA";"4216305";"IBGE"
"SC";"SÃO JOÃO DO ITAPERIÚ";"4216354";"IBGE"
"SC";"SÃO JOÃO DO OESTE";"4216255";"IBGE"
"SC";"SÃO JOÃO DO SUL";"4216404";"IBGE"
"SC";"SÃO JOAQUIM";"4216503";"IBGE"
"SC";"SÃO JOSÉ";"4216602";"IBGE"
"SC";"SÃO JOSÉ DO CEDRO";"4216701";"IBGE"
"SC";"SÃO JOSÉ DO CERRITO";"4216800";"IBGE"
"SC";"SÃO LOURENÇO DO OESTE";"4216909";"IBGE"
"SC";"SÃO LUDGERO";"4217006";"IBGE"
"SC";"SÃO MARTINHO";"4217105";"IBGE"
"SC";"SAO MIGUEL D OESTE";"4217204";"ERRO_DIGITACAO"
"SC";"SÃO MIGUEL DA BOA VISTA";"4217154";"IBGE"
"SC";"SÃO MIGUEL DO OESTE";"4217204";"IBGE"
"SC";"SÃO PEDRO DE ALCÂNTARA";"4217253";"IBGE"
"SC";"SAUDADES";"4217303";"IBGE"
"SC";"SCHROEDER";"4217402";"IBGE"
"SC";"SEARA";"4217501";"IBGE"
"SC";"SERRA ALTA";"4217550";"IBGE"
"SC";"SIDERÓPOLIS";"4217600";"IBGE"
"SC";"SOMBRIO";"4217709";"IBGE"
"SC";"SUL BRASIL";"4217758";"IBGE"
"SC";"TAIÓ";"4217808";"IBGE"
"SC";"TANGARÁ";"4217907";"IBGE"
"SC";"TIGRINHOS";"4217956";"IBGE"
"SC";"TIJUCAS";"4218004";"IBGE"
"SC";"TIMBÉ DO SUL";"4218103";"IBGE"
"SC";"TIMBÓ";"4218202";"IBGE"
"SC";"TIMBÓ GRANDE";"4218251";"IBGE"
"SC";"TRÊS BARRAS";"4218301";"IBGE"
"SC";"TREVISO";"4218350";"IBGE"
"SC";"TREZE DE MAIO";"4218400";"IBGE"
"SC";"TREZE TÍLIAS";"4218509";"IBGE"
"SC";"TROMBUDO CENTRAL";"4218608";"IBGE"
"SC";"TUBARÃO";"4218707";"IBGE"
"SC";"TUNÁPOLIS";"4218756";"IBGE"
"SC";"TURVO";"4218806";"IBGE"
"SC";"UNIÃO DO OESTE";"4218855";"IBGE"
"SC";"URUBICI";"4218905";"IBGE"
"SC";"URUPEMA";"4218954";"IBGE"
"SC";"URUSSANGA";"4219002";"IBGE"
"SC";"VARGEÃO";"4219101";"IBGE"
"SC";"VARGEM";"4219150";"IBGE"
"SC";"VARGEM BONITA";"4219176";"IBGE"
"SC";"VIDAL RAMOS";"4219200";"IBGE"
"SC";"VIDEIRA";"4219309";"IBGE"
"SC";"VITOR MEIRELES";"4219358";"IBGE"
"SC";"WITMARSUM";"4219408";"IBGE"
"SC";"XANXERÊ";"4219507";"IBGE"
"SC";"XAVANTINA";"4219606";"IBGE"
"SC";"XAXIM";"4219705";"IBGE"
"SC";"ZORTÉA";"4219853";"IBGE"
"SE";"AMPARO DO SÃO FRANCISCO";"2800100";"IBGE"
"SE";"AQUIDABÃ";"2800209";"IBGE"
"SE";"ARACAJU";"2800308";"IBGE"
"SE";"ARAUÁ";"2800407";"IBGE"
"SE";"AREIA BRANCA";"2800506";"IBGE"
"SE";"BARRA DOS COQUEIROS";"2800605";"IBGE"
"SE";"BOQUIM";"2800670";"IBGE"
"SE";"BREJO GRANDE";"2800704";"IBGE"
"SE";"CAMPO DO BRITO";"2801009";"IBGE"
"SE";"CANHOBA";"2801108";"IBGE"
"SE";"CANINDÉ DE SÃO FRANCISCO";"2801207";"IBGE"
"SE";"CAPELA";"2801306";"IBGE"
"SE";"CARIRA";"2801405";"IBGE"
"SE";"CARMÓPOLIS";"2801504";"IBGE"
"SE";"CEDRO DE SÃO JOÃO";"2801603";"IBGE"
"SE";"CRISTINÁPOLIS";"2801702";"IBGE"
"SE";"CUMBE";"2801900";"IBGE"
"SE";"DIVINA PASTORA";"2802007";"IBGE"
"SE";"ESTÂNCIA";"2802106";"IBGE"
"SE";"FEIRA NOVA";"2802205";"IBGE"
"SE";"FREI PAULO";"2802304";"IBGE"
"SE";"GARARU";"2802403";"IBGE"
"SE";"GENERAL MAYNARD";"2802502";"IBGE"
"SE";"GRACCHO CARDOSO";"2802601";"IBGE"
"SE";"ILHA DAS FLORES";"2802700";"IBGE"
"SE";"INDIAROBA";"2802809";"IBGE"
"SE";"ITABAIANA";"2802908";"IBGE"
"SE";"ITABAIANINHA";"2803005";"IBGE"
"SE";"ITABI";"2803104";"IBGE"
"SE";"ITAPORANGA D AJUDA";"2803203";"IBGE"
"SE";"ITAPORANGA DAJUDA";"2803203";"ERRO_DIGITACAO"
"SE";"JAPARATUBA";"2803302";"IBGE"
"SE";"JAPOATÃ";"2803401";"IBGE"
"SE";"LAGARTO";"2803500";"IBGE"
"SE";"LARANJEIRAS";"2803609";"IBGE"
"SE";"MACAMBIRA";"2803708";"IBGE"
"SE";"MALHADA DOS BOIS";"2803807";"IBGE"
"SE";"MALHADOR";"2803906";"IBGE"
"SE";"MARUIM";"2804003";"IBGE"
"SE";"MOITA BONITA";"2804102";"IBGE"
"SE";"MONTE ALEGRE DE SERGIPE";"2804201";"IBGE"
"SE";"MURIBECA";"2804300";"IBGE"
"SE";"NEÓPOLIS";"2804409";"IBGE"
"SE";"NOSSA SENHORA APARECIDA";"2804458";"IBGE"
"SE";"NOSSA SENHORA DA GLÓRIA";"2804508";"IBGE"
"SE";"NOSSA SENHORA DAS DORES";"2804607";"IBGE"
"SE";"NOSSA SENHORA DE LOURDES";"2804706";"IBGE"
"SE";"NOSSA SENHORA DO SOCORRO";"2804805";"IBGE"
"SE";"PACATUBA";"2804904";"IBGE"
"SE";"PEDRA MOLE";"2805000";"IBGE"
"SE";"PEDRINHAS";"2805109";"IBGE"
"SE";"PINHÃO";"2805208";"IBGE"
"SE";"PIRAMBU";"2805307";"IBGE"
"SE";"POÇO REDONDO";"2805406";"IBGE"
"SE";"POÇO VERDE";"2805505";"IBGE"
"SE";"PORTO DA FOLHA";"2805604";"IBGE"
"SE";"PROPRIÁ";"2805703";"IBGE"
"SE";"RIACHÃO DO DANTAS";"2805802";"IBGE"
"SE";"RIACHUELO";"2805901";"IBGE"
"SE";"RIBEIRÓPOLIS";"2806008";"IBGE"
"SE";"ROSÁRIO DO CATETE";"2806107";"IBGE"
"SE";"SALGADO";"2806206";"IBGE"
"SE";"SANTA LUZIA DO ITANHY";"2806305";"IBGE"
"SE";"SANTA ROSA DE LIMA";"2806503";"IBGE"
"SE";"SANTANA DO SÃO FRANCISCO";"2806404";"IBGE"
"SE";"SANTO AMARO DAS BROTAS";"2806602";"IBGE"
"SE";"SÃO CRISTÓVÃO";"2806701";"IBGE"
"SE";"SÃO DOMINGOS";"2806800";"IBGE"
"SE";"SÃO FRANCISCO";"2806909";"IBGE"
"SE";"SÃO MIGUEL DO ALEIXO";"2807006";"IBGE"
"SE";"SIMÃO DIAS";"2807105";"IBGE"
"SE";"SIRIRI";"2807204";"IBGE"
"SE";"TELHA";"2807303";"IBGE"
"SE";"TOBIAS BARRETO";"2807402";"IBGE"
"SE";"TOMAR DO GERU";"2807501";"IBGE"
"SE";"UMBAÚBA";"2807600";"IBGE"
"SP";"ADAMANTINA";"3500105";"IBGE"
"SP";"ADOLFO";"3500204";"IBGE"
"SP";"AGUAÍ";"3500303";"IBGE"
"SP";"ÁGUAS DA PRATA";"3500402";"IBGE"
"SP";"ÁGUAS DE LINDÓIA";"3500501";"IBGE"
"SP";"ÁGUAS DE SANTA BÁRBARA";"3500550";"IBGE"
"SP";"ÁGUAS DE SÃO PEDRO";"3500600";"IBGE"
"SP";"AGUDOS";"3500709";"IBGE"
"SP";"ALAMBARI";"3500758";"IBGE"
"SP";"ALFREDO MARCONDES";"3500808";"IBGE"
"SP";"ALTAIR";"3500907";"IBGE"
"SP";"ALTINÓPOLIS";"3501004";"IBGE"
"SP";"ALTO ALEGRE";"3501103";"IBGE"
"SP";"ALUMÍNIO";"3501152";"IBGE"
"SP";"ÁLVARES FLORENCE";"3501202";"IBGE"
"SP";"ÁLVARES MACHADO";"3501301";"IBGE"
"SP";"ÁLVARO DE CARVALHO";"3501400";"IBGE"
"SP";"ALVINLÂNDIA";"3501509";"IBGE"
"SP";"AMERICANA";"3501608";"IBGE"
"SP";"AMÉRICO BRASILIENSE";"3501707";"IBGE"
"SP";"AMÉRICO DE CAMPOS";"3501806";"IBGE"
"SP";"AMPARO";"3501905";"IBGE"
"SP";"ANALÂNDIA";"3502002";"IBGE"
"SP";"ANDRADINA";"3502101";"IBGE"
"SP";"ANGATUBA";"3502200";"IBGE"
"SP";"ANHEMBI";"3502309";"IBGE"
"SP";"ANHUMAS";"3502408";"IBGE"
"SP";"APARECIDA";"3502507";"IBGE"
"SP";"APARECIDA D OESTE";"3502606";"IBGE"
"SP";"APIAÍ";"3502705";"IBGE"
"SP";"ARAÇARIGUAMA";"3502754";"IBGE"
"SP";"ARAÇATUBA";"3502804";"IBGE"
"SP";"ARAÇOIABA DA SERRA";"3502903";"IBGE"
"SP";"ARAMINA";"3503000";"IBGE"
"SP";"ARANDU";"3503109";"IBGE"
"SP";"ARAPEÍ";"3503158";"IBGE"
"SP";"ARARAQUARA";"3503208";"IBGE"
"SP";"ARARAS";"3503307";"IBGE"
"SP";"ARCO ÍRIS";"3503356";"IBGE"
"SP";"AREALVA";"3503406";"IBGE"
"SP";"AREIAS";"3503505";"IBGE"
"SP";"AREIÓPOLIS";"3503604";"IBGE"
"SP";"ARIRANHA";"3503703";"IBGE"
"SP";"ARTUR NOGUEIRA";"3503802";"IBGE"
"SP";"ARUJÁ";"3503901";"IBGE"
"SP";"ASPÁSIA";"3503950";"IBGE"
"SP";"ASSIS";"3504008";"IBGE"
"SP";"ATIBAIA";"3504107";"IBGE"
"SP";"AURIFLAMA";"3504206";"IBGE"
"SP";"AVAÍ";"3504305";"IBGE"
"SP";"AVANHANDAVA";"3504404";"IBGE"
"SP";"AVARÉ";"3504503";"IBGE"
"SP";"BADY BASSIT";"3504602";"ERRO_DIGITACAO"
"SP";"BADY BASSITT";"3504602";"IBGE"
"SP";"BALBINOS";"3504701";"IBGE"
"SP";"BÁLSAMO";"3504800";"IBGE"
"SP";"BANANAL";"3504909";"IBGE"
"SP";"BARÃO DE ANTONINA";"3505005";"IBGE"
"SP";"BARBOSA";"3505104";"IBGE"
"SP";"BARIRI";"3505203";"IBGE"
"SP";"BARRA BONITA";"3505302";"IBGE"
"SP";"BARRA DO CHAPÉU";"3505351";"IBGE"
"SP";"BARRA DO TURVO";"3505401";"IBGE"
"SP";"BARRETOS";"3505500";"IBGE"
"SP";"BARRINHA";"3505609";"IBGE"
"SP";"BARUERI";"3505708";"IBGE"
"SP";"BASTOS";"3505807";"IBGE"
"SP";"BATATAIS";"3505906";"IBGE"
"SP";"BAURU";"3506003";"IBGE"
"SP";"BEBEDOURO";"3506102";"IBGE"
"SP";"BENTO DE ABREU";"3506201";"IBGE"
"SP";"BERNARDINO DE CAMPOS";"3506300";"IBGE"
"SP";"BERTIOGA";"3506359";"IBGE"
"SP";"BILAC";"3506409";"IBGE"
"SP";"BIRIGUI";"3506508";"IBGE"
"SP";"BIRITIBA MIRIM";"3506607";"IBGE"
"SP";"BOA ESPERANÇA DO SUL";"3506706";"IBGE"
"SP";"BOCAINA";"3506805";"IBGE"
"SP";"BOFETE";"3506904";"IBGE"
"SP";"BOITUVA";"3507001";"IBGE"
"SP";"BOM JESUS DOS PERDÕES";"3507100";"IBGE"
"SP";"BOM SUCESSO DE ITARARÉ";"3507159";"IBGE"
"SP";"BORÁ";"3507209";"IBGE"
"SP";"BORACÉIA";"3507308";"IBGE"
"SP";"BORBOREMA";"3507407";"IBGE"
"SP";"BOREBI";"3507456";"IBGE"
"SP";"BOTUCATU";"3507506";"IBGE"
"SP";"BRAGANÇA PAULISTA";"3507605";"IBGE"
"SP";"BRAÚNA";"3507704";"IBGE"
"SP";"BREJO ALEGRE";"3507753";"IBGE"
"SP";"BRODOSQUI";"3507803";"GRAFIA_ANTIGA"
"SP";"BRODOWSKI";"3507803";"IBGE"
"SP";"BROTAS";"3507902";"IBGE"
"SP";"BURI";"3508009";"IBGE"
"SP";"BURITAMA";"3508108";"IBGE"
"SP";"BURITIZAL";"3508207";"IBGE"
"SP";"CABRÁLIA PAULISTA";"3508306";"IBGE"
"SP";"CABREÚVA";"3508405";"IBGE"
"SP";"CAÇAPAVA";"3508504";"IBGE"
"SP";"CACHOEIRA PAULISTA";"3508603";"IBGE"
"SP";"CACONDE";"3508702";"IBGE"
"SP";"CAFELÂNDIA";"3508801";"IBGE"
"SP";"CAIABU";"3508900";"IBGE"
"SP";"CAIEIRAS";"3509007";"IBGE"
"SP";"CAIUÁ";"3509106";"IBGE"
"SP";"CAJAMAR";"3509205";"IBGE"
"SP";"CAJATI";"3509254";"IBGE"
"SP";"CAJOBI";"3509304";"IBGE"
"SP";"CAJURU";"3509403";"IBGE"
"SP";"CAMPINA DO MONTE ALEGRE";"3509452";"IBGE"
"SP";"CAMPINAS";"3509502";"IBGE"
"SP";"CAMPO LIMPO PAULISTA";"3509601";"IBGE"
"SP";"CAMPOS DO JORDÃO";"3509700";"IBGE"
"SP";"CAMPOS NOVOS PAULISTA";"3509809";"IBGE"
"SP";"CANANÉIA";"3509908";"IBGE"
"SP";"CANAS";"3509957";"IBGE"
"SP";"CÂNDIDO MOTA";"3510005";"IBGE"
"SP";"CÂNDIDO RODRIGUES";"3510104";"IBGE"
"SP";"CANITAR";"3510153";"IBGE"
"SP";"CAPÃO BONITO";"3510203";"IBGE"
"SP";"CAPELA DO ALTO";"3510302";"IBGE"
"SP";"CAPIVARI";"3510401";"IBGE"
"SP";"CARAGUATATUBA";"3510500";"IBGE"
"SP";"CARAPICUÍBA";"3510609";"IBGE"
"SP";"CARDOSO";"3510708";"IBGE"
"SP";"CASA BRANCA";"3510807";"IBGE"
"SP";"CÁSSIA DOS COQUEIROS";"3510906";"IBGE"
"SP";"CASTILHO";"3511003";"IBGE"
"SP";"CATANDUVA";"3511102";"IBGE"
"SP";"CATIGUÁ";"3511201";"IBGE"
"SP";"CEDRAL";"3511300";"IBGE"
"SP";"CERQUEIRA CÉSAR";"3511409";"IBGE"
"SP";"CERQUILHO";"3511508";"IBGE"
"SP";"CESÁRIO LANGE";"3511607";"IBGE"
"SP";"CHARQUEADA";"3511706";"IBGE"
"SP";"CHAVANTES";"3557204";"IBGE"
"SP";"CLEMENTINA";"3511904";"IBGE"
"SP";"COLINA";"3512001";"IBGE"
"SP";"COLÔMBIA";"3512100";"IBGE"
"SP";"CONCHAL";"3512209";"IBGE"
"SP";"CONCHAS";"3512308";"IBGE"
"SP";"CORDEIRÓPOLIS";"3512407";"IBGE"
"SP";"COROADOS";"3512506";"IBGE"
"SP";"CORONEL MACEDO";"3512605";"IBGE"
"SP";"CORUMBATAÍ";"3512704";"IBGE"
"SP";"COSMÓPOLIS";"3512803";"IBGE"
"SP";"COSMORAMA";"3512902";"IBGE"
"SP";"COTIA";"3513009";"IBGE"
"SP";"CRAVINHOS";"3513108";"IBGE"
"SP";"CRISTAIS PAULISTA";"3513207";"IBGE"
"SP";"CRUZÁLIA";"3513306";"IBGE"
"SP";"CRUZEIRO";"3513405";"IBGE"
"SP";"CUBATÃO";"3513504";"IBGE"
"SP";"CUNHA";"3513603";"IBGE"
"SP";"DESCALVADO";"3513702";"IBGE"
"SP";"DIADEMA";"3513801";"IBGE"
"SP";"DIRCE REIS";"3513850";"IBGE"
"SP";"DIVINOLÂNDIA";"3513900";"IBGE"
"SP";"DOBRADA";"3514007";"IBGE"
"SP";"DOIS CÓRREGOS";"3514106";"IBGE"
"SP";"DOLCINÓPOLIS";"3514205";"IBGE"
"SP";"DOURADO";"3514304";"IBGE"
"SP";"DRACENA";"3514403";"IBGE"
"SP";"DUARTINA";"3514502";"IBGE"
"SP";"DUMONT";"3514601";"IBGE"
"SP";"ECHAPORÃ";"3514700";"IBGE"
"SP";"ELDORADO";"3514809";"IBGE"
"SP";"ELIAS FAUSTO";"3514908";"IBGE"
"SP";"ELISIÁRIO";"3514924";"IBGE"
"SP";"EMBAÚBA";"3514957";"IBGE"
"SP";"EMBU";"3515004";"GRAFIA_ANTIGA"
"SP";"EMBU DAS ARTES";"3515004";"IBGE"
"SP";"EMBU GUAÇU";"3515103";"IBGE"
"SP";"EMILIANÓPOLIS";"3515129";"IBGE"
"SP";"ENGENHEIRO COELHO";"3515152";"IBGE"
"SP";"ESPÍRITO SANTO DO PINHAL";"3515186";"IBGE"
"SP";"ESPÍRITO SANTO DO TURVO";"3515194";"IBGE"
"SP";"ESTIVA GERBI";"3557303";"IBGE"
"SP";"ESTRELA D OESTE";"3515202";"IBGE"
"SP";"ESTRELA DO NORTE";"3515301";"IBGE"
"SP";"EUCLIDES DA CUNHA PAULISTA";"3515350";"IBGE"
"SP";"FARTURA";"3515400";"IBGE"
"SP";"FERNANDO PRESTES";"3515608";"IBGE"
"SP";"FERNANDÓPOLIS";"3515509";"IBGE"
"SP";"FERNÃO";"3515657";"IBGE"
"SP";"FERRAZ DE VASCONCELOS";"3515707";"IBGE"
"SP";"FLORA RICA";"3515806";"IBGE"
"SP";"FLOREAL";"3515905";"IBGE"
"SP";"FLÓRIDA PAULISTA";"3516002";"IBGE"
"SP";"FLORÍNEA";"3516101";"IBGE"
"SP";"FRANCA";"3516200";"IBGE"
"SP";"FRANCISCO MORATO";"3516309";"IBGE"
"SP";"FRANCO DA ROCHA";"3516408";"IBGE"
"SP";"GABRIEL MONTEIRO";"3516507";"IBGE"
"SP";"GÁLIA";"3516606";"IBGE"
"SP";"GARÇA";"3516705";"IBGE"
"SP";"GASTÃO VIDIGAL";"3516804";"IBGE"
"SP";"GAVIÃO PEIXOTO";"3516853";"IBGE"
"SP";"GENERAL SALGADO";"3516903";"IBGE"
"SP";"GETULINA";"3517000";"IBGE"
"SP";"GLICÉRIO";"3517109";"IBGE"
"SP";"GUAIÇARA";"3517208";"IBGE"
"SP";"GUAIMBÊ";"3517307";"IBGE"
"SP";"GUAÍRA";"3517406";"IBGE"
"SP";"GUAPIAÇU";"3517505";"IBGE"
"SP";"GUAPIARA";"3517604";"IBGE"
"SP";"GUARÁ";"3517703";"IBGE"
"SP";"GUARAÇAÍ";"3517802";"IBGE"
"SP";"GUARACI";"3517901";"IBGE"
"SP";"GUARANI D OESTE";"3518008";"IBGE"
"SP";"GUARANTÃ";"3518107";"IBGE"
"SP";"GUARARAPES";"3518206";"IBGE"
"SP";"GUARAREMA";"3518305";"IBGE"
"SP";"GUARATINGUETÁ";"3518404";"IBGE"
"SP";"GUAREÍ";"3518503";"IBGE"
"SP";"GUARIBA";"3518602";"IBGE"
"SP";"GUARUJÁ";"3518701";"IBGE"
"SP";"GUARULHOS";"3518800";"IBGE"
"SP";"GUATAPARÁ";"3518859";"IBGE"
"SP";"GUZOLÂNDIA";"3518909";"IBGE"
"SP";"HERCULÂNDIA";"3519006";"IBGE"
"SP";"HOLAMBRA";"3519055";"IBGE"
"SP";"HORTOLÂNDIA";"3519071";"IBGE"
"SP";"IACANGA";"3519105";"IBGE"
"SP";"IACRI";"3519204";"IBGE"
"SP";"IARAS";"3519253";"IBGE"
"SP";"IBATÉ";"3519303";"IBGE"
"SP";"IBIRÁ";"3519402";"IBGE"
"SP";"IBIRAREMA";"3519501";"IBGE"
"SP";"IBITINGA";"3519600";"IBGE"
"SP";"IBIÚNA";"3519709";"IBGE"
"SP";"ICÉM";"3519808";"IBGE"
"SP";"IEPÊ";"3519907";"IBGE"
"SP";"IGARAÇU DO TIETÊ";"3520004";"IBGE"
"SP";"IGARAPAVA";"3520103";"IBGE"
"SP";"IGARATÁ";"3520202";"IBGE"
"SP";"IGUAPE";"3520301";"IBGE"
"SP";"ILHA COMPRIDA";"3520426";"IBGE"
"SP";"ILHA SOLTEIRA";"3520442";"IBGE"
"SP";"ILHABELA";"3520400";"IBGE"
"SP";"INDAIATUBA";"3520509";"IBGE"
"SP";"INDIANA";"3520608";"IBGE"
"SP";"INDIAPORÃ";"3520707";"IBGE"
"SP";"INÚBIA PAULISTA";"3520806";"IBGE"
"SP";"IPAUCU";"3520905";"ERRO_DIGITACAO"
"SP";"IPAUSSU";"3520905";"IBGE"
"SP";"IPERÓ";"3521002";"IBGE"
"SP";"IPEÚNA";"3521101";"IBGE"
"SP";"IPIGUÁ";"3521150";"IBGE"
"SP";"IPORANGA";"3521200";"IBGE"
"SP";"IPUÃ";"3521309";"IBGE"
"SP";"IRACEMÁPOLIS";"3521408";"IBGE"
"SP";"IRAPUÃ";"3521507";"IBGE"
"SP";"IRAPURU";"3521606";"IBGE"
"SP";"ITABERÁ";"3521705";"IBGE"
"SP";"ITAÍ";"3521804";"IBGE"
"SP";"ITAJOBI";"3521903";"IBGE"
"SP";"ITAJU";"3522000";"IBGE"
"SP";"ITANHAÉM";"3522109";"IBGE"
"SP";"ITAOCA";"3522158";"IBGE"
"SP";"ITAPECERICA DA SERRA";"3522208";"IBGE"
"SP";"ITAPETININGA";"3522307";"IBGE"
"SP";"ITAPEVA";"3522406";"IBGE"
"SP";"ITAPEVI";"3522505";"IBGE"
"SP";"ITAPIRA";"3522604";"IBGE"
"SP";"ITAPIRAPUÃ PAULISTA";"3522653";"IBGE"
"SP";"ITÁPOLIS";"3522703";"IBGE"
"SP";"ITAPORANGA";"3522802";"IBGE"
"SP";"ITAPUÍ";"3522901";"IBGE"
"SP";"ITAPURA";"3523008";"IBGE"
"SP";"ITAQUAQUECETUBA";"3523107";"IBGE"
"SP";"ITARARÉ";"3523206";"IBGE"
"SP";"ITARIRI";"3523305";"IBGE"
"SP";"ITATIBA";"3523404";"IBGE"
"SP";"ITATINGA";"3523503";"IBGE"
"SP";"ITIRAPINA";"3523602";"IBGE"
"SP";"ITIRAPUÃ";"3523701";"IBGE"
"SP";"ITOBI";"3523800";"IBGE"
"SP";"ITU";"3523909";"IBGE"
"SP";"ITUPEVA";"3524006";"IBGE"
"SP";"ITUVERAVA";"3524105";"IBGE"
"SP";"JABORANDI";"3524204";"IBGE"
"SP";"JABOTICABAL";"3524303";"IBGE"
"SP";"JACAREÍ";"3524402";"IBGE"
"SP";"JACI";"3524501";"IBGE"
"SP";"JACUPIRANGA";"3524600";"IBGE"
"SP";"JAGUARIÚNA";"3524709";"IBGE"
"SP";"JALES";"3524808";"IBGE"
"SP";"JAMBEIRO";"3524907";"IBGE"
"SP";"JANDIRA";"3525003";"IBGE"
"SP";"JARDINÓPOLIS";"3525102";"IBGE"
"SP";"JARINU";"3525201";"IBGE"
"SP";"JAÚ";"3525300";"IBGE"
"SP";"JERIQUARA";"3525409";"IBGE"
"SP";"JOANÓPOLIS";"3525508";"IBGE"
"SP";"JOÃO RAMALHO";"3525607";"IBGE"
"SP";"JOSÉ BONIFÁCIO";"3525706";"IBGE"
"SP";"JÚLIO MESQUITA";"3525805";"IBGE"
"SP";"JUMIRIM";"3525854";"IBGE"
"SP";"JUNDIAÍ";"3525904";"IBGE"
"SP";"JUNQUEIRÓPOLIS";"3526001";"IBGE"
"SP";"JUQUIÁ";"3526100";"IBGE"
"SP";"JUQUITIBA";"3526209";"IBGE"
"SP";"LAGOINHA";"3526308";"IBGE"
"SP";"LARANJAL PAULISTA";"3526407";"IBGE"
"SP";"LAVÍNIA";"3526506";"IBGE"
"SP";"LAVRINHAS";"3526605";"IBGE"
"SP";"LEME";"3526704";"IBGE"
"SP";"LENÇÓIS PAULISTA";"3526803";"IBGE"
"SP";"LIMEIRA";"3526902";"IBGE"
"SP";"LINDÓIA";"3527009";"IBGE"
"SP";"LINS";"3527108";"IBGE"
"SP";"LORENA";"3527207";"IBGE"
"SP";"LOURDES";"3527256";"IBGE"
"SP";"LOUVEIRA";"3527306";"IBGE"
"SP";"LUCÉLIA";"3527405";"IBGE"
"SP";"LUCIANÓPOLIS";"3527504";"IBGE"
"SP";"LUÍS ANTÔNIO";"3527603";"IBGE"
"SP";"LUIZIÂNIA";"3527702";"IBGE"
"SP";"LUPÉRCIO";"3527801";"IBGE"
"SP";"LUTÉCIA";"3527900";"IBGE"
"SP";"MACATUBA";"3528007";"IBGE"
"SP";"MACAUBAL";"3528106";"IBGE"
"SP";"MACEDÔNIA";"3528205";"IBGE"
"SP";"MAGDA";"3528304";"IBGE"
"SP";"MAIRINQUE";"3528403";"IBGE"
"SP";"MAIRIPORÃ";"3528502";"IBGE"
"SP";"MANDURI";"3528601";"IBGE"
"SP";"MARABÁ PAULISTA";"3528700";"IBGE"
"SP";"MARACAÍ";"3528809";"IBGE"
"SP";"MARAPOAMA";"3528858";"IBGE"
"SP";"MARIÁPOLIS";"3528908";"IBGE"
"SP";"MARÍLIA";"3529005";"IBGE"
"SP";"MARINÓPOLIS";"3529104";"IBGE"
"SP";"MARTINÓPOLIS";"3529203";"IBGE"
"SP";"MATÃO";"3529302";"IBGE"
"SP";"MAUÁ";"3529401";"IBGE"
"SP";"MENDONÇA";"3529500";"IBGE"
"SP";"MERIDIANO";"3529609";"IBGE"
"SP";"MESÓPOLIS";"3529658";"IBGE"
"SP";"MIGUELÓPOLIS";"3529708";"IBGE"
"SP";"MINEIROS DO TIETÊ";"3529807";"IBGE"
"SP";"MIRA ESTRELA";"3530003";"IBGE"
"SP";"MIRACATU";"3529906";"IBGE"
"SP";"MIRANDÓPOLIS";"3530102";"IBGE"
"SP";"MIRANTE DO PARANAPANEMA";"3530201";"IBGE"
"SP";"MIRASSOL";"3530300";"IBGE"
"SP";"MIRASSOLÂNDIA";"3530409";"IBGE"
"SP";"MOCOCA";"3530508";"IBGE"
"SP";"MOGI DAS CRUZES";"3530607";"IBGE"
"SP";"MOGI GUAÇU";"3530706";"IBGE"
"SP";"MOGI MIRIM";"3530805";"IBGE"
"SP";"MOJI DAS CRUZES";"3530607";"GRAFIA_ANTIGA"
"SP";"MOJI MIRIM";"3530805";"GRAFIA_ANTIGA"
"SP";"MOMBUCA";"3530904";"IBGE"
"SP";"MONÇÕES";"3531001";"IBGE"
"SP";"MONGAGUÁ";"3531100";"IBGE"
"SP";"MONTE ALEGRE DO SUL";"3531209";"IBGE"
"SP";"MONTE ALTO";"3531308";"IBGE"
"SP";"MONTE APRAZÍVEL";"3531407";"IBGE"
"SP";"MONTE AZUL PAULISTA";"3531506";"IBGE"
"SP";"MONTE CASTELO";"3531605";"IBGE"
"SP";"MONTE MOR";"3531803";"IBGE"
"SP";"MONTEIRO LOBATO";"3531704";"IBGE"
"SP";"MORRO AGUDO";"3531902";"IBGE"
"SP";"MORUNGABA";"3532009";"IBGE"
"SP";"MOTUCA";"3532058";"IBGE"
"SP";"MURUTINGA DO SUL";"3532108";"IBGE"
"SP";"NANTES";"3532157";"IBGE"
"SP";"NARANDIBA";"3532207";"IBGE"
"SP";"NATIVIDADE DA SERRA";"3532306";"IBGE"
"SP";"NAZARÉ PAULISTA";"3532405";"IBGE"
"SP";"NEVES PAULISTA";"3532504";"IBGE"
"SP";"NHANDEARA";"3532603";"IBGE"
"SP";"NIPOÃ";"3532702";"IBGE"
"SP";"NOVA ALIANÇA";"3532801";"IBGE"
"SP";"NOVA CAMPINA";"3532827";"IBGE"
"SP";"NOVA CANAÃ PAULISTA";"3532843";"IBGE"
"SP";"NOVA CASTILHO";"3532868";"IBGE"
"SP";"NOVA EUROPA";"3532900";"IBGE"
"SP";"NOVA GRANADA";"3533007";"IBGE"
"SP";"NOVA GUATAPORANGA";"3533106";"IBGE"
"SP";"NOVA INDEPENDÊNCIA";"3533205";"IBGE"
"SP";"NOVA LUZITÂNIA";"3533304";"IBGE"
"SP";"NOVA ODESSA";"3533403";"IBGE"
"SP";"NOVAIS";"3533254";"IBGE"
"SP";"NOVO HORIZONTE";"3533502";"IBGE"
"SP";"NUPORANGA";"3533601";"IBGE"
"SP";"OCAUÇU";"3533700";"IBGE"
"SP";"ÓLEO";"3533809";"IBGE"
"SP";"OLÍMPIA";"3533908";"IBGE"
"SP";"ONDA VERDE";"3534005";"IBGE"
"SP";"ORIENTE";"3534104";"IBGE"
"SP";"ORINDIÚVA";"3534203";"IBGE"
"SP";"ORLÂNDIA";"3534302";"IBGE"
"SP";"OSASCO";"3534401";"IBGE"
"SP";"OSCAR BRESSANE";"3534500";"IBGE"
"SP";"OSVALDO CRUZ";"3534609";"IBGE"
"SP";"OURINHOS";"3534708";"IBGE"
"SP";"OURO VERDE";"3534807";"IBGE"
"SP";"OUROESTE";"3534757";"IBGE"
"SP";"PACAEMBU";"3534906";"IBGE"
"SP";"PALESTINA";"3535002";"IBGE"
"SP";"PALMARES PAULISTA";"3535101";"IBGE"
"SP";"PALMEIRA D OESTE";"3535200";"IBGE"
"SP";"PALMITAL";"3535309";"IBGE"
"SP";"PANORAMA";"3535408";"IBGE"
"SP";"PARAGUAÇU PAULISTA";"3535507";"IBGE"
"SP";"PARAIBUNA";"3535606";"IBGE"
"SP";"PARAÍSO";"3535705";"IBGE"
"SP";"PARANAPANEMA";"3535804";"IBGE"
"SP";"PARANAPUÃ";"3535903";"IBGE"
"SP";"PARAPUÃ";"3536000";"IBGE"
"SP";"PARDINHO";"3536109";"IBGE"
"SP";"PARIQUERA AÇU";"3536208";"IBGE"
"SP";"PARISI";"3536257";"IBGE"
"SP";"PATROCÍNIO PAULISTA";"3536307";"IBGE"
"SP";"PAULICÉIA";"3536406";"IBGE"
"SP";"PAULÍNIA";"3536505";"IBGE"
"SP";"PAULISTÂNIA";"3536570";"IBGE"
"SP";"PAULO DE FARIA";"3536604";"IBGE"
"SP";"PEDERNEIRAS";"3536703";"IBGE"
"SP";"PEDRA BELA";"3536802";"IBGE"
"SP";"PEDRANÓPOLIS";"3536901";"IBGE"
"SP";"PEDREGULHO";"3537008";"IBGE"
"SP";"PEDREIRA";"3537107";"IBGE"
"SP";"PEDRINHAS PAULISTA";"3537156";"IBGE"
"SP";"PEDRO DE TOLEDO";"3537206";"IBGE"
"SP";"PENÁPOLIS";"3537305";"IBGE"
"SP";"PEREIRA BARRETO";"3537404";"IBGE"
"SP";"PEREIRAS";"3537503";"IBGE"
"SP";"PERUÍBE";"3537602";"IBGE"
"SP";"PIACATU";"3537701";"IBGE"
"SP";"PIEDADE";"3537800";"IBGE"
"SP";"PILAR DO SUL";"3537909";"IBGE"
"SP";"PINDAMONHANGABA";"3538006";"IBGE"
"SP";"PINDORAMA";"3538105";"IBGE"
"SP";"PINHALZINHO";"3538204";"IBGE"
"SP";"PIQUEROBI";"3538303";"IBGE"
"SP";"PIQUETE";"3538501";"IBGE"
"SP";"PIRACAIA";"3538600";"IBGE"
"SP";"PIRACICABA";"3538709";"IBGE"
"SP";"PIRAJU";"3538808";"IBGE"
"SP";"PIRAJUÍ";"3538907";"IBGE"
"SP";"PIRANGI";"3539004";"IBGE"
"SP";"PIRAPORA DO BOM JESUS";"3539103";"IBGE"
"SP";"PIRAPOZINHO";"3539202";"IBGE"
"SP";"PIRASSUNUNGA";"3539301";"IBGE"
"SP";"PIRATININGA";"3539400";"IBGE"
"SP";"PITANGUEIRAS";"3539509";"IBGE"
"SP";"PLANALTO";"3539608";"IBGE"
"SP";"PLATINA";"3539707";"IBGE"
"SP";"POÁ";"3539806";"IBGE"
"SP";"POLONI";"3539905";"IBGE"
"SP";"POLVILHO";"3509205";"REGIAO_ADM"
"SP";"POMPÉIA";"3540002";"IBGE"
"SP";"PONGAÍ";"3540101";"IBGE"
"SP";"PONTAL";"3540200";"IBGE"
"SP";"PONTALINDA";"3540259";"IBGE"
"SP";"PONTES GESTAL";"3540309";"IBGE"
"SP";"POPULINA";"3540408";"IBGE"
"SP";"PORANGABA";"3540507";"IBGE"
"SP";"PORTO FELIZ";"3540606";"IBGE"
"SP";"PORTO FERREIRA";"3540705";"IBGE"
"SP";"POTIM";"3540754";"IBGE"
"SP";"POTIRENDABA";"3540804";"IBGE"
"SP";"PRACINHA";"3540853";"IBGE"
"SP";"PRADÓPOLIS";"3540903";"IBGE"
"SP";"PRAIA GRANDE";"3541000";"IBGE"
"SP";"PRATÂNIA";"3541059";"IBGE"
"SP";"PRESIDENTE ALVES";"3541109";"IBGE"
"SP";"PRESIDENTE BERNARDES";"3541208";"IBGE"
"SP";"PRESIDENTE EPITÁCIO";"3541307";"IBGE"
"SP";"PRESIDENTE PRUDENTE";"3541406";"IBGE"
"SP";"PRESIDENTE VENCESLAU";"3541505";"IBGE"
"SP";"PROMISSÃO";"3541604";"IBGE"
"SP";"QUADRA";"3541653";"IBGE"
"SP";"QUATÁ";"3541703";"IBGE"
"SP";"QUEIROZ";"3541802";"IBGE"
"SP";"QUELUZ";"3541901";"IBGE"
"SP";"QUINTANA";"3542008";"IBGE"
"SP";"RAFARD";"3542107";"IBGE"
"SP";"RANCHARIA";"3542206";"IBGE"
"SP";"REDENÇÃO DA SERRA";"3542305";"IBGE"
"SP";"REGENTE FEIJÓ";"3542404";"IBGE"
"SP";"REGINÓPOLIS";"3542503";"IBGE"
"SP";"REGISTRO";"3542602";"IBGE"
"SP";"RESTINGA";"3542701";"IBGE"
"SP";"RIBEIRA";"3542800";"IBGE"
"SP";"RIBEIRÃO BONITO";"3542909";"IBGE"
"SP";"RIBEIRÃO BRANCO";"3543006";"IBGE"
"SP";"RIBEIRÃO CORRENTE";"3543105";"IBGE"
"SP";"RIBEIRÃO DO SUL";"3543204";"IBGE"
"SP";"RIBEIRÃO DOS ÍNDIOS";"3543238";"IBGE"
"SP";"RIBEIRÃO GRANDE";"3543253";"IBGE"
"SP";"RIBEIRÃO PIRES";"3543303";"IBGE"
"SP";"RIBEIRÃO PRETO";"3543402";"IBGE"
"SP";"RIFAINA";"3543600";"IBGE"
"SP";"RINCÃO";"3543709";"IBGE"
"SP";"RINÓPOLIS";"3543808";"IBGE"
"SP";"RIO CLARO";"3543907";"IBGE"
"SP";"RIO DAS PEDRAS";"3544004";"IBGE"
"SP";"RIO GRANDE DA SERRA";"3544103";"IBGE"
"SP";"RIOLÂNDIA";"3544202";"IBGE"
"SP";"RIVERSUL";"3543501";"IBGE"
"SP";"ROSANA";"3544251";"IBGE"
"SP";"ROSEIRA";"3544301";"IBGE"
"SP";"RUBIÁCEA";"3544400";"IBGE"
"SP";"RUBINÉIA";"3544509";"IBGE"
"SP";"SABINO";"3544608";"IBGE"
"SP";"SAGRES";"3544707";"IBGE"
"SP";"SALES";"3544806";"IBGE"
"SP";"SALES OLIVEIRA";"3544905";"IBGE"
"SP";"SALESÓPOLIS";"3545001";"IBGE"
"SP";"SALMOURÃO";"3545100";"IBGE"
"SP";"SALTINHO";"3545159";"IBGE"
"SP";"SALTO";"3545209";"IBGE"
"SP";"SALTO DE PIRAPORA";"3545308";"IBGE"
"SP";"SALTO GRANDE";"3545407";"IBGE"
"SP";"SANDOVALINA";"3545506";"IBGE"
"SP";"SANTA ADÉLIA";"3545605";"IBGE"
"SP";"SANTA ALBERTINA";"3545704";"IBGE"
"SP";"SANTA BÁRBARA D OESTE";"3545803";"IBGE"
"SP";"SANTA BARBARA DOESTE";"3545803";"ERRO_DIGITACAO"
"SP";"SANTA BRANCA";"3546009";"IBGE"
"SP";"SANTA CLARA D OESTE";"3546108";"IBGE"
"SP";"SANTA CRUZ DA CONCEIÇÃO";"3546207";"IBGE"
"SP";"SANTA CRUZ DA ESPERANÇA";"3546256";"IBGE"
"SP";"SANTA CRUZ DAS PALMEIRAS";"3546306";"IBGE"
"SP";"SANTA CRUZ DO RIO PARDO";"3546405";"IBGE"
"SP";"SANTA ERNESTINA";"3546504";"IBGE"
"SP";"SANTA FÉ DO SUL";"3546603";"IBGE"
"SP";"SANTA GERTRUDES";"3546702";"IBGE"
"SP";"SANTA ISABEL";"3546801";"IBGE"
"SP";"SANTA LÚCIA";"3546900";"IBGE"
"SP";"SANTA MARIA DA SERRA";"3547007";"IBGE"
"SP";"SANTA MERCEDES";"3547106";"IBGE"
"SP";"SANTA RITA D OESTE";"3547403";"IBGE"
"SP";"SANTA RITA DO PASSA QUATRO";"3547502";"IBGE"
"SP";"SANTA RITA PASSA QUATRO";"3547502";"ERRO_DIGITACAO"
"SP";"SANTA ROSA DE VITERBO";"3547601";"IBGE"
"SP";"SANTA SALETE";"3547650";"IBGE"
"SP";"SANTANA DA PONTE PENSA";"3547205";"IBGE"
"SP";"SANTANA DE PARNAÍBA";"3547304";"IBGE"
"SP";"SANTO ANASTÁCIO";"3547700";"IBGE"
"SP";"SANTO ANDRÉ";"3547809";"IBGE"
"SP";"SANTO ANTÔNIO DA ALEGRIA";"3547908";"IBGE"
"SP";"SANTO ANTÔNIO DE POSSE";"3548005";"IBGE"
"SP";"SANTO ANTÔNIO DO ARACANGUÁ";"3548054";"IBGE"
"SP";"SANTO ANTÔNIO DO JARDIM";"3548104";"IBGE"
"SP";"SANTO ANTÔNIO DO PINHAL";"3548203";"IBGE"
"SP";"SANTO EXPEDITO";"3548302";"IBGE"
"SP";"SANTÓPOLIS DO AGUAPEÍ";"3548401";"IBGE"
"SP";"SANTOS";"3548500";"IBGE"
"SP";"SÃO BENTO DO SAPUCAÍ";"3548609";"IBGE"
"SP";"SÃO BERNARDO DO CAMPO";"3548708";"IBGE"
"SP";"SÃO CAETANO DO SUL";"3548807";"IBGE"
"SP";"SÃO CARLOS";"3548906";"IBGE"
"SP";"SÃO FRANCISCO";"3549003";"IBGE"
"SP";"SÃO JOÃO DA BOA VISTA";"3549102";"IBGE"
"SP";"SÃO JOÃO DAS DUAS PONTES";"3549201";"IBGE"
"SP";"SÃO JOÃO DE IRACEMA";"3549250";"IBGE"
"SP";"SÃO JOÃO DO PAU D ALHO";"3549300";"IBGE"
"SP";"SÃO JOAQUIM DA BARRA";"3549409";"IBGE"
"SP";"SÃO JOSÉ DA BELA VISTA";"3549508";"IBGE"
"SP";"SÃO JOSÉ DO BARREIRO";"3549607";"IBGE"
"SP";"SÃO JOSÉ DO RIO PARDO";"3549706";"IBGE"
"SP";"SÃO JOSÉ DO RIO PRETO";"3549805";"IBGE"
"SP";"SÃO JOSÉ DOS CAMPOS";"3549904";"IBGE"
"SP";"SÃO LOURENÇO DA SERRA";"3549953";"IBGE"
"SP";"SAO LUIS DO PARAITINGA";"3550001";"ERRO_DIGITACAO"
"SP";"SÃO LUIZ DO PARAITINGA";"3550001";"IBGE"
"SP";"SÃO MANUEL";"3550100";"IBGE"
"SP";"SÃO MIGUEL ARCANJO";"3550209";"IBGE"
"SP";"SÃO PAULO";"3550308";"IBGE"
"SP";"SÃO PEDRO";"3550407";"IBGE"
"SP";"SÃO PEDRO DO TURVO";"3550506";"IBGE"
"SP";"SÃO ROQUE";"3550605";"IBGE"
"SP";"SÃO SEBASTIÃO";"3550704";"IBGE"
"SP";"SÃO SEBASTIÃO DA GRAMA";"3550803";"IBGE"
"SP";"SÃO SIMÃO";"3550902";"IBGE"
"SP";"SÃO VICENTE";"3551009";"IBGE"
"SP";"SARAPUÍ";"3551108";"IBGE"
"SP";"SARUTAIÁ";"3551207";"IBGE"
"SP";"SEBASTIANÓPOLIS DO SUL";"3551306";"IBGE"
"SP";"SERRA AZUL";"3551405";"IBGE"
"SP";"SERRA NEGRA";"3551603";"IBGE"
"SP";"SERRANA";"3551504";"IBGE"
"SP";"SERTÃOZINHO";"3551702";"IBGE"
"SP";"SETE BARRAS";"3551801";"IBGE"
"SP";"SEVERÍNIA";"3551900";"IBGE"
"SP";"SILVEIRAS";"3552007";"IBGE"
"SP";"SOCORRO";"3552106";"IBGE"
"SP";"SOROCABA";"3552205";"IBGE"
"SP";"SUD MENNUCCI";"3552304";"IBGE"
"SP";"SUD MENUCCI";"3552304";"ERRO_DIGITACAO"
"SP";"SUMARÉ";"3552403";"IBGE"
"SP";"SUZANÁPOLIS";"3552551";"IBGE"
"SP";"SUZANO";"3552502";"IBGE"
"SP";"TABAPUÃ";"3552601";"IBGE"
"SP";"TABATINGA";"3552700";"IBGE"
"SP";"TABOÃO DA SERRA";"3552809";"IBGE"
"SP";"TACIBA";"3552908";"IBGE"
"SP";"TAGUAÍ";"3553005";"IBGE"
"SP";"TAIAÇU";"3553104";"IBGE"
"SP";"TAIÚVA";"3553203";"IBGE"
"SP";"TAMBAÚ";"3553302";"IBGE"
"SP";"TANABI";"3553401";"IBGE"
"SP";"TAPIRAÍ";"3553500";"IBGE"
"SP";"TAPIRATIBA";"3553609";"IBGE"
"SP";"TAQUARAL";"3553658";"IBGE"
"SP";"TAQUARITINGA";"3553708";"IBGE"
"SP";"TAQUARITUBA";"3553807";"IBGE"
"SP";"TAQUARIVAÍ";"3553856";"IBGE"
"SP";"TARABAI";"3553906";"IBGE"
"SP";"TARUMÃ";"3553955";"IBGE"
"SP";"TATUÍ";"3554003";"IBGE"
"SP";"TAUBATÉ";"3554102";"IBGE"
"SP";"TEJUPÁ";"3554201";"IBGE"
"SP";"TEODORO SAMPAIO";"3554300";"IBGE"
"SP";"TERRA ROXA";"3554409";"IBGE"
"SP";"TIETÊ";"3554508";"IBGE"
"SP";"TIMBURI";"3554607";"IBGE"
"SP";"TORRE DE PEDRA";"3554656";"IBGE"
"SP";"TORRINHA";"3554706";"IBGE"
"SP";"TRABIJU";"3554755";"IBGE"
"SP";"TREMEMBÉ";"3554805";"IBGE"
"SP";"TRÊS FRONTEIRAS";"3554904";"IBGE"
"SP";"TUIUTI";"3554953";"IBGE"
"SP";"TUPÃ";"3555000";"IBGE"
"SP";"TUPI PAULISTA";"3555109";"IBGE"
"SP";"TURIÚBA";"3555208";"IBGE"
"SP";"TURMALINA";"3555307";"IBGE"
"SP";"UBARANA";"3555356";"IBGE"
"SP";"UBATUBA";"3555406";"IBGE"
"SP";"UBIRAJARA";"3555505";"IBGE"
"SP";"UCHOA";"3555604";"IBGE"
"SP";"UNIÃO PAULISTA";"3555703";"IBGE"
"SP";"URÂNIA";"3555802";"IBGE"
"SP";"URU";"3555901";"IBGE"
"SP";"URUPÊS";"3556008";"IBGE"
"SP";"VALENTIM GENTIL";"3556107";"IBGE"
"SP";"VALINHOS";"3556206";"IBGE"
"SP";"VALPARAÍSO";"3556305";"IBGE"
"SP";"VARGEM";"3556354";"IBGE"
"SP";"VARGEM GRANDE DO SUL";"3556404";"IBGE"
"SP";"VARGEM GRANDE PAULISTA";"3556453";"IBGE"
"SP";"VÁRZEA PAULISTA";"3556503";"IBGE"
"SP";"VERA CRUZ";"3556602";"IBGE"
"SP";"VINHEDO";"3556701";"IBGE"
"SP";"VIRADOURO";"3556800";"IBGE"
"SP";"VISTA ALEGRE DO ALTO";"3556909";"IBGE"
"SP";"VITÓRIA BRASIL";"3556958";"IBGE"
"SP";"VOTORANTIM";"3557006";"IBGE"
"SP";"VOTUPORANGA";"3557105";"IBGE"
"SP";"ZACARIAS";"3557154";"IBGE"
"TO";"ABREULÂNDIA";"1700251";"IBGE"
"TO";"AGUIARNÓPOLIS";"1700301";"IBGE"
"TO";"ALIANÇA DO TOCANTINS";"1700350";"IBGE"
"TO";"ALMAS";"1700400";"IBGE"
"TO";"ALVORADA";"1700707";"IBGE"
"TO";"ANANÁS";"1701002";"IBGE"
"TO";"ANGICO";"1701051";"IBGE"
"TO";"APARECIDA DO RIO NEGRO";"1701101";"IBGE"
"TO";"ARAGOMINAS";"1701309";"IBGE"
"TO";"ARAGUACEMA";"1701903";"IBGE"
"TO";"ARAGUAÇU";"1702000";"IBGE"
"TO";"ARAGUAÍNA";"1702109";"IBGE"
"TO";"ARAGUANÃ";"1702158";"IBGE"
"TO";"ARAGUATINS";"1702208";"IBGE"
"TO";"ARAPOEMA";"1702307";"IBGE"
"TO";"ARRAIAS";"1702406";"IBGE"
"TO";"AUGUSTINÓPOLIS";"1702554";"IBGE"
"TO";"AURORA DO TOCANTINS";"1702703";"IBGE"
"TO";"AXIXÁ DO TOCANTINS";"1702901";"IBGE"
"TO";"BABAÇULÂNDIA";"1703008";"IBGE"
"TO";"BANDEIRANTES DO TOCANTINS";"1703057";"IBGE"
"TO";"BARRA DO OURO";"1703073";"IBGE"
"TO";"BARROLÂNDIA";"1703107";"IBGE"
"TO";"BERNARDO SAYÃO";"1703206";"IBGE"
"TO";"BOM JESUS DO TOCANTINS";"1703305";"IBGE"
"TO";"BRASILÂNDIA DO TOCANTINS";"1703602";"IBGE"
"TO";"BREJINHO DE NAZARÉ";"1703701";"IBGE"
"TO";"BURITI DO TOCANTINS";"1703800";"IBGE"
"TO";"CACHOEIRINHA";"1703826";"IBGE"
"TO";"CAMPOS LINDOS";"1703842";"IBGE"
"TO";"CARIRI DO TOCANTINS";"1703867";"IBGE"
"TO";"CARMOLÂNDIA";"1703883";"IBGE"
"TO";"CARRASCO BONITO";"1703891";"IBGE"
"TO";"CASEARA";"1703909";"IBGE"
"TO";"CENTENÁRIO";"1704105";"IBGE"
"TO";"CHAPADA DA NATIVIDADE";"1705102";"IBGE"
"TO";"CHAPADA DE AREIA";"1704600";"IBGE"
"TO";"COLINAS DO TOCANTINS";"1705508";"IBGE"
"TO";"COLMÉIA";"1716703";"IBGE"
"TO";"COMBINADO";"1705557";"IBGE"
"TO";"CONCEIÇÃO DO TOCANTINS";"1705607";"IBGE"
"TO";"COUTO MAGALHÃES";"1706001";"IBGE"
"TO";"CRISTALÂNDIA";"1706100";"IBGE"
"TO";"CRIXÁS DO TOCANTINS";"1706258";"IBGE"
"TO";"DARCINÓPOLIS";"1706506";"IBGE"
"TO";"DIANÓPOLIS";"1707009";"IBGE"
"TO";"DIVINÓPOLIS DO TOCANTINS";"1707108";"IBGE"
"TO";"DOIS IRMÃOS DO TOCANTINS";"1707207";"IBGE"
"TO";"DUERÉ";"1707306";"IBGE"
"TO";"ESPERANTINA";"1707405";"IBGE"
"TO";"FÁTIMA";"1707553";"IBGE"
"TO";"FIGUEIRÓPOLIS";"1707652";"IBGE"
"TO";"FILADÉLFIA";"1707702";"IBGE"
"TO";"FORMOSO DO ARAGUAIA";"1708205";"IBGE"
"TO";"GOIANORTE";"1708304";"IBGE"
"TO";"GOIATINS";"1709005";"IBGE"
"TO";"GUARAÍ";"1709302";"IBGE"
"TO";"GURUPI";"1709500";"IBGE"
"TO";"IPUEIRAS";"1709807";"IBGE"
"TO";"ITACAJÁ";"1710508";"IBGE"
"TO";"ITAGUATINS";"1710706";"IBGE"
"TO";"ITAPIRATINS";"1710904";"IBGE"
"TO";"ITAPORÃ DO TOCANTINS";"1711100";"IBGE"
"TO";"JAÚ DO TOCANTINS";"1711506";"IBGE"
"TO";"JUARINA";"1711803";"IBGE"
"TO";"LAGOA DA CONFUSÃO";"1711902";"IBGE"
"TO";"LAGOA DO TOCANTINS";"1711951";"IBGE"
"TO";"LAJEADO";"1712009";"IBGE"
"TO";"LAVANDEIRA";"1712157";"IBGE"
"TO";"LIZARDA";"1712405";"IBGE"
"TO";"LUZINÓPOLIS";"1712454";"IBGE"
"TO";"MARIANÓPOLIS DO TOCANTINS";"1712504";"IBGE"
"TO";"MATEIROS";"1712702";"IBGE"
"TO";"MAURILÂNDIA DO TOCANTINS";"1712801";"IBGE"
"TO";"MIRACEMA DO TOCANTINS";"1713205";"IBGE"
"TO";"MIRANORTE";"1713304";"IBGE"
"TO";"MONTE DO CARMO";"1713601";"IBGE"
"TO";"MONTE SANTO DO TOCANTINS";"1713700";"IBGE"
"TO";"MURICILÂNDIA";"1713957";"IBGE"
"TO";"NATIVIDADE";"1714203";"IBGE"
"TO";"NAZARÉ";"1714302";"IBGE"
"TO";"NOVA OLINDA";"1714880";"IBGE"
"TO";"NOVA ROSALÂNDIA";"1715002";"IBGE"
"TO";"NOVO ACORDO";"1715101";"IBGE"
"TO";"NOVO ALEGRE";"1715150";"IBGE"
"TO";"NOVO JARDIM";"1715259";"IBGE"
"TO";"OLIVEIRA DE FÁTIMA";"1715507";"IBGE"
"TO";"PALMAS";"1721000";"IBGE"
"TO";"PALMEIRANTE";"1715705";"IBGE"
"TO";"PALMEIRAS DO TOCANTINS";"1713809";"IBGE"
"TO";"PALMEIRÓPOLIS";"1715754";"IBGE"
"TO";"PARAÍSO DO TOCANTINS";"1716109";"IBGE"
"TO";"PARANÃ";"1716208";"IBGE"
"TO";"PAU D ARCO";"1716307";"IBGE"
"TO";"PEDRO AFONSO";"1716505";"IBGE"
"TO";"PEIXE";"1716604";"IBGE"
"TO";"PEQUIZEIRO";"1716653";"IBGE"
"TO";"PINDORAMA DO TOCANTINS";"1717008";"IBGE"
"TO";"PIRAQUÊ";"1717206";"IBGE"
"TO";"PIUM";"1717503";"IBGE"
"TO";"PONTE ALTA DO BOM JESUS";"1717800";"IBGE"
"TO";"PONTE ALTA DO TOCANTINS";"1717909";"IBGE"
"TO";"PORTO ALEGRE DO TOCANTINS";"1718006";"IBGE"
"TO";"PORTO NACIONAL";"1718204";"IBGE"
"TO";"PRAIA NORTE";"1718303";"IBGE"
"TO";"PRESIDENTE KENNEDY";"1718402";"IBGE"
"TO";"PUGMIL";"1718451";"IBGE"
"TO";"RECURSOLÂNDIA";"1718501";"IBGE"
"TO";"RIACHINHO";"1718550";"IBGE"
"TO";"RIO DA CONCEIÇÃO";"1718659";"IBGE"
"TO";"RIO DOS BOIS";"1718709";"IBGE"
"TO";"RIO SONO";"1718758";"IBGE"
"TO";"SAMPAIO";"1718808";"IBGE"
"TO";"SANDOLÂNDIA";"1718840";"IBGE"
"TO";"SANTA FÉ DO ARAGUAIA";"1718865";"IBGE"
"TO";"SANTA MARIA DO TOCANTINS";"1718881";"IBGE"
"TO";"SANTA RITA DO TOCANTINS";"1718899";"IBGE"
"TO";"SANTA ROSA DO TOCANTINS";"1718907";"IBGE"
"TO";"SANTA TEREZA DO TOCANTINS";"1719004";"IBGE"
"TO";"SANTA TEREZINHA DO TOCANTINS";"1720002";"IBGE"
"TO";"SÃO BENTO DO TOCANTINS";"1720101";"IBGE"
"TO";"SÃO FÉLIX DO TOCANTINS";"1720150";"IBGE"
"TO";"SÃO MIGUEL DO TOCANTINS";"1720200";"IBGE"
"TO";"SÃO SALVADOR DO TOCANTINS";"1720259";"IBGE"
"TO";"SÃO SEBASTIÃO DO TOCANTINS";"1720309";"IBGE"
"TO";"SÃO VALÉRIO";"1720499";"IBGE"
"TO";"SILVANÓPOLIS";"1720655";"IBGE"
"TO";"SÍTIO NOVO DO TOCANTINS";"1720804";"IBGE"
"TO";"SUCUPIRA";"1720853";"IBGE"
"TO";"TABOCÃO";"1708254";"IBGE"
"TO";"TAGUATINGA";"1720903";"IBGE"
"TO";"TAIPAS DO TOCANTINS";"1720937";"IBGE"
"TO";"TALISMÃ";"1720978";"IBGE"
"TO";"TOCANTÍNIA";"1721109";"IBGE"
"TO";"TOCANTINÓPOLIS";"1721208";"IBGE"
"TO";"TUPIRAMA";"1721257";"IBGE"
"TO";"TUPIRATINS";"1721307";"IBGE"
"TO";"WANDERLÂNDIA";"1722081";"IBGE"
"TO";"XAMBIOÁ";"1722107";"IBGE"
