"cod_municipio";"pea_total";"ano_base_pea";"populacao";"ano_base_pop";"pib_total_reais";"ano_base_pib";"num_supermercados";"supermercados_pessoal_ocupado";"supermercados_massa_salarial_reais";"ano_base_supermercados";"atualizado_em"
"1100015";"10526,00";"2010";"21494,00";"2022";"919520000,00";"2022";"7";"0";"0,00";"2024";"21/07/2026 15:42:52"
"1100023";"45162,00";"2010";"96833,00";"2022";"3809355000,00";"2022";"28";"537";"13144000,00";"2024";"21/07/2026 15:42:52"
"1100031";"2867,00";"2010";"5351,00";"2022";"289783000,00";"2022";"3";"15";"218000,00";"2024";"21/07/2026 15:42:52"
"1100049";"39977,00";"2010";"86887,00";"2022";"3195489000,00";"2022";"16";"242";"6465000,00";"2024";"21/07/2026 15:42:52"
"1100056";"8670,00";"2010";"15890,00";"2022";"903099000,00";"2022";"5";"57";"1161000,00";"2024";"21/07/2026 15:42:52"
"1100064";"8837,00";"2010";"15663,00";"2022";"514219000,00";"2022";"7";"67";"1496000,00";"2024";"21/07/2026 15:42:52"
"1100072";"4243,00";"2010";"7519,00";"2022";"473845000,00";"2022";"3";"40";"766000,00";"2024";"21/07/2026 15:42:52"
"1100080";"6262,00";"2010";"12627,00";"2022";"349796000,00";"2022";"15";"33";"292000,00";"2024";"21/07/2026 15:42:52"
"1100098";"15048,00";"2010";"29414,00";"2022";"921382000,00";"2022";"8";"0";"0,00";"2024";"21/07/2026 15:42:52"
"1100106";"16843,00";"2010";"39387,00";"2022";"1057883000,00";"2022";"9";"25";"391000,00";"2024";"21/07/2026 15:42:52"
"1100114";"24719,00";"2010";"50591,00";"2022";"2113515000,00";"2022";"19";"9673";"358167000,00";"2024";"21/07/2026 15:42:52"
"1100122";"60167,00";"2010";"124333,00";"2022";"4934532000,00";"2022";"35";"1282";"33553000,00";"2024";"21/07/2026 15:42:52"
"1100130";"14908,00";"2010";"30707,00";"2022";"909027000,00";"2022";"9";"111";"1430000,00";"2024";"21/07/2026 15:42:52"
"1100148";"10169,00";"2010";"15679,00";"2022";"641839000,00";"2022";"7";"83";"1762000,00";"2024";"21/07/2026 15:42:52"
"1100155";"19181,00";"2010";"35044,00";"2022";"1089382000,00";"2022";"12";"61";"1098000,00";"2024";"21/07/2026 15:42:52"
"1100189";"18255,00";"2010";"35079,00";"2022";"1714400000,00";"2022";"8";"236";"4384000,00";"2024";"21/07/2026 15:42:52"
"1100205";"214877,00";"2010";"460434,00";"2022";"22537533000,00";"2022";"53";"587";"17235000,00";"2024";"21/07/2026 15:42:52"
"1100254";"11553,00";"2010";"19327,00";"2022";"653357000,00";"2022";"8";"99";"2170000,00";"2024";"21/07/2026 15:42:52"
"1100262";"1360,00";"2010";"3471,00";"2022";"265661000,00";"2022";"2";"0";"0,00";"2024";"21/07/2026 15:42:52"
"1100288";"25269,00";"2010";"56406,00";"2022";"1906485000,00";"2022";"4";"161";"3042000,00";"2024";"21/07/2026 15:42:52"
"1100296";"4510,00";"2010";"7419,00";"2022";"262243000,00";"2022";"4";"9";"24000,00";"2024";"21/07/2026 15:42:52"
"1100304";"41060,00";"2010";"95832,00";"2022";"4515120000,00";"2022";"34";"128";"2849000,00";"2024";"21/07/2026 15:42:52"
"1100320";"10228,00";"2010";"21635,00";"2022";"1383948000,00";"2022";"3";"0";"0,00";"2024";"21/07/2026 15:42:52"
"1100338";"10395,00";"2010";"25444,00";"2022";"928842000,00";"2022";"9";"0";"0,00";"2024";"21/07/2026 15:42:52"
"1100346";"7567,00";"2010";"13117,00";"2022";"435099000,00";"2022";"2";"0";"0,00";"2024";"21/07/2026 15:42:52"
"1100379";"6148,00";"2010";"11479,00";"2022";"570360000,00";"2022";"0";"0";"0,00";"";"21/07/2026 15:42:52"
"1100403";"9014,00";"2010";"16320,00";"2022";"605617000,00";"2022";"13";"62";"1034000,00";"2024";"21/07/2026 15:42:52"
"1100452";"16916,00";"2010";"27992,00";"2022";"1104420000,00";"2022";"3";"12";"129000,00";"2024";"21/07/2026 15:42:52"
"1100502";"4795,00";"2010";"7667,00";"2022";"268863000,00";"2022";"1";"0";"0,00";"2024";"21/07/2026 15:42:52"
"1100601";"2988,00";"2010";"4150,00";"2022";"219345000,00";"2022";"2";"0";"0,00";"2024";"21/07/2026 15:42:52"
"1100700";"5659,00";"2010";"8844,00";"2022";"398841000,00";"2022";"4";"19";"437000,00";"2024";"21/07/2026 15:42:52"
"1100809";"8775,00";"2010";"22310,00";"2022";"791507000,00";"2022";"5";"0";"0,00";"2024";"21/07/2026 15:42:52"
"1100908";"1769,00";"2010";"3233,00";"2022";"121873000,00";"2022";"0";"0";"0,00";"";"21/07/2026 15:42:52"
"1100924";"4420,00";"2010";"9324,00";"2022";"638875000,00";"2022";"6";"29";"524000,00";"2024";"21/07/2026 15:42:52"
"1100940";"7527,00";"2010";"14863,00";"2022";"519136000,00";"2022";"3";"0";"0,00";"2024";"21/07/2026 15:42:52"
"1101005";"4609,00";"2010";"8001,00";"2022";"283465000,00";"2022";"1";"0";"0,00";"2024";"21/07/2026 15:42:52"
"1101104";"4243,00";"2010";"8548,00";"2022";"289967000,00";"2022";"2";"0";"0,00";"2024";"21/07/2026 15:42:52"
"1101203";"4644,00";"2010";"6466,00";"2022";"414490000,00";"2022";"3";"0";"0,00";"2024";"21/07/2026 15:42:52"
"1101302";"5874,00";"2010";"9235,00";"2022";"310402000,00";"2022";"5";"24";"438000,00";"2024";"21/07/2026 15:42:52"
"1101401";"6858,00";"2010";"11548,00";"2022";"452939000,00";"2022";"8";"47";"894000,00";"2024";"21/07/2026 15:42:52"
"1101435";"4070,00";"2010";"6200,00";"2022";"168139000,00";"2022";"2";"0";"0,00";"2024";"21/07/2026 15:42:52"
"1101450";"2055,00";"2010";"4125,00";"2022";"164073000,00";"2022";"2";"0";"0,00";"2024";"21/07/2026 15:42:52"
"1101468";"1080,00";"2010";"2156,00";"2022";"327048000,00";"2022";"2";"0";"0,00";"2024";"21/07/2026 15:42:52"
"1101476";"1476,00";"2010";"3076,00";"2022";"130973000,00";"2022";"2";"0";"0,00";"2024";"21/07/2026 15:42:52"
"1101484";"2811,00";"2010";"5258,00";"2022";"157330000,00";"2022";"1";"0";"0,00";"2024";"21/07/2026 15:42:52"
"1101492";"8245,00";"2010";"16286,00";"2022";"573985000,00";"2022";"5";"0";"0,00";"2024";"21/07/2026 15:42:52"
"1101500";"6199,00";"2010";"11171,00";"2022";"381163000,00";"2022";"2";"0";"0,00";"2024";"21/07/2026 15:42:52"
"1101559";"2535,00";"2010";"4256,00";"2022";"141105000,00";"2022";"0";"0";"0,00";"";"21/07/2026 15:42:52"
"1101609";"5415,00";"2010";"8113,00";"2022";"284565000,00";"2022";"2";"0";"0,00";"2024";"21/07/2026 15:42:52"
"1101708";"6391,00";"2010";"10725,00";"2022";"317568000,00";"2022";"1";"0";"0,00";"2024";"21/07/2026 15:42:52"
"1101757";"4539,00";"2010";"7788,00";"2022";"234965000,00";"2022";"1";"0";"0,00";"2024";"21/07/2026 15:42:52"
"1101807";"3115,00";"2010";"6479,00";"2022";"199086000,00";"2022";"5";"42";"543000,00";"2024";"21/07/2026 15:42:52"
"1200013";"5094,00";"2010";"14021,00";"2022";"445829000,00";"2022";"6";"0";"0,00";"2024";"21/07/2026 15:42:52"
"1200054";"2151,00";"2010";"8100,00";"2022";"164921000,00";"2022";"4";"51";"955000,00";"2024";"21/07/2026 15:42:52"
"1200104";"8547,00";"2010";"26000,00";"2022";"820793000,00";"2022";"11";"0";"0,00";"2024";"21/07/2026 15:42:52"
"1200138";"3345,00";"2010";"12917,00";"2022";"344752000,00";"2022";"2";"0";"0,00";"2024";"21/07/2026 15:42:52"
"1200179";"4038,00";"2010";"10392,00";"2022";"717612000,00";"2022";"1";"0";"0,00";"2024";"21/07/2026 15:42:52"
"1200203";"30252,00";"2010";"91888,00";"2022";"2313075000,00";"2022";"25";"0";"0,00";"2024";"21/07/2026 15:42:52"
"1200252";"6585,00";"2010";"18757,00";"2022";"776868000,00";"2022";"10";"163";"3029000,00";"2024";"21/07/2026 15:42:52"
"1200302";"11033,00";"2010";"35426,00";"2022";"639844000,00";"2022";"9";"35";"354000,00";"2024";"21/07/2026 15:42:52"
"1200328";"1804,00";"2010";"9222,00";"2022";"136531000,00";"2022";"0";"0";"0,00";"";"21/07/2026 15:42:52"
"1200336";"5115,00";"2010";"19294,00";"2022";"289345000,00";"2022";"6";"57";"1107000,00";"2024";"21/07/2026 15:42:52"
"1200344";"2980,00";"2010";"11996,00";"2022";"231082000,00";"2022";"3";"6";"8000,00";"2024";"21/07/2026 15:42:52"
"1200351";"5275,00";"2010";"17093,00";"2022";"256481000,00";"2022";"2";"0";"0,00";"2024";"21/07/2026 15:42:52"
"1200385";"5920,00";"2010";"16560,00";"2022";"829047000,00";"2022";"4";"23";"380000,00";"2024";"21/07/2026 15:42:52"
"1200393";"3486,00";"2010";"10735,00";"2022";"177517000,00";"2022";"2";"0";"0,00";"2024";"21/07/2026 15:42:52"
"1200401";"154286,00";"2010";"364756,00";"2022";"11266899000,00";"2022";"24";"4176";"133473000,00";"2024";"21/07/2026 15:42:52"
"1200427";"4779,00";"2010";"14938,00";"2022";"253225000,00";"2022";"0";"0";"0,00";"";"21/07/2026 15:42:52"
"1200435";"1248,00";"2010";"6723,00";"2022";"114984000,00";"2022";"0";"0";"0,00";"";"21/07/2026 15:42:52"
"1200450";"8289,00";"2010";"21454,00";"2022";"1037716000,00";"2022";"2";"0";"0,00";"2024";"21/07/2026 15:42:52"
"1200500";"15941,00";"2010";"41343,00";"2022";"841621000,00";"2022";"3";"9";"90000,00";"2024";"21/07/2026 15:42:52"
"1200609";"11961,00";"2010";"43467,00";"2022";"800496000,00";"2022";"8";"0";"0,00";"2024";"21/07/2026 15:42:52"
"1200708";"6895,00";"2010";"18243,00";"2022";"632360000,00";"2022";"9";"65";"988000,00";"2024";"21/07/2026 15:42:52"
"1200807";"4640,00";"2010";"16693,00";"2022";"585139000,00";"2022";"2";"0";"0,00";"2024";"21/07/2026 15:42:52"
"1300029";"3731,00";"2010";"15866,00";"2022";"222262000,00";"2022";"1";"0";"0,00";"2024";"21/07/2026 15:42:52"
"1300060";"2404,00";"2010";"10819,00";"2022";"124175000,00";"2022";"1";"0";"0,00";"2024";"21/07/2026 15:42:52"
"1300086";"4202,00";"2010";"9962,00";"2022";"135488000,00";"2022";"1";"0";"0,00";"2024";"21/07/2026 15:42:52"
"1300102";"6669,00";"2010";"17194,00";"2022";"252603000,00";"2022";"1";"0";"0,00";"2024";"21/07/2026 15:42:52"
"1300144";"8184,00";"2010";"20647,00";"2022";"321020000,00";"2022";"2";"0";"0,00";"2024";"21/07/2026 15:42:52"
"1300201";"5611,00";"2010";"15314,00";"2022";"177565000,00";"2022";"2";"0";"0,00";"2024";"21/07/2026 15:42:52"
"1300300";"11988,00";"2010";"41564,00";"2022";"567928000,00";"2022";"23";"0";"0,00";"2024";"21/07/2026 15:42:52"
"1300409";"7077,00";"2010";"18834,00";"2022";"207959000,00";"2022";"1";"0";"0,00";"2024";"21/07/2026 15:42:52"
"1300508";"9776,00";"2010";"31051,00";"2022";"377493000,00";"2022";"6";"7";"130000,00";"2024";"21/07/2026 15:42:52"
"1300607";"12549,00";"2010";"37648,00";"2022";"390616000,00";"2022";"6";"0";"0,00";"2024";"21/07/2026 15:42:52"
"1300631";"5172,00";"2010";"20718,00";"2022";"239687000,00";"2022";"2";"0";"0,00";"2024";"21/07/2026 15:42:52"
"1300680";"5333,00";"2010";"23785,00";"2022";"216113000,00";"2022";"1";"0";"0,00";"2024";"21/07/2026 15:42:52"
"1300706";"10919,00";"2010";"35447,00";"2022";"576051000,00";"2022";"5";"12";"75000,00";"2024";"21/07/2026 15:42:52"
"1300805";"13464,00";"2010";"33080,00";"2022";"415321000,00";"2022";"34";"73";"825000,00";"2024";"21/07/2026 15:42:52"
"1300839";"3615,00";"2010";"13469,00";"2022";"195341000,00";"2022";"0";"0";"0,00";"";"21/07/2026 15:42:52"
"1300904";"4957,00";"2010";"16869,00";"2022";"177303000,00";"2022";"2";"0";"0,00";"2024";"21/07/2026 15:42:52"
"1301001";"9711,00";"2010";"28742,00";"2022";"406023000,00";"2022";"11";"0";"0,00";"2024";"21/07/2026 15:42:52"
"1301100";"9118,00";"2010";"30792,00";"2022";"398453000,00";"2022";"2";"0";"0,00";"2024";"21/07/2026 15:42:52"
"1301159";"8395,00";"2010";"19637,00";"2022";"355857000,00";"2022";"1";"0";"0,00";"2024";"21/07/2026 15:42:52"
"1301209";"28863,00";"2010";"70616,00";"2022";"4861891000,00";"2022";"6";"7";"0,00";"2024";"21/07/2026 15:42:52"
"1301308";"8424,00";"2010";"23549,00";"2022";"522891000,00";"2022";"4";"0";"0,00";"2024";"21/07/2026 15:42:52"
"1301407";"12309,00";"2010";"33170,00";"2022";"578742000,00";"2022";"3";"3";"0,00";"2024";"21/07/2026 15:42:52"
"1301506";"5241,00";"2010";"17186,00";"2022";"209889000,00";"2022";"10";"13";"5000,00";"2024";"21/07/2026 15:42:52"
"1301605";"8190,00";"2010";"25871,00";"2022";"297891000,00";"2022";"1";"0";"0,00";"2024";"21/07/2026 15:42:52"
"1301654";"3496,00";"2010";"13815,00";"2022";"166381000,00";"2022";"1";"0";"0,00";"2024";"21/07/2026 15:42:52"
"1301704";"15744,00";"2010";"57473,00";"2022";"960741000,00";"2022";"16";"0";"0,00";"2024";"21/07/2026 15:42:53"
"1301803";"6641,00";"2010";"24311,00";"2022";"214597000,00";"2022";"1";"0";"0,00";"2024";"21/07/2026 15:42:53"
"1301852";"15420,00";"2010";"61163,00";"2022";"1044312000,00";"2022";"5";"0";"0,00";"2024";"21/07/2026 15:42:53"
"1301902";"34869,00";"2010";"103598,00";"2022";"2775138000,00";"2022";"13";"219";"4142000,00";"2024";"21/07/2026 15:42:53"
"1301951";"1862,00";"2010";"10937,00";"2022";"161304000,00";"2022";"0";"0";"0,00";"";"21/07/2026 15:42:53"
"1302009";"3120,00";"2010";"10162,00";"2022";"173994000,00";"2022";"1";"0";"0,00";"2024";"21/07/2026 15:42:53"
"1302108";"2600,00";"2010";"8858,00";"2022";"127520000,00";"2022";"9";"0";"0,00";"2024";"21/07/2026 15:42:53"
"1302207";"4485,00";"2010";"10742,00";"2022";"130664000,00";"2022";"1";"0";"0,00";"2024";"21/07/2026 15:42:53"
"1302306";"6604,00";"2010";"25172,00";"2022";"351355000,00";"2022";"1";"0";"0,00";"2024";"21/07/2026 15:42:53"
"1302405";"15427,00";"2010";"45448,00";"2022";"665442000,00";"2022";"7";"55";"1250000,00";"2024";"21/07/2026 15:42:53"
"1302504";"34260,00";"2010";"101883,00";"2022";"1776203000,00";"2022";"16";"91";"1924000,00";"2024";"21/07/2026 15:42:53"
"1302553";"8185,00";"2010";"17107,00";"2022";"264185000,00";"2022";"0";"0";"0,00";"";"21/07/2026 15:42:53"
"1302603";"844465,00";"2010";"2063689,00";"2022";"113465435000,00";"2022";"95";"10152";"267821000,00";"2024";"21/07/2026 15:42:53"
"1302702";"18441,00";"2010";"53914,00";"2022";"781078000,00";"2022";"11";"58";"816000,00";"2024";"21/07/2026 15:42:53"
"1302801";"5401,00";"2010";"15529,00";"2022";"181102000,00";"2022";"1";"0";"0,00";"2024";"21/07/2026 15:42:53"
"1302900";"19792,00";"2010";"61204,00";"2022";"649736000,00";"2022";"4";"5";"0,00";"2024";"21/07/2026 15:42:53"
"1303007";"6189,00";"2010";"20136,00";"2022";"220804000,00";"2022";"3";"3";"0,00";"2024";"21/07/2026 15:42:53"
"1303106";"13238,00";"2010";"27062,00";"2022";"325558000,00";"2022";"8";"0";"0,00";"2024";"21/07/2026 15:42:53"
"1303205";"5480,00";"2010";"15761,00";"2022";"201710000,00";"2022";"3";"3";"0,00";"2024";"21/07/2026 15:42:53"
"1303304";"8754,00";"2010";"23818,00";"2022";"264810000,00";"2022";"4";"4";"0,00";"2024";"21/07/2026 15:42:53"
"1303403";"38823,00";"2010";"96372,00";"2022";"1511650000,00";"2022";"23";"517";"9726000,00";"2024";"21/07/2026 15:42:53"
"1303502";"6761,00";"2010";"19373,00";"2022";"221858000,00";"2022";"4";"4";"0,00";"2024";"21/07/2026 15:42:53"
"1303536";"12056,00";"2010";"30668,00";"2022";"592973000,00";"2022";"6";"0";"0,00";"2024";"21/07/2026 15:42:53"
"1303569";"11540,00";"2010";"24936,00";"2022";"406487000,00";"2022";"2";"0";"0,00";"2024";"21/07/2026 15:42:53"
"1303601";"4930,00";"2010";"14164,00";"2022";"197124000,00";"2022";"0";"0";"0,00";"";"21/07/2026 15:42:53"
"1303700";"7070,00";"2010";"28211,00";"2022";"305336000,00";"2022";"2";"0";"0,00";"2024";"21/07/2026 15:42:53"
"1303809";"10997,00";"2010";"51795,00";"2022";"511307000,00";"2022";"1";"0";"0,00";"2024";"21/07/2026 15:42:53"
"1303908";"12544,00";"2010";"32967,00";"2022";"328404000,00";"2022";"5";"14";"195000,00";"2024";"21/07/2026 15:42:53"
"1303957";"4426,00";"2010";"11670,00";"2022";"129935000,00";"2022";"1";"0";"0,00";"2024";"21/07/2026 15:42:53"
"1304005";"3093,00";"2010";"11559,00";"2022";"378318000,00";"2022";"3";"2";"0,00";"2024";"21/07/2026 15:42:53"
"1304062";"19132,00";"2010";"66764,00";"2022";"824249000,00";"2022";"10";"26";"294000,00";"2024";"21/07/2026 15:42:53"
"1304104";"8171,00";"2010";"19599,00";"2022";"279445000,00";"2022";"7";"7";"0,00";"2024";"21/07/2026 15:42:53"
"1304203";"22161,00";"2010";"73669,00";"2022";"1386545000,00";"2022";"2";"0";"0,00";"2024";"21/07/2026 15:42:53"
"1304237";"5678,00";"2010";"19247,00";"2022";"202743000,00";"2022";"1";"0";"0,00";"2024";"21/07/2026 15:42:53"
"1304260";"5018,00";"2010";"14431,00";"2022";"250157000,00";"2022";"1";"0";"0,00";"2024";"21/07/2026 15:42:53"
"1304302";"6169,00";"2010";"18631,00";"2022";"220398000,00";"2022";"0";"0";"0,00";"";"21/07/2026 15:42:53"
"1304401";"6968,00";"2010";"23945,00";"2022";"262906000,00";"2022";"0";"0";"0,00";"";"21/07/2026 15:42:53"
"1400027";"1904,00";"2010";"13927,00";"2022";"300390000,00";"2022";"3";"4";"59000,00";"2024";"21/07/2026 15:42:53"
"1400050";"5910,00";"2010";"21096,00";"2022";"700058000,00";"2022";"1";"0";"0,00";"2024";"21/07/2026 15:42:53"
"1400100";"135995,00";"2010";"413486,00";"2022";"15213966000,00";"2022";"86";"3779";"95455000,00";"2024";"21/07/2026 15:42:53"
"1400159";"4041,00";"2010";"13923,00";"2022";"705965000,00";"2022";"7";"20";"277000,00";"2024";"21/07/2026 15:42:53"
"1400175";"4540,00";"2010";"18682,00";"2022";"405868000,00";"2022";"3";"4";"0,00";"2024";"21/07/2026 15:42:53"
"1400209";"6972,00";"2010";"20957,00";"2022";"530515000,00";"2022";"2";"0";"0,00";"2024";"21/07/2026 15:42:53"
"1400233";"3509,00";"2010";"10656,00";"2022";"276635000,00";"2022";"10";"0";"0,00";"2024";"21/07/2026 15:42:53"
"1400282";"3453,00";"2010";"10023,00";"2022";"235247000,00";"2022";"2";"0";"0,00";"2024";"21/07/2026 15:42:53"
"1400308";"5174,00";"2010";"18095,00";"2022";"481025000,00";"2022";"4";"31";"578000,00";"2024";"21/07/2026 15:42:53"
"1400407";"2831,00";"2010";"13986,00";"2022";"270720000,00";"2022";"3";"4";"18000,00";"2024";"21/07/2026 15:42:53"
"1400456";"3599,00";"2010";"19305,00";"2022";"393278000,00";"2022";"2";"0";"0,00";"2024";"21/07/2026 15:42:53"
"1400472";"10353,00";"2010";"32647,00";"2022";"828529000,00";"2022";"7";"70";"1016000,00";"2024";"21/07/2026 15:42:53"
"1400506";"3141,00";"2010";"8858,00";"2022";"343559000,00";"2022";"5";"19";"410000,00";"2024";"21/07/2026 15:42:53"
"1400605";"2222,00";"2010";"7315,00";"2022";"192540000,00";"2022";"4";"17";"259000,00";"2024";"21/07/2026 15:42:53"
"1400704";"2864,00";"2010";"13751,00";"2022";"217047000,00";"2022";"1";"0";"0,00";"2024";"21/07/2026 15:42:53"
"1500107";"57993,00";"2010";"158188,00";"2022";"2193300000,00";"2022";"7";"125";"2225000,00";"2024";"21/07/2026 15:42:53"
"1500131";"2777,00";"2010";"6136,00";"2022";"126585000,00";"2022";"3";"15";"184000,00";"2024";"21/07/2026 15:42:53"
"1500206";"22695,00";"2010";"59023,00";"2022";"1242612000,00";"2022";"4";"13";"105000,00";"2024";"21/07/2026 15:42:53"
"1500305";"11234,00";"2010";"37765,00";"2022";"539303000,00";"2022";"1";"0";"0,00";"2024";"21/07/2026 15:42:53"
"1500347";"9561,00";"2010";"18080,00";"2022";"848598000,00";"2022";"11";"0";"0,00";"2024";"21/07/2026 15:42:53"
"1500404";"19679,00";"2010";"69377,00";"2022";"919276000,00";"2022";"6";"10";"121000,00";"2024";"21/07/2026 15:42:53"
"1500503";"14260,00";"2010";"34280,00";"2022";"687485000,00";"2022";"6";"33";"630000,00";"2024";"21/07/2026 15:42:53"
"1500602";"45323,00";"2010";"126279,00";"2022";"3457957000,00";"2022";"28";"388";"13075000,00";"2024";"21/07/2026 15:42:53"
"1500701";"8096,00";"2010";"28011,00";"2022";"304791000,00";"2022";"2";"0";"0,00";"2024";"21/07/2026 15:42:53"
"1500800";"225162,00";"2010";"478778,00";"2022";"9983645000,00";"2022";"15";"1838";"52033000,00";"2024";"21/07/2026 15:42:53"
"1500859";"9605,00";"2010";"31850,00";"2022";"687043000,00";"2022";"18";"71";"890000,00";"2024";"21/07/2026 15:42:53"
"1500909";"12894,00";"2010";"44573,00";"2022";"405345000,00";"2022";"0";"0";"0,00";"";"21/07/2026 15:42:53"
"1500958";"7733,00";"2010";"23774,00";"2022";"340027000,00";"2022";"3";"20";"337000,00";"2024";"21/07/2026 15:42:53"
"1501006";"5925,00";"2010";"18290,00";"2022";"186422000,00";"2022";"1";"0";"0,00";"2024";"21/07/2026 15:42:53"
"1501105";"8617,00";"2010";"31892,00";"2022";"277458000,00";"2022";"3";"6";"98000,00";"2024";"21/07/2026 15:42:53"
"1501204";"15141,00";"2010";"51641,00";"2022";"694648000,00";"2022";"3";"0";"0,00";"2024";"21/07/2026 15:42:53"
"1501253";"1436,00";"2010";"4031,00";"2022";"138929000,00";"2022";"5";"0";"0,00";"2024";"21/07/2026 15:42:53"
"1501303";"42597,00";"2010";"126650,00";"2022";"8408789000,00";"2022";"12";"27";"294000,00";"2024";"21/07/2026 15:42:53"
"1501402";"663589,00";"2010";"1303403,00";"2022";"37604333000,00";"2022";"58";"25562";"690933000,00";"2024";"21/07/2026 15:42:53"
"1501451";"5751,00";"2010";"18099,00";"2022";"340703000,00";"2022";"0";"0";"0,00";"";"21/07/2026 15:42:53"
"1501501";"22740,00";"2010";"63567,00";"2022";"2700819000,00";"2022";"4";"0";"0,00";"2024";"21/07/2026 15:42:53"
"1501576";"6505,00";"2010";"18005,00";"2022";"292675000,00";"2022";"2";"0";"0,00";"2024";"21/07/2026 15:42:53"
"1501600";"5669,00";"2010";"12622,00";"2022";"232989000,00";"2022";"0";"0";"0,00";"";"21/07/2026 15:42:53"
"1501709";"44258,00";"2010";"123082,00";"2022";"1737012000,00";"2022";"1";"0";"0,00";"2024";"21/07/2026 15:42:53"
"1501725";"6466,00";"2010";"24718,00";"2022";"440739000,00";"2022";"9";"0";"0,00";"2024";"21/07/2026 15:42:53"
"1501758";"2860,00";"2010";"6783,00";"2022";"129481000,00";"2022";"1";"0";"0,00";"2024";"21/07/2026 15:42:53"
"1501782";"18995,00";"2010";"45712,00";"2022";"767219000,00";"2022";"14";"86";"2362000,00";"2024";"21/07/2026 15:42:53"
"1501808";"33057,00";"2010";"106968,00";"2022";"1227011000,00";"2022";"22";"59";"1030000,00";"2024";"21/07/2026 15:42:53"
"1501907";"9748,00";"2010";"24383,00";"2022";"544690000,00";"2022";"1";"0";"0,00";"2024";"21/07/2026 15:42:53"
"1501956";"8322,00";"2010";"19630,00";"2022";"214722000,00";"2022";"3";"0";"0,00";"2024";"21/07/2026 15:42:53"
"1502004";"7250,00";"2010";"23981,00";"2022";"293835000,00";"2022";"1";"0";"0,00";"2024";"21/07/2026 15:42:53"
"1502103";"49503,00";"2010";"134184,00";"2022";"1640809000,00";"2022";"10";"28";"343000,00";"2024";"21/07/2026 15:42:53"
"1502152";"12370,00";"2010";"77079,00";"2022";"16061773000,00";"2022";"49";"215";"3824000,00";"2024";"21/07/2026 15:42:53"
"1502202";"27493,00";"2010";"70394,00";"2022";"1598656000,00";"2022";"4";"81";"1995000,00";"2024";"21/07/2026 15:42:53"
"1502301";"22436,00";"2010";"56506,00";"2022";"691741000,00";"2022";"8";"0";"0,00";"2024";"21/07/2026 15:42:53"
"1502400";"75129,00";"2010";"192256,00";"2022";"5688912000,00";"2022";"14";"46";"655000,00";"2024";"21/07/2026 15:42:53"
"1502509";"7170,00";"2010";"20757,00";"2022";"293848000,00";"2022";"0";"0";"0,00";"";"21/07/2026 15:42:53"
"1502608";"4073,00";"2010";"12868,00";"2022";"120635000,00";"2022";"1";"0";"0,00";"2024";"21/07/2026 15:42:53"
"1502707";"19634,00";"2010";"44617,00";"2022";"765892000,00";"2022";"33";"147";"2509000,00";"2024";"21/07/2026 15:42:53"
"1502756";"11218,00";"2010";"26881,00";"2022";"452741000,00";"2022";"17";"56";"659000,00";"2024";"21/07/2026 15:42:53"
"1502764";"4820,00";"2010";"14036,00";"2022";"431268000,00";"2022";"7";"9";"5000,00";"2024";"21/07/2026 15:42:53"
"1502772";"6468,00";"2010";"19950,00";"2022";"1503197000,00";"2022";"3";"0";"0,00";"2024";"21/07/2026 15:42:53"
"1502806";"10044,00";"2010";"33903,00";"2022";"328648000,00";"2022";"6";"0";"0,00";"2024";"21/07/2026 15:42:53"
"1502855";"4528,00";"2010";"14117,00";"2022";"171989000,00";"2022";"4";"5";"8000,00";"2024";"21/07/2026 15:42:53"
"1502905";"11302,00";"2010";"41262,00";"2022";"443371000,00";"2022";"4";"0";"0,00";"2024";"21/07/2026 15:42:53"
"1502939";"22598,00";"2010";"58484,00";"2022";"1261538000,00";"2022";"15";"95";"2016000,00";"2024";"21/07/2026 15:42:53"
"1502954";"12434,00";"2010";"28192,00";"2022";"605964000,00";"2022";"14";"0";"0,00";"2024";"21/07/2026 15:42:53"
"1503002";"2618,00";"2010";"8728,00";"2022";"89801000,00";"2022";"3";"7";"97000,00";"2024";"21/07/2026 15:42:53"
"1503044";"7023,00";"2010";"17898,00";"2022";"566641000,00";"2022";"18";"105";"1211000,00";"2024";"21/07/2026 15:42:53"
"1503077";"10784,00";"2010";"24703,00";"2022";"314533000,00";"2022";"5";"0";"0,00";"2024";"21/07/2026 15:42:53"
"1503093";"11608,00";"2010";"26362,00";"2022";"522757000,00";"2022";"17";"113";"2327000,00";"2024";"21/07/2026 15:42:53"
"1503101";"10259,00";"2010";"31786,00";"2022";"398199000,00";"2022";"0";"0";"0,00";"";"21/07/2026 15:42:53"
"1503200";"14383,00";"2010";"35797,00";"2022";"499455000,00";"2022";"1";"0";"0,00";"2024";"21/07/2026 15:42:53"
"1503309";"23375,00";"2010";"64831,00";"2022";"818860000,00";"2022";"8";"42";"802000,00";"2024";"21/07/2026 15:42:53"
"1503408";"3664,00";"2010";"10325,00";"2022";"201526000,00";"2022";"0";"0";"0,00";"";"21/07/2026 15:42:53"
"1503457";"14965,00";"2010";"30329,00";"2022";"607747000,00";"2022";"6";"47";"849000,00";"2024";"21/07/2026 15:42:53"
"1503507";"13965,00";"2010";"30955,00";"2022";"317600000,00";"2022";"1";"0";"0,00";"2024";"21/07/2026 15:42:53"
"1503606";"40675,00";"2010";"123314,00";"2022";"3757070000,00";"2022";"24";"124";"3215000,00";"2024";"21/07/2026 15:42:53"
"1503705";"18041,00";"2010";"49754,00";"2022";"889870000,00";"2022";"7";"0";"0,00";"2024";"21/07/2026 15:42:53"
"1503754";"5138,00";"2010";"24042,00";"2022";"657775000,00";"2022";"2";"0";"0,00";"2024";"21/07/2026 15:42:53"
"1503804";"21845,00";"2010";"37707,00";"2022";"658642000,00";"2022";"7";"194";"4354000,00";"2024";"21/07/2026 15:42:53"
"1503903";"17379,00";"2010";"50881,00";"2022";"1294172000,00";"2022";"11";"69";"3333000,00";"2024";"21/07/2026 15:42:53"
"1504000";"10323,00";"2010";"29569,00";"2022";"525619000,00";"2022";"0";"0";"0,00";"";"21/07/2026 15:42:53"
"1504059";"10888,00";"2010";"34353,00";"2022";"422738000,00";"2022";"6";"172";"2884000,00";"2024";"21/07/2026 15:42:53"
"1504109";"2571,00";"2010";"8115,00";"2022";"110101000,00";"2022";"1";"0";"0,00";"2024";"21/07/2026 15:42:53"
"1504208";"103197,00";"2010";"266533,00";"2022";"12233453000,00";"2022";"55";"171";"2668000,00";"2024";"21/07/2026 15:42:53"
"1504307";"10153,00";"2010";"25971,00";"2022";"310995000,00";"2022";"0";"0";"0,00";"";"21/07/2026 15:42:53"
"1504406";"10708,00";"2010";"26573,00";"2022";"297450000,00";"2022";"0";"0";"0,00";"";"21/07/2026 15:42:53"
"1504422";"46908,00";"2010";"111785,00";"2022";"2475913000,00";"2022";"5";"159";"4455000,00";"2024";"21/07/2026 15:42:53"
"1504455";"11685,00";"2010";"27094,00";"2022";"979333000,00";"2022";"10";"0";"0,00";"2024";"21/07/2026 15:42:53"
"1504505";"8167,00";"2010";"27881,00";"2022";"270905000,00";"2022";"7";"9";"44000,00";"2024";"21/07/2026 15:42:53"
"1504604";"11698,00";"2010";"27198,00";"2022";"381653000,00";"2022";"1";"0";"0,00";"2024";"21/07/2026 15:42:53"
"1504703";"27576,00";"2010";"84094,00";"2022";"1537609000,00";"2022";"18";"0";"0,00";"2024";"21/07/2026 15:42:53"
"1504752";"0,00";"2010";"23501,00";"2022";"464580000,00";"2022";"0";"0";"0,00";"";"21/07/2026 15:42:53"
"1504802";"21426,00";"2010";"60012,00";"2022";"1063686000,00";"2022";"16";"51";"915000,00";"2024";"21/07/2026 15:42:53"
"1504901";"12594,00";"2010";"45368,00";"2022";"395396000,00";"2022";"1";"0";"0,00";"2024";"21/07/2026 15:42:53"
"1504950";"6974,00";"2010";"20478,00";"2022";"274260000,00";"2022";"3";"28";"375000,00";"2024";"21/07/2026 15:42:53"
"1504976";"6136,00";"2010";"13955,00";"2022";"202161000,00";"2022";"4";"28";"648000,00";"2024";"21/07/2026 15:42:53"
"1505007";"5493,00";"2010";"12806,00";"2022";"167479000,00";"2022";"0";"0";"0,00";"";"21/07/2026 15:42:53"
"1505031";"13227,00";"2010";"33638,00";"2022";"1280247000,00";"2022";"15";"199";"3181000,00";"2024";"21/07/2026 15:42:53"
"1505064";"23418,00";"2010";"60732,00";"2022";"1233474000,00";"2022";"20";"106";"2194000,00";"2024";"21/07/2026 15:42:53"
"1505106";"19666,00";"2010";"52229,00";"2022";"982930000,00";"2022";"7";"76";"1553000,00";"2024";"21/07/2026 15:42:53"
"1505205";"10713,00";"2010";"33844,00";"2022";"454247000,00";"2022";"2";"0";"0,00";"2024";"21/07/2026 15:42:53"
"1505304";"24434,00";"2010";"68294,00";"2022";"1802512000,00";"2022";"5";"0";"0,00";"2024";"21/07/2026 15:42:53"
"1505403";"5720,00";"2010";"17855,00";"2022";"231549000,00";"2022";"1";"0";"0,00";"2024";"21/07/2026 15:42:53"
"1505437";"11585,00";"2010";"32467,00";"2022";"1778205000,00";"2022";"12";"0";"0,00";"2024";"21/07/2026 15:42:53"
"1505486";"13971,00";"2010";"41097,00";"2022";"1071885000,00";"2022";"15";"0";"0,00";"2024";"21/07/2026 15:42:53"
"1505494";"2658,00";"2010";"6885,00";"2022";"117613000,00";"2022";"2";"0";"0,00";"2024";"21/07/2026 15:42:53"
"1505502";"42416,00";"2010";"105550,00";"2022";"5020674000,00";"2022";"39";"323";"7507000,00";"2024";"21/07/2026 15:42:53"
"1505536";"71569,00";"2010";"267836,00";"2022";"25317042000,00";"2022";"64";"677";"25627000,00";"2024";"21/07/2026 15:42:53"
"1505551";"2143,00";"2010";"6931,00";"2022";"120432000,00";"2022";"5";"8";"30000,00";"2024";"21/07/2026 15:42:53"
"1505601";"2723,00";"2010";"8285,00";"2022";"81669000,00";"2022";"0";"0";"0,00";"";"21/07/2026 15:42:53"
"1505635";"4938,00";"2010";"12832,00";"2022";"324868000,00";"2022";"13";"0";"0,00";"2024";"21/07/2026 15:42:53"
"1505650";"9669,00";"2010";"18668,00";"2022";"379126000,00";"2022";"10";"22";"161000,00";"2024";"21/07/2026 15:42:53"
"1505700";"9353,00";"2010";"24984,00";"2022";"277171000,00";"2022";"1";"0";"0,00";"2024";"21/07/2026 15:42:53"
"1505809";"17290,00";"2010";"62503,00";"2022";"870235000,00";"2022";"5";"4";"0,00";"2024";"21/07/2026 15:42:53"
"1505908";"13173,00";"2010";"40597,00";"2022";"452978000,00";"2022";"4";"0";"0,00";"2024";"21/07/2026 15:42:53"
"1506005";"10497,00";"2010";"35577,00";"2022";"494696000,00";"2022";"1";"0";"0,00";"2024";"21/07/2026 15:42:53"
"1506104";"4377,00";"2010";"10851,00";"2022";"486677000,00";"2022";"1";"0";"0,00";"2024";"21/07/2026 15:42:53"
"1506112";"4852,00";"2010";"11524,00";"2022";"123176000,00";"2022";"0";"0";"0,00";"";"21/07/2026 15:42:53"
"1506138";"35471,00";"2010";"85597,00";"2022";"3292754000,00";"2022";"28";"179";"2890000,00";"2024";"21/07/2026 15:42:53"
"1506161";"8181,00";"2010";"18384,00";"2022";"872543000,00";"2022";"8";"85";"1763000,00";"2024";"21/07/2026 15:42:53"
"1506187";"19681,00";"2010";"53143,00";"2022";"938382000,00";"2022";"14";"34";"1791000,00";"2024";"21/07/2026 15:42:53"
"1506195";"15170,00";"2010";"35769,00";"2022";"516465000,00";"2022";"5";"48";"945000,00";"2024";"21/07/2026 15:42:53"
"1506203";"17475,00";"2010";"44772,00";"2022";"732524000,00";"2022";"4";"0";"0,00";"2024";"21/07/2026 15:42:53"
"1506302";"7588,00";"2010";"24129,00";"2022";"235243000,00";"2022";"0";"0";"0,00";"";"21/07/2026 15:42:53"
"1506351";"6584,00";"2010";"21087,00";"2022";"278333000,00";"2022";"2";"0";"0,00";"2024";"21/07/2026 15:42:53"
"1506401";"2745,00";"2010";"7445,00";"2022";"98543000,00";"2022";"1";"0";"0,00";"2024";"21/07/2026 15:42:53"
"1506500";"24850,00";"2010";"73019,00";"2022";"1505978000,00";"2022";"6";"100";"1624000,00";"2024";"21/07/2026 15:42:53"
"1506559";"6367,00";"2010";"20370,00";"2022";"233058000,00";"2022";"0";"0";"0,00";"";"21/07/2026 15:42:53"
"1506583";"5988,00";"2010";"16548,00";"2022";"696577000,00";"2022";"5";"0";"0,00";"2024";"21/07/2026 15:42:53"
"1506609";"9951,00";"2010";"24624,00";"2022";"499868000,00";"2022";"2";"0";"0,00";"2024";"21/07/2026 15:42:53"
"1506708";"25051,00";"2010";"32413,00";"2022";"1764088000,00";"2022";"22";"87";"1002000,00";"2024";"21/07/2026 15:42:53"
"1506807";"125665,00";"2010";"331942,00";"2022";"7764936000,00";"2022";"43";"1262";"37103000,00";"2024";"21/07/2026 15:42:53"
"1506906";"1760,00";"2010";"6116,00";"2022";"67380000,00";"2022";"1";"0";"0,00";"2024";"21/07/2026 15:42:53"
"1507003";"11031,00";"2010";"27461,00";"2022";"582209000,00";"2022";"4";"22";"487000,00";"2024";"21/07/2026 15:42:53"
"1507102";"6651,00";"2010";"16666,00";"2022";"200864000,00";"2022";"4";"7";"0,00";"2024";"21/07/2026 15:42:53"
"1507151";"9498,00";"2010";"21092,00";"2022";"425974000,00";"2022";"6";"8";"19000,00";"2024";"21/07/2026 15:42:53"
"1507201";"11927,00";"2010";"30599,00";"2022";"589310000,00";"2022";"2";"0";"0,00";"2024";"21/07/2026 15:42:53"
"1507300";"35487,00";"2010";"65418,00";"2022";"2020085000,00";"2022";"42";"58";"197000,00";"2024";"21/07/2026 15:42:54"
"1507409";"5620,00";"2010";"14894,00";"2022";"326143000,00";"2022";"0";"0";"0,00";"";"21/07/2026 15:42:54"
"1507458";"10469,00";"2010";"24255,00";"2022";"937038000,00";"2022";"18";"38";"992000,00";"2024";"21/07/2026 15:42:54"
"1507466";"2101,00";"2010";"4430,00";"2022";"66008000,00";"2022";"1";"0";"0,00";"2024";"21/07/2026 15:42:54"
"1507474";"6901,00";"2010";"20689,00";"2022";"203685000,00";"2022";"4";"18";"245000,00";"2024";"21/07/2026 15:42:54"
"1507508";"4677,00";"2010";"13664,00";"2022";"214554000,00";"2022";"4";"5";"3000,00";"2024";"21/07/2026 15:42:54"
"1507607";"21306,00";"2010";"52894,00";"2022";"938621000,00";"2022";"8";"60";"998000,00";"2024";"21/07/2026 15:42:54"
"1507706";"7903,00";"2010";"25643,00";"2022";"264514000,00";"2022";"1";"0";"0,00";"2024";"21/07/2026 15:42:54"
"1507755";"2369,00";"2010";"5847,00";"2022";"160507000,00";"2022";"3";"28";"691000,00";"2024";"21/07/2026 15:42:54"
"1507805";"5093,00";"2010";"22576,00";"2022";"327336000,00";"2022";"0";"0";"0,00";"";"21/07/2026 15:42:54"
"1507904";"8729,00";"2010";"24204,00";"2022";"277732000,00";"2022";"3";"3";"2000,00";"2024";"21/07/2026 15:42:54"
"1507953";"28575,00";"2010";"72493,00";"2022";"1738043000,00";"2022";"44";"305";"4756000,00";"2024";"21/07/2026 15:42:54"
"1507961";"3685,00";"2010";"10400,00";"2022";"101760000,00";"2022";"0";"0";"0,00";"";"21/07/2026 15:42:54"
"1507979";"6732,00";"2010";"18782,00";"2022";"875905000,00";"2022";"2";"0";"0,00";"2024";"21/07/2026 15:42:54"
"1508001";"23718,00";"2010";"67585,00";"2022";"1297602000,00";"2022";"17";"191";"3138000,00";"2024";"21/07/2026 15:42:54"
"1508035";"11009,00";"2010";"28595,00";"2022";"339249000,00";"2022";"0";"0";"0,00";"";"21/07/2026 15:42:54"
"1508050";"7127,00";"2010";"15242,00";"2022";"373497000,00";"2022";"5";"0";"0,00";"2024";"21/07/2026 15:42:54"
"1508084";"17926,00";"2010";"39550,00";"2022";"1174448000,00";"2022";"18";"52";"682000,00";"2024";"21/07/2026 15:42:54"
"1508100";"41690,00";"2010";"91306,00";"2022";"5999823000,00";"2022";"20";"896";"22336000,00";"2024";"21/07/2026 15:42:54"
"1508126";"15435,00";"2010";"37972,00";"2022";"2302813000,00";"2022";"6";"101";"1589000,00";"2024";"21/07/2026 15:42:54"
"1508159";"18878,00";"2010";"43558,00";"2022";"870209000,00";"2022";"37";"209";"3687000,00";"2024";"21/07/2026 15:42:54"
"1508209";"19315,00";"2010";"50832,00";"2022";"520317000,00";"2022";"9";"0";"0,00";"2024";"21/07/2026 15:42:54"
"1508308";"15896,00";"2010";"58692,00";"2022";"700431000,00";"2022";"1";"0";"0,00";"2024";"21/07/2026 15:42:54"
"1508357";"5690,00";"2010";"15607,00";"2022";"4086688000,00";"2022";"2";"0";"0,00";"2024";"21/07/2026 15:42:54"
"1508407";"18419,00";"2010";"52893,00";"2022";"2091023000,00";"2022";"39";"114";"1413000,00";"2024";"21/07/2026 15:42:54"
"1600055";"1760,00";"2010";"4673,00";"2022";"99725000,00";"2022";"1";"0";"0,00";"2024";"21/07/2026 15:42:54"
"1600105";"3220,00";"2010";"7943,00";"2022";"184056000,00";"2022";"1";"0";"0,00";"2024";"21/07/2026 15:42:54"
"1600154";"4916,00";"2010";"12847,00";"2022";"391427000,00";"2022";"2";"0";"0,00";"2024";"21/07/2026 15:42:54"
"1600204";"3873,00";"2010";"10612,00";"2022";"231684000,00";"2022";"1";"0";"0,00";"2024";"21/07/2026 15:42:54"
"1600212";"1693,00";"2010";"4461,00";"2022";"94531000,00";"2022";"0";"0";"0,00";"";"21/07/2026 15:42:54"
"1600238";"2469,00";"2010";"6666,00";"2022";"478972000,00";"2022";"0";"0";"0,00";"";"21/07/2026 15:42:54"
"1600253";"1538,00";"2010";"5599,00";"2022";"108365000,00";"2022";"1";"0";"0,00";"2024";"21/07/2026 15:42:54"
"1600279";"16494,00";"2010";"35114,00";"2022";"1168830000,00";"2022";"8";"89";"2007000,00";"2024";"21/07/2026 15:42:54"
"1600303";"185421,00";"2010";"442933,00";"2022";"15571145000,00";"2022";"20";"2333";"95587000,00";"2024";"21/07/2026 15:42:54"
"1600402";"6185,00";"2010";"21924,00";"2022";"468715000,00";"2022";"3";"3";"0,00";"2024";"21/07/2026 15:42:54"
"1600501";"9049,00";"2010";"27482,00";"2022";"696944000,00";"2022";"5";"0";"0,00";"2024";"21/07/2026 15:42:54"
"1600535";"7234,00";"2010";"17848,00";"2022";"426170000,00";"2022";"0";"0";"0,00";"";"21/07/2026 15:42:54"
"1600550";"1271,00";"2010";"3803,00";"2022";"82807000,00";"2022";"0";"0";"0,00";"";"21/07/2026 15:42:54"
"1600600";"42094,00";"2010";"107618,00";"2022";"3091307000,00";"2022";"6";"0";"0,00";"2024";"21/07/2026 15:42:54"
"1600709";"4378,00";"2010";"12945,00";"2022";"266854000,00";"2022";"0";"0";"0,00";"";"21/07/2026 15:42:54"
"1600808";"4358,00";"2010";"11291,00";"2022";"252760000,00";"2022";"2";"0";"0,00";"2024";"21/07/2026 15:42:54"
"1700251";"1144,00";"2010";"2576,00";"2022";"109871000,00";"2022";"1";"0";"0,00";"2024";"21/07/2026 15:42:54"
"1700301";"2116,00";"2010";"4497,00";"2022";"224320000,00";"2022";"0";"0";"0,00";"";"21/07/2026 15:42:54"
"1700350";"2349,00";"2010";"5147,00";"2022";"233447000,00";"2022";"7";"47";"882000,00";"2024";"21/07/2026 15:42:54"
"1700400";"3104,00";"2010";"6499,00";"2022";"273732000,00";"2022";"12";"76";"1182000,00";"2024";"21/07/2026 15:42:54"
"1700707";"4168,00";"2010";"8802,00";"2022";"628959000,00";"2022";"14";"77";"1508000,00";"2024";"21/07/2026 15:42:54"
"1701002";"3930,00";"2010";"10325,00";"2022";"173649000,00";"2022";"5";"16";"226000,00";"2024";"21/07/2026 15:42:54"
"1701051";"1246,00";"2010";"2876,00";"2022";"49247000,00";"2022";"0";"0";"0,00";"";"21/07/2026 15:42:54"
"1701101";"1649,00";"2010";"4856,00";"2022";"288442000,00";"2022";"6";"18";"301000,00";"2024";"21/07/2026 15:42:54"
"1701309";"2837,00";"2010";"5290,00";"2022";"93577000,00";"2022";"3";"3";"0,00";"2024";"21/07/2026 15:42:54"
"1701903";"2785,00";"2010";"5927,00";"2022";"347917000,00";"2022";"7";"22";"352000,00";"2024";"21/07/2026 15:42:54"
"1702000";"3994,00";"2010";"8133,00";"2022";"388688000,00";"2022";"11";"24";"261000,00";"2024";"21/07/2026 15:42:54"
"1702109";"74063,00";"2010";"171301,00";"2022";"6165265000,00";"2022";"61";"1189";"30534000,00";"2024";"21/07/2026 15:42:54"
"1702158";"2229,00";"2010";"4310,00";"2022";"90228000,00";"2022";"0";"0";"0,00";"";"21/07/2026 15:42:54"
"1702208";"11710,00";"2010";"31918,00";"2022";"785529000,00";"2022";"23";"111";"1672000,00";"2024";"21/07/2026 15:42:54"
"1702307";"2986,00";"2010";"5550,00";"2022";"153138000,00";"2022";"7";"30";"554000,00";"2024";"21/07/2026 15:42:54"
"1702406";"4251,00";"2010";"10287,00";"2022";"205200000,00";"2022";"7";"60";"1062000,00";"2024";"21/07/2026 15:42:54"
"1702554";"6776,00";"2010";"17484,00";"2022";"346878000,00";"2022";"10";"25";"239000,00";"2024";"21/07/2026 15:42:54"
"1702703";"1425,00";"2010";"3342,00";"2022";"61533000,00";"2022";"2";"0";"0,00";"2024";"21/07/2026 15:42:54"
"1702901";"3588,00";"2010";"10262,00";"2022";"167496000,00";"2022";"5";"0";"0,00";"2024";"21/07/2026 15:42:54"
"1703008";"4138,00";"2010";"7880,00";"2022";"149213000,00";"2022";"3";"4";"47000,00";"2024";"21/07/2026 15:42:54"
"1703057";"898,00";"2010";"3407,00";"2022";"219238000,00";"2022";"4";"0";"0,00";"2024";"21/07/2026 15:42:54"
"1703073";"1540,00";"2010";"4476,00";"2022";"122563000,00";"2022";"3";"10";"178000,00";"2024";"21/07/2026 15:42:54"
"1703107";"2140,00";"2010";"4846,00";"2022";"124496000,00";"2022";"2";"0";"0,00";"2024";"21/07/2026 15:42:54"
"1703206";"1892,00";"2010";"4229,00";"2022";"117017000,00";"2022";"1";"0";"0,00";"2024";"21/07/2026 15:42:54"
"1703305";"1758,00";"2010";"4038,00";"2022";"157713000,00";"2022";"1";"0";"0,00";"2024";"21/07/2026 15:42:54"
"1703602";"818,00";"2010";"1974,00";"2022";"120748000,00";"2022";"0";"0";"0,00";"";"21/07/2026 15:42:54"
"1703701";"2141,00";"2010";"4725,00";"2022";"264927000,00";"2022";"7";"22";"214000,00";"2024";"21/07/2026 15:42:54"
"1703800";"3359,00";"2010";"10307,00";"2022";"147595000,00";"2022";"10";"32";"405000,00";"2024";"21/07/2026 15:42:54"
"1703826";"822,00";"2010";"1961,00";"2022";"44838000,00";"2022";"1";"0";"0,00";"2024";"21/07/2026 15:42:54"
"1703842";"2889,00";"2010";"8653,00";"2022";"1241420000,00";"2022";"4";"0";"0,00";"2024";"21/07/2026 15:42:54"
"1703867";"1667,00";"2010";"4007,00";"2022";"925419000,00";"2022";"3";"11";"137000,00";"2024";"21/07/2026 15:42:54"
"1703883";"938,00";"2010";"2201,00";"2022";"60121000,00";"2022";"3";"6";"59000,00";"2024";"21/07/2026 15:42:54"
"1703891";"1368,00";"2010";"3318,00";"2022";"75057000,00";"2022";"1";"0";"0,00";"2024";"21/07/2026 15:42:54"
"1703909";"1922,00";"2010";"4847,00";"2022";"447727000,00";"2022";"4";"4";"0,00";"2024";"21/07/2026 15:42:54"
"1704105";"775,00";"2010";"2131,00";"2022";"79764000,00";"2022";"1";"0";"0,00";"2024";"21/07/2026 15:42:54"
"1704600";"631,00";"2010";"1501,00";"2022";"44846000,00";"2022";"1";"0";"0,00";"2024";"21/07/2026 15:42:54"
"1705102";"1046,00";"2010";"3117,00";"2022";"165622000,00";"2022";"1";"0";"0,00";"2024";"21/07/2026 15:42:54"
"1705508";"14580,00";"2010";"34233,00";"2022";"1119264000,00";"2022";"13";"277";"7447000,00";"2024";"21/07/2026 15:42:54"
"1705557";"2157,00";"2010";"4756,00";"2022";"82899000,00";"2022";"1";"0";"0,00";"2024";"21/07/2026 15:42:54"
"1705607";"1662,00";"2010";"3887,00";"2022";"75126000,00";"2022";"2";"0";"0,00";"2024";"21/07/2026 15:42:54"
"1706001";"2025,00";"2010";"5331,00";"2022";"234432000,00";"2022";"3";"15";"243000,00";"2024";"21/07/2026 15:42:54"
"1706100";"2955,00";"2010";"6371,00";"2022";"187366000,00";"2022";"4";"17";"176000,00";"2024";"21/07/2026 15:42:54"
"1706258";"625,00";"2010";"1470,00";"2022";"82923000,00";"2022";"1";"0";"0,00";"2024";"21/07/2026 15:42:54"
"1706506";"2105,00";"2010";"5827,00";"2022";"247899000,00";"2022";"5";"8";"35000,00";"2024";"21/07/2026 15:42:54"
"1707009";"8833,00";"2010";"17739,00";"2022";"777790000,00";"2022";"20";"236";"5973000,00";"2024";"21/07/2026 15:42:54"
"1707108";"2739,00";"2010";"7024,00";"2022";"481319000,00";"2022";"4";"34";"496000,00";"2024";"21/07/2026 15:42:54"
"1707207";"2448,00";"2010";"6327,00";"2022";"199599000,00";"2022";"2";"0";"0,00";"2024";"21/07/2026 15:42:54"
"1707306";"1952,00";"2010";"4248,00";"2022";"248721000,00";"2022";"3";"10";"149000,00";"2024";"21/07/2026 15:42:54"
"1707405";"2729,00";"2010";"7530,00";"2022";"109800000,00";"2022";"4";"5";"3000,00";"2024";"21/07/2026 15:42:54"
"1707553";"1571,00";"2010";"3467,00";"2022";"102788000,00";"2022";"3";"0";"0,00";"2024";"21/07/2026 15:42:54"
"1707652";"2791,00";"2010";"5211,00";"2022";"317328000,00";"2022";"5";"36";"669000,00";"2024";"21/07/2026 15:42:54"
"1707702";"2951,00";"2010";"7712,00";"2022";"131906000,00";"2022";"2";"0";"0,00";"2024";"21/07/2026 15:42:54"
"1708205";"8039,00";"2010";"18881,00";"2022";"857600000,00";"2022";"11";"0";"0,00";"2024";"21/07/2026 15:42:54"
"1708254";"998,00";"2010";"3455,00";"2022";"221096000,00";"2022";"5";"0";"0,00";"2024";"21/07/2026 15:42:54"
"1708304";"2161,00";"2010";"4738,00";"2022";"211188000,00";"2022";"5";"11";"89000,00";"2024";"21/07/2026 15:42:54"
"1709005";"4098,00";"2010";"12433,00";"2022";"257057000,00";"2022";"5";"11";"143000,00";"2024";"21/07/2026 15:42:54"
"1709302";"11933,00";"2010";"24775,00";"2022";"1021437000,00";"2022";"15";"248";"4728000,00";"2024";"21/07/2026 15:42:54"
"1709500";"40952,00";"2010";"85125,00";"2022";"3307379000,00";"2022";"36";"836";"23487000,00";"2024";"21/07/2026 15:42:54"
"1709807";"614,00";"2010";"1590,00";"2022";"49269000,00";"2022";"1";"0";"0,00";"2024";"21/07/2026 15:42:54"
"1710508";"2324,00";"2010";"6819,00";"2022";"155967000,00";"2022";"3";"17";"451000,00";"2024";"21/07/2026 15:42:54"
"1710706";"1776,00";"2010";"5172,00";"2022";"88499000,00";"2022";"1";"0";"0,00";"2024";"21/07/2026 15:42:54"
"1710904";"1990,00";"2010";"3577,00";"2022";"156514000,00";"2022";"7";"0";"0,00";"2024";"21/07/2026 15:42:54"
"1711100";"1185,00";"2010";"2404,00";"2022";"69211000,00";"2022";"1";"0";"0,00";"2024";"21/07/2026 15:42:54"
"1711506";"1568,00";"2010";"3334,00";"2022";"95141000,00";"2022";"0";"0";"0,00";"";"21/07/2026 15:42:54"
"1711803";"876,00";"2010";"2243,00";"2022";"48218000,00";"2022";"0";"0";"0,00";"";"21/07/2026 15:42:54"
"1711902";"4426,00";"2010";"15288,00";"2022";"941718000,00";"2022";"11";"24";"326000,00";"2024";"21/07/2026 15:42:54"
"1711951";"1274,00";"2010";"3516,00";"2022";"82843000,00";"2022";"2";"0";"0,00";"2024";"21/07/2026 15:42:54"
"1712009";"1270,00";"2010";"3357,00";"2022";"95999000,00";"2022";"5";"7";"74000,00";"2024";"21/07/2026 15:42:54"
"1712157";"807,00";"2010";"1626,00";"2022";"35046000,00";"2022";"0";"0";"0,00";"";"21/07/2026 15:42:54"
"1712405";"1023,00";"2010";"2999,00";"2022";"63169000,00";"2022";"1";"0";"0,00";"2024";"21/07/2026 15:42:54"
"1712454";"1066,00";"2010";"2717,00";"2022";"56666000,00";"2022";"2";"0";"0,00";"2024";"21/07/2026 15:42:54"
"1712504";"2152,00";"2010";"4615,00";"2022";"336342000,00";"2022";"5";"36";"1210000,00";"2024";"21/07/2026 15:42:54"
"1712702";"1084,00";"2010";"2748,00";"2022";"320677000,00";"2022";"1";"0";"0,00";"2024";"21/07/2026 15:42:54"
"1712801";"898,00";"2010";"3095,00";"2022";"54949000,00";"2022";"0";"0";"0,00";"";"21/07/2026 15:42:54"
"1713205";"8861,00";"2010";"18566,00";"2022";"716543000,00";"2022";"9";"0";"0,00";"2024";"21/07/2026 15:42:54"
"1713304";"5854,00";"2010";"12701,00";"2022";"423866000,00";"2022";"3";"0";"0,00";"2024";"21/07/2026 15:42:54"
"1713601";"2325,00";"2010";"5694,00";"2022";"330390000,00";"2022";"2";"0";"0,00";"2024";"21/07/2026 15:42:54"
"1713700";"794,00";"2010";"2396,00";"2022";"74643000,00";"2022";"1";"0";"0,00";"2024";"21/07/2026 15:42:54"
"1713809";"2249,00";"2010";"4872,00";"2022";"94883000,00";"2022";"1";"0";"0,00";"2024";"21/07/2026 15:42:54"
"1713957";"921,00";"2010";"3367,00";"2022";"70559000,00";"2022";"5";"0";"0,00";"2024";"21/07/2026 15:42:54"
"1714203";"3524,00";"2010";"8754,00";"2022";"285990000,00";"2022";"3";"0";"0,00";"2024";"21/07/2026 15:42:54"
"1714302";"1565,00";"2010";"4521,00";"2022";"70455000,00";"2022";"2";"0";"0,00";"2024";"21/07/2026 15:42:54"
"1714880";"4319,00";"2010";"10367,00";"2022";"392347000,00";"2022";"10";"52";"736000,00";"2024";"21/07/2026 15:42:54"
"1715002";"1262,00";"2010";"3362,00";"2022";"111315000,00";"2022";"2";"0";"0,00";"2024";"21/07/2026 15:42:54"
"1715101";"1516,00";"2010";"3969,00";"2022";"163935000,00";"2022";"3";"7";"51000,00";"2024";"21/07/2026 15:42:54"
"1715150";"1056,00";"2010";"1846,00";"2022";"34679000,00";"2022";"2";"0";"0,00";"2024";"21/07/2026 15:42:54"
"1715259";"1071,00";"2010";"2230,00";"2022";"46606000,00";"2022";"1";"0";"0,00";"2024";"21/07/2026 15:42:54"
"1715507";"353,00";"2010";"1164,00";"2022";"34139000,00";"2022";"2";"0";"0,00";"2024";"21/07/2026 15:42:54"
"1715705";"2010,00";"2010";"4798,00";"2022";"236267000,00";"2022";"3";"0";"0,00";"2024";"21/07/2026 15:42:54"
"1715754";"3595,00";"2010";"6975,00";"2022";"195735000,00";"2022";"7";"46";"801000,00";"2024";"21/07/2026 15:42:54"
"1716109";"23992,00";"2010";"52360,00";"2022";"2046929000,00";"2022";"39";"442";"10574000,00";"2024";"21/07/2026 15:42:54"
"1716208";"3707,00";"2010";"10542,00";"2022";"329732000,00";"2022";"3";"32";"663000,00";"2024";"21/07/2026 15:42:54"
"1716307";"2107,00";"2010";"4043,00";"2022";"93067000,00";"2022";"5";"5";"0,00";"2024";"21/07/2026 15:42:54"
"1716505";"5589,00";"2010";"14055,00";"2022";"944175000,00";"2022";"10";"204";"4494000,00";"2024";"21/07/2026 15:42:54"
"1716604";"4632,00";"2010";"9317,00";"2022";"942484000,00";"2022";"1";"0";"0,00";"2024";"21/07/2026 15:42:54"
"1716653";"2142,00";"2010";"4921,00";"2022";"136571000,00";"2022";"4";"18";"241000,00";"2024";"21/07/2026 15:42:54"
"1716703";"3941,00";"2010";"8941,00";"2022";"204686000,00";"2022";"10";"31";"524000,00";"2024";"21/07/2026 15:42:54"
"1717008";"1763,00";"2010";"4478,00";"2022";"108192000,00";"2022";"3";"3";"0,00";"2024";"21/07/2026 15:42:54"
"1717206";"1193,00";"2010";"2282,00";"2022";"102183000,00";"2022";"1";"0";"0,00";"2024";"21/07/2026 15:42:54"
"1717503";"3181,00";"2010";"7128,00";"2022";"383001000,00";"2022";"0";"0";"0,00";"";"21/07/2026 15:42:55"
"1717800";"1251,00";"2010";"4220,00";"2022";"71275000,00";"2022";"4";"10";"67000,00";"2024";"21/07/2026 15:42:55"
"1717909";"2574,00";"2010";"7586,00";"2022";"125341000,00";"2022";"4";"0";"0,00";"2024";"21/07/2026 15:42:55"
"1718006";"1146,00";"2010";"2866,00";"2022";"51166000,00";"2022";"7";"12";"101000,00";"2024";"21/07/2026 15:42:55"
"1718204";"24525,00";"2010";"64418,00";"2022";"3850165000,00";"2022";"38";"302";"5493000,00";"2024";"21/07/2026 15:42:55"
"1718303";"2425,00";"2010";"9044,00";"2022";"132429000,00";"2022";"3";"4";"0,00";"2024";"21/07/2026 15:42:55"
"1718402";"1536,00";"2010";"3047,00";"2022";"71876000,00";"2022";"5";"15";"235000,00";"2024";"21/07/2026 15:42:55"
"1718451";"1084,00";"2010";"2193,00";"2022";"101397000,00";"2022";"3";"0";"0,00";"2024";"21/07/2026 15:42:55"
"1718501";"844,00";"2010";"3421,00";"2022";"164680000,00";"2022";"3";"0";"0,00";"2024";"21/07/2026 15:42:55"
"1718550";"879,00";"2010";"3960,00";"2022";"66631000,00";"2022";"3";"3";"0,00";"2024";"21/07/2026 15:42:55"
"1718659";"613,00";"2010";"1768,00";"2022";"29758000,00";"2022";"1";"0";"0,00";"2024";"21/07/2026 15:42:55"
"1718709";"1070,00";"2010";"2738,00";"2022";"94635000,00";"2022";"1";"0";"0,00";"2024";"21/07/2026 15:42:55"
"1718758";"2171,00";"2010";"4841,00";"2022";"105483000,00";"2022";"0";"0";"0,00";"";"21/07/2026 15:42:55"
"1718808";"1402,00";"2010";"4215,00";"2022";"87893000,00";"2022";"1";"0";"0,00";"2024";"21/07/2026 15:42:55"
"1718840";"1633,00";"2010";"3723,00";"2022";"119921000,00";"2022";"2";"0";"0,00";"2024";"21/07/2026 15:42:55"
"1718865";"2510,00";"2010";"7216,00";"2022";"195532000,00";"2022";"8";"48";"566000,00";"2024";"21/07/2026 15:42:55"
"1718881";"1178,00";"2010";"2680,00";"2022";"112562000,00";"2022";"1";"0";"0,00";"2024";"21/07/2026 15:42:55"
"1718899";"793,00";"2010";"2219,00";"2022";"222463000,00";"2022";"3";"3";"0,00";"2024";"21/07/2026 15:42:55"
"1718907";"1804,00";"2010";"4653,00";"2022";"464797000,00";"2022";"2";"0";"0,00";"2024";"21/07/2026 15:42:55"
"1719004";"1114,00";"2010";"2781,00";"2022";"47244000,00";"2022";"4";"8";"49000,00";"2024";"21/07/2026 15:42:55"
"1720002";"972,00";"2010";"2406,00";"2022";"42845000,00";"2022";"1";"0";"0,00";"2024";"21/07/2026 15:42:55"
"1720101";"1803,00";"2010";"5654,00";"2022";"79930000,00";"2022";"3";"5";"35000,00";"2024";"21/07/2026 15:42:55"
"1720150";"307,00";"2010";"1783,00";"2022";"33019000,00";"2022";"2";"0";"0,00";"2024";"21/07/2026 15:42:55"
"1720200";"3817,00";"2010";"13241,00";"2022";"233758000,00";"2022";"2";"0";"0,00";"2024";"21/07/2026 15:42:55"
"1720259";"855,00";"2010";"2385,00";"2022";"49680000,00";"2022";"1";"0";"0,00";"2024";"21/07/2026 15:42:55"
"1720309";"1156,00";"2010";"4100,00";"2022";"61444000,00";"2022";"4";"0";"0,00";"2024";"21/07/2026 15:42:55"
"1720499";"1626,00";"2010";"4422,00";"2022";"178993000,00";"2022";"9";"0";"0,00";"2024";"21/07/2026 15:42:55"
"1720655";"2160,00";"2010";"5108,00";"2022";"286765000,00";"2022";"2";"0";"0,00";"2024";"21/07/2026 15:42:55"
"1720804";"3289,00";"2010";"10830,00";"2022";"160124000,00";"2022";"3";"26";"439000,00";"2024";"21/07/2026 15:42:55"
"1720853";"774,00";"2010";"1577,00";"2022";"160088000,00";"2022";"1";"0";"0,00";"2024";"21/07/2026 15:42:55"
"1720903";"5958,00";"2010";"14011,00";"2022";"314405000,00";"2022";"13";"0";"0,00";"2024";"21/07/2026 15:42:55"
"1720937";"742,00";"2010";"2021,00";"2022";"35214000,00";"2022";"3";"5";"55000,00";"2024";"21/07/2026 15:42:55"
"1720978";"1461,00";"2010";"2456,00";"2022";"162121000,00";"2022";"1";"0";"0,00";"2024";"21/07/2026 15:42:55"
"1721000";"127475,00";"2010";"302692,00";"2022";"11951579000,00";"2022";"136";"2011";"65839000,00";"2024";"21/07/2026 15:42:55"
"1721109";"1943,00";"2010";"7459,00";"2022";"159209000,00";"2022";"7";"35";"690000,00";"2024";"21/07/2026 15:42:55"
"1721208";"9405,00";"2010";"22615,00";"2022";"448286000,00";"2022";"9";"33";"261000,00";"2024";"21/07/2026 15:42:55"
"1721257";"636,00";"2010";"1909,00";"2022";"111988000,00";"2022";"1";"0";"0,00";"2024";"21/07/2026 15:42:55"
"1721307";"1038,00";"2010";"1874,00";"2022";"38383000,00";"2022";"1";"0";"0,00";"2024";"21/07/2026 15:42:55"
"1722081";"4340,00";"2010";"10522,00";"2022";"192954000,00";"2022";"4";"7";"26000,00";"2024";"21/07/2026 15:42:55"
"1722107";"4870,00";"2010";"10517,00";"2022";"598804000,00";"2022";"7";"20";"285000,00";"2024";"21/07/2026 15:42:55"
"2100055";"43724,00";"2010";"106550,00";"2022";"4148953000,00";"2022";"15";"229";"4300000,00";"2024";"21/07/2026 15:42:55"
"2100105";"1164,00";"2010";"6144,00";"2022";"117493000,00";"2022";"1";"0";"0,00";"2024";"21/07/2026 15:42:55"
"2100154";"2922,00";"2010";"12142,00";"2022";"120774000,00";"2022";"1";"0";"0,00";"2024";"21/07/2026 15:42:55"
"2100204";"7692,00";"2010";"18467,00";"2022";"153680000,00";"2022";"1";"0";"0,00";"2024";"21/07/2026 15:42:55"
"2100303";"8121,00";"2010";"23286,00";"2022";"369370000,00";"2022";"3";"6";"72000,00";"2024";"21/07/2026 15:42:55"
"2100402";"2678,00";"2010";"6447,00";"2022";"79336000,00";"2022";"2";"0";"0,00";"2024";"21/07/2026 15:42:55"
"2100436";"7644,00";"2010";"24048,00";"2022";"359926000,00";"2022";"3";"0";"0,00";"2024";"21/07/2026 15:42:55"
"2100477";"8266,00";"2010";"25710,00";"2022";"282348000,00";"2022";"4";"5";"0,00";"2024";"21/07/2026 15:42:55"
"2100501";"4074,00";"2010";"11109,00";"2022";"787087000,00";"2022";"2";"0";"0,00";"2024";"21/07/2026 15:42:55"
"2100550";"2402,00";"2010";"7170,00";"2022";"77337000,00";"2022";"0";"0";"0,00";"";"21/07/2026 15:42:55"
"2100600";"14357,00";"2010";"37085,00";"2022";"435132000,00";"2022";"1";"0";"0,00";"2024";"21/07/2026 15:42:55"
"2100709";"10160,00";"2010";"25322,00";"2022";"236142000,00";"2022";"3";"0";"0,00";"2024";"21/07/2026 15:42:55"
"2100808";"5763,00";"2010";"13793,00";"2022";"178126000,00";"2022";"2";"0";"0,00";"2024";"21/07/2026 15:42:55"
"2100832";"5878,00";"2010";"17519,00";"2022";"152578000,00";"2022";"1";"0";"0,00";"2024";"21/07/2026 15:42:55"
"2100873";"3836,00";"2010";"11181,00";"2022";"112188000,00";"2022";"1";"0";"0,00";"2024";"21/07/2026 15:42:55"
"2100907";"12490,00";"2010";"39052,00";"2022";"311061000,00";"2022";"6";"9";"89000,00";"2024";"21/07/2026 15:42:55"
"2100956";"9420,00";"2010";"25517,00";"2022";"296104000,00";"2022";"1";"0";"0,00";"2024";"21/07/2026 15:42:55"
"2101004";"10502,00";"2010";"29472,00";"2022";"363217000,00";"2022";"3";"9";"64000,00";"2024";"21/07/2026 15:42:55"
"2101103";"4255,00";"2010";"11790,00";"2022";"106712000,00";"2022";"1";"0";"0,00";"2024";"21/07/2026 15:42:55"
"2101202";"41638,00";"2010";"103711,00";"2022";"1748315000,00";"2022";"9";"27";"396000,00";"2024";"21/07/2026 15:42:55"
"2101251";"5812,00";"2010";"16966,00";"2022";"450355000,00";"2022";"2";"0";"0,00";"2024";"21/07/2026 15:42:55"
"2101301";"6873,00";"2010";"16290,00";"2022";"138556000,00";"2022";"1";"0";"0,00";"2024";"21/07/2026 15:42:55"
"2101350";"1291,00";"2010";"5252,00";"2022";"45480000,00";"2022";"0";"0";"0,00";"";"21/07/2026 15:42:55"
"2101400";"36481,00";"2010";"101767,00";"2022";"8010408000,00";"2022";"23";"56";"583000,00";"2024";"21/07/2026 15:42:55"
"2101509";"6464,00";"2010";"18984,00";"2022";"293768000,00";"2022";"1";"0";"0,00";"2024";"21/07/2026 15:42:55"
"2101608";"29883,00";"2010";"84532,00";"2022";"1034429000,00";"2022";"8";"23";"309000,00";"2024";"21/07/2026 15:42:55"
"2101707";"19802,00";"2010";"65589,00";"2022";"753456000,00";"2022";"3";"12";"174000,00";"2024";"21/07/2026 15:42:55"
"2101731";"1772,00";"2010";"8460,00";"2022";"91672000,00";"2022";"0";"0";"0,00";"";"21/07/2026 15:42:55"
"2101772";"4512,00";"2010";"11750,00";"2022";"124651000,00";"2022";"2";"0";"0,00";"2024";"21/07/2026 15:42:55"
"2101806";"1954,00";"2010";"5469,00";"2022";"95655000,00";"2022";"2";"0";"0,00";"2024";"21/07/2026 15:42:55"
"2101905";"6917,00";"2010";"19584,00";"2022";"158758000,00";"2022";"1";"0";"0,00";"2024";"21/07/2026 15:42:55"
"2101939";"2407,00";"2010";"5840,00";"2022";"105329000,00";"2022";"0";"0";"0,00";"";"21/07/2026 15:42:55"
"2101970";"2310,00";"2010";"7574,00";"2022";"80574000,00";"2022";"0";"0";"0,00";"";"21/07/2026 15:42:55"
"2102002";"13362,00";"2010";"33100,00";"2022";"502149000,00";"2022";"0";"0";"0,00";"";"21/07/2026 15:42:55"
"2102036";"8805,00";"2010";"28599,00";"2022";"425064000,00";"2022";"5";"70";"829000,00";"2024";"21/07/2026 15:42:55"
"2102077";"5327,00";"2010";"12212,00";"2022";"128771000,00";"2022";"1";"0";"0,00";"2024";"21/07/2026 15:42:55"
"2102101";"8098,00";"2010";"34120,00";"2022";"386373000,00";"2022";"14";"41";"457000,00";"2024";"21/07/2026 15:42:55"
"2102150";"2254,00";"2010";"9218,00";"2022";"82005000,00";"2022";"1";"0";"0,00";"2024";"21/07/2026 15:42:55"
"2102200";"8916,00";"2010";"29685,00";"2022";"317302000,00";"2022";"0";"0";"0,00";"";"21/07/2026 15:42:55"
"2102309";"7742,00";"2010";"22455,00";"2022";"302954000,00";"2022";"14";"17";"29000,00";"2024";"21/07/2026 15:42:55"
"2102325";"21583,00";"2010";"55499,00";"2022";"995134000,00";"2022";"12";"23";"63000,00";"2024";"21/07/2026 15:42:55"
"2102358";"5632,00";"2010";"12918,00";"2022";"139629000,00";"2022";"3";"5";"36000,00";"2024";"21/07/2026 15:42:55"
"2102374";"2382,00";"2010";"9732,00";"2022";"75802000,00";"2022";"0";"0";"0,00";"";"21/07/2026 15:42:55"
"2102408";"3966,00";"2010";"10121,00";"2022";"73805000,00";"2022";"1";"0";"0,00";"2024";"21/07/2026 15:42:55"
"2102507";"5055,00";"2010";"16412,00";"2022";"134712000,00";"2022";"2";"0";"0,00";"2024";"21/07/2026 15:42:55"
"2102556";"5386,00";"2010";"12301,00";"2022";"279970000,00";"2022";"8";"0";"0,00";"2024";"21/07/2026 15:42:55"
"2102606";"7270,00";"2010";"19932,00";"2022";"177499000,00";"2022";"2";"0";"0,00";"2024";"21/07/2026 15:42:55"
"2102705";"5728,00";"2010";"24303,00";"2022";"189289000,00";"2022";"0";"0";"0,00";"";"21/07/2026 15:42:55"
"2102754";"3227,00";"2010";"11374,00";"2022";"310504000,00";"2022";"0";"0";"0,00";"";"21/07/2026 15:42:55"
"2102804";"9782,00";"2010";"24062,00";"2022";"652288000,00";"2022";"5";"7";"40000,00";"2024";"21/07/2026 15:42:55"
"2102903";"8923,00";"2010";"24238,00";"2022";"235574000,00";"2022";"14";"63";"1020000,00";"2024";"21/07/2026 15:42:55"
"2103000";"61590,00";"2010";"156973,00";"2022";"2440068000,00";"2022";"15";"93";"1656000,00";"2024";"21/07/2026 15:42:55"
"2103109";"4223,00";"2010";"10208,00";"2022";"84024000,00";"2022";"1";"0";"0,00";"2024";"21/07/2026 15:42:55"
"2103125";"3181,00";"2010";"7094,00";"2022";"68882000,00";"2022";"3";"3";"0,00";"2024";"21/07/2026 15:42:55"
"2103158";"3889,00";"2010";"12342,00";"2022";"126887000,00";"2022";"0";"0";"0,00";"";"21/07/2026 15:42:55"
"2103174";"5492,00";"2010";"16267,00";"2022";"213798000,00";"2022";"2";"0";"0,00";"2024";"21/07/2026 15:42:55"
"2103208";"24512,00";"2010";"81386,00";"2022";"1042456000,00";"2022";"12";"45";"733000,00";"2024";"21/07/2026 15:42:55"
"2103257";"5442,00";"2010";"12878,00";"2022";"232143000,00";"2022";"6";"0";"0,00";"2024";"21/07/2026 15:42:55"
"2103307";"44485,00";"2010";"114275,00";"2022";"1633741000,00";"2022";"15";"79";"1518000,00";"2024";"21/07/2026 15:42:55"
"2103406";"15879,00";"2010";"41658,00";"2022";"531449000,00";"2022";"6";"0";"0,00";"2024";"21/07/2026 15:42:55"
"2103505";"15472,00";"2010";"40316,00";"2022";"687287000,00";"2022";"11";"0";"0,00";"2024";"21/07/2026 15:42:55"
"2103554";"5653,00";"2010";"14915,00";"2022";"164033000,00";"2022";"0";"0";"0,00";"";"21/07/2026 15:42:55"
"2103604";"21353,00";"2010";"59566,00";"2022";"595188000,00";"2022";"10";"46";"578000,00";"2024";"21/07/2026 15:42:55"
"2103703";"12936,00";"2010";"31558,00";"2022";"302879000,00";"2022";"2";"0";"0,00";"2024";"21/07/2026 15:42:55"
"2103752";"4465,00";"2010";"14404,00";"2022";"218595000,00";"2022";"0";"0";"0,00";"";"21/07/2026 15:42:55"
"2103802";"8514,00";"2010";"23053,00";"2022";"296096000,00";"2022";"1";"0";"0,00";"2024";"21/07/2026 15:42:55"
"2103901";"2809,00";"2010";"10223,00";"2022";"109870000,00";"2022";"1";"0";"0,00";"2024";"21/07/2026 15:42:55"
"2104008";"7686,00";"2010";"18311,00";"2022";"185079000,00";"2022";"5";"0";"0,00";"2024";"21/07/2026 15:42:55"
"2104057";"15172,00";"2010";"33294,00";"2022";"1105185000,00";"2022";"25";"37";"66000,00";"2024";"21/07/2026 15:42:55"
"2104073";"2930,00";"2010";"8048,00";"2022";"133185000,00";"2022";"1";"0";"0,00";"2024";"21/07/2026 15:42:55"
"2104081";"3255,00";"2010";"10873,00";"2022";"141250000,00";"2022";"2";"0";"0,00";"2024";"21/07/2026 15:42:55"
"2104099";"5553,00";"2010";"17719,00";"2022";"222176000,00";"2022";"3";"5";"43000,00";"2024";"21/07/2026 15:42:55"
"2104107";"4240,00";"2010";"12640,00";"2022";"423550000,00";"2022";"6";"39";"659000,00";"2024";"21/07/2026 15:42:55"
"2104206";"5162,00";"2010";"16976,00";"2022";"206608000,00";"2022";"3";"3";"0,00";"2024";"21/07/2026 15:42:55"
"2104305";"4790,00";"2010";"10186,00";"2022";"977590000,00";"2022";"3";"3";"0,00";"2024";"21/07/2026 15:42:55"
"2104404";"5511,00";"2010";"17206,00";"2022";"171046000,00";"2022";"4";"0";"0,00";"2024";"21/07/2026 15:42:55"
"2104503";"3751,00";"2010";"10231,00";"2022";"97468000,00";"2022";"2";"0";"0,00";"2024";"21/07/2026 15:42:55"
"2104552";"6834,00";"2010";"18411,00";"2022";"382611000,00";"2022";"4";"6";"0,00";"2024";"21/07/2026 15:42:55"
"2104602";"5918,00";"2010";"13930,00";"2022";"171337000,00";"2022";"7";"23";"314000,00";"2024";"21/07/2026 15:42:55"
"2104628";"2536,00";"2010";"7063,00";"2022";"99981000,00";"2022";"2";"0";"0,00";"2024";"21/07/2026 15:42:55"
"2104651";"4157,00";"2010";"10713,00";"2022";"103326000,00";"2022";"3";"0";"0,00";"2024";"21/07/2026 15:42:55"
"2104677";"9980,00";"2010";"23128,00";"2022";"300656000,00";"2022";"7";"20";"273000,00";"2024";"21/07/2026 15:42:55"
"2104701";"1976,00";"2010";"6023,00";"2022";"57513000,00";"2022";"0";"0";"0,00";"";"21/07/2026 15:42:55"
"2104800";"24159,00";"2010";"73872,00";"2022";"1267469000,00";"2022";"23";"80";"722000,00";"2024";"21/07/2026 15:42:55"
"2104909";"4629,00";"2010";"10290,00";"2022";"100952000,00";"2022";"1";"0";"0,00";"2024";"21/07/2026 15:42:55"
"2105005";"6996,00";"2010";"25680,00";"2022";"208097000,00";"2022";"1";"0";"0,00";"2024";"21/07/2026 15:42:55"
"2105104";"7352,00";"2010";"24794,00";"2022";"188044000,00";"2022";"1";"0";"0,00";"2024";"21/07/2026 15:42:55"
"2105153";"4868,00";"2010";"13974,00";"2022";"442682000,00";"2022";"5";"10";"85000,00";"2024";"21/07/2026 15:42:55"
"2105203";"5321,00";"2010";"10231,00";"2022";"119171000,00";"2022";"6";"0";"0,00";"2024";"21/07/2026 15:42:55"
"2105302";"119275,00";"2010";"273110,00";"2022";"8773107000,00";"2022";"91";"353";"4793000,00";"2024";"21/07/2026 15:42:55"
"2105351";"4982,00";"2010";"13828,00";"2022";"121516000,00";"2022";"2";"0";"0,00";"2024";"21/07/2026 15:42:55"
"2105401";"21139,00";"2010";"60440,00";"2022";"836921000,00";"2022";"8";"0";"0,00";"2024";"21/07/2026 15:42:55"
"2105427";"10207,00";"2010";"22513,00";"2022";"637759000,00";"2022";"9";"27";"182000,00";"2024";"21/07/2026 15:42:55"
"2105450";"3011,00";"2010";"7471,00";"2022";"78619000,00";"2022";"0";"0";"0,00";"";"21/07/2026 15:42:55"
"2105476";"5118,00";"2010";"17076,00";"2022";"139195000,00";"2022";"1";"0";"0,00";"2024";"21/07/2026 15:42:55"
"2105500";"7356,00";"2010";"24709,00";"2022";"315181000,00";"2022";"3";"5";"5000,00";"2024";"21/07/2026 15:42:55"
"2105609";"5023,00";"2010";"14924,00";"2022";"140782000,00";"2022";"2";"0";"0,00";"2024";"21/07/2026 15:42:55"
"2105658";"1603,00";"2010";"5146,00";"2022";"67826000,00";"2022";"3";"9";"25000,00";"2024";"21/07/2026 15:42:55"
"2105708";"16539,00";"2010";"44403,00";"2022";"553462000,00";"2022";"4";"21";"234000,00";"2024";"21/07/2026 15:42:55"
"2105807";"4004,00";"2010";"9506,00";"2022";"98654000,00";"2022";"1";"0";"0,00";"2024";"21/07/2026 15:42:55"
"2105906";"6322,00";"2010";"14769,00";"2022";"148283000,00";"2022";"1";"0";"0,00";"2024";"21/07/2026 15:42:55"
"2105922";"4445,00";"2010";"10572,00";"2022";"172304000,00";"2022";"3";"3";"0,00";"2024";"21/07/2026 15:42:55"
"2105948";"3108,00";"2010";"8758,00";"2022";"91324000,00";"2022";"0";"0";"0,00";"";"21/07/2026 15:42:55"
"2105963";"3702,00";"2010";"11411,00";"2022";"116772000,00";"2022";"1";"0";"0,00";"2024";"21/07/2026 15:42:55"
"2105989";"2316,00";"2010";"7057,00";"2022";"115530000,00";"2022";"1";"0";"0,00";"2024";"21/07/2026 15:42:55"
"2106003";"4851,00";"2010";"11297,00";"2022";"275398000,00";"2022";"2";"0";"0,00";"2024";"21/07/2026 15:42:55"
"2106102";"3358,00";"2010";"11597,00";"2022";"527370000,00";"2022";"8";"16";"175000,00";"2024";"21/07/2026 15:42:55"
"2106201";"2070,00";"2010";"7161,00";"2022";"66411000,00";"2022";"3";"3";"0,00";"2024";"21/07/2026 15:42:55"
"2106300";"6576,00";"2010";"13807,00";"2022";"169830000,00";"2022";"3";"7";"168000,00";"2024";"21/07/2026 15:42:55"
"2106326";"6786,00";"2010";"21149,00";"2022";"250130000,00";"2022";"13";"84";"827000,00";"2024";"21/07/2026 15:42:55"
"2106359";"2200,00";"2010";"7027,00";"2022";"90904000,00";"2022";"0";"0";"0,00";"";"21/07/2026 15:42:55"
"2106375";"5149,00";"2010";"13761,00";"2022";"143228000,00";"2022";"1";"0";"0,00";"2024";"21/07/2026 15:42:55"
"2106409";"3573,00";"2010";"17090,00";"2022";"203946000,00";"2022";"3";"16";"255000,00";"2024";"21/07/2026 15:42:55"
"2106508";"8467,00";"2010";"22034,00";"2022";"211635000,00";"2022";"0";"0";"0,00";"";"21/07/2026 15:42:55"
"2106607";"9955,00";"2010";"32174,00";"2022";"317188000,00";"2022";"1";"0";"0,00";"2024";"21/07/2026 15:42:55"
"2106631";"4410,00";"2010";"17432,00";"2022";"117796000,00";"2022";"2";"0";"0,00";"2024";"21/07/2026 15:42:55"
"2106672";"3230,00";"2010";"8818,00";"2022";"82048000,00";"2022";"2";"0";"0,00";"2024";"21/07/2026 15:42:55"
"2106706";"5155,00";"2010";"21030,00";"2022";"381900000,00";"2022";"2";"0";"0,00";"2024";"21/07/2026 15:42:55"
"2106755";"9182,00";"2010";"23864,00";"2022";"538577000,00";"2022";"2";"0";"0,00";"2024";"21/07/2026 15:42:55"
"2106805";"6256,00";"2010";"13978,00";"2022";"121873000,00";"2022";"1";"0";"0,00";"2024";"21/07/2026 15:42:55"
"2106904";"11587,00";"2010";"27751,00";"2022";"290604000,00";"2022";"2";"0";"0,00";"2024";"21/07/2026 15:42:55"
"2107001";"3120,00";"2010";"9106,00";"2022";"104605000,00";"2022";"1";"0";"0,00";"2024";"21/07/2026 15:42:55"
"2107100";"6759,00";"2010";"18554,00";"2022";"168263000,00";"2022";"2";"0";"0,00";"2024";"21/07/2026 15:42:55"
"2107209";"3315,00";"2010";"14176,00";"2022";"103301000,00";"2022";"1";"0";"0,00";"2024";"21/07/2026 15:42:55"
"2107258";"1338,00";"2010";"5021,00";"2022";"100922000,00";"2022";"0";"0";"0,00";"";"21/07/2026 15:42:55"
"2107308";"1829,00";"2010";"4320,00";"2022";"52128000,00";"2022";"0";"0";"0,00";"";"21/07/2026 15:42:55"
"2107357";"6936,00";"2010";"14314,00";"2022";"177468000,00";"2022";"2";"0";"0,00";"2024";"21/07/2026 15:42:56"
"2107407";"6487,00";"2010";"17919,00";"2022";"206604000,00";"2022";"5";"18";"330000,00";"2024";"21/07/2026 15:42:56"
"2107456";"4002,00";"2010";"13577,00";"2022";"128664000,00";"2022";"3";"4";"0,00";"2024";"21/07/2026 15:42:56"
"2107506";"47547,00";"2010";"145643,00";"2022";"1540542000,00";"2022";"24";"27";"49000,00";"2024";"21/07/2026 15:42:56"
"2107605";"7840,00";"2010";"21059,00";"2022";"166373000,00";"2022";"3";"5";"54000,00";"2024";"21/07/2026 15:42:56"
"2107704";"7285,00";"2010";"18274,00";"2022";"199976000,00";"2022";"8";"15";"127000,00";"2024";"21/07/2026 15:42:56"
"2107803";"11196,00";"2010";"31250,00";"2022";"396200000,00";"2022";"3";"0";"0,00";"2024";"21/07/2026 15:42:56"
"2107902";"5726,00";"2010";"17220,00";"2022";"200602000,00";"2022";"13";"29";"288000,00";"2024";"21/07/2026 15:42:56"
"2108009";"7290,00";"2010";"18802,00";"2022";"341451000,00";"2022";"3";"5";"0,00";"2024";"21/07/2026 15:42:56"
"2108058";"5988,00";"2010";"17056,00";"2022";"147290000,00";"2022";"1";"0";"0,00";"2024";"21/07/2026 15:42:56"
"2108108";"7116,00";"2010";"20341,00";"2022";"233125000,00";"2022";"6";"0";"0,00";"2024";"21/07/2026 15:42:56"
"2108207";"17022,00";"2010";"37050,00";"2022";"873113000,00";"2022";"7";"85";"2063000,00";"2024";"21/07/2026 15:42:56"
"2108256";"9042,00";"2010";"24320,00";"2022";"206964000,00";"2022";"1";"0";"0,00";"2024";"21/07/2026 15:42:56"
"2108306";"12879,00";"2010";"32511,00";"2022";"286031000,00";"2022";"1";"0";"0,00";"2024";"21/07/2026 15:42:56"
"2108405";"4428,00";"2010";"11108,00";"2022";"103427000,00";"2022";"1";"0";"0,00";"2024";"21/07/2026 15:42:56"
"2108454";"4030,00";"2010";"20479,00";"2022";"253047000,00";"2022";"3";"0";"0,00";"2024";"21/07/2026 15:42:56"
"2108504";"12824,00";"2010";"31429,00";"2022";"344863000,00";"2022";"5";"42";"669000,00";"2024";"21/07/2026 15:42:56"
"2108603";"32901,00";"2010";"84621,00";"2022";"1185383000,00";"2022";"16";"102";"1562000,00";"2024";"21/07/2026 15:42:56"
"2108702";"8064,00";"2010";"21886,00";"2022";"242199000,00";"2022";"3";"3";"0,00";"2024";"21/07/2026 15:42:56"
"2108801";"5117,00";"2010";"17714,00";"2022";"156609000,00";"2022";"3";"3";"0,00";"2024";"21/07/2026 15:42:56"
"2108900";"7811,00";"2010";"17161,00";"2022";"181008000,00";"2022";"4";"4";"0,00";"2024";"21/07/2026 15:42:56"
"2109007";"9741,00";"2010";"23903,00";"2022";"1127832000,00";"2022";"18";"33";"355000,00";"2024";"21/07/2026 15:42:56"
"2109056";"2302,00";"2010";"5954,00";"2022";"56999000,00";"2022";"0";"0";"0,00";"";"21/07/2026 15:42:56"
"2109106";"19603,00";"2010";"45155,00";"2022";"907199000,00";"2022";"24";"88";"1742000,00";"2024";"21/07/2026 15:42:56"
"2109205";"3052,00";"2010";"11356,00";"2022";"96644000,00";"2022";"2";"0";"0,00";"2024";"21/07/2026 15:42:56"
"2109239";"1946,00";"2010";"4696,00";"2022";"70167000,00";"2022";"0";"0";"0,00";"";"21/07/2026 15:42:56"
"2109270";"6463,00";"2010";"17511,00";"2022";"179657000,00";"2022";"1";"0";"0,00";"2024";"21/07/2026 15:42:56"
"2109304";"3732,00";"2010";"10549,00";"2022";"93347000,00";"2022";"0";"0";"0,00";"";"21/07/2026 15:42:56"
"2109403";"3807,00";"2010";"13614,00";"2022";"106240000,00";"2022";"2";"0";"0,00";"2024";"21/07/2026 15:42:56"
"2109452";"10382,00";"2010";"30839,00";"2022";"327264000,00";"2022";"2";"0";"0,00";"2024";"21/07/2026 15:42:56"
"2109502";"6873,00";"2010";"22145,00";"2022";"855714000,00";"2022";"4";"0";"0,00";"2024";"21/07/2026 15:42:56"
"2109551";"2514,00";"2010";"7420,00";"2022";"133865000,00";"2022";"0";"0";"0,00";"";"21/07/2026 15:42:56"
"2109601";"16029,00";"2010";"38475,00";"2022";"481119000,00";"2022";"2";"0";"0,00";"2024";"21/07/2026 15:42:56"
"2109700";"2202,00";"2010";"5568,00";"2022";"630539000,00";"2022";"10";"17";"155000,00";"2024";"21/07/2026 15:42:56"
"2109759";"1969,00";"2010";"6697,00";"2022";"64532000,00";"2022";"1";"0";"0,00";"2024";"21/07/2026 15:42:56"
"2109809";"16200,00";"2010";"41561,00";"2022";"394235000,00";"2022";"5";"14";"172000,00";"2024";"21/07/2026 15:42:56"
"2109908";"32083,00";"2010";"85014,00";"2022";"1716445000,00";"2022";"11";"15";"18000,00";"2024";"21/07/2026 15:42:56"
"2110005";"25706,00";"2010";"57635,00";"2022";"888803000,00";"2022";"7";"25";"319000,00";"2024";"21/07/2026 15:42:56"
"2110039";"10035,00";"2010";"24307,00";"2022";"339199000,00";"2022";"2";"0";"0,00";"2024";"21/07/2026 15:42:56"
"2110104";"10525,00";"2010";"23957,00";"2022";"311349000,00";"2022";"12";"17";"56000,00";"2024";"21/07/2026 15:42:56"
"2110203";"12384,00";"2010";"37035,00";"2022";"341523000,00";"2022";"2";"0";"0,00";"2024";"21/07/2026 15:42:56"
"2110237";"1865,00";"2010";"10567,00";"2022";"105333000,00";"2022";"0";"0";"0,00";"";"21/07/2026 15:42:56"
"2110278";"5336,00";"2010";"13949,00";"2022";"114432000,00";"2022";"0";"0";"0,00";"";"21/07/2026 15:42:56"
"2110302";"5365,00";"2010";"14304,00";"2022";"3117474000,00";"2022";"3";"0";"0,00";"2024";"21/07/2026 15:42:56"
"2110401";"4406,00";"2010";"18364,00";"2022";"158302000,00";"2022";"0";"0";"0,00";"";"21/07/2026 15:42:56"
"2110500";"15920,00";"2010";"46395,00";"2022";"372912000,00";"2022";"11";"0";"0,00";"2024";"21/07/2026 15:42:56"
"2110609";"9136,00";"2010";"26943,00";"2022";"330315000,00";"2022";"11";"39";"617000,00";"2024";"21/07/2026 15:42:56"
"2110658";"2022,00";"2010";"7992,00";"2022";"472476000,00";"2022";"11";"28";"273000,00";"2024";"21/07/2026 15:42:56"
"2110708";"12506,00";"2010";"34034,00";"2022";"445024000,00";"2022";"9";"0";"0,00";"2024";"21/07/2026 15:42:56"
"2110807";"1390,00";"2010";"4402,00";"2022";"104127000,00";"2022";"4";"4";"0,00";"2024";"21/07/2026 15:42:56"
"2110856";"3402,00";"2010";"9051,00";"2022";"123480000,00";"2022";"1";"0";"0,00";"2024";"21/07/2026 15:42:56"
"2110906";"4622,00";"2010";"12064,00";"2022";"108323000,00";"2022";"0";"0";"0,00";"";"21/07/2026 15:42:56"
"2111003";"5386,00";"2010";"18544,00";"2022";"145858000,00";"2022";"3";"0";"0,00";"2024";"21/07/2026 15:42:56"
"2111029";"4449,00";"2010";"12251,00";"2022";"138137000,00";"2022";"0";"0";"0,00";"";"21/07/2026 15:42:56"
"2111052";"4076,00";"2010";"9904,00";"2022";"171923000,00";"2022";"1";"0";"0,00";"2024";"21/07/2026 15:42:56"
"2111078";"6163,00";"2010";"16889,00";"2022";"217962000,00";"2022";"1";"0";"0,00";"2024";"21/07/2026 15:42:56"
"2111102";"11743,00";"2010";"25020,00";"2022";"396337000,00";"2022";"7";"55";"971000,00";"2024";"21/07/2026 15:42:56"
"2111201";"71342,00";"2010";"244579,00";"2022";"2872683000,00";"2022";"14";"43";"961000,00";"2024";"21/07/2026 15:42:56"
"2111250";"2659,00";"2010";"6957,00";"2022";"69267000,00";"2022";"0";"0";"0,00";"";"21/07/2026 15:42:56"
"2111300";"502567,00";"2010";"1037775,00";"2022";"39578222000,00";"2022";"100";"51510";"1043405000,00";"2024";"21/07/2026 15:42:56"
"2111409";"6679,00";"2010";"17818,00";"2022";"187079000,00";"2022";"1";"0";"0,00";"2024";"21/07/2026 15:42:56"
"2111508";"14885,00";"2010";"38829,00";"2022";"464927000,00";"2022";"8";"11";"39000,00";"2024";"21/07/2026 15:42:56"
"2111532";"4495,00";"2010";"14338,00";"2022";"142979000,00";"2022";"7";"0";"0,00";"2024";"21/07/2026 15:42:56"
"2111573";"1592,00";"2010";"5783,00";"2022";"101116000,00";"2022";"2";"0";"0,00";"2024";"21/07/2026 15:42:56"
"2111607";"6901,00";"2010";"18672,00";"2022";"863570000,00";"2022";"20";"94";"1447000,00";"2024";"21/07/2026 15:42:56"
"2111631";"1933,00";"2010";"5650,00";"2022";"53238000,00";"2022";"0";"0";"0,00";"";"21/07/2026 15:42:56"
"2111672";"1687,00";"2010";"4544,00";"2022";"49972000,00";"2022";"0";"0";"0,00";"";"21/07/2026 15:42:56"
"2111706";"6383,00";"2010";"19498,00";"2022";"163913000,00";"2022";"1";"0";"0,00";"2024";"21/07/2026 15:42:56"
"2111722";"3995,00";"2010";"8784,00";"2022";"100254000,00";"2022";"0";"0";"0,00";"";"21/07/2026 15:42:56"
"2111748";"3690,00";"2010";"10207,00";"2022";"179372000,00";"2022";"5";"5";"0,00";"2024";"21/07/2026 15:42:56"
"2111763";"6391,00";"2010";"14700,00";"2022";"197144000,00";"2022";"4";"0";"0,00";"2024";"21/07/2026 15:42:56"
"2111789";"2556,00";"2010";"10202,00";"2022";"101872000,00";"2022";"0";"0";"0,00";"";"21/07/2026 15:42:56"
"2111805";"5400,00";"2010";"17074,00";"2022";"249392000,00";"2022";"5";"16";"139000,00";"2024";"21/07/2026 15:42:56"
"2111904";"3458,00";"2010";"10238,00";"2022";"154316000,00";"2022";"0";"0";"0,00";"";"21/07/2026 15:42:56"
"2111953";"1471,00";"2010";"4985,00";"2022";"59316000,00";"2022";"0";"0";"0,00";"";"21/07/2026 15:42:56"
"2112001";"2562,00";"2010";"8862,00";"2022";"3322534000,00";"2022";"2";"0";"0,00";"2024";"21/07/2026 15:42:56"
"2112100";"8548,00";"2010";"26484,00";"2022";"214655000,00";"2022";"4";"0";"0,00";"2024";"21/07/2026 15:42:56"
"2112209";"65569,00";"2010";"174465,00";"2022";"2619876000,00";"2022";"4";"4";"7000,00";"2024";"21/07/2026 15:42:56"
"2112233";"7301,00";"2010";"22484,00";"2022";"493378000,00";"2022";"2";"0";"0,00";"2024";"21/07/2026 15:42:56"
"2112274";"1923,00";"2010";"5507,00";"2022";"64356000,00";"2022";"0";"0";"0,00";"";"21/07/2026 15:42:56"
"2112308";"16076,00";"2010";"36251,00";"2022";"379879000,00";"2022";"12";"0";"0,00";"2024";"21/07/2026 15:42:56"
"2112407";"9963,00";"2010";"37491,00";"2022";"331394000,00";"2022";"4";"4";"0,00";"2024";"21/07/2026 15:42:56"
"2112456";"9675,00";"2010";"31638,00";"2022";"262626000,00";"2022";"1";"0";"0,00";"2024";"21/07/2026 15:42:56"
"2112506";"20463,00";"2010";"53356,00";"2022";"611978000,00";"2022";"8";"111";"2722000,00";"2024";"21/07/2026 15:42:56"
"2112605";"7681,00";"2010";"32812,00";"2022";"303701000,00";"2022";"2";"0";"0,00";"2024";"21/07/2026 15:42:56"
"2112704";"13603,00";"2010";"43261,00";"2022";"448145000,00";"2022";"10";"28";"378000,00";"2024";"21/07/2026 15:42:56"
"2112803";"22346,00";"2010";"51442,00";"2022";"570708000,00";"2022";"3";"9";"88000,00";"2024";"21/07/2026 15:42:56"
"2112852";"4920,00";"2010";"10362,00";"2022";"179481000,00";"2022";"4";"11";"156000,00";"2024";"21/07/2026 15:42:56"
"2112902";"11066,00";"2010";"30805,00";"2022";"366775000,00";"2022";"1";"0";"0,00";"2024";"21/07/2026 15:42:56"
"2113009";"12663,00";"2010";"30845,00";"2022";"368452000,00";"2022";"6";"26";"1251000,00";"2024";"21/07/2026 15:42:56"
"2114007";"18854,00";"2010";"40801,00";"2022";"641092000,00";"2022";"11";"21";"107000,00";"2024";"21/07/2026 15:42:56"
"2200053";"3135,00";"2010";"6420,00";"2022";"69703000,00";"2022";"0";"0";"0,00";"";"21/07/2026 15:42:56"
"2200103";"1814,00";"2010";"4940,00";"2022";"51902000,00";"2022";"1";"0";"0,00";"2024";"21/07/2026 15:42:56"
"2200202";"6349,00";"2010";"17573,00";"2022";"267273000,00";"2022";"6";"0";"0,00";"2024";"21/07/2026 15:42:56"
"2200251";"2029,00";"2010";"6819,00";"2022";"75806000,00";"2022";"0";"0";"0,00";"";"21/07/2026 15:42:56"
"2200277";"1779,00";"2010";"4634,00";"2022";"54724000,00";"2022";"1";"0";"0,00";"2024";"21/07/2026 15:42:56"
"2200301";"5649,00";"2010";"13479,00";"2022";"128595000,00";"2022";"3";"5";"38000,00";"2024";"21/07/2026 15:42:56"
"2200400";"16431,00";"2010";"47453,00";"2022";"660824000,00";"2022";"4";"127";"2857000,00";"2024";"21/07/2026 15:42:56"
"2200459";"1591,00";"2010";"5322,00";"2022";"95670000,00";"2022";"5";"9";"53000,00";"2024";"21/07/2026 15:42:56"
"2200509";"6783,00";"2010";"17234,00";"2022";"220119000,00";"2022";"0";"0";"0,00";"";"21/07/2026 15:42:56"
"2200608";"2462,00";"2010";"6827,00";"2022";"75215000,00";"2022";"0";"0";"0,00";"";"21/07/2026 15:42:56"
"2200707";"3546,00";"2010";"9407,00";"2022";"111663000,00";"2022";"3";"0";"0,00";"2024";"21/07/2026 15:42:56"
"2200806";"1201,00";"2010";"3152,00";"2022";"218386000,00";"2022";"1";"0";"0,00";"2024";"21/07/2026 15:42:56"
"2200905";"1898,00";"2010";"5369,00";"2022";"58914000,00";"2022";"4";"13";"171000,00";"2024";"21/07/2026 15:42:56"
"2200954";"1102,00";"2010";"2690,00";"2022";"27966000,00";"2022";"0";"0";"0,00";"";"21/07/2026 15:42:56"
"2201002";"994,00";"2010";"4520,00";"2022";"49463000,00";"2022";"2";"0";"0,00";"2024";"21/07/2026 15:42:56"
"2201051";"1536,00";"2010";"7452,00";"2022";"68897000,00";"2022";"0";"0";"0,00";"";"21/07/2026 15:42:56"
"2201101";"3272,00";"2010";"10866,00";"2022";"104501000,00";"2022";"0";"0";"0,00";"";"21/07/2026 15:42:56"
"2201150";"3332,00";"2010";"13272,00";"2022";"2332226000,00";"2022";"5";"0";"0,00";"2024";"21/07/2026 15:42:56"
"2201176";"1250,00";"2010";"3995,00";"2022";"42721000,00";"2022";"0";"0";"0,00";"";"21/07/2026 15:42:56"
"2201200";"17612,00";"2010";"47938,00";"2022";"575075000,00";"2022";"4";"0";"0,00";"2024";"21/07/2026 15:42:56"
"2201309";"1209,00";"2010";"3264,00";"2022";"124724000,00";"2022";"3";"5";"35000,00";"2024";"21/07/2026 15:42:56"
"2201408";"2602,00";"2010";"6640,00";"2022";"102784000,00";"2022";"0";"0";"0,00";"";"21/07/2026 15:42:56"
"2201507";"9411,00";"2010";"26300,00";"2022";"272161000,00";"2022";"1";"0";"0,00";"2024";"21/07/2026 15:42:56"
"2201556";"1369,00";"2010";"4091,00";"2022";"51937000,00";"2022";"2";"0";"0,00";"2024";"21/07/2026 15:42:56"
"2201572";"1196,00";"2010";"3423,00";"2022";"43968000,00";"2022";"0";"0";"0,00";"";"21/07/2026 15:42:56"
"2201606";"4358,00";"2010";"9929,00";"2022";"97628000,00";"2022";"2";"0";"0,00";"2024";"21/07/2026 15:42:56"
"2201705";"2530,00";"2010";"5562,00";"2022";"78169000,00";"2022";"1";"0";"0,00";"2024";"21/07/2026 15:42:56"
"2201739";"2934,00";"2010";"6220,00";"2022";"232080000,00";"2022";"1";"0";"0,00";"2024";"21/07/2026 15:42:56"
"2201770";"2790,00";"2010";"6902,00";"2022";"71473000,00";"2022";"0";"0";"0,00";"";"21/07/2026 15:42:56"
"2201804";"1740,00";"2010";"4078,00";"2022";"51901000,00";"2022";"1";"0";"0,00";"2024";"21/07/2026 15:42:56"
"2201903";"9906,00";"2010";"28796,00";"2022";"1931867000,00";"2022";"28";"0";"0,00";"2024";"21/07/2026 15:42:56"
"2201919";"1827,00";"2010";"5636,00";"2022";"69423000,00";"2022";"0";"0";"0,00";"";"21/07/2026 15:42:56"
"2201929";"2547,00";"2010";"5913,00";"2022";"61163000,00";"2022";"0";"0";"0,00";"";"21/07/2026 15:42:56"
"2201945";"1927,00";"2010";"6545,00";"2022";"57203000,00";"2022";"0";"0";"0,00";"";"21/07/2026 15:42:56"
"2201960";"3030,00";"2010";"8436,00";"2022";"76413000,00";"2022";"0";"0";"0,00";"";"21/07/2026 15:42:56"
"2201988";"1874,00";"2010";"3904,00";"2022";"45922000,00";"2022";"0";"0";"0,00";"";"21/07/2026 15:42:56"
"2202000";"6800,00";"2010";"19654,00";"2022";"236634000,00";"2022";"3";"14";"235000,00";"2024";"21/07/2026 15:42:56"
"2202026";"2688,00";"2010";"7434,00";"2022";"82159000,00";"2022";"0";"0";"0,00";"";"21/07/2026 15:42:56"
"2202059";"3663,00";"2010";"10212,00";"2022";"88954000,00";"2022";"1";"0";"0,00";"2024";"21/07/2026 15:42:56"
"2202075";"1587,00";"2010";"3108,00";"2022";"35142000,00";"2022";"1";"0";"0,00";"2024";"21/07/2026 15:42:56"
"2202083";"2154,00";"2010";"7957,00";"2022";"133053000,00";"2022";"0";"0";"0,00";"";"21/07/2026 15:42:56"
"2202091";"2527,00";"2010";"5503,00";"2022";"247291000,00";"2022";"0";"0";"0,00";"";"21/07/2026 15:42:56"
"2202109";"1780,00";"2010";"4938,00";"2022";"63551000,00";"2022";"0";"0";"0,00";"";"21/07/2026 15:42:56"
"2202117";"1394,00";"2010";"4616,00";"2022";"56512000,00";"2022";"0";"0";"0,00";"";"21/07/2026 15:42:56"
"2202133";"2288,00";"2010";"6020,00";"2022";"68259000,00";"2022";"0";"0";"0,00";"";"21/07/2026 15:42:56"
"2202174";"2555,00";"2010";"7419,00";"2022";"63333000,00";"2022";"0";"0";"0,00";"";"21/07/2026 15:42:56"
"2202208";"19182,00";"2010";"45793,00";"2022";"769318000,00";"2022";"9";"30";"434000,00";"2024";"21/07/2026 15:42:56"
"2202251";"1436,00";"2010";"3414,00";"2022";"43652000,00";"2022";"1";"0";"0,00";"2024";"21/07/2026 15:42:56"
"2202307";"7552,00";"2010";"19365,00";"2022";"288516000,00";"2022";"9";"0";"0,00";"2024";"21/07/2026 15:42:56"
"2202406";"3927,00";"2010";"11100,00";"2022";"121311000,00";"2022";"0";"0";"0,00";"";"21/07/2026 15:42:56"
"2202455";"1216,00";"2010";"3974,00";"2022";"49634000,00";"2022";"0";"0";"0,00";"";"21/07/2026 15:42:56"
"2202505";"3544,00";"2010";"10318,00";"2022";"109249000,00";"2022";"1";"0";"0,00";"2024";"21/07/2026 15:42:56"
"2202539";"1206,00";"2010";"5630,00";"2022";"59424000,00";"2022";"0";"0";"0,00";"";"21/07/2026 15:42:56"
"2202554";"1786,00";"2010";"5033,00";"2022";"58151000,00";"2022";"0";"0";"0,00";"";"21/07/2026 15:42:56"
"2202604";"6839,00";"2010";"19288,00";"2022";"213046000,00";"2022";"0";"0";"0,00";"";"21/07/2026 15:42:56"
"2202653";"1739,00";"2010";"5496,00";"2022";"60408000,00";"2022";"0";"0";"0,00";"";"21/07/2026 15:42:56"
"2202703";"10265,00";"2010";"28212,00";"2022";"306564000,00";"2022";"7";"55";"497000,00";"2024";"21/07/2026 15:42:56"
"2202711";"1546,00";"2010";"4911,00";"2022";"51049000,00";"2022";"0";"0";"0,00";"";"21/07/2026 15:42:56"
"2202729";"1738,00";"2010";"6386,00";"2022";"67000000,00";"2022";"0";"0";"0,00";"";"21/07/2026 15:42:56"
"2202737";"1706,00";"2010";"4117,00";"2022";"44161000,00";"2022";"1";"0";"0,00";"2024";"21/07/2026 15:42:56"
"2202752";"2533,00";"2010";"6150,00";"2022";"79558000,00";"2022";"3";"0";"0,00";"2024";"21/07/2026 15:42:56"
"2202778";"3176,00";"2010";"6994,00";"2022";"73244000,00";"2022";"1";"0";"0,00";"2024";"21/07/2026 15:42:56"
"2202802";"1948,00";"2010";"4932,00";"2022";"62905000,00";"2022";"3";"3";"0,00";"2024";"21/07/2026 15:42:56"
"2202851";"1685,00";"2010";"4250,00";"2022";"48788000,00";"2022";"0";"0";"0,00";"";"21/07/2026 15:42:56"
"2202901";"11009,00";"2010";"27278,00";"2022";"781393000,00";"2022";"7";"0";"0,00";"2024";"21/07/2026 15:42:56"
"2203008";"2262,00";"2010";"7356,00";"2022";"75396000,00";"2022";"0";"0";"0,00";"";"21/07/2026 15:42:56"
"2203107";"4430,00";"2010";"10503,00";"2022";"131510000,00";"2022";"4";"13";"169000,00";"2024";"21/07/2026 15:42:56"
"2203206";"4258,00";"2010";"11270,00";"2022";"166600000,00";"2022";"4";"0";"0,00";"2024";"21/07/2026 15:42:56"
"2203230";"1874,00";"2010";"4854,00";"2022";"616191000,00";"2022";"2";"0";"0,00";"2024";"21/07/2026 15:42:56"
"2203255";"1483,00";"2010";"4413,00";"2022";"45190000,00";"2022";"0";"0";"0,00";"";"21/07/2026 15:42:56"
"2203271";"2231,00";"2010";"5073,00";"2022";"370814000,00";"2022";"0";"0";"0,00";"";"21/07/2026 15:42:56"
"2203305";"5514,00";"2010";"16352,00";"2022";"292740000,00";"2022";"3";"29";"518000,00";"2024";"21/07/2026 15:42:57"
"2203354";"3469,00";"2010";"7054,00";"2022";"74933000,00";"2022";"2";"0";"0,00";"2024";"21/07/2026 15:42:57"
"2203404";"2605,00";"2010";"6320,00";"2022";"88389000,00";"2022";"5";"6";"18000,00";"2024";"21/07/2026 15:42:57"
"2203420";"1227,00";"2010";"4075,00";"2022";"49242000,00";"2022";"0";"0";"0,00";"";"21/07/2026 15:42:57"
"2203453";"4126,00";"2010";"9159,00";"2022";"156531000,00";"2022";"0";"0";"0,00";"";"21/07/2026 15:42:57"
"2203503";"5552,00";"2010";"13607,00";"2022";"173676000,00";"2022";"6";"77";"1271000,00";"2024";"21/07/2026 15:42:57"
"2203602";"1682,00";"2010";"4377,00";"2022";"57179000,00";"2022";"0";"0";"0,00";"";"21/07/2026 15:42:57"
"2203701";"17417,00";"2010";"40970,00";"2022";"538674000,00";"2022";"5";"12";"126000,00";"2024";"21/07/2026 15:42:57"
"2203750";"2275,00";"2010";"5284,00";"2022";"53213000,00";"2022";"0";"0";"0,00";"";"21/07/2026 15:42:57"
"2203800";"1568,00";"2010";"4414,00";"2022";"49842000,00";"2022";"0";"0";"0,00";"";"21/07/2026 15:42:57"
"2203859";"850,00";"2010";"2333,00";"2022";"27973000,00";"2022";"1";"0";"0,00";"2024";"21/07/2026 15:42:57"
"2203909";"26817,00";"2010";"62036,00";"2022";"1510317000,00";"2022";"11";"219";"3712000,00";"2024";"21/07/2026 15:42:57"
"2204006";"1475,00";"2010";"4505,00";"2022";"49003000,00";"2022";"2";"0";"0,00";"2024";"21/07/2026 15:42:57"
"2204105";"1234,00";"2010";"4412,00";"2022";"58490000,00";"2022";"0";"0";"0,00";"";"21/07/2026 15:42:57"
"2204154";"1132,00";"2010";"2929,00";"2022";"33191000,00";"2022";"0";"0";"0,00";"";"21/07/2026 15:42:57"
"2204204";"3923,00";"2010";"8237,00";"2022";"93403000,00";"2022";"3";"0";"0,00";"2024";"21/07/2026 15:42:57"
"2204303";"4159,00";"2010";"10259,00";"2022";"129709000,00";"2022";"0";"0";"0,00";"";"21/07/2026 15:42:57"
"2204352";"2176,00";"2010";"5445,00";"2022";"63986000,00";"2022";"0";"0";"0,00";"";"21/07/2026 15:42:57"
"2204402";"3403,00";"2010";"10892,00";"2022";"517713000,00";"2022";"9";"14";"90000,00";"2024";"21/07/2026 15:42:57"
"2204501";"4463,00";"2010";"10270,00";"2022";"561166000,00";"2022";"2";"0";"0,00";"2024";"21/07/2026 15:42:57"
"2204550";"1098,00";"2010";"4276,00";"2022";"51222000,00";"2022";"3";"3";"0,00";"2024";"21/07/2026 15:42:57"
"2204600";"1009,00";"2010";"3518,00";"2022";"36113000,00";"2022";"0";"0";"0,00";"";"21/07/2026 15:42:57"
"2204659";"3331,00";"2010";"9274,00";"2022";"119888000,00";"2022";"0";"0";"0,00";"";"21/07/2026 15:42:57"
"2204709";"6417,00";"2010";"14958,00";"2022";"168787000,00";"2022";"3";"0";"0,00";"2024";"21/07/2026 15:42:57"
"2204808";"4290,00";"2010";"9420,00";"2022";"87654000,00";"2022";"1";"0";"0,00";"2024";"21/07/2026 15:42:57"
"2204907";"2524,00";"2010";"7774,00";"2022";"81559000,00";"2022";"0";"0";"0,00";"";"21/07/2026 15:42:57"
"2205003";"4970,00";"2010";"10790,00";"2022";"111035000,00";"2022";"2";"0";"0,00";"2024";"21/07/2026 15:42:57"
"2205102";"4567,00";"2010";"10323,00";"2022";"151817000,00";"2022";"0";"0";"0,00";"";"21/07/2026 15:42:57"
"2205151";"2881,00";"2010";"5613,00";"2022";"77918000,00";"2022";"4";"8";"73000,00";"2024";"21/07/2026 15:42:57"
"2205201";"7569,00";"2010";"17527,00";"2022";"199386000,00";"2022";"4";"4";"0,00";"2024";"21/07/2026 15:42:57"
"2205250";"1636,00";"2010";"4180,00";"2022";"44071000,00";"2022";"2";"0";"0,00";"2024";"21/07/2026 15:42:57"
"2205276";"1770,00";"2010";"4494,00";"2022";"65517000,00";"2022";"0";"0";"0,00";"";"21/07/2026 15:42:57"
"2205300";"1483,00";"2010";"4497,00";"2022";"61917000,00";"2022";"1";"0";"0,00";"2024";"21/07/2026 15:42:57"
"2205359";"1259,00";"2010";"2970,00";"2022";"71555000,00";"2022";"0";"0";"0,00";"";"21/07/2026 15:42:57"
"2205409";"3545,00";"2010";"13886,00";"2022";"125268000,00";"2022";"2";"0";"0,00";"2024";"21/07/2026 15:42:57"
"2205458";"1436,00";"2010";"5394,00";"2022";"53159000,00";"2022";"0";"0";"0,00";"";"21/07/2026 15:42:57"
"2205508";"15232,00";"2010";"42559,00";"2022";"458097000,00";"2022";"3";"60";"557000,00";"2024";"21/07/2026 15:42:57"
"2205516";"1834,00";"2010";"5214,00";"2022";"60020000,00";"2022";"1";"0";"0,00";"2024";"21/07/2026 15:42:57"
"2205524";"1665,00";"2010";"5388,00";"2022";"112304000,00";"2022";"0";"0";"0,00";"";"21/07/2026 15:42:57"
"2205532";"1620,00";"2010";"4425,00";"2022";"51630000,00";"2022";"1";"0";"0,00";"2024";"21/07/2026 15:42:57"
"2205540";"831,00";"2010";"2939,00";"2022";"49901000,00";"2022";"0";"0";"0,00";"";"21/07/2026 15:42:57"
"2205557";"3238,00";"2010";"8256,00";"2022";"82593000,00";"2022";"1";"0";"0,00";"2024";"21/07/2026 15:42:57"
"2205565";"926,00";"2010";"4995,00";"2022";"378790000,00";"2022";"0";"0";"0,00";"";"21/07/2026 15:42:57"
"2205573";"1556,00";"2010";"6331,00";"2022";"60415000,00";"2022";"0";"0";"0,00";"";"21/07/2026 15:42:57"
"2205581";"1464,00";"2010";"4810,00";"2022";"98558000,00";"2022";"0";"0";"0,00";"";"21/07/2026 15:42:57"
"2205599";"1636,00";"2010";"4520,00";"2022";"47233000,00";"2022";"0";"0";"0,00";"";"21/07/2026 15:42:57"
"2205607";"1403,00";"2010";"5213,00";"2022";"121521000,00";"2022";"1";"0";"0,00";"2024";"21/07/2026 15:42:57"
"2205706";"10113,00";"2010";"30641,00";"2022";"419367000,00";"2022";"4";"71";"1150000,00";"2024";"21/07/2026 15:42:57"
"2205805";"9617,00";"2010";"25375,00";"2022";"272272000,00";"2022";"11";"16";"80000,00";"2024";"21/07/2026 15:42:57"
"2205854";"2354,00";"2010";"8032,00";"2022";"78154000,00";"2022";"0";"0";"0,00";"";"21/07/2026 15:42:57"
"2205904";"1270,00";"2010";"5209,00";"2022";"60167000,00";"2022";"1";"0";"0,00";"2024";"21/07/2026 15:42:57"
"2205953";"3593,00";"2010";"8533,00";"2022";"238024000,00";"2022";"1";"0";"0,00";"2024";"21/07/2026 15:42:57"
"2206001";"1699,00";"2010";"4724,00";"2022";"59888000,00";"2022";"0";"0";"0,00";"";"21/07/2026 15:42:57"
"2206050";"2773,00";"2010";"5218,00";"2022";"53999000,00";"2022";"0";"0";"0,00";"";"21/07/2026 15:42:57"
"2206100";"3843,00";"2010";"10641,00";"2022";"106731000,00";"2022";"3";"0";"0,00";"2024";"21/07/2026 15:42:57"
"2206209";"12129,00";"2010";"32150,00";"2022";"342934000,00";"2022";"3";"0";"0,00";"2024";"21/07/2026 15:42:57"
"2206308";"546,00";"2010";"1318,00";"2022";"33056000,00";"2022";"0";"0";"0,00";"";"21/07/2026 15:42:57"
"2206357";"1988,00";"2010";"6542,00";"2022";"62177000,00";"2022";"0";"0";"0,00";"";"21/07/2026 15:42:57"
"2206407";"3760,00";"2010";"10255,00";"2022";"146653000,00";"2022";"1";"0";"0,00";"2024";"21/07/2026 15:42:57"
"2206506";"3511,00";"2010";"7577,00";"2022";"83186000,00";"2022";"0";"0";"0,00";"";"21/07/2026 15:42:57"
"2206605";"3855,00";"2010";"10660,00";"2022";"348508000,00";"2022";"3";"3";"0,00";"2024";"21/07/2026 15:42:57"
"2206654";"1271,00";"2010";"4377,00";"2022";"43849000,00";"2022";"1";"0";"0,00";"2024";"21/07/2026 15:42:57"
"2206670";"3170,00";"2010";"6425,00";"2022";"67851000,00";"2022";"0";"0";"0,00";"";"21/07/2026 15:42:57"
"2206696";"2236,00";"2010";"9797,00";"2022";"87473000,00";"2022";"1";"0";"0,00";"2024";"21/07/2026 15:42:57"
"2206704";"2075,00";"2010";"6665,00";"2022";"71018000,00";"2022";"1";"0";"0,00";"2024";"21/07/2026 15:42:57"
"2206720";"3040,00";"2010";"10262,00";"2022";"113043000,00";"2022";"0";"0";"0,00";"";"21/07/2026 15:42:57"
"2206753";"1653,00";"2010";"5228,00";"2022";"63189000,00";"2022";"1";"0";"0,00";"2024";"21/07/2026 15:42:57"
"2206803";"3366,00";"2010";"8525,00";"2022";"98187000,00";"2022";"0";"0";"0,00";"";"21/07/2026 15:42:57"
"2206902";"2393,00";"2010";"6097,00";"2022";"61165000,00";"2022";"1";"0";"0,00";"2024";"21/07/2026 15:42:57"
"2206951";"879,00";"2010";"2827,00";"2022";"33261000,00";"2022";"0";"0";"0,00";"";"21/07/2026 15:42:57"
"2207009";"16283,00";"2010";"38161,00";"2022";"668469000,00";"2022";"8";"0";"0,00";"2024";"21/07/2026 15:42:57"
"2207108";"784,00";"2010";"2637,00";"2022";"31362000,00";"2022";"0";"0";"0,00";"";"21/07/2026 15:42:57"
"2207207";"2268,00";"2010";"6382,00";"2022";"76715000,00";"2022";"2";"0";"0,00";"2024";"21/07/2026 15:42:57"
"2207306";"1306,00";"2010";"4088,00";"2022";"45801000,00";"2022";"6";"13";"128000,00";"2024";"21/07/2026 15:42:57"
"2207355";"1579,00";"2010";"3000,00";"2022";"44278000,00";"2022";"0";"0";"0,00";"";"21/07/2026 15:42:57"
"2207405";"2296,00";"2010";"4952,00";"2022";"147784000,00";"2022";"7";"15";"91000,00";"2024";"21/07/2026 15:42:57"
"2207504";"4424,00";"2010";"13264,00";"2022";"148986000,00";"2022";"5";"14";"181000,00";"2024";"21/07/2026 15:42:57"
"2207553";"1668,00";"2010";"3813,00";"2022";"50377000,00";"2022";"2";"0";"0,00";"2024";"21/07/2026 15:42:57"
"2207603";"4016,00";"2010";"10103,00";"2022";"117191000,00";"2022";"4";"0";"0,00";"2024";"21/07/2026 15:42:57"
"2207702";"63174,00";"2010";"162159,00";"2022";"3273604000,00";"2022";"19";"1846";"37002000,00";"2024";"21/07/2026 15:42:57"
"2207751";"1902,00";"2010";"4135,00";"2022";"51808000,00";"2022";"1";"0";"0,00";"2024";"21/07/2026 15:42:57"
"2207777";"2097,00";"2010";"5425,00";"2022";"59642000,00";"2022";"1";"0";"0,00";"2024";"21/07/2026 15:42:57"
"2207793";"1558,00";"2010";"3880,00";"2022";"37201000,00";"2022";"1";"0";"0,00";"2024";"21/07/2026 15:42:57"
"2207801";"9397,00";"2010";"21055,00";"2022";"294111000,00";"2022";"7";"38";"613000,00";"2024";"21/07/2026 15:42:57"
"2207850";"1607,00";"2010";"3628,00";"2022";"41356000,00";"2022";"2";"0";"0,00";"2024";"21/07/2026 15:42:57"
"2207900";"14187,00";"2010";"37894,00";"2022";"425040000,00";"2022";"1";"0";"0,00";"2024";"21/07/2026 15:42:57"
"2207934";"702,00";"2010";"2458,00";"2022";"33801000,00";"2022";"0";"0";"0,00";"";"21/07/2026 15:42:57"
"2207959";"1214,00";"2010";"4076,00";"2022";"46224000,00";"2022";"0";"0";"0,00";"";"21/07/2026 15:42:57"
"2208007";"36316,00";"2010";"83090,00";"2022";"2168532000,00";"2022";"21";"259";"3757000,00";"2024";"21/07/2026 15:42:57"
"2208106";"4545,00";"2010";"11341,00";"2022";"111832000,00";"2022";"1";"0";"0,00";"2024";"21/07/2026 15:42:57"
"2208205";"6936,00";"2010";"17613,00";"2022";"219871000,00";"2022";"0";"0";"0,00";"";"21/07/2026 15:42:57"
"2208304";"11252,00";"2010";"28846,00";"2022";"408400000,00";"2022";"7";"0";"0,00";"2024";"21/07/2026 15:42:57"
"2208403";"25215,00";"2010";"65538,00";"2022";"1033833000,00";"2022";"3";"7";"36000,00";"2024";"21/07/2026 15:42:57"
"2208502";"4841,00";"2010";"12052,00";"2022";"139205000,00";"2022";"2";"0";"0,00";"2024";"21/07/2026 15:42:57"
"2208551";"937,00";"2010";"2364,00";"2022";"49545000,00";"2022";"1";"0";"0,00";"2024";"21/07/2026 15:42:57"
"2208601";"774,00";"2010";"3042,00";"2022";"34283000,00";"2022";"1";"0";"0,00";"2024";"21/07/2026 15:42:57"
"2208650";"3041,00";"2010";"8738,00";"2022";"256473000,00";"2022";"1";"0";"0,00";"2024";"21/07/2026 15:42:57"
"2208700";"3369,00";"2010";"8394,00";"2022";"112571000,00";"2022";"6";"42";"541000,00";"2024";"21/07/2026 15:42:57"
"2208809";"6623,00";"2010";"17133,00";"2022";"300295000,00";"2022";"0";"0";"0,00";"";"21/07/2026 15:42:57"
"2208858";"1419,00";"2010";"4165,00";"2022";"48447000,00";"2022";"1";"0";"0,00";"2024";"21/07/2026 15:42:57"
"2208874";"1902,00";"2010";"4055,00";"2022";"233946000,00";"2022";"0";"0";"0,00";"";"21/07/2026 15:42:57"
"2208908";"2299,00";"2010";"6164,00";"2022";"886994000,00";"2022";"0";"0";"0,00";"";"21/07/2026 15:42:57"
"2209005";"2565,00";"2010";"5801,00";"2022";"60569000,00";"2022";"4";"7";"54000,00";"2024";"21/07/2026 15:42:57"
"2209104";"2186,00";"2010";"5831,00";"2022";"66207000,00";"2022";"5";"7";"81000,00";"2024";"21/07/2026 15:42:57"
"2209153";"1346,00";"2010";"3435,00";"2022";"46884000,00";"2022";"1";"0";"0,00";"2024";"21/07/2026 15:42:57"
"2209203";"1875,00";"2010";"6087,00";"2022";"849997000,00";"2022";"3";"4";"0,00";"2024";"21/07/2026 15:42:57"
"2209302";"2174,00";"2010";"5336,00";"2022";"73650000,00";"2022";"3";"15";"178000,00";"2024";"21/07/2026 15:42:57"
"2209351";"2024,00";"2010";"4125,00";"2022";"44360000,00";"2022";"0";"0";"0,00";"";"21/07/2026 15:42:57"
"2209377";"2014,00";"2010";"4650,00";"2022";"54217000,00";"2022";"0";"0";"0,00";"";"21/07/2026 15:42:57"
"2209401";"3045,00";"2010";"5839,00";"2022";"86075000,00";"2022";"1";"0";"0,00";"2024";"21/07/2026 15:42:57"
"2209450";"781,00";"2010";"2138,00";"2022";"21018000,00";"2022";"0";"0";"0,00";"";"21/07/2026 15:42:57"
"2209500";"1478,00";"2010";"3646,00";"2022";"44444000,00";"2022";"1";"0";"0,00";"2024";"21/07/2026 15:42:57"
"2209559";"1673,00";"2010";"4358,00";"2022";"43000000,00";"2022";"1";"0";"0,00";"2024";"21/07/2026 15:42:57"
"2209609";"1315,00";"2010";"2842,00";"2022";"33367000,00";"2022";"0";"0";"0,00";"";"21/07/2026 15:42:57"
"2209658";"2482,00";"2010";"5572,00";"2022";"60351000,00";"2022";"2";"0";"0,00";"2024";"21/07/2026 15:42:57"
"2209708";"2488,00";"2010";"5392,00";"2022";"58610000,00";"2022";"0";"0";"0,00";"";"21/07/2026 15:42:57"
"2209757";"782,00";"2010";"2947,00";"2022";"60001000,00";"2022";"1";"0";"0,00";"2024";"21/07/2026 15:42:57"
"2209807";"1256,00";"2010";"4837,00";"2022";"74941000,00";"2022";"0";"0";"0,00";"";"21/07/2026 15:42:57"
"2209856";"1908,00";"2010";"4242,00";"2022";"48417000,00";"2022";"0";"0";"0,00";"";"21/07/2026 15:42:57"
"2209872";"1479,00";"2010";"5522,00";"2022";"64033000,00";"2022";"1";"0";"0,00";"2024";"21/07/2026 15:42:57"
"2209906";"1787,00";"2010";"6114,00";"2022";"66617000,00";"2022";"1";"0";"0,00";"2024";"21/07/2026 15:42:57"
"2209955";"1632,00";"2010";"4383,00";"2022";"39665000,00";"2022";"0";"0";"0,00";"";"21/07/2026 15:42:57"
"2209971";"2416,00";"2010";"8186,00";"2022";"81969000,00";"2022";"1";"0";"0,00";"2024";"21/07/2026 15:42:57"
"2210003";"8824,00";"2010";"21421,00";"2022";"389746000,00";"2022";"3";"0";"0,00";"2024";"21/07/2026 15:42:57"
"2210052";"2504,00";"2010";"4841,00";"2022";"66798000,00";"2022";"0";"0";"0,00";"";"21/07/2026 15:42:57"
"2210102";"1150,00";"2010";"3297,00";"2022";"44548000,00";"2022";"1";"0";"0,00";"2024";"21/07/2026 15:42:57"
"2210201";"3874,00";"2010";"6597,00";"2022";"70490000,00";"2022";"1";"0";"0,00";"2024";"21/07/2026 15:42:57"
"2210300";"2015,00";"2010";"6025,00";"2022";"62243000,00";"2022";"1";"0";"0,00";"2024";"21/07/2026 15:42:57"
"2210359";"2350,00";"2010";"4410,00";"2022";"49852000,00";"2022";"1";"0";"0,00";"2024";"21/07/2026 15:42:57"
"2210375";"977,00";"2010";"2309,00";"2022";"24474000,00";"2022";"1";"0";"0,00";"2024";"21/07/2026 15:42:57"
"2210383";"885,00";"2010";"2269,00";"2022";"31222000,00";"2022";"1";"0";"0,00";"2024";"21/07/2026 15:42:57"
"2210391";"1340,00";"2010";"2829,00";"2022";"32902000,00";"2022";"1";"0";"0,00";"2024";"21/07/2026 15:42:57"
"2210409";"5115,00";"2010";"17554,00";"2022";"173925000,00";"2022";"2";"0";"0,00";"2024";"21/07/2026 15:42:57"
"2210508";"4717,00";"2010";"13755,00";"2022";"143276000,00";"2022";"2";"0";"0,00";"2024";"21/07/2026 15:42:57"
"2210607";"15432,00";"2010";"38934,00";"2022";"653626000,00";"2022";"18";"224";"3815000,00";"2024";"21/07/2026 15:42:57"
"2210623";"1345,00";"2010";"3202,00";"2022";"53029000,00";"2022";"0";"0";"0,00";"";"21/07/2026 15:42:57"
"2210631";"1022,00";"2010";"4446,00";"2022";"686687000,00";"2022";"2";"0";"0,00";"2024";"21/07/2026 15:42:57"
"2210656";"2766,00";"2010";"9460,00";"2022";"82610000,00";"2022";"0";"0";"0,00";"";"21/07/2026 15:42:57"
"2210706";"6559,00";"2010";"14350,00";"2022";"412378000,00";"2022";"1";"0";"0,00";"2024";"21/07/2026 15:42:58"
"2210805";"5623,00";"2010";"13870,00";"2022";"207881000,00";"2022";"5";"163";"2564000,00";"2024";"21/07/2026 15:42:58"
"2210904";"1066,00";"2010";"4141,00";"2022";"43637000,00";"2022";"1";"0";"0,00";"2024";"21/07/2026 15:42:58"
"2210938";"2574,00";"2010";"6220,00";"2022";"71572000,00";"2022";"1";"0";"0,00";"2024";"21/07/2026 15:42:58"
"2210953";"1249,00";"2010";"2949,00";"2022";"33718000,00";"2022";"0";"0";"0,00";"";"21/07/2026 15:42:58"
"2210979";"1480,00";"2010";"2316,00";"2022";"36929000,00";"2022";"0";"0";"0,00";"";"21/07/2026 15:42:58"
"2211001";"407827,00";"2010";"866300,00";"2022";"25943688000,00";"2022";"86";"6822";"160490000,00";"2024";"21/07/2026 15:42:58"
"2211100";"14642,00";"2010";"46119,00";"2022";"516521000,00";"2022";"4";"14";"82000,00";"2024";"21/07/2026 15:42:58"
"2211209";"7970,00";"2010";"25203,00";"2022";"3903796000,00";"2022";"8";"0";"0,00";"2024";"21/07/2026 15:42:58"
"2211308";"8667,00";"2010";"22279,00";"2022";"327235000,00";"2022";"8";"45";"671000,00";"2024";"21/07/2026 15:42:58"
"2211357";"2265,00";"2010";"5055,00";"2022";"52620000,00";"2022";"1";"0";"0,00";"2024";"21/07/2026 15:42:58"
"2211407";"1624,00";"2010";"4417,00";"2022";"46141000,00";"2022";"0";"0";"0,00";"";"21/07/2026 15:42:58"
"2211506";"1410,00";"2010";"3185,00";"2022";"37034000,00";"2022";"1";"0";"0,00";"2024";"21/07/2026 15:42:58"
"2211605";"1449,00";"2010";"2935,00";"2022";"37316000,00";"2022";"2";"0";"0,00";"2024";"21/07/2026 15:42:58"
"2211704";"1446,00";"2010";"4059,00";"2022";"44374000,00";"2022";"1";"0";"0,00";"2024";"21/07/2026 15:42:58"
"2300101";"3759,00";"2010";"10038,00";"2022";"126794000,00";"2022";"0";"0";"0,00";"";"21/07/2026 15:42:58"
"2300150";"5389,00";"2010";"14027,00";"2022";"183507000,00";"2022";"3";"18";"0,00";"2024";"21/07/2026 15:42:58"
"2300200";"22668,00";"2010";"65264,00";"2022";"1184672000,00";"2022";"3";"0";"0,00";"2024";"21/07/2026 15:42:58"
"2300309";"20345,00";"2010";"44962,00";"2022";"604192000,00";"2022";"4";"125";"2221000,00";"2024";"21/07/2026 15:42:58"
"2300408";"6575,00";"2010";"14076,00";"2022";"146744000,00";"2022";"0";"0";"0,00";"";"21/07/2026 15:42:58"
"2300507";"4007,00";"2010";"11369,00";"2022";"105770000,00";"2022";"0";"0";"0,00";"";"21/07/2026 15:42:58"
"2300606";"2059,00";"2010";"6782,00";"2022";"82201000,00";"2022";"0";"0";"0,00";"";"21/07/2026 15:42:58"
"2300705";"6688,00";"2010";"14155,00";"2022";"240389000,00";"2022";"0";"0";"0,00";"";"21/07/2026 15:42:58"
"2300754";"14694,00";"2010";"42156,00";"2022";"684586000,00";"2022";"4";"87";"1408000,00";"2024";"21/07/2026 15:42:58"
"2300804";"2547,00";"2010";"7245,00";"2022";"89238000,00";"2022";"1";"0";"0,00";"2024";"21/07/2026 15:42:58"
"2300903";"4978,00";"2010";"12928,00";"2022";"134458000,00";"2022";"0";"0";"0,00";"";"21/07/2026 15:42:58"
"2301000";"30968,00";"2010";"80645,00";"2022";"4429050000,00";"2022";"10";"205";"5029000,00";"2024";"21/07/2026 15:42:58"
"2301109";"29830,00";"2010";"75113,00";"2022";"1791174000,00";"2022";"7";"181";"3837000,00";"2024";"21/07/2026 15:42:58"
"2301208";"10145,00";"2010";"25553,00";"2022";"285457000,00";"2022";"3";"4";"3000,00";"2024";"21/07/2026 15:42:58"
"2301257";"3621,00";"2010";"11096,00";"2022";"117634000,00";"2022";"0";"0";"0,00";"";"21/07/2026 15:42:58"
"2301307";"7143,00";"2010";"19783,00";"2022";"219194000,00";"2022";"3";"3";"0,00";"2024";"21/07/2026 15:42:58"
"2301406";"4796,00";"2010";"11224,00";"2022";"159277000,00";"2022";"0";"0";"0,00";"";"21/07/2026 15:42:58"
"2301505";"3113,00";"2010";"7429,00";"2022";"81651000,00";"2022";"1";"0";"0,00";"2024";"21/07/2026 15:42:58"
"2301604";"8234,00";"2010";"21697,00";"2022";"273041000,00";"2022";"1";"0";"0,00";"2024";"21/07/2026 15:42:58"
"2301703";"8549,00";"2010";"23714,00";"2022";"250837000,00";"2022";"1";"0";"0,00";"2024";"21/07/2026 15:42:58"
"2301802";"2477,00";"2010";"5704,00";"2022";"69658000,00";"2022";"0";"0";"0,00";"";"21/07/2026 15:42:58"
"2301851";"5766,00";"2010";"17195,00";"2022";"296956000,00";"2022";"1";"0";"0,00";"2024";"21/07/2026 15:42:58"
"2301901";"24503,00";"2010";"75033,00";"2022";"1599703000,00";"2022";"8";"0";"0,00";"2024";"21/07/2026 15:42:58"
"2301950";"6672,00";"2010";"22392,00";"2022";"267357000,00";"2022";"0";"0";"0,00";"";"21/07/2026 15:42:58"
"2302008";"7040,00";"2010";"19381,00";"2022";"262523000,00";"2022";"1";"0";"0,00";"2024";"21/07/2026 15:42:58"
"2302057";"4373,00";"2010";"14567,00";"2022";"150759000,00";"2022";"0";"0";"0,00";"";"21/07/2026 15:42:58"
"2302107";"13205,00";"2010";"35218,00";"2022";"503468000,00";"2022";"3";"57";"1315000,00";"2024";"21/07/2026 15:42:58"
"2302206";"20783,00";"2010";"53114,00";"2022";"1208892000,00";"2022";"5";"8";"44000,00";"2024";"21/07/2026 15:42:58"
"2302305";"13459,00";"2010";"32775,00";"2022";"353476000,00";"2022";"2";"0";"0,00";"2024";"21/07/2026 15:42:58"
"2302404";"20206,00";"2010";"50411,00";"2022";"584404000,00";"2022";"5";"0";"0,00";"2024";"21/07/2026 15:42:58"
"2302503";"17803,00";"2010";"51090,00";"2022";"1009688000,00";"2022";"7";"658";"12223000,00";"2024";"21/07/2026 15:42:58"
"2302602";"23097,00";"2010";"62326,00";"2022";"855906000,00";"2022";"4";"24";"556000,00";"2024";"21/07/2026 15:42:58"
"2302701";"11513,00";"2010";"25135,00";"2022";"314915000,00";"2022";"2";"0";"0,00";"2024";"21/07/2026 15:42:58"
"2302800";"24286,00";"2010";"74174,00";"2022";"1021411000,00";"2022";"8";"358";"7175000,00";"2024";"21/07/2026 15:42:58"
"2302909";"5339,00";"2010";"17254,00";"2022";"190140000,00";"2022";"1";"0";"0,00";"2024";"21/07/2026 15:42:58"
"2303006";"6320,00";"2010";"16377,00";"2022";"187437000,00";"2022";"2";"0";"0,00";"2024";"21/07/2026 15:42:58"
"2303105";"6287,00";"2010";"17632,00";"2022";"208196000,00";"2022";"0";"0";"0,00";"";"21/07/2026 15:42:58"
"2303204";"11868,00";"2010";"26320,00";"2022";"271670000,00";"2022";"2";"0";"0,00";"2024";"21/07/2026 15:42:58"
"2303303";"6354,00";"2010";"17015,00";"2022";"193985000,00";"2022";"0";"0";"0,00";"";"21/07/2026 15:42:58"
"2303402";"6633,00";"2010";"17210,00";"2022";"185440000,00";"2022";"0";"0";"0,00";"";"21/07/2026 15:42:58"
"2303501";"28199,00";"2010";"72720,00";"2022";"1182740000,00";"2022";"5";"29";"417000,00";"2024";"21/07/2026 15:42:58"
"2303600";"7432,00";"2010";"10243,00";"2022";"132473000,00";"2022";"2";"0";"0,00";"2024";"21/07/2026 15:42:58"
"2303659";"3237,00";"2010";"10444,00";"2022";"117230000,00";"2022";"0";"0";"0,00";"";"21/07/2026 15:42:58"
"2303709";"142634,00";"2010";"355679,00";"2022";"9891544000,00";"2022";"19";"1055";"19813000,00";"2024";"21/07/2026 15:42:58"
"2303808";"9215,00";"2010";"22344,00";"2022";"260564000,00";"2022";"1";"0";"0,00";"2024";"21/07/2026 15:42:58"
"2303907";"4323,00";"2010";"12462,00";"2022";"125251000,00";"2022";"1";"0";"0,00";"2024";"21/07/2026 15:42:58"
"2303931";"3582,00";"2010";"12113,00";"2022";"192951000,00";"2022";"0";"0";"0,00";"";"21/07/2026 15:42:58"
"2303956";"7519,00";"2010";"20163,00";"2022";"255377000,00";"2022";"0";"0";"0,00";"";"21/07/2026 15:42:58"
"2304004";"8151,00";"2010";"20953,00";"2022";"236193000,00";"2022";"4";"0";"0,00";"2024";"21/07/2026 15:42:58"
"2304103";"26882,00";"2010";"76390,00";"2022";"1088879000,00";"2022";"13";"458";"8544000,00";"2024";"21/07/2026 15:42:58"
"2304202";"54804,00";"2010";"131050,00";"2022";"2178406000,00";"2022";"13";"62";"1101000,00";"2024";"21/07/2026 15:42:58"
"2304236";"5118,00";"2010";"17481,00";"2022";"233557000,00";"2022";"2";"0";"0,00";"2024";"21/07/2026 15:42:58"
"2304251";"10556,00";"2010";"29761,00";"2022";"470272000,00";"2022";"5";"0";"0,00";"2024";"21/07/2026 15:42:58"
"2304269";"3720,00";"2010";"8932,00";"2022";"111392000,00";"2022";"0";"0";"0,00";"";"21/07/2026 15:42:58"
"2304277";"2725,00";"2010";"6474,00";"2022";"93228000,00";"2022";"2";"0";"0,00";"2024";"21/07/2026 15:42:58"
"2304285";"21495,00";"2010";"74170,00";"2022";"4557316000,00";"2022";"2";"0";"0,00";"2024";"21/07/2026 15:42:58"
"2304301";"7069,00";"2010";"18217,00";"2022";"225755000,00";"2022";"1";"0";"0,00";"2024";"21/07/2026 15:42:58"
"2304350";"9307,00";"2010";"24173,00";"2022";"310510000,00";"2022";"1";"0";"0,00";"2024";"21/07/2026 15:42:58"
"2304400";"1223017,00";"2010";"2428708,00";"2022";"81362333000,00";"2022";"171";"20553";"445911000,00";"2024";"21/07/2026 15:42:58"
"2304459";"5750,00";"2010";"17294,00";"2022";"331346000,00";"2022";"0";"0";"0,00";"";"21/07/2026 15:42:58"
"2304509";"5136,00";"2010";"15657,00";"2022";"356851000,00";"2022";"0";"0";"0,00";"";"21/07/2026 15:42:58"
"2304608";"2216,00";"2010";"6734,00";"2022";"89926000,00";"2022";"3";"18";"314000,00";"2024";"21/07/2026 15:42:58"
"2304657";"4132,00";"2010";"13801,00";"2022";"136808000,00";"2022";"0";"0";"0,00";"";"21/07/2026 15:42:58"
"2304707";"17764,00";"2010";"53344,00";"2022";"514903000,00";"2022";"2";"0";"0,00";"2024";"21/07/2026 15:42:58"
"2304806";"2018,00";"2010";"4841,00";"2022";"55419000,00";"2022";"1";"0";"0,00";"2024";"21/07/2026 15:42:58"
"2304905";"4697,00";"2010";"10910,00";"2022";"123687000,00";"2022";"0";"0";"0,00";"";"21/07/2026 15:42:58"
"2304954";"9195,00";"2010";"24325,00";"2022";"272368000,00";"2022";"1";"0";"0,00";"2024";"21/07/2026 15:42:58"
"2305001";"16772,00";"2010";"42053,00";"2022";"728027000,00";"2022";"4";"44";"784000,00";"2024";"21/07/2026 15:42:58"
"2305100";"1702,00";"2010";"5654,00";"2022";"94083000,00";"2022";"1";"0";"0,00";"2024";"21/07/2026 15:42:58"
"2305209";"6835,00";"2010";"17855,00";"2022";"204119000,00";"2022";"1";"0";"0,00";"2024";"21/07/2026 15:42:58"
"2305233";"24558,00";"2010";"74755,00";"2022";"2501483000,00";"2022";"3";"529";"8615000,00";"2024";"21/07/2026 15:42:58"
"2305266";"4243,00";"2010";"11956,00";"2022";"144293000,00";"2022";"1";"0";"0,00";"2024";"21/07/2026 15:42:58"
"2305308";"10415,00";"2010";"23965,00";"2022";"380747000,00";"2022";"1";"0";"0,00";"2024";"21/07/2026 15:42:58"
"2305332";"3609,00";"2010";"11611,00";"2022";"125308000,00";"2022";"1";"0";"0,00";"2024";"21/07/2026 15:42:58"
"2305357";"8052,00";"2010";"21433,00";"2022";"400632000,00";"2022";"1";"0";"0,00";"2024";"21/07/2026 15:42:58"
"2305407";"23223,00";"2010";"62642,00";"2022";"796420000,00";"2022";"0";"0";"0,00";"";"21/07/2026 15:42:58"
"2305506";"43970,00";"2010";"98064,00";"2022";"2054539000,00";"2022";"17";"422";"11535000,00";"2024";"21/07/2026 15:42:58"
"2305605";"10254,00";"2010";"24024,00";"2022";"347468000,00";"2022";"2";"0";"0,00";"2024";"21/07/2026 15:42:58"
"2305654";"3159,00";"2010";"11575,00";"2022";"116772000,00";"2022";"0";"0";"0,00";"";"21/07/2026 15:42:58"
"2305704";"4296,00";"2010";"12083,00";"2022";"167158000,00";"2022";"2";"0";"0,00";"2024";"21/07/2026 15:42:58"
"2305803";"15428,00";"2010";"41081,00";"2022";"575072000,00";"2022";"7";"135";"2328000,00";"2024";"21/07/2026 15:42:58"
"2305902";"13891,00";"2010";"36798,00";"2022";"385582000,00";"2022";"2";"0";"0,00";"2024";"21/07/2026 15:42:58"
"2306009";"5898,00";"2010";"14001,00";"2022";"211262000,00";"2022";"0";"0";"0,00";"";"21/07/2026 15:42:58"
"2306108";"6227,00";"2010";"23915,00";"2022";"251621000,00";"2022";"0";"0";"0,00";"";"21/07/2026 15:42:58"
"2306207";"3503,00";"2010";"7536,00";"2022";"89380000,00";"2022";"0";"0";"0,00";"";"21/07/2026 15:42:58"
"2306256";"12966,00";"2010";"64650,00";"2022";"1588814000,00";"2022";"5";"501";"18500000,00";"2024";"21/07/2026 15:42:58"
"2306306";"19505,00";"2010";"46426,00";"2022";"702418000,00";"2022";"9";"229";"4247000,00";"2024";"21/07/2026 15:42:58"
"2306405";"48245,00";"2010";"131123,00";"2022";"2129866000,00";"2022";"7";"221";"4898000,00";"2024";"21/07/2026 15:42:58"
"2306504";"6135,00";"2010";"17841,00";"2022";"182347000,00";"2022";"1";"0";"0,00";"2024";"21/07/2026 15:42:58"
"2306553";"15442,00";"2010";"42957,00";"2022";"722769000,00";"2022";"1";"0";"0,00";"2024";"21/07/2026 15:42:58"
"2306603";"5923,00";"2010";"20424,00";"2022";"190135000,00";"2022";"2";"0";"0,00";"2024";"21/07/2026 15:42:58"
"2306702";"6205,00";"2010";"17232,00";"2022";"257163000,00";"2022";"3";"0";"0,00";"2024";"21/07/2026 15:42:58"
"2306801";"4324,00";"2010";"10356,00";"2022";"165067000,00";"2022";"2";"0";"0,00";"2024";"21/07/2026 15:42:58"
"2306900";"14538,00";"2010";"33726,00";"2022";"637711000,00";"2022";"5";"0";"0,00";"2024";"21/07/2026 15:42:58"
"2307007";"15426,00";"2010";"31701,00";"2022";"598757000,00";"2022";"2";"0";"0,00";"2024";"21/07/2026 15:42:58"
"2307106";"9930,00";"2010";"27411,00";"2022";"310208000,00";"2022";"1";"0";"0,00";"2024";"21/07/2026 15:42:58"
"2307205";"3637,00";"2010";"7861,00";"2022";"140334000,00";"2022";"1";"0";"0,00";"2024";"21/07/2026 15:42:58"
"2307254";"7924,00";"2010";"25555,00";"2022";"696532000,00";"2022";"0";"0";"0,00";"";"21/07/2026 15:42:58"
"2307304";"113180,00";"2010";"286120,00";"2022";"5783730000,00";"2022";"24";"917";"18958000,00";"2024";"21/07/2026 15:42:58"
"2307403";"7552,00";"2010";"23922,00";"2022";"347057000,00";"2022";"2";"0";"0,00";"2024";"21/07/2026 15:42:58"
"2307502";"10156,00";"2010";"30802,00";"2022";"390628000,00";"2022";"3";"0";"0,00";"2024";"21/07/2026 15:42:58"
"2307601";"25120,00";"2010";"59560,00";"2022";"1651936000,00";"2022";"14";"206";"3762000,00";"2024";"21/07/2026 15:42:58"
"2307635";"5525,00";"2010";"16896,00";"2022";"208238000,00";"2022";"4";"8";"125000,00";"2024";"21/07/2026 15:42:58"
"2307650";"94324,00";"2010";"234509,00";"2022";"14004934000,00";"2022";"19";"3370";"78922000,00";"2024";"21/07/2026 15:42:58"
"2307700";"45494,00";"2010";"105093,00";"2022";"1793354000,00";"2022";"7";"280";"5762000,00";"2024";"21/07/2026 15:42:58"
"2307809";"10096,00";"2010";"25799,00";"2022";"410771000,00";"2022";"1";"0";"0,00";"2024";"21/07/2026 15:42:58"
"2307908";"3694,00";"2010";"10846,00";"2022";"109552000,00";"2022";"1";"0";"0,00";"2024";"21/07/2026 15:42:58"
"2308005";"13631,00";"2010";"37697,00";"2022";"441702000,00";"2022";"5";"23";"317000,00";"2024";"21/07/2026 15:42:58"
"2308104";"17183,00";"2010";"45561,00";"2022";"640789000,00";"2022";"5";"79";"1339000,00";"2024";"21/07/2026 15:42:58"
"2308203";"5542,00";"2010";"15157,00";"2022";"143855000,00";"2022";"0";"0";"0,00";"";"21/07/2026 15:42:58"
"2308302";"10558,00";"2010";"25900,00";"2022";"317938000,00";"2022";"2";"0";"0,00";"2024";"21/07/2026 15:42:58"
"2308351";"4053,00";"2010";"14123,00";"2022";"226109000,00";"2022";"1";"0";"0,00";"2024";"21/07/2026 15:42:58"
"2308377";"3531,00";"2010";"14196,00";"2022";"127318000,00";"2022";"0";"0";"0,00";"";"21/07/2026 15:42:58"
"2308401";"14835,00";"2010";"36822,00";"2022";"586551000,00";"2022";"1";"0";"0,00";"2024";"21/07/2026 15:42:58"
"2308500";"16335,00";"2010";"37735,00";"2022";"531262000,00";"2022";"5";"6";"85000,00";"2024";"21/07/2026 15:42:58"
"2308609";"6553,00";"2010";"17149,00";"2022";"179307000,00";"2022";"1";"0";"0,00";"2024";"21/07/2026 15:42:58"
"2308708";"22755,00";"2010";"61443,00";"2022";"1570710000,00";"2022";"3";"105";"2047000,00";"2024";"21/07/2026 15:42:58"
"2308807";"3108,00";"2010";"8254,00";"2022";"80172000,00";"2022";"0";"0";"0,00";"";"21/07/2026 15:42:58"
"2308906";"7383,00";"2010";"22753,00";"2022";"220951000,00";"2022";"1";"0";"0,00";"2024";"21/07/2026 15:42:58"
"2309003";"4858,00";"2010";"13666,00";"2022";"144254000,00";"2022";"0";"0";"0,00";"";"21/07/2026 15:42:58"
"2309102";"4286,00";"2010";"10569,00";"2022";"134732000,00";"2022";"1";"0";"0,00";"2024";"21/07/2026 15:42:58"
"2309201";"5787,00";"2010";"15399,00";"2022";"179077000,00";"2022";"3";"8";"64000,00";"2024";"21/07/2026 15:42:58"
"2309300";"13323,00";"2010";"30699,00";"2022";"381139000,00";"2022";"1";"0";"0,00";"2024";"21/07/2026 15:42:58"
"2309409";"9169,00";"2010";"27545,00";"2022";"302450000,00";"2022";"3";"0";"0,00";"2024";"21/07/2026 15:42:58"
"2309458";"7694,00";"2010";"24493,00";"2022";"304032000,00";"2022";"3";"0";"0,00";"2024";"21/07/2026 15:42:58"
"2309508";"8854,00";"2010";"19675,00";"2022";"234968000,00";"2022";"2";"0";"0,00";"2024";"21/07/2026 15:42:58"
"2309607";"28728,00";"2010";"70983,00";"2022";"1534458000,00";"2022";"5";"1696";"27084000,00";"2024";"21/07/2026 15:42:58"
"2309706";"31658,00";"2010";"81524,00";"2022";"1460733000,00";"2022";"7";"334";"5719000,00";"2024";"21/07/2026 15:42:58"
"2309805";"4948,00";"2010";"11186,00";"2022";"153002000,00";"2022";"0";"0";"0,00";"";"21/07/2026 15:42:58"
"2309904";"2491,00";"2010";"6175,00";"2022";"68377000,00";"2022";"0";"0";"0,00";"";"21/07/2026 15:42:58"
"2310001";"4005,00";"2010";"9346,00";"2022";"116455000,00";"2022";"0";"0";"0,00";"";"21/07/2026 15:42:58"
"2310100";"3560,00";"2010";"10242,00";"2022";"120067000,00";"2022";"1";"0";"0,00";"2024";"21/07/2026 15:42:58"
"2310209";"13241,00";"2010";"38980,00";"2022";"595518000,00";"2022";"5";"221";"4768000,00";"2024";"21/07/2026 15:42:58"
"2310258";"13216,00";"2010";"32216,00";"2022";"643388000,00";"2022";"0";"0";"0,00";"";"21/07/2026 15:42:58"
"2310308";"11690,00";"2010";"31445,00";"2022";"309635000,00";"2022";"4";"0";"0,00";"2024";"21/07/2026 15:42:58"
"2310407";"3460,00";"2010";"10384,00";"2022";"121524000,00";"2022";"1";"0";"0,00";"2024";"21/07/2026 15:42:58"
"2310506";"13884,00";"2010";"40187,00";"2022";"411066000,00";"2022";"5";"20";"296000,00";"2024";"21/07/2026 15:42:58"
"2310605";"3967,00";"2010";"8972,00";"2022";"142781000,00";"2022";"1";"0";"0,00";"2024";"21/07/2026 15:42:58"
"2310704";"13036,00";"2010";"37813,00";"2022";"537433000,00";"2022";"3";"168";"2925000,00";"2024";"21/07/2026 15:42:58"
"2310803";"6048,00";"2010";"15274,00";"2022";"530452000,00";"2022";"0";"0";"0,00";"";"21/07/2026 15:42:58"
"2310852";"7852,00";"2010";"23391,00";"2022";"320047000,00";"2022";"1";"0";"0,00";"2024";"21/07/2026 15:42:58"
"2310902";"5303,00";"2010";"16616,00";"2022";"181463000,00";"2022";"0";"0";"0,00";"";"21/07/2026 15:42:58"
"2310951";"3054,00";"2010";"10606,00";"2022";"91198000,00";"2022";"0";"0";"0,00";"";"21/07/2026 15:42:58"
"2311009";"4067,00";"2010";"12065,00";"2022";"128390000,00";"2022";"0";"0";"0,00";"";"21/07/2026 15:42:58"
"2311108";"5989,00";"2010";"17050,00";"2022";"207091000,00";"2022";"2";"0";"0,00";"2024";"21/07/2026 15:42:58"
"2311207";"4223,00";"2010";"8833,00";"2022";"115651000,00";"2022";"0";"0";"0,00";"";"21/07/2026 15:42:58"
"2311231";"2730,00";"2010";"5974,00";"2022";"92924000,00";"2022";"0";"0";"0,00";"";"21/07/2026 15:42:58"
"2311264";"7916,00";"2010";"20213,00";"2022";"211391000,00";"2022";"0";"0";"0,00";"";"21/07/2026 15:42:58"
"2311306";"32172,00";"2010";"84168,00";"2022";"1283066000,00";"2022";"5";"488";"10031000,00";"2024";"21/07/2026 15:42:58"
"2311355";"6667,00";"2010";"15910,00";"2022";"214522000,00";"2022";"0";"0";"0,00";"";"21/07/2026 15:42:58"
"2311405";"29444,00";"2010";"82177,00";"2022";"1725840000,00";"2022";"10";"291";"4989000,00";"2024";"21/07/2026 15:42:58"
"2311504";"7757,00";"2010";"20874,00";"2022";"682150000,00";"2022";"1";"0";"0,00";"2024";"21/07/2026 15:42:58"
"2311603";"10629,00";"2010";"27214,00";"2022";"450867000,00";"2022";"5";"51";"1090000,00";"2024";"21/07/2026 15:42:58"
"2311702";"6335,00";"2010";"18606,00";"2022";"213295000,00";"2022";"1";"0";"0,00";"2024";"21/07/2026 15:42:58"
"2311801";"33304,00";"2010";"72928,00";"2022";"1332638000,00";"2022";"14";"205";"3850000,00";"2024";"21/07/2026 15:42:58"
"2311900";"6436,00";"2010";"13854,00";"2022";"164970000,00";"2022";"3";"0";"0,00";"2024";"21/07/2026 15:42:58"
"2311959";"6340,00";"2010";"16633,00";"2022";"187867000,00";"2022";"0";"0";"0,00";"";"21/07/2026 15:42:58"
"2312007";"9757,00";"2010";"30628,00";"2022";"313120000,00";"2022";"2";"0";"0,00";"2024";"21/07/2026 15:42:58"
"2312106";"6522,00";"2010";"16954,00";"2022";"164591000,00";"2022";"1";"0";"0,00";"2024";"21/07/2026 15:42:58"
"2312205";"15412,00";"2010";"40183,00";"2022";"715965000,00";"2022";"8";"44";"697000,00";"2024";"21/07/2026 15:42:58"
"2312304";"19358,00";"2010";"47640,00";"2022";"710000000,00";"2022";"5";"122";"1581000,00";"2024";"21/07/2026 15:42:58"
"2312403";"17996,00";"2010";"54143,00";"2022";"6894155000,00";"2022";"8";"353";"4731000,00";"2024";"21/07/2026 15:42:58"
"2312502";"3101,00";"2010";"5855,00";"2022";"114371000,00";"2022";"0";"0";"0,00";"";"21/07/2026 15:42:59"
"2312601";"4804,00";"2010";"10822,00";"2022";"147888000,00";"2022";"0";"0";"0,00";"";"21/07/2026 15:42:59"
"2312700";"11139,00";"2010";"24266,00";"2022";"432508000,00";"2022";"3";"125";"2631000,00";"2024";"21/07/2026 15:42:59"
"2312809";"3085,00";"2010";"7262,00";"2022";"71512000,00";"2022";"1";"0";"0,00";"2024";"21/07/2026 15:42:59"
"2312908";"84255,00";"2010";"203023,00";"2022";"6016970000,00";"2022";"11";"19";"126000,00";"2024";"21/07/2026 15:42:59"
"2313005";"7184,00";"2010";"18179,00";"2022";"318203000,00";"2022";"1";"0";"0,00";"2024";"21/07/2026 15:42:59"
"2313104";"11310,00";"2010";"30652,00";"2022";"563950000,00";"2022";"15";"194";"3891000,00";"2024";"21/07/2026 15:42:59"
"2313203";"8570,00";"2010";"24815,00";"2022";"316962000,00";"2022";"0";"0";"0,00";"";"21/07/2026 15:42:59"
"2313252";"3291,00";"2010";"7529,00";"2022";"88539000,00";"2022";"0";"0";"0,00";"";"21/07/2026 15:42:59"
"2313302";"23417,00";"2010";"61227,00";"2022";"802395000,00";"2022";"6";"516";"8187000,00";"2024";"21/07/2026 15:42:59"
"2313351";"5882,00";"2010";"17154,00";"2022";"153337000,00";"2022";"1";"0";"0,00";"2024";"21/07/2026 15:42:59"
"2313401";"30616,00";"2010";"81506,00";"2022";"1913964000,00";"2022";"8";"38";"836000,00";"2024";"21/07/2026 15:42:59"
"2313500";"20466,00";"2010";"58415,00";"2022";"947833000,00";"2022";"3";"0";"0,00";"2024";"21/07/2026 15:42:59"
"2313559";"4587,00";"2010";"15412,00";"2022";"154602000,00";"2022";"0";"0";"0,00";"";"21/07/2026 15:42:59"
"2313609";"13889,00";"2010";"32767,00";"2022";"714256000,00";"2022";"1";"0";"0,00";"2024";"21/07/2026 15:42:59"
"2313708";"1925,00";"2010";"6871,00";"2022";"75948000,00";"2022";"0";"0";"0,00";"";"21/07/2026 15:42:59"
"2313757";"6139,00";"2010";"17470,00";"2022";"194961000,00";"2022";"1";"0";"0,00";"2024";"21/07/2026 15:42:59"
"2313807";"8448,00";"2010";"20189,00";"2022";"460850000,00";"2022";"1";"0";"0,00";"2024";"21/07/2026 15:42:59"
"2313906";"4592,00";"2010";"13746,00";"2022";"238457000,00";"2022";"1";"0";"0,00";"2024";"21/07/2026 15:42:59"
"2313955";"6651,00";"2010";"18105,00";"2022";"404964000,00";"2022";"2";"0";"0,00";"2024";"21/07/2026 15:42:59"
"2314003";"14422,00";"2010";"38984,00";"2022";"502914000,00";"2022";"2";"0";"0,00";"2024";"21/07/2026 15:42:59"
"2314102";"22742,00";"2010";"59712,00";"2022";"642465000,00";"2022";"3";"9";"146000,00";"2024";"21/07/2026 15:42:59"
"2400109";"4233,00";"2010";"10597,00";"2022";"173700000,00";"2022";"3";"25";"290000,00";"2024";"21/07/2026 15:42:59"
"2400208";"23192,00";"2010";"56496,00";"2022";"2146108000,00";"2022";"5";"191";"4207000,00";"2024";"21/07/2026 15:42:59"
"2400307";"3554,00";"2010";"10839,00";"2022";"193263000,00";"2022";"0";"0";"0,00";"";"21/07/2026 15:42:59"
"2400406";"1236,00";"2010";"2946,00";"2022";"37809000,00";"2022";"0";"0";"0,00";"";"21/07/2026 15:42:59"
"2400505";"4918,00";"2010";"13640,00";"2022";"178559000,00";"2022";"1";"0";"0,00";"2024";"21/07/2026 15:42:59"
"2400604";"1845,00";"2010";"4687,00";"2022";"61042000,00";"2022";"0";"0";"0,00";"";"21/07/2026 15:42:59"
"2400703";"5370,00";"2010";"12484,00";"2022";"792176000,00";"2022";"1";"0";"0,00";"2024";"21/07/2026 15:42:59"
"2400802";"4380,00";"2010";"11632,00";"2022";"214393000,00";"2022";"3";"12";"220000,00";"2024";"21/07/2026 15:42:59"
"2400901";"2356,00";"2010";"6577,00";"2022";"70797000,00";"2022";"0";"0";"0,00";"";"21/07/2026 15:42:59"
"2401008";"15230,00";"2010";"36093,00";"2022";"895178000,00";"2022";"13";"48";"2587000,00";"2024";"21/07/2026 15:42:59"
"2401107";"10834,00";"2010";"24093,00";"2022";"1218377000,00";"2022";"4";"95";"3639000,00";"2024";"21/07/2026 15:42:59"
"2401206";"4929,00";"2010";"13251,00";"2022";"440358000,00";"2022";"1";"0";"0,00";"2024";"21/07/2026 15:42:59"
"2401305";"3321,00";"2010";"9730,00";"2022";"119802000,00";"2022";"3";"3";"0,00";"2024";"21/07/2026 15:42:59"
"2401404";"3166,00";"2010";"8825,00";"2022";"276105000,00";"2022";"4";"0";"0,00";"2024";"21/07/2026 15:42:59"
"2401453";"9600,00";"2010";"26913,00";"2022";"783899000,00";"2022";"5";"65";"2464000,00";"2024";"21/07/2026 15:42:59"
"2401503";"1482,00";"2010";"3986,00";"2022";"55408000,00";"2022";"1";"0";"0,00";"2024";"21/07/2026 15:42:59"
"2401602";"1925,00";"2010";"4807,00";"2022";"120353000,00";"2022";"0";"0";"0,00";"";"21/07/2026 15:42:59"
"2401651";"1033,00";"2010";"2306,00";"2022";"229572000,00";"2022";"0";"0";"0,00";"";"21/07/2026 15:42:59"
"2401701";"3787,00";"2010";"9952,00";"2022";"130763000,00";"2022";"3";"33";"1439000,00";"2024";"21/07/2026 15:42:59"
"2401800";"4617,00";"2010";"12202,00";"2022";"165970000,00";"2022";"0";"0";"0,00";"";"21/07/2026 15:42:59"
"2401859";"2123,00";"2010";"6293,00";"2022";"115655000,00";"2022";"1";"0";"0,00";"2024";"21/07/2026 15:42:59"
"2401909";"977,00";"2010";"3268,00";"2022";"197692000,00";"2022";"0";"0";"0,00";"";"21/07/2026 15:42:59"
"2402006";"31183,00";"2010";"61146,00";"2022";"1598739000,00";"2022";"17";"516";"12945000,00";"2024";"21/07/2026 15:42:59"
"2402105";"2968,00";"2010";"10215,00";"2022";"120903000,00";"2022";"2";"0";"0,00";"2024";"21/07/2026 15:42:59"
"2402204";"11316,00";"2010";"29668,00";"2022";"639755000,00";"2022";"3";"6";"20000,00";"2024";"21/07/2026 15:42:59"
"2402303";"7599,00";"2010";"19727,00";"2022";"538285000,00";"2022";"0";"0";"0,00";"";"21/07/2026 15:42:59"
"2402402";"3535,00";"2010";"7992,00";"2022";"142820000,00";"2022";"0";"0";"0,00";"";"21/07/2026 15:42:59"
"2402501";"3860,00";"2010";"9714,00";"2022";"302478000,00";"2022";"4";"0";"0,00";"2024";"21/07/2026 15:42:59"
"2402600";"25216,00";"2010";"79115,00";"2022";"1186374000,00";"2022";"8";"0";"0,00";"2024";"21/07/2026 15:42:59"
"2402709";"5086,00";"2010";"11000,00";"2022";"171108000,00";"2022";"6";"11";"68000,00";"2024";"21/07/2026 15:42:59"
"2402808";"2214,00";"2010";"5117,00";"2022";"58596000,00";"2022";"1";"0";"0,00";"2024";"21/07/2026 15:42:59"
"2402907";"1970,00";"2010";"4237,00";"2022";"46989000,00";"2022";"1";"0";"0,00";"2024";"21/07/2026 15:42:59"
"2403004";"4031,00";"2010";"8005,00";"2022";"141940000,00";"2022";"3";"58";"1258000,00";"2024";"21/07/2026 15:42:59"
"2403103";"18732,00";"2010";"41313,00";"2022";"930342000,00";"2022";"15";"463";"14766000,00";"2024";"21/07/2026 15:42:59"
"2403202";"3414,00";"2010";"7044,00";"2022";"91969000,00";"2022";"1";"0";"0,00";"2024";"21/07/2026 15:42:59"
"2403251";"100577,00";"2010";"252716,00";"2022";"7490688000,00";"2022";"12";"4356";"129381000,00";"2024";"21/07/2026 15:42:59"
"2403301";"2228,00";"2010";"6016,00";"2022";"70242000,00";"2022";"0";"0";"0,00";"";"21/07/2026 15:42:59"
"2403400";"2246,00";"2010";"5360,00";"2022";"85666000,00";"2022";"1";"0";"0,00";"2024";"21/07/2026 15:42:59"
"2403509";"3289,00";"2010";"10620,00";"2022";"113844000,00";"2022";"0";"0";"0,00";"";"21/07/2026 15:42:59"
"2403608";"9569,00";"2010";"61635,00";"2022";"844765000,00";"2022";"10";"323";"6545000,00";"2024";"21/07/2026 15:42:59"
"2403707";"2088,00";"2010";"5944,00";"2022";"396782000,00";"2022";"3";"5";"29000,00";"2024";"21/07/2026 15:42:59"
"2403756";"816,00";"2010";"2938,00";"2022";"43862000,00";"2022";"0";"0";"0,00";"";"21/07/2026 15:42:59"
"2403806";"4056,00";"2010";"10196,00";"2022";"137719000,00";"2022";"2";"0";"0,00";"2024";"21/07/2026 15:42:59"
"2403905";"1390,00";"2010";"2700,00";"2022";"36904000,00";"2022";"0";"0";"0,00";"";"21/07/2026 15:42:59"
"2404002";"1630,00";"2010";"4122,00";"2022";"52614000,00";"2022";"1";"0";"0,00";"2024";"21/07/2026 15:42:59"
"2404101";"889,00";"2010";"2104,00";"2022";"124332000,00";"2022";"1";"0";"0,00";"2024";"21/07/2026 15:42:59"
"2404200";"8372,00";"2010";"26741,00";"2022";"658983000,00";"2022";"4";"0";"0,00";"2024";"21/07/2026 15:42:59"
"2404309";"4338,00";"2010";"11938,00";"2022";"600066000,00";"2022";"4";"29";"357000,00";"2024";"21/07/2026 15:42:59"
"2404408";"3945,00";"2010";"9924,00";"2022";"164488000,00";"2022";"6";"6";"0,00";"2024";"21/07/2026 15:42:59"
"2404507";"5013,00";"2010";"15295,00";"2022";"2748777000,00";"2022";"2";"0";"0,00";"2024";"21/07/2026 15:42:59"
"2404606";"4135,00";"2010";"11615,00";"2022";"157088000,00";"2022";"0";"0";"0,00";"";"21/07/2026 15:42:59"
"2404705";"5090,00";"2010";"14131,00";"2022";"215667000,00";"2022";"1";"0";"0,00";"2024";"21/07/2026 15:42:59"
"2404804";"970,00";"2010";"2035,00";"2022";"37971000,00";"2022";"1";"0";"0,00";"2024";"21/07/2026 15:42:59"
"2404853";"2784,00";"2010";"7292,00";"2022";"145395000,00";"2022";"2";"0";"0,00";"2024";"21/07/2026 15:42:59"
"2404903";"2272,00";"2010";"5320,00";"2022";"84155000,00";"2022";"0";"0";"0,00";"";"21/07/2026 15:42:59"
"2405009";"3016,00";"2010";"7834,00";"2022";"91188000,00";"2022";"0";"0";"0,00";"";"21/07/2026 15:42:59"
"2405108";"2058,00";"2010";"6562,00";"2022";"234017000,00";"2022";"1";"0";"0,00";"2024";"21/07/2026 15:42:59"
"2405207";"1653,00";"2010";"4746,00";"2022";"84488000,00";"2022";"2";"0";"0,00";"2024";"21/07/2026 15:42:59"
"2405306";"2730,00";"2010";"9051,00";"2022";"96939000,00";"2022";"1";"0";"0,00";"2024";"21/07/2026 15:42:59"
"2405405";"1913,00";"2010";"5117,00";"2022";"58421000,00";"2022";"0";"0";"0,00";"";"21/07/2026 15:42:59"
"2405504";"877,00";"2010";"2437,00";"2022";"62530000,00";"2022";"0";"0";"0,00";"";"21/07/2026 15:42:59"
"2405603";"5566,00";"2010";"13977,00";"2022";"243966000,00";"2022";"4";"32";"458000,00";"2024";"21/07/2026 15:42:59"
"2405702";"5435,00";"2010";"11655,00";"2022";"237956000,00";"2022";"4";"0";"0,00";"2024";"21/07/2026 15:42:59"
"2405801";"13387,00";"2010";"33290,00";"2022";"1419596000,00";"2022";"5";"58";"1054000,00";"2024";"21/07/2026 15:42:59"
"2405900";"370,00";"2010";"2076,00";"2022";"28717000,00";"2022";"0";"0";"0,00";"";"21/07/2026 15:42:59"
"2406007";"2222,00";"2010";"5803,00";"2022";"77868000,00";"2022";"0";"0";"0,00";"";"21/07/2026 15:42:59"
"2406106";"7070,00";"2010";"17793,00";"2022";"391757000,00";"2022";"5";"0";"0,00";"2024";"21/07/2026 15:42:59"
"2406155";"1429,00";"2010";"3739,00";"2022";"47189000,00";"2022";"0";"0";"0,00";"";"21/07/2026 15:42:59"
"2406205";"2779,00";"2010";"6654,00";"2022";"81851000,00";"2022";"2";"0";"0,00";"2024";"21/07/2026 15:42:59"
"2406304";"2938,00";"2010";"7338,00";"2022";"90591000,00";"2022";"2";"0";"0,00";"2024";"21/07/2026 15:42:59"
"2406403";"873,00";"2010";"2567,00";"2022";"42744000,00";"2022";"0";"0";"0,00";"";"21/07/2026 15:42:59"
"2406502";"5542,00";"2010";"15573,00";"2022";"291874000,00";"2022";"10";"63";"1010000,00";"2024";"21/07/2026 15:42:59"
"2406601";"2596,00";"2010";"8319,00";"2022";"113114000,00";"2022";"1";"0";"0,00";"2024";"21/07/2026 15:42:59"
"2406700";"4042,00";"2010";"9866,00";"2022";"230309000,00";"2022";"2";"0";"0,00";"2024";"21/07/2026 15:42:59"
"2406809";"1806,00";"2010";"4787,00";"2022";"62556000,00";"2022";"1";"0";"0,00";"2024";"21/07/2026 15:42:59"
"2406908";"1522,00";"2010";"3490,00";"2022";"53827000,00";"2022";"0";"0";"0,00";"";"21/07/2026 15:42:59"
"2407005";"2663,00";"2010";"9070,00";"2022";"97477000,00";"2022";"1";"0";"0,00";"2024";"21/07/2026 15:42:59"
"2407104";"29768,00";"2010";"82249,00";"2022";"2109145000,00";"2022";"3";"0";"0,00";"2024";"21/07/2026 15:42:59"
"2407203";"12340,00";"2010";"27369,00";"2022";"1493271000,00";"2022";"2";"0";"0,00";"2024";"21/07/2026 15:42:59"
"2407252";"1250,00";"2010";"3924,00";"2022";"56007000,00";"2022";"0";"0";"0,00";"";"21/07/2026 15:42:59"
"2407302";"2877,00";"2010";"7896,00";"2022";"92508000,00";"2022";"1";"0";"0,00";"2024";"21/07/2026 15:42:59"
"2407401";"2902,00";"2010";"8179,00";"2022";"125503000,00";"2022";"6";"58";"894000,00";"2024";"21/07/2026 15:42:59"
"2407500";"4124,00";"2010";"10255,00";"2022";"145542000,00";"2022";"1";"0";"0,00";"2024";"21/07/2026 15:42:59"
"2407609";"1756,00";"2010";"4274,00";"2022";"59493000,00";"2022";"0";"0";"0,00";"";"21/07/2026 15:42:59"
"2407708";"4081,00";"2010";"11444,00";"2022";"151806000,00";"2022";"1";"0";"0,00";"2024";"21/07/2026 15:42:59"
"2407807";"7026,00";"2010";"23031,00";"2022";"325278000,00";"2022";"2";"0";"0,00";"2024";"21/07/2026 15:42:59"
"2407906";"1085,00";"2010";"2276,00";"2022";"37849000,00";"2022";"0";"0";"0,00";"";"21/07/2026 15:42:59"
"2408003";"121590,00";"2010";"264577,00";"2022";"9582885000,00";"2022";"56";"2401";"107305000,00";"2024";"21/07/2026 15:42:59"
"2408102";"403354,00";"2010";"751300,00";"2022";"27497422000,00";"2022";"88";"3544";"102957000,00";"2024";"21/07/2026 15:42:59"
"2408201";"9273,00";"2010";"31942,00";"2022";"573065000,00";"2022";"2";"0";"0,00";"2024";"21/07/2026 15:42:59"
"2408300";"13242,00";"2010";"34269,00";"2022";"631950000,00";"2022";"5";"481";"11101000,00";"2024";"21/07/2026 15:42:59"
"2408409";"1351,00";"2010";"3905,00";"2022";"48871000,00";"2022";"1";"0";"0,00";"2024";"21/07/2026 15:42:59"
"2408508";"1707,00";"2010";"4913,00";"2022";"72852000,00";"2022";"0";"0";"0,00";"";"21/07/2026 15:42:59"
"2408607";"1240,00";"2010";"3934,00";"2022";"50385000,00";"2022";"0";"0";"0,00";"";"21/07/2026 15:42:59"
"2408706";"1442,00";"2010";"3579,00";"2022";"59380000,00";"2022";"1";"0";"0,00";"2024";"21/07/2026 15:42:59"
"2408805";"1515,00";"2010";"4801,00";"2022";"510446000,00";"2022";"1";"0";"0,00";"2024";"21/07/2026 15:42:59"
"2408904";"9030,00";"2010";"21499,00";"2022";"423937000,00";"2022";"1";"0";"0,00";"2024";"21/07/2026 15:42:59"
"2408953";"3694,00";"2010";"10351,00";"2022";"211825000,00";"2022";"1";"0";"0,00";"2024";"21/07/2026 15:42:59"
"2409100";"4707,00";"2010";"10896,00";"2022";"171299000,00";"2022";"2";"0";"0,00";"2024";"21/07/2026 15:42:59"
"2409209";"951,00";"2010";"3115,00";"2022";"52292000,00";"2022";"2";"0";"0,00";"2024";"21/07/2026 15:42:59"
"2409308";"4273,00";"2010";"11007,00";"2022";"182565000,00";"2022";"1";"0";"0,00";"2024";"21/07/2026 15:42:59"
"2409332";"1702,00";"2010";"4847,00";"2022";"86696000,00";"2022";"1";"0";"0,00";"2024";"21/07/2026 15:42:59"
"2409407";"11728,00";"2010";"30479,00";"2022";"798632000,00";"2022";"4";"69";"3717000,00";"2024";"21/07/2026 15:42:59"
"2409506";"1124,00";"2010";"3618,00";"2022";"243846000,00";"2022";"1";"0";"0,00";"2024";"21/07/2026 15:42:59"
"2409605";"805,00";"2010";"2441,00";"2022";"43026000,00";"2022";"1";"0";"0,00";"2024";"21/07/2026 15:42:59"
"2409704";"2287,00";"2010";"6242,00";"2022";"98424000,00";"2022";"1";"0";"0,00";"2024";"21/07/2026 15:42:59"
"2409803";"5032,00";"2010";"13824,00";"2022";"178730000,00";"2022";"0";"0";"0,00";"";"21/07/2026 15:42:59"
"2409902";"5072,00";"2010";"12278,00";"2022";"695059000,00";"2022";"5";"60";"1082000,00";"2024";"21/07/2026 15:42:59"
"2410009";"1051,00";"2010";"2965,00";"2022";"43979000,00";"2022";"1";"0";"0,00";"2024";"21/07/2026 15:42:59"
"2410108";"4148,00";"2010";"12390,00";"2022";"143411000,00";"2022";"3";"3";"0,00";"2024";"21/07/2026 15:42:59"
"2410207";"3035,00";"2010";"7601,00";"2022";"91230000,00";"2022";"0";"0";"0,00";"";"21/07/2026 15:42:59"
"2410256";"2209,00";"2010";"5228,00";"2022";"172748000,00";"2022";"2";"0";"0,00";"2024";"21/07/2026 15:42:59"
"2410306";"3442,00";"2010";"10125,00";"2022";"137082000,00";"2022";"1";"0";"0,00";"2024";"21/07/2026 15:42:59"
"2410405";"2396,00";"2010";"9362,00";"2022";"136764000,00";"2022";"2";"0";"0,00";"2024";"21/07/2026 15:42:59"
"2410504";"1605,00";"2010";"5432,00";"2022";"57950000,00";"2022";"0";"0";"0,00";"";"21/07/2026 15:42:59"
"2410603";"1387,00";"2010";"2934,00";"2022";"45690000,00";"2022";"3";"3";"0,00";"2024";"21/07/2026 15:42:59"
"2410702";"1436,00";"2010";"2701,00";"2022";"37690000,00";"2022";"1";"0";"0,00";"2024";"21/07/2026 15:42:59"
"2410801";"1411,00";"2010";"4127,00";"2022";"48437000,00";"2022";"1";"0";"0,00";"2024";"21/07/2026 15:42:59"
"2410900";"2585,00";"2010";"7389,00";"2022";"345300000,00";"2022";"1";"0";"0,00";"2024";"21/07/2026 15:42:59"
"2411007";"1733,00";"2010";"4242,00";"2022";"64939000,00";"2022";"1";"0";"0,00";"2024";"21/07/2026 15:42:59"
"2411056";"1584,00";"2010";"5382,00";"2022";"137774000,00";"2022";"4";"61";"1650000,00";"2024";"21/07/2026 15:42:59"
"2411106";"1364,00";"2010";"3206,00";"2022";"203594000,00";"2022";"0";"0";"0,00";"";"21/07/2026 15:42:59"
"2411205";"14897,00";"2010";"37313,00";"2022";"675850000,00";"2022";"7";"0";"0,00";"2024";"21/07/2026 15:42:59"
"2411403";"5282,00";"2010";"12456,00";"2022";"179803000,00";"2022";"2";"0";"0,00";"2024";"21/07/2026 15:42:59"
"2411429";"1272,00";"2010";"2696,00";"2022";"44373000,00";"2022";"0";"0";"0,00";"";"21/07/2026 15:42:59"
"2411502";"8792,00";"2010";"22177,00";"2022";"328015000,00";"2022";"4";"169";"4426000,00";"2024";"21/07/2026 15:42:59"
"2411601";"944,00";"2010";"3304,00";"2022";"421481000,00";"2022";"0";"0";"0,00";"";"21/07/2026 15:42:59"
"2411700";"1127,00";"2010";"3792,00";"2022";"55558000,00";"2022";"0";"0";"0,00";"";"21/07/2026 15:42:59"
"2411809";"1162,00";"2010";"3492,00";"2022";"68979000,00";"2022";"0";"0";"0,00";"";"21/07/2026 15:42:59"
"2411908";"1653,00";"2010";"4161,00";"2022";"65016000,00";"2022";"0";"0";"0,00";"";"21/07/2026 15:42:59"
"2412005";"37923,00";"2010";"115838,00";"2022";"2307194000,00";"2022";"7";"0";"0,00";"2024";"21/07/2026 15:42:59"
"2412104";"2542,00";"2010";"5956,00";"2022";"94944000,00";"2022";"3";"26";"172000,00";"2024";"21/07/2026 15:42:59"
"2412203";"14422,00";"2010";"47286,00";"2022";"1359848000,00";"2022";"6";"17";"479000,00";"2024";"21/07/2026 15:42:59"
"2412302";"4441,00";"2010";"11121,00";"2022";"141196000,00";"2022";"6";"39";"619000,00";"2024";"21/07/2026 15:42:59"
"2412401";"1898,00";"2010";"4558,00";"2022";"95606000,00";"2022";"5";"42";"826000,00";"2024";"21/07/2026 15:42:59"
"2412500";"8588,00";"2010";"23537,00";"2022";"386805000,00";"2022";"1";"0";"0,00";"2024";"21/07/2026 15:42:59"
"2412559";"3656,00";"2010";"10221,00";"2022";"722955000,00";"2022";"2";"0";"0,00";"2024";"21/07/2026 15:43:00"
"2412609";"6472,00";"2010";"16786,00";"2022";"273442000,00";"2022";"3";"104";"8060000,00";"2024";"21/07/2026 15:43:00"
"2412708";"1980,00";"2010";"5776,00";"2022";"68283000,00";"2022";"0";"0";"0,00";"";"21/07/2026 15:43:00"
"2412807";"2852,00";"2010";"7711,00";"2022";"97419000,00";"2022";"1";"0";"0,00";"2024";"21/07/2026 15:43:00"
"2412906";"4133,00";"2010";"9972,00";"2022";"120594000,00";"2022";"0";"0";"0,00";"";"21/07/2026 15:43:00"
"2413003";"2054,00";"2010";"6310,00";"2022";"90507000,00";"2022";"1";"0";"0,00";"2024";"21/07/2026 15:43:00"
"2413102";"1893,00";"2010";"5965,00";"2022";"73627000,00";"2022";"0";"0";"0,00";"";"21/07/2026 15:43:00"
"2413201";"1228,00";"2010";"4065,00";"2022";"105581000,00";"2022";"0";"0";"0,00";"";"21/07/2026 15:43:00"
"2413300";"2258,00";"2010";"5703,00";"2022";"73394000,00";"2022";"0";"0";"0,00";"";"21/07/2026 15:43:00"
"2413359";"4640,00";"2010";"13091,00";"2022";"976555000,00";"2022";"3";"0";"0,00";"2024";"21/07/2026 15:43:00"
"2413409";"3084,00";"2010";"7597,00";"2022";"134900000,00";"2022";"1";"0";"0,00";"2024";"21/07/2026 15:43:00"
"2413508";"2553,00";"2010";"6436,00";"2022";"81783000,00";"2022";"0";"0";"0,00";"";"21/07/2026 15:43:00"
"2413557";"1506,00";"2010";"4659,00";"2022";"56138000,00";"2022";"1";"0";"0,00";"2024";"21/07/2026 15:43:00"
"2413607";"2198,00";"2010";"5487,00";"2022";"92738000,00";"2022";"3";"4";"2000,00";"2024";"21/07/2026 15:43:00"
"2413706";"1565,00";"2010";"4654,00";"2022";"58723000,00";"2022";"2";"0";"0,00";"2024";"21/07/2026 15:43:00"
"2413805";"838,00";"2010";"2338,00";"2022";"37505000,00";"2022";"0";"0";"0,00";"";"21/07/2026 15:43:00"
"2413904";"4232,00";"2010";"11422,00";"2022";"174535000,00";"2022";"1";"0";"0,00";"2024";"21/07/2026 15:43:00"
"2414001";"4583,00";"2010";"13281,00";"2022";"213678000,00";"2022";"3";"3";"0,00";"2024";"21/07/2026 15:43:00"
"2414100";"3505,00";"2010";"10262,00";"2022";"128347000,00";"2022";"4";"16";"130000,00";"2024";"21/07/2026 15:43:00"
"2414159";"2391,00";"2010";"5891,00";"2022";"117560000,00";"2022";"1";"0";"0,00";"2024";"21/07/2026 15:43:00"
"2414209";"4441,00";"2010";"16929,00";"2022";"578304000,00";"2022";"1";"0";"0,00";"2024";"21/07/2026 15:43:00"
"2414308";"1108,00";"2010";"2348,00";"2022";"44947000,00";"2022";"2";"0";"0,00";"2024";"21/07/2026 15:43:00"
"2414407";"13095,00";"2010";"33035,00";"2022";"979898000,00";"2022";"4";"295";"6313000,00";"2024";"21/07/2026 15:43:00"
"2414456";"1323,00";"2010";"3376,00";"2022";"52839000,00";"2022";"1";"0";"0,00";"2024";"21/07/2026 15:43:00"
"2414506";"3919,00";"2010";"10078,00";"2022";"167034000,00";"2022";"6";"76";"1315000,00";"2024";"21/07/2026 15:43:00"
"2414605";"4387,00";"2010";"13577,00";"2022";"330523000,00";"2022";"4";"0";"0,00";"2024";"21/07/2026 15:43:00"
"2414704";"1857,00";"2010";"5233,00";"2022";"65328000,00";"2022";"1";"0";"0,00";"2024";"21/07/2026 15:43:00"
"2414753";"1567,00";"2010";"3014,00";"2022";"42294000,00";"2022";"2";"0";"0,00";"2024";"21/07/2026 15:43:00"
"2414803";"3899,00";"2010";"10735,00";"2022";"149591000,00";"2022";"0";"0";"0,00";"";"21/07/2026 15:43:00"
"2414902";"583,00";"2010";"1822,00";"2022";"25575000,00";"2022";"0";"0";"0,00";"";"21/07/2026 15:43:00"
"2415008";"1158,00";"2010";"3174,00";"2022";"47194000,00";"2022";"1";"0";"0,00";"2024";"21/07/2026 15:43:00"
"2500106";"3449,00";"2010";"9335,00";"2022";"95193000,00";"2022";"0";"0";"0,00";"";"21/07/2026 15:43:00"
"2500205";"2360,00";"2010";"5003,00";"2022";"61115000,00";"2022";"1";"0";"0,00";"2024";"21/07/2026 15:43:00"
"2500304";"11222,00";"2010";"26062,00";"2022";"320351000,00";"2022";"2";"0";"0,00";"2024";"21/07/2026 15:43:00"
"2500403";"8293,00";"2010";"21013,00";"2022";"377885000,00";"2022";"0";"0";"0,00";"";"21/07/2026 15:43:00"
"2500502";"5452,00";"2010";"13725,00";"2022";"152280000,00";"2022";"0";"0";"0,00";"";"21/07/2026 15:43:00"
"2500536";"2079,00";"2010";"5578,00";"2022";"62649000,00";"2022";"0";"0";"0,00";"";"21/07/2026 15:43:00"
"2500577";"873,00";"2010";"2953,00";"2022";"33768000,00";"2022";"0";"0";"0,00";"";"21/07/2026 15:43:00"
"2500601";"6638,00";"2010";"21730,00";"2022";"3639169000,00";"2022";"3";"93";"1836000,00";"2024";"21/07/2026 15:43:00"
"2500700";"7497,00";"2010";"17964,00";"2022";"248472000,00";"2022";"2";"0";"0,00";"2024";"21/07/2026 15:43:00"
"2500734";"1065,00";"2010";"2234,00";"2022";"33048000,00";"2022";"0";"0";"0,00";"";"21/07/2026 15:43:00"
"2500775";"2625,00";"2010";"7960,00";"2022";"125776000,00";"2022";"0";"0";"0,00";"";"21/07/2026 15:43:00"
"2500809";"6154,00";"2010";"16646,00";"2022";"200370000,00";"2022";"1";"0";"0,00";"2024";"21/07/2026 15:43:00"
"2500908";"5156,00";"2010";"12212,00";"2022";"119681000,00";"2022";"2";"0";"0,00";"2024";"21/07/2026 15:43:00"
"2501005";"7822,00";"2010";"17189,00";"2022";"210531000,00";"2022";"2";"0";"0,00";"2024";"21/07/2026 15:43:00"
"2501104";"9810,00";"2010";"22633,00";"2022";"303549000,00";"2022";"2";"0";"0,00";"2024";"21/07/2026 15:43:00"
"2501153";"757,00";"2010";"2005,00";"2022";"48609000,00";"2022";"0";"0";"0,00";"";"21/07/2026 15:43:00"
"2501203";"3311,00";"2010";"7128,00";"2022";"71785000,00";"2022";"0";"0";"0,00";"";"21/07/2026 15:43:00"
"2501302";"7244,00";"2010";"18705,00";"2022";"314453000,00";"2022";"1";"0";"0,00";"2024";"21/07/2026 15:43:00"
"2501351";"1546,00";"2010";"4152,00";"2022";"53156000,00";"2022";"1";"0";"0,00";"2024";"21/07/2026 15:43:00"
"2501401";"3696,00";"2010";"9224,00";"2022";"117262000,00";"2022";"0";"0";"0,00";"";"21/07/2026 15:43:00"
"2501500";"7807,00";"2010";"23134,00";"2022";"320677000,00";"2022";"1";"0";"0,00";"2024";"21/07/2026 15:43:00"
"2501534";"1087,00";"2010";"4762,00";"2022";"54869000,00";"2022";"0";"0";"0,00";"";"21/07/2026 15:43:00"
"2501575";"3190,00";"2010";"8059,00";"2022";"101341000,00";"2022";"0";"0";"0,00";"";"21/07/2026 15:43:00"
"2501609";"5606,00";"2010";"12904,00";"2022";"156129000,00";"2022";"1";"0";"0,00";"2024";"21/07/2026 15:43:00"
"2501708";"2325,00";"2010";"5906,00";"2022";"86303000,00";"2022";"0";"0";"0,00";"";"21/07/2026 15:43:00"
"2501807";"42785,00";"2010";"82742,00";"2022";"1492127000,00";"2022";"6";"104";"1834000,00";"2024";"21/07/2026 15:43:00"
"2501906";"6040,00";"2010";"16401,00";"2022";"241955000,00";"2022";"3";"0";"0,00";"2024";"21/07/2026 15:43:00"
"2502003";"2425,00";"2010";"6268,00";"2022";"82367000,00";"2022";"2";"0";"0,00";"2024";"21/07/2026 15:43:00"
"2502052";"937,00";"2010";"3504,00";"2022";"45716000,00";"2022";"0";"0";"0,00";"";"21/07/2026 15:43:00"
"2502102";"2599,00";"2010";"5207,00";"2022";"56351000,00";"2022";"0";"0";"0,00";"";"21/07/2026 15:43:00"
"2502151";"2802,00";"2010";"6377,00";"2022";"305885000,00";"2022";"0";"0";"0,00";"";"21/07/2026 15:43:00"
"2502201";"1001,00";"2010";"2286,00";"2022";"35756000,00";"2022";"1";"0";"0,00";"2024";"21/07/2026 15:43:00"
"2502300";"1859,00";"2010";"4661,00";"2022";"57235000,00";"2022";"0";"0";"0,00";"";"21/07/2026 15:43:00"
"2502409";"4322,00";"2010";"10252,00";"2022";"98918000,00";"2022";"0";"0";"0,00";"";"21/07/2026 15:43:00"
"2502508";"8715,00";"2010";"17598,00";"2022";"265030000,00";"2022";"3";"60";"1181000,00";"2024";"21/07/2026 15:43:00"
"2502607";"2391,00";"2010";"5648,00";"2022";"64889000,00";"2022";"0";"0";"0,00";"";"21/07/2026 15:43:00"
"2502706";"1854,00";"2010";"4214,00";"2022";"73308000,00";"2022";"0";"0";"0,00";"";"21/07/2026 15:43:00"
"2502805";"5788,00";"2010";"13613,00";"2022";"169245000,00";"2022";"0";"0";"0,00";"";"21/07/2026 15:43:00"
"2502904";"2041,00";"2010";"5742,00";"2022";"71212000,00";"2022";"0";"0";"0,00";"";"21/07/2026 15:43:00"
"2503001";"7790,00";"2010";"21193,00";"2022";"456330000,00";"2022";"1";"0";"0,00";"2024";"21/07/2026 15:43:00"
"2503100";"2099,00";"2010";"5335,00";"2022";"143538000,00";"2022";"0";"0";"0,00";"";"21/07/2026 15:43:00"
"2503209";"26530,00";"2010";"66519,00";"2022";"3605029000,00";"2022";"3";"195";"4858000,00";"2024";"21/07/2026 15:43:00"
"2503308";"3787,00";"2010";"9151,00";"2022";"134515000,00";"2022";"1";"0";"0,00";"2024";"21/07/2026 15:43:00"
"2503407";"1380,00";"2010";"3291,00";"2022";"41058000,00";"2022";"0";"0";"0,00";"";"21/07/2026 15:43:00"
"2503506";"6752,00";"2010";"16064,00";"2022";"160537000,00";"2022";"1";"0";"0,00";"2024";"21/07/2026 15:43:00"
"2503555";"2680,00";"2010";"7223,00";"2022";"76001000,00";"2022";"0";"0";"0,00";"";"21/07/2026 15:43:00"
"2503605";"3156,00";"2010";"6602,00";"2022";"75521000,00";"2022";"0";"0";"0,00";"";"21/07/2026 15:43:00"
"2503704";"26824,00";"2010";"63239,00";"2022";"1425034000,00";"2022";"21";"272";"8235000,00";"2024";"21/07/2026 15:43:00"
"2503753";"751,00";"2010";"2740,00";"2022";"44212000,00";"2022";"1";"0";"0,00";"2024";"21/07/2026 15:43:00"
"2503803";"1997,00";"2010";"5753,00";"2022";"81716000,00";"2022";"0";"0";"0,00";"";"21/07/2026 15:43:00"
"2503902";"2780,00";"2010";"6085,00";"2022";"76257000,00";"2022";"1";"0";"0,00";"2024";"21/07/2026 15:43:00"
"2504009";"179354,00";"2010";"419379,00";"2022";"11505704000,00";"2022";"34";"1167";"26419000,00";"2024";"21/07/2026 15:43:00"
"2504033";"1738,00";"2010";"6970,00";"2022";"87593000,00";"2022";"1";"0";"0,00";"2024";"21/07/2026 15:43:00"
"2504074";"1681,00";"2010";"3944,00";"2022";"47320000,00";"2022";"0";"0";"0,00";"";"21/07/2026 15:43:00"
"2504108";"683,00";"2010";"2312,00";"2022";"34001000,00";"2022";"0";"0";"0,00";"";"21/07/2026 15:43:00"
"2504157";"2423,00";"2010";"6889,00";"2022";"75140000,00";"2022";"0";"0";"0,00";"";"21/07/2026 15:43:00"
"2504207";"1616,00";"2010";"4491,00";"2022";"57036000,00";"2022";"1";"0";"0,00";"2024";"21/07/2026 15:43:00"
"2504306";"11808,00";"2010";"30661,00";"2022";"568709000,00";"2022";"6";"16";"204000,00";"2024";"21/07/2026 15:43:00"
"2504355";"1920,00";"2010";"5254,00";"2022";"75914000,00";"2022";"1";"0";"0,00";"2024";"21/07/2026 15:43:00"
"2504405";"7166,00";"2010";"18260,00";"2022";"234853000,00";"2022";"1";"0";"0,00";"2024";"21/07/2026 15:43:00"
"2504504";"2431,00";"2010";"6451,00";"2022";"77146000,00";"2022";"2";"0";"0,00";"2024";"21/07/2026 15:43:00"
"2504603";"8549,00";"2010";"27605,00";"2022";"1418529000,00";"2022";"1";"0";"0,00";"2024";"21/07/2026 15:43:00"
"2504702";"1824,00";"2010";"4933,00";"2022";"68740000,00";"2022";"1";"0";"0,00";"2024";"21/07/2026 15:43:00"
"2504801";"6661,00";"2010";"14683,00";"2022";"229338000,00";"2022";"1";"0";"0,00";"2024";"21/07/2026 15:43:00"
"2504850";"962,00";"2010";"1824,00";"2022";"26736000,00";"2022";"0";"0";"0,00";"";"21/07/2026 15:43:00"
"2504900";"5619,00";"2010";"17095,00";"2022";"209447000,00";"2022";"0";"0";"0,00";"";"21/07/2026 15:43:00"
"2505006";"2873,00";"2010";"7580,00";"2022";"86843000,00";"2022";"1";"0";"0,00";"2024";"21/07/2026 15:43:00"
"2505105";"9234,00";"2010";"19719,00";"2022";"242715000,00";"2022";"0";"0";"0,00";"";"21/07/2026 15:43:00"
"2505204";"2805,00";"2010";"6730,00";"2022";"77091000,00";"2022";"0";"0";"0,00";"";"21/07/2026 15:43:00"
"2505238";"2132,00";"2010";"6251,00";"2022";"78110000,00";"2022";"0";"0";"0,00";"";"21/07/2026 15:43:00"
"2505279";"1808,00";"2010";"5254,00";"2022";"61995000,00";"2022";"0";"0";"0,00";"";"21/07/2026 15:43:00"
"2505303";"1041,00";"2010";"2292,00";"2022";"29807000,00";"2022";"0";"0";"0,00";"";"21/07/2026 15:43:00"
"2505352";"2300,00";"2010";"4982,00";"2022";"54716000,00";"2022";"0";"0";"0,00";"";"21/07/2026 15:43:00"
"2505402";"3316,00";"2010";"8067,00";"2022";"82416000,00";"2022";"1";"0";"0,00";"2024";"21/07/2026 15:43:00"
"2505501";"1317,00";"2010";"3641,00";"2022";"43723000,00";"2022";"0";"0";"0,00";"";"21/07/2026 15:43:00"
"2505600";"2342,00";"2010";"6299,00";"2022";"71581000,00";"2022";"0";"0";"0,00";"";"21/07/2026 15:43:00"
"2505709";"3934,00";"2010";"10380,00";"2022";"104757000,00";"2022";"2";"0";"0,00";"2024";"21/07/2026 15:43:00"
"2505808";"1366,00";"2010";"3327,00";"2022";"52063000,00";"2022";"0";"0";"0,00";"";"21/07/2026 15:43:00"
"2505907";"1292,00";"2010";"3011,00";"2022";"43295000,00";"2022";"0";"0";"0,00";"";"21/07/2026 15:43:00"
"2506004";"13660,00";"2010";"31231,00";"2022";"793127000,00";"2022";"3";"55";"1382000,00";"2024";"21/07/2026 15:43:00"
"2506103";"4779,00";"2010";"11049,00";"2022";"120961000,00";"2022";"1";"0";"0,00";"2024";"21/07/2026 15:43:00"
"2506202";"1297,00";"2010";"2846,00";"2022";"33079000,00";"2022";"0";"0";"0,00";"";"21/07/2026 15:43:00"
"2506251";"2443,00";"2010";"8179,00";"2022";"85089000,00";"2022";"0";"0";"0,00";"";"21/07/2026 15:43:00"
"2506301";"23318,00";"2010";"57484,00";"2022";"1325439000,00";"2022";"8";"42";"426000,00";"2024";"21/07/2026 15:43:00"
"2506400";"5297,00";"2010";"13766,00";"2022";"170588000,00";"2022";"0";"0";"0,00";"";"21/07/2026 15:43:00"
"2506509";"1624,00";"2010";"3242,00";"2022";"43684000,00";"2022";"0";"0";"0,00";"";"21/07/2026 15:43:00"
"2506608";"1674,00";"2010";"5631,00";"2022";"60877000,00";"2022";"0";"0";"0,00";"";"21/07/2026 15:43:00"
"2506707";"4482,00";"2010";"10392,00";"2022";"102542000,00";"2022";"1";"0";"0,00";"2024";"21/07/2026 15:43:00"
"2506806";"7666,00";"2010";"17692,00";"2022";"236604000,00";"2022";"5";"78";"1354000,00";"2024";"21/07/2026 15:43:00"
"2506905";"10487,00";"2010";"23182,00";"2022";"370500000,00";"2022";"2";"0";"0,00";"2024";"21/07/2026 15:43:00"
"2507002";"10357,00";"2010";"23940,00";"2022";"377082000,00";"2022";"4";"65";"2006000,00";"2024";"21/07/2026 15:43:00"
"2507101";"6696,00";"2010";"18382,00";"2022";"234764000,00";"2022";"3";"0";"0,00";"2024";"21/07/2026 15:43:00"
"2507200";"3513,00";"2010";"10499,00";"2022";"180344000,00";"2022";"1";"0";"0,00";"2024";"21/07/2026 15:43:00"
"2507309";"5648,00";"2010";"14477,00";"2022";"192521000,00";"2022";"1";"0";"0,00";"2024";"21/07/2026 15:43:00"
"2507408";"2307,00";"2010";"7516,00";"2022";"86264000,00";"2022";"1";"0";"0,00";"2024";"21/07/2026 15:43:00"
"2507507";"355366,00";"2010";"833932,00";"2022";"24669919000,00";"2022";"69";"4890";"115820000,00";"2024";"21/07/2026 15:43:00"
"2507606";"3095,00";"2010";"7796,00";"2022";"84469000,00";"2022";"0";"0";"0,00";"";"21/07/2026 15:43:00"
"2507705";"7930,00";"2010";"17007,00";"2022";"220993000,00";"2022";"3";"47";"739000,00";"2024";"21/07/2026 15:43:00"
"2507804";"2619,00";"2010";"6793,00";"2022";"105294000,00";"2022";"2";"0";"0,00";"2024";"21/07/2026 15:43:00"
"2507903";"2840,00";"2010";"10012,00";"2022";"130971000,00";"2022";"0";"0";"0,00";"";"21/07/2026 15:43:00"
"2508000";"2931,00";"2010";"9234,00";"2022";"96437000,00";"2022";"0";"0";"0,00";"";"21/07/2026 15:43:00"
"2508109";"1321,00";"2010";"4415,00";"2022";"57360000,00";"2022";"0";"0";"0,00";"";"21/07/2026 15:43:00"
"2508208";"2845,00";"2010";"7819,00";"2022";"93703000,00";"2022";"0";"0";"0,00";"";"21/07/2026 15:43:00"
"2508307";"12313,00";"2010";"27730,00";"2022";"357094000,00";"2022";"2";"0";"0,00";"2024";"21/07/2026 15:43:00"
"2508406";"945,00";"2010";"3162,00";"2022";"34151000,00";"2022";"0";"0";"0,00";"";"21/07/2026 15:43:00"
"2508505";"3317,00";"2010";"6877,00";"2022";"75589000,00";"2022";"1";"0";"0,00";"2024";"21/07/2026 15:43:00"
"2508554";"1639,00";"2010";"4797,00";"2022";"54880000,00";"2022";"0";"0";"0,00";"";"21/07/2026 15:43:00"
"2508604";"4009,00";"2010";"12560,00";"2022";"249896000,00";"2022";"3";"31";"541000,00";"2024";"21/07/2026 15:43:00"
"2508703";"1707,00";"2010";"3583,00";"2022";"41425000,00";"2022";"0";"0";"0,00";"";"21/07/2026 15:43:00"
"2508802";"2012,00";"2010";"6046,00";"2022";"68216000,00";"2022";"1";"0";"0,00";"2024";"21/07/2026 15:43:00"
"2508901";"15956,00";"2010";"44599,00";"2022";"893544000,00";"2022";"6";"210";"4246000,00";"2024";"21/07/2026 15:43:00"
"2509008";"3990,00";"2010";"10434,00";"2022";"105531000,00";"2022";"0";"0";"0,00";"";"21/07/2026 15:43:00"
"2509057";"3256,00";"2010";"8999,00";"2022";"109425000,00";"2022";"0";"0";"0,00";"";"21/07/2026 15:43:00"
"2509107";"7935,00";"2010";"21512,00";"2022";"257312000,00";"2022";"1";"0";"0,00";"2024";"21/07/2026 15:43:00"
"2509156";"1993,00";"2010";"6705,00";"2022";"87286000,00";"2022";"2";"0";"0,00";"2024";"21/07/2026 15:43:00"
"2509206";"5025,00";"2010";"14139,00";"2022";"161376000,00";"2022";"0";"0";"0,00";"";"21/07/2026 15:43:00"
"2509305";"2387,00";"2010";"8244,00";"2022";"196942000,00";"2022";"1";"0";"0,00";"2024";"21/07/2026 15:43:00"
"2509339";"1798,00";"2010";"4571,00";"2022";"64162000,00";"2022";"0";"0";"0,00";"";"21/07/2026 15:43:00"
"2509370";"933,00";"2010";"2543,00";"2022";"34676000,00";"2022";"1";"0";"0,00";"2024";"21/07/2026 15:43:00"
"2509396";"2506,00";"2010";"6433,00";"2022";"68505000,00";"2022";"1";"0";"0,00";"2024";"21/07/2026 15:43:00"
"2509404";"4644,00";"2010";"13899,00";"2022";"189355000,00";"2022";"2";"0";"0,00";"2024";"21/07/2026 15:43:00"
"2509503";"2520,00";"2010";"5812,00";"2022";"64385000,00";"2022";"0";"0";"0,00";"";"21/07/2026 15:43:00"
"2509602";"1754,00";"2010";"4338,00";"2022";"53561000,00";"2022";"0";"0";"0,00";"";"21/07/2026 15:43:00"
"2509701";"13663,00";"2010";"32277,00";"2022";"753021000,00";"2022";"3";"172";"3263000,00";"2024";"21/07/2026 15:43:00"
"2509800";"3440,00";"2010";"8791,00";"2022";"100810000,00";"2022";"0";"0";"0,00";"";"21/07/2026 15:43:00"
"2509909";"3972,00";"2010";"8945,00";"2022";"110578000,00";"2022";"1";"0";"0,00";"2024";"21/07/2026 15:43:00"
"2510006";"2138,00";"2010";"7203,00";"2022";"69768000,00";"2022";"0";"0";"0,00";"";"21/07/2026 15:43:00"
"2510105";"4416,00";"2010";"9724,00";"2022";"102651000,00";"2022";"2";"0";"0,00";"2024";"21/07/2026 15:43:00"
"2510204";"2058,00";"2010";"5787,00";"2022";"63672000,00";"2022";"0";"0";"0,00";"";"21/07/2026 15:43:00"
"2510303";"2043,00";"2010";"4259,00";"2022";"49124000,00";"2022";"0";"0";"0,00";"";"21/07/2026 15:43:00"
"2510402";"2295,00";"2010";"6060,00";"2022";"67370000,00";"2022";"2";"0";"0,00";"2024";"21/07/2026 15:43:00"
"2510501";"990,00";"2010";"3580,00";"2022";"46787000,00";"2022";"0";"0";"0,00";"";"21/07/2026 15:43:00"
"2510600";"1262,00";"2010";"2918,00";"2022";"42297000,00";"2022";"1";"0";"0,00";"2024";"21/07/2026 15:43:00"
"2510659";"555,00";"2010";"1720,00";"2022";"24669000,00";"2022";"0";"0";"0,00";"";"21/07/2026 15:43:00"
"2510709";"710,00";"2010";"2463,00";"2022";"32130000,00";"2022";"0";"0";"0,00";"";"21/07/2026 15:43:00"
"2510808";"45359,00";"2010";"103165,00";"2022";"2210177000,00";"2022";"16";"227";"4494000,00";"2024";"21/07/2026 15:43:00"
"2510907";"5297,00";"2010";"11834,00";"2022";"178362000,00";"2022";"0";"0";"0,00";"";"21/07/2026 15:43:00"
"2511004";"1004,00";"2010";"3739,00";"2022";"42759000,00";"2022";"0";"0";"0,00";"";"21/07/2026 15:43:00"
"2511103";"3617,00";"2010";"6859,00";"2022";"84890000,00";"2022";"0";"0";"0,00";"";"21/07/2026 15:43:00"
"2511202";"10899,00";"2010";"29662,00";"2022";"695261000,00";"2022";"3";"0";"0,00";"2024";"21/07/2026 15:43:00"
"2511301";"6257,00";"2010";"16441,00";"2022";"224956000,00";"2022";"3";"0";"0,00";"2024";"21/07/2026 15:43:00"
"2511400";"7654,00";"2010";"18333,00";"2022";"245332000,00";"2022";"3";"6";"60000,00";"2024";"21/07/2026 15:43:00"
"2511509";"4087,00";"2010";"12311,00";"2022";"139094000,00";"2022";"0";"0";"0,00";"";"21/07/2026 15:43:00"
"2511608";"2948,00";"2010";"6815,00";"2022";"108636000,00";"2022";"1";"0";"0,00";"2024";"21/07/2026 15:43:00"
"2511707";"2218,00";"2010";"5329,00";"2022";"58975000,00";"2022";"0";"0";"0,00";"";"21/07/2026 15:43:00"
"2511806";"3757,00";"2010";"9340,00";"2022";"106136000,00";"2022";"1";"0";"0,00";"2024";"21/07/2026 15:43:00"
"2511905";"6910,00";"2010";"16751,00";"2022";"427280000,00";"2022";"1";"0";"0,00";"2024";"21/07/2026 15:43:01"
"2512002";"7269,00";"2010";"17469,00";"2022";"295224000,00";"2022";"2";"0";"0,00";"2024";"21/07/2026 15:43:01"
"2512036";"1251,00";"2010";"3830,00";"2022";"46464000,00";"2022";"0";"0";"0,00";"";"21/07/2026 15:43:01"
"2512077";"1622,00";"2010";"4006,00";"2022";"52955000,00";"2022";"0";"0";"0,00";"";"21/07/2026 15:43:01"
"2512101";"12969,00";"2010";"32473,00";"2022";"514594000,00";"2022";"3";"28";"544000,00";"2024";"21/07/2026 15:43:01"
"2512200";"1729,00";"2010";"3915,00";"2022";"65920000,00";"2022";"1";"0";"0,00";"2024";"21/07/2026 15:43:01"
"2512309";"9336,00";"2010";"21114,00";"2022";"299712000,00";"2022";"5";"0";"0,00";"2024";"21/07/2026 15:43:01"
"2512408";"6273,00";"2010";"14277,00";"2022";"168482000,00";"2022";"2";"0";"0,00";"2024";"21/07/2026 15:43:01"
"2512507";"17709,00";"2010";"47658,00";"2022";"688426000,00";"2022";"5";"0";"0,00";"2024";"21/07/2026 15:43:01"
"2512606";"760,00";"2010";"1743,00";"2022";"29631000,00";"2022";"0";"0";"0,00";"";"21/07/2026 15:43:01"
"2512705";"7014,00";"2010";"17885,00";"2022";"194545000,00";"2022";"1";"0";"0,00";"2024";"21/07/2026 15:43:01"
"2512721";"1782,00";"2010";"5766,00";"2022";"60802000,00";"2022";"0";"0";"0,00";"";"21/07/2026 15:43:01"
"2512747";"812,00";"2010";"2927,00";"2022";"38502000,00";"2022";"0";"0";"0,00";"";"21/07/2026 15:43:01"
"2512754";"1732,00";"2010";"4690,00";"2022";"57921000,00";"2022";"0";"0";"0,00";"";"21/07/2026 15:43:01"
"2512762";"1948,00";"2010";"4738,00";"2022";"62939000,00";"2022";"0";"0";"0,00";"";"21/07/2026 15:43:01"
"2512788";"814,00";"2010";"1955,00";"2022";"32621000,00";"2022";"0";"0";"0,00";"";"21/07/2026 15:43:01"
"2512804";"3779,00";"2010";"8493,00";"2022";"103304000,00";"2022";"4";"0";"0,00";"2024";"21/07/2026 15:43:01"
"2512903";"8909,00";"2010";"24581,00";"2022";"357815000,00";"2022";"1";"0";"0,00";"2024";"21/07/2026 15:43:01"
"2513000";"1365,00";"2010";"3355,00";"2022";"34737000,00";"2022";"0";"0";"0,00";"";"21/07/2026 15:43:01"
"2513109";"4289,00";"2010";"11505,00";"2022";"140790000,00";"2022";"1";"0";"0,00";"2024";"21/07/2026 15:43:01"
"2513158";"3497,00";"2010";"7670,00";"2022";"81961000,00";"2022";"0";"0";"0,00";"";"21/07/2026 15:43:01"
"2513208";"2243,00";"2010";"5947,00";"2022";"64859000,00";"2022";"1";"0";"0,00";"2024";"21/07/2026 15:43:01"
"2513307";"2072,00";"2010";"5865,00";"2022";"67436000,00";"2022";"0";"0";"0,00";"";"21/07/2026 15:43:01"
"2513356";"1480,00";"2010";"3227,00";"2022";"37776000,00";"2022";"0";"0";"0,00";"";"21/07/2026 15:43:01"
"2513406";"6101,00";"2010";"14959,00";"2022";"794096000,00";"2022";"2";"0";"0,00";"2024";"21/07/2026 15:43:01"
"2513505";"1525,00";"2010";"5010,00";"2022";"54851000,00";"2022";"0";"0";"0,00";"";"21/07/2026 15:43:01"
"2513604";"2729,00";"2010";"6569,00";"2022";"75269000,00";"2022";"1";"0";"0,00";"2024";"21/07/2026 15:43:01"
"2513653";"933,00";"2010";"2539,00";"2022";"35228000,00";"2022";"0";"0";"0,00";"";"21/07/2026 15:43:01"
"2513703";"47937,00";"2010";"149910,00";"2022";"2846355000,00";"2022";"8";"408";"8596000,00";"2024";"21/07/2026 15:43:01"
"2513802";"1349,00";"2010";"4402,00";"2022";"62607000,00";"2022";"0";"0";"0,00";"";"21/07/2026 15:43:01"
"2513851";"1513,00";"2010";"2622,00";"2022";"34482000,00";"2022";"0";"0";"0,00";"";"21/07/2026 15:43:01"
"2513901";"15484,00";"2010";"32235,00";"2022";"627757000,00";"2022";"4";"0";"0,00";"2024";"21/07/2026 15:43:01"
"2513927";"1479,00";"2010";"4327,00";"2022";"58646000,00";"2022";"0";"0";"0,00";"";"21/07/2026 15:43:01"
"2513943";"1186,00";"2010";"2585,00";"2022";"33208000,00";"2022";"0";"0";"0,00";"";"21/07/2026 15:43:01"
"2513968";"1183,00";"2010";"2595,00";"2022";"39036000,00";"2022";"0";"0";"0,00";"";"21/07/2026 15:43:01"
"2513984";"1265,00";"2010";"3137,00";"2022";"42733000,00";"2022";"1";"0";"0,00";"2024";"21/07/2026 15:43:01"
"2514008";"1874,00";"2010";"4226,00";"2022";"61608000,00";"2022";"0";"0";"0,00";"";"21/07/2026 15:43:01"
"2514107";"1906,00";"2010";"4263,00";"2022";"45782000,00";"2022";"0";"0";"0,00";"";"21/07/2026 15:43:01"
"2514206";"2661,00";"2010";"7126,00";"2022";"78661000,00";"2022";"2";"0";"0,00";"2024";"21/07/2026 15:43:01"
"2514305";"2211,00";"2010";"5034,00";"2022";"55328000,00";"2022";"0";"0";"0,00";"";"21/07/2026 15:43:01"
"2514404";"1599,00";"2010";"4083,00";"2022";"58223000,00";"2022";"0";"0";"0,00";"";"21/07/2026 15:43:01"
"2514453";"2085,00";"2010";"5891,00";"2022";"69571000,00";"2022";"0";"0";"0,00";"";"21/07/2026 15:43:01"
"2514503";"7462,00";"2010";"19067,00";"2022";"255978000,00";"2022";"2";"0";"0,00";"2024";"21/07/2026 15:43:01"
"2514552";"1427,00";"2010";"3416,00";"2022";"37036000,00";"2022";"0";"0";"0,00";"";"21/07/2026 15:43:01"
"2514602";"1074,00";"2010";"3242,00";"2022";"35043000,00";"2022";"0";"0";"0,00";"";"21/07/2026 15:43:01"
"2514651";"634,00";"2010";"1699,00";"2022";"32476000,00";"2022";"1";"0";"0,00";"2024";"21/07/2026 15:43:01"
"2514701";"1735,00";"2010";"4138,00";"2022";"279772000,00";"2022";"1";"0";"0,00";"2024";"21/07/2026 15:43:01"
"2514800";"1794,00";"2010";"3411,00";"2022";"40204000,00";"2022";"0";"0";"0,00";"";"21/07/2026 15:43:01"
"2514909";"2911,00";"2010";"7470,00";"2022";"130821000,00";"2022";"4";"6";"23000,00";"2024";"21/07/2026 15:43:01"
"2515005";"2577,00";"2010";"7066,00";"2022";"98867000,00";"2022";"0";"0";"0,00";"";"21/07/2026 15:43:01"
"2515104";"5265,00";"2010";"11040,00";"2022";"114294000,00";"2022";"1";"0";"0,00";"2024";"21/07/2026 15:43:01"
"2515203";"1757,00";"2010";"3279,00";"2022";"40191000,00";"2022";"0";"0";"0,00";"";"21/07/2026 15:43:01"
"2515302";"18017,00";"2010";"51306,00";"2022";"766290000,00";"2022";"3";"45";"1030000,00";"2024";"21/07/2026 15:43:01"
"2515401";"4356,00";"2010";"10291,00";"2022";"98024000,00";"2022";"1";"0";"0,00";"2024";"21/07/2026 15:43:01"
"2515500";"5748,00";"2010";"13614,00";"2022";"160560000,00";"2022";"3";"17";"339000,00";"2024";"21/07/2026 15:43:01"
"2515609";"1374,00";"2010";"3094,00";"2022";"41753000,00";"2022";"0";"0";"0,00";"";"21/07/2026 15:43:01"
"2515708";"1255,00";"2010";"2942,00";"2022";"36500000,00";"2022";"0";"0";"0,00";"";"21/07/2026 15:43:01"
"2515807";"3072,00";"2010";"6828,00";"2022";"65848000,00";"2022";"0";"0";"0,00";"";"21/07/2026 15:43:01"
"2515906";"2478,00";"2010";"4885,00";"2022";"70089000,00";"2022";"0";"0";"0,00";"";"21/07/2026 15:43:01"
"2515930";"1655,00";"2010";"5054,00";"2022";"60561000,00";"2022";"0";"0";"0,00";"";"21/07/2026 15:43:01"
"2515971";"3018,00";"2010";"8236,00";"2022";"121745000,00";"2022";"0";"0";"0,00";"";"21/07/2026 15:43:01"
"2516003";"10249,00";"2010";"26774,00";"2022";"381993000,00";"2022";"6";"0";"0,00";"2024";"21/07/2026 15:43:01"
"2516102";"5890,00";"2010";"13968,00";"2022";"299841000,00";"2022";"2";"0";"0,00";"2024";"21/07/2026 15:43:01"
"2516151";"1351,00";"2010";"3345,00";"2022";"42450000,00";"2022";"0";"0";"0,00";"";"21/07/2026 15:43:01"
"2516201";"28752,00";"2010";"67259,00";"2022";"1466568000,00";"2022";"20";"132";"3775000,00";"2024";"21/07/2026 15:43:01"
"2516300";"7573,00";"2010";"17166,00";"2022";"226700000,00";"2022";"5";"0";"0,00";"2024";"21/07/2026 15:43:01"
"2516409";"3032,00";"2010";"8010,00";"2022";"94202000,00";"2022";"1";"0";"0,00";"2024";"21/07/2026 15:43:01"
"2516508";"6307,00";"2010";"14068,00";"2022";"150682000,00";"2022";"0";"0";"0,00";"";"21/07/2026 15:43:01"
"2516607";"5106,00";"2010";"14101,00";"2022";"154106000,00";"2022";"0";"0";"0,00";"";"21/07/2026 15:43:01"
"2516706";"5924,00";"2010";"14631,00";"2022";"188082000,00";"2022";"5";"51";"287000,00";"2024";"21/07/2026 15:43:01"
"2516755";"1108,00";"2010";"2966,00";"2022";"36699000,00";"2022";"2";"0";"0,00";"2024";"21/07/2026 15:43:01"
"2516805";"3562,00";"2010";"9892,00";"2022";"102134000,00";"2022";"5";"14";"139000,00";"2024";"21/07/2026 15:43:01"
"2516904";"5730,00";"2010";"14930,00";"2022";"219080000,00";"2022";"3";"0";"0,00";"2024";"21/07/2026 15:43:01"
"2517001";"4203,00";"2010";"9124,00";"2022";"95804000,00";"2022";"0";"0";"0,00";"";"21/07/2026 15:43:01"
"2517100";"1270,00";"2010";"2668,00";"2022";"41255000,00";"2022";"0";"0";"0,00";"";"21/07/2026 15:43:01"
"2517209";"1558,00";"2010";"4864,00";"2022";"49371000,00";"2022";"2";"0";"0,00";"2024";"21/07/2026 15:43:01"
"2517407";"1087,00";"2010";"2228,00";"2022";"30161000,00";"2022";"0";"0";"0,00";"";"21/07/2026 15:43:01"
"2600054";"42798,00";"2010";"98462,00";"2022";"1942161000,00";"2022";"3";"0";"0,00";"2024";"21/07/2026 15:43:01"
"2600104";"15462,00";"2010";"40241,00";"2022";"601794000,00";"2022";"8";"89";"2038000,00";"2024";"21/07/2026 15:43:01"
"2600203";"7044,00";"2010";"18674,00";"2022";"248784000,00";"2022";"0";"0";"0,00";"";"21/07/2026 15:43:01"
"2600302";"8808,00";"2010";"23779,00";"2022";"339885000,00";"2022";"2";"0";"0,00";"2024";"21/07/2026 15:43:01"
"2600401";"8797,00";"2010";"26461,00";"2022";"253240000,00";"2022";"5";"47";"630000,00";"2024";"21/07/2026 15:43:01"
"2600500";"16081,00";"2010";"41548,00";"2022";"451412000,00";"2022";"1";"0";"0,00";"2024";"21/07/2026 15:43:01"
"2600609";"6083,00";"2010";"13542,00";"2022";"166384000,00";"2022";"1";"0";"0,00";"2024";"21/07/2026 15:43:01"
"2600708";"11850,00";"2010";"35741,00";"2022";"435531000,00";"2022";"6";"0";"0,00";"2024";"21/07/2026 15:43:01"
"2600807";"8960,00";"2010";"20674,00";"2022";"256376000,00";"2022";"2";"0";"0,00";"2024";"21/07/2026 15:43:01"
"2600906";"8398,00";"2010";"18205,00";"2022";"248292000,00";"2022";"2";"0";"0,00";"2024";"21/07/2026 15:43:01"
"2601003";"3980,00";"2010";"10241,00";"2022";"151341000,00";"2022";"1";"0";"0,00";"2024";"21/07/2026 15:43:01"
"2601052";"6406,00";"2010";"19243,00";"2022";"177209000,00";"2022";"0";"0";"0,00";"";"21/07/2026 15:43:01"
"2601102";"34075,00";"2010";"85088,00";"2022";"1539413000,00";"2022";"7";"0";"0,00";"2024";"21/07/2026 15:43:01"
"2601201";"28529,00";"2010";"77742,00";"2022";"1360082000,00";"2022";"8";"81";"1654000,00";"2024";"21/07/2026 15:43:01"
"2601300";"4171,00";"2010";"12263,00";"2022";"173698000,00";"2022";"0";"0";"0,00";"";"21/07/2026 15:43:01"
"2601409";"11729,00";"2010";"40121,00";"2022";"563604000,00";"2022";"6";"1176";"23531000,00";"2024";"21/07/2026 15:43:01"
"2601508";"4072,00";"2010";"10378,00";"2022";"100935000,00";"2022";"1";"0";"0,00";"2024";"21/07/2026 15:43:01"
"2601607";"8969,00";"2010";"18301,00";"2022";"612708000,00";"2022";"2";"0";"0,00";"2024";"21/07/2026 15:43:01"
"2601706";"32147,00";"2010";"79507,00";"2022";"3276284000,00";"2022";"8";"22";"322000,00";"2024";"21/07/2026 15:43:01"
"2601805";"3766,00";"2010";"11232,00";"2022";"113174000,00";"2022";"2";"0";"0,00";"2024";"21/07/2026 15:43:01"
"2601904";"24433,00";"2010";"61694,00";"2022";"1200901000,00";"2022";"4";"32";"558000,00";"2024";"21/07/2026 15:43:01"
"2602001";"14377,00";"2010";"34478,00";"2022";"338010000,00";"2022";"1";"0";"0,00";"2024";"21/07/2026 15:43:01"
"2602100";"19308,00";"2010";"44294,00";"2022";"728908000,00";"2022";"0";"0";"0,00";"";"21/07/2026 15:43:01"
"2602209";"14940,00";"2010";"37629,00";"2022";"387053000,00";"2022";"2";"0";"0,00";"2024";"21/07/2026 15:43:01"
"2602308";"12318,00";"2010";"37474,00";"2022";"624055000,00";"2022";"2";"0";"0,00";"2024";"21/07/2026 15:43:01"
"2602407";"3680,00";"2010";"9079,00";"2022";"201665000,00";"2022";"0";"0";"0,00";"";"21/07/2026 15:43:01"
"2602506";"2872,00";"2010";"7720,00";"2022";"93477000,00";"2022";"0";"0";"0,00";"";"21/07/2026 15:43:02"
"2602605";"20961,00";"2010";"48648,00";"2022";"490436000,00";"2022";"4";"27";"505000,00";"2024";"21/07/2026 15:43:02"
"2602704";"4842,00";"2010";"12808,00";"2022";"149124000,00";"2022";"1";"0";"0,00";"2024";"21/07/2026 15:43:02"
"2602803";"18155,00";"2010";"52097,00";"2022";"578159000,00";"2022";"5";"89";"1423000,00";"2024";"21/07/2026 15:43:02"
"2602902";"81319,00";"2010";"203440,00";"2022";"14474714000,00";"2022";"14";"348";"8079000,00";"2024";"21/07/2026 15:43:02"
"2603009";"12905,00";"2010";"30294,00";"2022";"482237000,00";"2022";"7";"187";"5426000,00";"2024";"21/07/2026 15:43:02"
"2603108";"7593,00";"2010";"19899,00";"2022";"267051000,00";"2022";"0";"0";"0,00";"";"21/07/2026 15:43:02"
"2603207";"10701,00";"2010";"28827,00";"2022";"411350000,00";"2022";"0";"0";"0,00";"";"21/07/2026 15:43:02"
"2603306";"5643,00";"2010";"11093,00";"2022";"111556000,00";"2022";"0";"0";"0,00";"";"21/07/2026 15:43:02"
"2603405";"2058,00";"2010";"5228,00";"2022";"56926000,00";"2022";"0";"0";"0,00";"";"21/07/2026 15:43:02"
"2603454";"64974,00";"2010";"147771,00";"2022";"2277081000,00";"2022";"13";"123";"2606000,00";"2024";"21/07/2026 15:43:02"
"2603504";"6026,00";"2010";"17419,00";"2022";"188599000,00";"2022";"2";"0";"0,00";"2024";"21/07/2026 15:43:02"
"2603603";"3179,00";"2010";"7750,00";"2022";"391184000,00";"2022";"0";"0";"0,00";"";"21/07/2026 15:43:02"
"2603702";"9136,00";"2010";"24329,00";"2022";"276707000,00";"2022";"4";"63";"1301000,00";"2024";"21/07/2026 15:43:02"
"2603801";"9539,00";"2010";"18338,00";"2022";"238707000,00";"2022";"4";"0";"0,00";"2024";"21/07/2026 15:43:02"
"2603900";"7259,00";"2010";"18644,00";"2022";"198852000,00";"2022";"2";"0";"0,00";"2024";"21/07/2026 15:43:02"
"2603926";"4007,00";"2010";"12239,00";"2022";"102753000,00";"2022";"0";"0";"0,00";"";"21/07/2026 15:43:02"
"2604007";"30694,00";"2010";"79293,00";"2022";"1877612000,00";"2022";"7";"193";"4079000,00";"2024";"21/07/2026 15:43:02"
"2604106";"157104,00";"2010";"378048,00";"2022";"9587869000,00";"2022";"22";"293";"7753000,00";"2024";"21/07/2026 15:43:02"
"2604155";"5167,00";"2010";"12967,00";"2022";"111259000,00";"2022";"0";"0";"0,00";"";"21/07/2026 15:43:02"
"2604205";"11613,00";"2010";"32156,00";"2022";"376205000,00";"2022";"1";"0";"0,00";"2024";"21/07/2026 15:43:02"
"2604304";"4240,00";"2010";"10518,00";"2022";"123537000,00";"2022";"0";"0";"0,00";"";"21/07/2026 15:43:02"
"2604403";"4335,00";"2010";"12984,00";"2022";"190074000,00";"2022";"0";"0";"0,00";"";"21/07/2026 15:43:02"
"2604502";"7946,00";"2010";"20546,00";"2022";"259386000,00";"2022";"2";"0";"0,00";"2024";"21/07/2026 15:43:02"
"2604601";"8054,00";"2010";"24587,00";"2022";"289546000,00";"2022";"2";"0";"0,00";"2024";"21/07/2026 15:43:02"
"2604700";"6245,00";"2010";"17131,00";"2022";"200066000,00";"2022";"2";"0";"0,00";"2024";"21/07/2026 15:43:02"
"2604809";"3459,00";"2010";"10198,00";"2022";"131069000,00";"2022";"1";"0";"0,00";"2024";"21/07/2026 15:43:02"
"2604908";"7024,00";"2010";"15920,00";"2022";"145928000,00";"2022";"0";"0";"0,00";"";"21/07/2026 15:43:02"
"2605004";"10366,00";"2010";"23518,00";"2022";"301381000,00";"2022";"9";"78";"1826000,00";"2024";"21/07/2026 15:43:02"
"2605103";"13242,00";"2010";"37699,00";"2022";"754985000,00";"2022";"3";"103";"1726000,00";"2024";"21/07/2026 15:43:02"
"2605152";"7933,00";"2010";"17188,00";"2022";"285812000,00";"2022";"4";"93";"1917000,00";"2024";"21/07/2026 15:43:02"
"2605202";"23673,00";"2010";"59891,00";"2022";"1604331000,00";"2022";"10";"204";"4581000,00";"2024";"21/07/2026 15:43:02"
"2605301";"12006,00";"2010";"31843,00";"2022";"362060000,00";"2022";"2";"0";"0,00";"2024";"21/07/2026 15:43:02"
"2605400";"8390,00";"2010";"21427,00";"2022";"255595000,00";"2022";"3";"23";"699000,00";"2024";"21/07/2026 15:43:02"
"2605459";"1700,00";"2010";"3167,00";"2022";"301152000,00";"2022";"1";"0";"0,00";"2024";"21/07/2026 15:43:02"
"2605509";"4427,00";"2010";"15026,00";"2022";"152317000,00";"2022";"1";"0";"0,00";"2024";"21/07/2026 15:43:02"
"2605608";"7889,00";"2010";"20347,00";"2022";"204659000,00";"2022";"1";"0";"0,00";"2024";"21/07/2026 15:43:02"
"2605707";"13250,00";"2010";"30137,00";"2022";"550802000,00";"2022";"4";"134";"2780000,00";"2024";"21/07/2026 15:43:02"
"2605806";"5946,00";"2010";"13636,00";"2022";"136979000,00";"2022";"0";"0";"0,00";"";"21/07/2026 15:43:02"
"2605905";"8163,00";"2010";"18214,00";"2022";"239837000,00";"2022";"1";"0";"0,00";"2024";"21/07/2026 15:43:02"
"2606002";"55759,00";"2010";"142506,00";"2022";"3537057000,00";"2022";"15";"60";"818000,00";"2024";"21/07/2026 15:43:02"
"2606101";"13090,00";"2010";"29347,00";"2022";"601948000,00";"2022";"0";"0";"0,00";"";"21/07/2026 15:43:02"
"2606200";"29829,00";"2010";"81055,00";"2022";"12768635000,00";"2022";"9";"332";"8065000,00";"2024";"21/07/2026 15:43:02"
"2606309";"2184,00";"2010";"6967,00";"2022";"83022000,00";"2022";"0";"0";"0,00";"";"21/07/2026 15:43:02"
"2606408";"33020,00";"2010";"86516,00";"2022";"1398192000,00";"2022";"9";"220";"4643000,00";"2024";"21/07/2026 15:43:02"
"2606507";"6970,00";"2010";"17165,00";"2022";"213965000,00";"2022";"0";"0";"0,00";"";"21/07/2026 15:43:02"
"2606606";"10059,00";"2010";"26593,00";"2022";"365085000,00";"2022";"8";"52";"1021000,00";"2024";"21/07/2026 15:43:02"
"2606705";"3063,00";"2010";"7140,00";"2022";"90588000,00";"2022";"0";"0";"0,00";"";"21/07/2026 15:43:02"
"2606804";"43539,00";"2010";"115196,00";"2022";"3582882000,00";"2022";"11";"0";"0,00";"2024";"21/07/2026 15:43:02"
"2606903";"4725,00";"2010";"11081,00";"2022";"117173000,00";"2022";"4";"10";"89000,00";"2024";"21/07/2026 15:43:02"
"2607000";"6862,00";"2010";"25603,00";"2022";"241060000,00";"2022";"2";"0";"0,00";"2024";"21/07/2026 15:43:02"
"2607109";"2046,00";"2010";"4765,00";"2022";"59766000,00";"2022";"1";"0";"0,00";"2024";"21/07/2026 15:43:02"
"2607208";"32965,00";"2010";"98932,00";"2022";"17815112000,00";"2022";"10";"293";"8530000,00";"2024";"21/07/2026 15:43:02"
"2607307";"11858,00";"2010";"29009,00";"2022";"364184000,00";"2022";"2";"0";"0,00";"2024";"21/07/2026 15:43:02"
"2607406";"1931,00";"2010";"4284,00";"2022";"81088000,00";"2022";"0";"0";"0,00";"";"21/07/2026 15:43:02"
"2607505";"10782,00";"2010";"32650,00";"2022";"341185000,00";"2022";"2";"0";"0,00";"2024";"21/07/2026 15:43:02"
"2607604";"8184,00";"2010";"24540,00";"2022";"297783000,00";"2022";"3";"64";"1377000,00";"2024";"21/07/2026 15:43:02"
"2607653";"12448,00";"2010";"34935,00";"2022";"529257000,00";"2022";"4";"112";"2003000,00";"2024";"21/07/2026 15:43:02"
"2607703";"6480,00";"2010";"13791,00";"2022";"160416000,00";"2022";"2";"0";"0,00";"2024";"21/07/2026 15:43:02"
"2607752";"9084,00";"2010";"27749,00";"2022";"2732812000,00";"2022";"4";"0";"0,00";"2024";"21/07/2026 15:43:02"
"2607802";"5597,00";"2010";"16554,00";"2022";"189704000,00";"2022";"2";"0";"0,00";"2024";"21/07/2026 15:43:02"
"2607901";"296505,00";"2010";"644037,00";"2022";"18514598000,00";"2022";"55";"4383";"94306000,00";"2024";"21/07/2026 15:43:02"
"2607950";"3125,00";"2010";"10247,00";"2022";"124767000,00";"2022";"2";"0";"0,00";"2024";"21/07/2026 15:43:02"
"2608008";"7625,00";"2010";"15843,00";"2022";"166513000,00";"2022";"2";"0";"0,00";"2024";"21/07/2026 15:43:02"
"2608057";"5718,00";"2010";"14020,00";"2022";"161439000,00";"2022";"2";"0";"0,00";"2024";"21/07/2026 15:43:02"
"2608107";"11670,00";"2010";"27725,00";"2022";"333326000,00";"2022";"1";"0";"0,00";"2024";"21/07/2026 15:43:02"
"2608206";"5046,00";"2010";"13269,00";"2022";"167790000,00";"2022";"4";"28";"321000,00";"2024";"21/07/2026 15:43:02"
"2608255";"5902,00";"2010";"11517,00";"2022";"128677000,00";"2022";"0";"0";"0,00";"";"21/07/2026 15:43:02"
"2608305";"7150,00";"2010";"15329,00";"2022";"205888000,00";"2022";"1";"0";"0,00";"2024";"21/07/2026 15:43:02"
"2608404";"5958,00";"2010";"13648,00";"2022";"135762000,00";"2022";"0";"0";"0,00";"";"21/07/2026 15:43:02"
"2608453";"6286,00";"2010";"17981,00";"2022";"296864000,00";"2022";"0";"0";"0,00";"";"21/07/2026 15:43:02"
"2608503";"8208,00";"2010";"19003,00";"2022";"444480000,00";"2022";"2";"0";"0,00";"2024";"21/07/2026 15:43:02"
"2608602";"5380,00";"2010";"11933,00";"2022";"137606000,00";"2022";"1";"0";"0,00";"2024";"21/07/2026 15:43:02"
"2608701";"6718,00";"2010";"14076,00";"2022";"150140000,00";"2022";"1";"0";"0,00";"2024";"21/07/2026 15:43:02"
"2608750";"9838,00";"2010";"24088,00";"2022";"514911000,00";"2022";"5";"0";"0,00";"2024";"21/07/2026 15:43:02"
"2608800";"16384,00";"2010";"39582,00";"2022";"692122000,00";"2022";"6";"134";"2147000,00";"2024";"21/07/2026 15:43:02"
"2608909";"23033,00";"2010";"56510,00";"2022";"879347000,00";"2022";"3";"348";"5985000,00";"2024";"21/07/2026 15:43:02"
"2609006";"9034,00";"2010";"23879,00";"2022";"316671000,00";"2022";"1";"0";"0,00";"2024";"21/07/2026 15:43:02"
"2609105";"3979,00";"2010";"11333,00";"2022";"239371000,00";"2022";"2";"0";"0,00";"2024";"21/07/2026 15:43:02"
"2609154";"10406,00";"2010";"23763,00";"2022";"162688000,00";"2022";"2";"0";"0,00";"2024";"21/07/2026 15:43:02"
"2609204";"3991,00";"2010";"9359,00";"2022";"98382000,00";"2022";"1";"0";"0,00";"2024";"21/07/2026 15:43:02"
"2609303";"4282,00";"2010";"14166,00";"2022";"202095000,00";"2022";"1";"0";"0,00";"2024";"21/07/2026 15:43:02"
"2609402";"22208,00";"2010";"55292,00";"2022";"973955000,00";"2022";"2";"0";"0,00";"2024";"21/07/2026 15:43:02"
"2609501";"11105,00";"2010";"30648,00";"2022";"707308000,00";"2022";"4";"0";"0,00";"2024";"21/07/2026 15:43:02"
"2609600";"174653,00";"2010";"349976,00";"2022";"6430542000,00";"2022";"33";"732";"19554000,00";"2024";"21/07/2026 15:43:02"
"2609709";"8782,00";"2010";"21808,00";"2022";"470897000,00";"2022";"0";"0";"0,00";"";"21/07/2026 15:43:02"
"2609808";"5956,00";"2010";"13613,00";"2022";"186877000,00";"2022";"1";"0";"0,00";"2024";"21/07/2026 15:43:02"
"2609907";"23493,00";"2010";"65245,00";"2022";"856599000,00";"2022";"5";"46";"944000,00";"2024";"21/07/2026 15:43:02"
"2610004";"19943,00";"2010";"54584,00";"2022";"1061835000,00";"2022";"10";"364";"8235000,00";"2024";"21/07/2026 15:43:02"
"2610103";"3080,00";"2010";"7031,00";"2022";"84020000,00";"2022";"1";"0";"0,00";"2024";"21/07/2026 15:43:02"
"2610202";"10813,00";"2010";"22991,00";"2022";"249258000,00";"2022";"1";"0";"0,00";"2024";"21/07/2026 15:43:02"
"2610301";"3940,00";"2010";"12199,00";"2022";"264237000,00";"2022";"2";"0";"0,00";"2024";"21/07/2026 15:43:02"
"2610400";"6818,00";"2010";"18612,00";"2022";"249781000,00";"2022";"2";"0";"0,00";"2024";"21/07/2026 15:43:02"
"2610509";"10769,00";"2010";"28340,00";"2022";"284208000,00";"2022";"2";"0";"0,00";"2024";"21/07/2026 15:43:02"
"2610608";"18745,00";"2010";"56665,00";"2022";"1042985000,00";"2022";"2";"0";"0,00";"2024";"21/07/2026 15:43:02"
"2610707";"141589,00";"2010";"342167,00";"2022";"6393106000,00";"2022";"34";"554";"11907000,00";"2024";"21/07/2026 15:43:02"
"2610806";"7596,00";"2010";"22795,00";"2022";"353679000,00";"2022";"0";"0";"0,00";"";"21/07/2026 15:43:02"
"2610905";"26191,00";"2010";"62722,00";"2022";"967517000,00";"2022";"4";"20";"300000,00";"2024";"21/07/2026 15:43:02"
"2611002";"14727,00";"2010";"34161,00";"2022";"1499748000,00";"2022";"5";"153";"3647000,00";"2024";"21/07/2026 15:43:02"
"2611101";"138680,00";"2010";"386791,00";"2022";"8834261000,00";"2022";"39";"553";"15494000,00";"2024";"21/07/2026 15:43:02"
"2611200";"5420,00";"2010";"10500,00";"2022";"121516000,00";"2022";"2";"0";"0,00";"2024";"21/07/2026 15:43:02"
"2611309";"10148,00";"2010";"27552,00";"2022";"583030000,00";"2022";"0";"0";"0,00";"";"21/07/2026 15:43:02"
"2611408";"5297,00";"2010";"13838,00";"2022";"275308000,00";"2022";"0";"0";"0,00";"";"21/07/2026 15:43:02"
"2611507";"8049,00";"2010";"17928,00";"2022";"195626000,00";"2022";"3";"10";"204000,00";"2024";"21/07/2026 15:43:02"
"2611533";"2498,00";"2010";"6554,00";"2022";"72509000,00";"2022";"3";"0";"0,00";"2024";"21/07/2026 15:43:02"
"2611606";"755228,00";"2010";"1488920,00";"2022";"60078764000,00";"2022";"112";"13051";"331191000,00";"2024";"21/07/2026 15:43:02"
"2611705";"8291,00";"2010";"20639,00";"2022";"286998000,00";"2022";"0";"0";"0,00";"";"21/07/2026 15:43:02"
"2611804";"15441,00";"2010";"33507,00";"2022";"562388000,00";"2022";"1";"0";"0,00";"2024";"21/07/2026 15:43:02"
"2611903";"7836,00";"2010";"20009,00";"2022";"369563000,00";"2022";"2";"0";"0,00";"2024";"21/07/2026 15:43:02"
"2612000";"4279,00";"2010";"10887,00";"2022";"214022000,00";"2022";"0";"0";"0,00";"";"21/07/2026 15:43:02"
"2612109";"2907,00";"2010";"5727,00";"2022";"69834000,00";"2022";"0";"0";"0,00";"";"21/07/2026 15:43:02"
"2612208";"23830,00";"2010";"62372,00";"2022";"1380862000,00";"2022";"10";"87";"2136000,00";"2024";"21/07/2026 15:43:02"
"2612307";"5873,00";"2010";"13836,00";"2022";"195910000,00";"2022";"0";"0";"0,00";"";"21/07/2026 15:43:03"
"2612406";"8452,00";"2010";"18624,00";"2022";"248472000,00";"2022";"1";"0";"0,00";"2024";"21/07/2026 15:43:03"
"2612455";"5329,00";"2010";"13841,00";"2022";"155452000,00";"2022";"0";"0";"0,00";"";"21/07/2026 15:43:03"
"2612471";"5233,00";"2010";"11567,00";"2022";"130227000,00";"2022";"1";"0";"0,00";"2024";"21/07/2026 15:43:03"
"2612505";"50862,00";"2010";"98254,00";"2022";"1924164000,00";"2022";"18";"158";"2508000,00";"2024";"21/07/2026 15:43:03"
"2612554";"3557,00";"2010";"12106,00";"2022";"119283000,00";"2022";"0";"0";"0,00";"";"21/07/2026 15:43:03"
"2612604";"18128,00";"2010";"40578,00";"2022";"610413000,00";"2022";"9";"0";"0,00";"2024";"21/07/2026 15:43:03"
"2612703";"6133,00";"2010";"14013,00";"2022";"137961000,00";"2022";"1";"0";"0,00";"2024";"21/07/2026 15:43:03"
"2612802";"4387,00";"2010";"10244,00";"2022";"114031000,00";"2022";"2";"0";"0,00";"2024";"21/07/2026 15:43:03"
"2612901";"3138,00";"2010";"13113,00";"2022";"125362000,00";"2022";"4";"22";"349000,00";"2024";"21/07/2026 15:43:03"
"2613008";"22486,00";"2010";"49449,00";"2022";"1589736000,00";"2022";"5";"11";"168000,00";"2024";"21/07/2026 15:43:03"
"2613107";"16245,00";"2010";"37126,00";"2022";"542553000,00";"2022";"1";"0";"0,00";"2024";"21/07/2026 15:43:03"
"2613206";"9639,00";"2010";"23837,00";"2022";"293432000,00";"2022";"1";"0";"0,00";"2024";"21/07/2026 15:43:03"
"2613305";"7050,00";"2010";"20037,00";"2022";"193748000,00";"2022";"1";"0";"0,00";"2024";"21/07/2026 15:43:03"
"2613404";"6257,00";"2010";"18825,00";"2022";"358491000,00";"2022";"4";"223";"5613000,00";"2024";"21/07/2026 15:43:03"
"2613503";"12940,00";"2010";"34843,00";"2022";"397691000,00";"2022";"5";"0";"0,00";"2024";"21/07/2026 15:43:03"
"2613602";"14511,00";"2010";"31004,00";"2022";"457227000,00";"2022";"5";"0";"0,00";"2024";"21/07/2026 15:43:03"
"2613701";"42473,00";"2010";"111249,00";"2022";"1549070000,00";"2022";"7";"194";"5230000,00";"2024";"21/07/2026 15:43:03"
"2613800";"5895,00";"2010";"16677,00";"2022";"302256000,00";"2022";"3";"12";"189000,00";"2024";"21/07/2026 15:43:03"
"2613909";"36777,00";"2010";"92228,00";"2022";"1903947000,00";"2022";"22";"1297";"37203000,00";"2024";"21/07/2026 15:43:03"
"2614006";"6400,00";"2010";"18207,00";"2022";"175837000,00";"2022";"1";"0";"0,00";"2024";"21/07/2026 15:43:03"
"2614105";"11947,00";"2010";"32811,00";"2022";"372222000,00";"2022";"7";"40";"570000,00";"2024";"21/07/2026 15:43:03"
"2614204";"14929,00";"2010";"37596,00";"2022";"732787000,00";"2022";"2";"0";"0,00";"2024";"21/07/2026 15:43:03"
"2614303";"3503,00";"2010";"10540,00";"2022";"93144000,00";"2022";"1";"0";"0,00";"2024";"21/07/2026 15:43:03"
"2614402";"2341,00";"2010";"5210,00";"2022";"61669000,00";"2022";"0";"0";"0,00";"";"21/07/2026 15:43:03"
"2614501";"24546,00";"2010";"64120,00";"2022";"968591000,00";"2022";"13";"0";"0,00";"2024";"21/07/2026 15:43:03"
"2614600";"11220,00";"2010";"27681,00";"2022";"319694000,00";"2022";"5";"0";"0,00";"2024";"21/07/2026 15:43:03"
"2614709";"4784,00";"2010";"13738,00";"2022";"198366000,00";"2022";"0";"0";"0,00";"";"21/07/2026 15:43:03"
"2614808";"9256,00";"2010";"23902,00";"2022";"240652000,00";"2022";"0";"0";"0,00";"";"21/07/2026 15:43:03"
"2614857";"7221,00";"2010";"23561,00";"2022";"408348000,00";"2022";"7";"101";"3636000,00";"2024";"21/07/2026 15:43:03"
"2615003";"12958,00";"2010";"24736,00";"2022";"366126000,00";"2022";"4";"51";"924000,00";"2024";"21/07/2026 15:43:03"
"2615102";"2822,00";"2010";"6513,00";"2022";"76191000,00";"2022";"1";"0";"0,00";"2024";"21/07/2026 15:43:03"
"2615201";"3240,00";"2010";"8920,00";"2022";"115451000,00";"2022";"0";"0";"0,00";"";"21/07/2026 15:43:03"
"2615300";"21234,00";"2010";"46147,00";"2022";"901620000,00";"2022";"10";"393";"8813000,00";"2024";"21/07/2026 15:43:03"
"2615409";"19699,00";"2010";"41137,00";"2022";"768527000,00";"2022";"7";"29";"512000,00";"2024";"21/07/2026 15:43:03"
"2615508";"4628,00";"2010";"13867,00";"2022";"184770000,00";"2022";"1";"0";"0,00";"2024";"21/07/2026 15:43:03"
"2615607";"9918,00";"2010";"30321,00";"2022";"640192000,00";"2022";"5";"50";"1460000,00";"2024";"21/07/2026 15:43:03"
"2615706";"6781,00";"2010";"14705,00";"2022";"177203000,00";"2022";"2";"0";"0,00";"2024";"21/07/2026 15:43:03"
"2615805";"9519,00";"2010";"26937,00";"2022";"272241000,00";"2022";"1";"0";"0,00";"2024";"21/07/2026 15:43:03"
"2615904";"3624,00";"2010";"8005,00";"2022";"91119000,00";"2022";"0";"0";"0,00";"";"21/07/2026 15:43:03"
"2616001";"6916,00";"2010";"17251,00";"2022";"248461000,00";"2022";"1";"0";"0,00";"2024";"21/07/2026 15:43:03"
"2616100";"3269,00";"2010";"9169,00";"2022";"89661000,00";"2022";"0";"0";"0,00";"";"21/07/2026 15:43:03"
"2616183";"2578,00";"2010";"7558,00";"2022";"92448000,00";"2022";"0";"0";"0,00";"";"21/07/2026 15:43:03"
"2616209";"9247,00";"2010";"21959,00";"2022";"212448000,00";"2022";"2";"0";"0,00";"2024";"21/07/2026 15:43:03"
"2616308";"9813,00";"2010";"26359,00";"2022";"557087000,00";"2022";"2";"0";"0,00";"2024";"21/07/2026 15:43:03"
"2616407";"55081,00";"2010";"134084,00";"2022";"5429995000,00";"2022";"18";"478";"10278000,00";"2024";"21/07/2026 15:43:03"
"2616506";"4231,00";"2010";"11611,00";"2022";"193887000,00";"2022";"2";"0";"0,00";"2024";"21/07/2026 15:43:03"
"2700102";"8769,00";"2010";"19008,00";"2022";"218172000,00";"2022";"2";"0";"0,00";"2024";"21/07/2026 15:43:03"
"2700201";"5203,00";"2010";"13966,00";"2022";"234237000,00";"2022";"6";"0";"0,00";"2024";"21/07/2026 15:43:03"
"2700300";"93089,00";"2010";"234696,00";"2022";"5859831000,00";"2022";"41";"1948";"45670000,00";"2024";"21/07/2026 15:43:03"
"2700409";"13200,00";"2010";"37512,00";"2022";"1135583000,00";"2022";"6";"212";"5493000,00";"2024";"21/07/2026 15:43:03"
"2700508";"4637,00";"2010";"16365,00";"2022";"268712000,00";"2022";"1";"0";"0,00";"2024";"21/07/2026 15:43:03"
"2700607";"3397,00";"2010";"7944,00";"2022";"259442000,00";"2022";"0";"0";"0,00";"";"21/07/2026 15:43:03"
"2700706";"6789,00";"2010";"16448,00";"2022";"247803000,00";"2022";"3";"0";"0,00";"2024";"21/07/2026 15:43:03"
"2700805";"2196,00";"2010";"4722,00";"2022";"145721000,00";"2022";"0";"0";"0,00";"";"21/07/2026 15:43:03"
"2700904";"2297,00";"2010";"5936,00";"2022";"111702000,00";"2022";"0";"0";"0,00";"";"21/07/2026 15:43:03"
"2701001";"9000,00";"2010";"21187,00";"2022";"425181000,00";"2022";"2";"0";"0,00";"2024";"21/07/2026 15:43:03"
"2701100";"3419,00";"2010";"9603,00";"2022";"643725000,00";"2022";"0";"0";"0,00";"";"21/07/2026 15:43:03"
"2701209";"3574,00";"2010";"10482,00";"2022";"171399000,00";"2022";"0";"0";"0,00";"";"21/07/2026 15:43:03"
"2701308";"5712,00";"2010";"16024,00";"2022";"207397000,00";"2022";"2";"0";"0,00";"2024";"21/07/2026 15:43:03"
"2701357";"2038,00";"2010";"6665,00";"2022";"91713000,00";"2022";"0";"0";"0,00";"";"21/07/2026 15:43:03"
"2701407";"13317,00";"2010";"32106,00";"2022";"669689000,00";"2022";"4";"14";"105000,00";"2024";"21/07/2026 15:43:03"
"2701506";"3446,00";"2010";"8143,00";"2022";"105163000,00";"2022";"2";"0";"0,00";"2024";"21/07/2026 15:43:03"
"2701605";"6727,00";"2010";"15559,00";"2022";"204471000,00";"2022";"1";"0";"0,00";"2024";"21/07/2026 15:43:03"
"2701704";"5503,00";"2010";"15032,00";"2022";"233254000,00";"2022";"3";"0";"0,00";"2024";"21/07/2026 15:43:03"
"2701803";"3593,00";"2010";"8999,00";"2022";"87644000,00";"2022";"1";"0";"0,00";"2024";"21/07/2026 15:43:03"
"2701902";"2271,00";"2010";"5910,00";"2022";"255386000,00";"2022";"0";"0";"0,00";"";"21/07/2026 15:43:03"
"2702009";"4437,00";"2010";"10810,00";"2022";"199720000,00";"2022";"2";"0";"0,00";"2024";"21/07/2026 15:43:03"
"2702108";"6332,00";"2010";"15816,00";"2022";"342423000,00";"2022";"0";"0";"0,00";"";"21/07/2026 15:43:03"
"2702207";"1934,00";"2010";"5581,00";"2022";"95556000,00";"2022";"0";"0";"0,00";"";"21/07/2026 15:43:03"
"2702306";"20530,00";"2010";"50414,00";"2022";"1773231000,00";"2022";"6";"0";"0,00";"2024";"21/07/2026 15:43:03"
"2702355";"9723,00";"2010";"25397,00";"2022";"496517000,00";"2022";"4";"11";"98000,00";"2024";"21/07/2026 15:43:03"
"2702405";"18689,00";"2010";"51318,00";"2022";"783772000,00";"2022";"7";"56";"1179000,00";"2024";"21/07/2026 15:43:03"
"2702504";"4440,00";"2010";"9805,00";"2022";"126223000,00";"2022";"1";"0";"0,00";"2024";"21/07/2026 15:43:03"
"2702553";"8288,00";"2010";"15429,00";"2022";"161952000,00";"2022";"1";"0";"0,00";"2024";"21/07/2026 15:43:03"
"2702603";"9227,00";"2010";"22712,00";"2022";"403888000,00";"2022";"1";"0";"0,00";"2024";"21/07/2026 15:43:03"
"2702702";"1710,00";"2010";"3963,00";"2022";"176508000,00";"2022";"0";"0";"0,00";"";"21/07/2026 15:43:03"
"2702801";"4058,00";"2010";"9618,00";"2022";"214146000,00";"2022";"3";"32";"322000,00";"2024";"21/07/2026 15:43:03"
"2702900";"15502,00";"2010";"36102,00";"2022";"489079000,00";"2022";"2";"0";"0,00";"2024";"21/07/2026 15:43:03"
"2703007";"3395,00";"2010";"13731,00";"2022";"195194000,00";"2022";"3";"3";"0,00";"2024";"21/07/2026 15:43:03"
"2703106";"10464,00";"2010";"23995,00";"2022";"282347000,00";"2022";"0";"0";"0,00";"";"21/07/2026 15:43:03"
"2703205";"7506,00";"2010";"21372,00";"2022";"514259000,00";"2022";"1";"0";"0,00";"2024";"21/07/2026 15:43:03"
"2703304";"6145,00";"2010";"15167,00";"2022";"183088000,00";"2022";"1";"0";"0,00";"2024";"21/07/2026 15:43:03"
"2703403";"2059,00";"2010";"5083,00";"2022";"78946000,00";"2022";"0";"0";"0,00";"";"21/07/2026 15:43:03"
"2703502";"2410,00";"2010";"5352,00";"2022";"155770000,00";"2022";"0";"0";"0,00";"";"21/07/2026 15:43:03"
"2703601";"2749,00";"2010";"9219,00";"2022";"312410000,00";"2022";"1";"0";"0,00";"2024";"21/07/2026 15:43:03"
"2703700";"2230,00";"2010";"4985,00";"2022";"69405000,00";"2022";"0";"0";"0,00";"";"21/07/2026 15:43:03"
"2703759";"3672,00";"2010";"9470,00";"2022";"341154000,00";"2022";"0";"0";"0,00";"";"21/07/2026 15:43:03"
"2703809";"6847,00";"2010";"17150,00";"2022";"393913000,00";"2022";"0";"0";"0,00";"";"21/07/2026 15:43:03"
"2703908";"1350,00";"2010";"4092,00";"2022";"63237000,00";"2022";"0";"0";"0,00";"";"21/07/2026 15:43:03"
"2704005";"9711,00";"2010";"23907,00";"2022";"594026000,00";"2022";"5";"92";"1899000,00";"2024";"21/07/2026 15:43:03"
"2704104";"7256,00";"2010";"18457,00";"2022";"231719000,00";"2022";"2";"0";"0,00";"2024";"21/07/2026 15:43:03"
"2704203";"10019,00";"2010";"24740,00";"2022";"577871000,00";"2022";"2";"0";"0,00";"2024";"21/07/2026 15:43:03"
"2704302";"443979,00";"2010";"957916,00";"2022";"29381840000,00";"2022";"71";"4118";"98916000,00";"2024";"21/07/2026 15:43:03"
"2704401";"7579,00";"2010";"17700,00";"2022";"283338000,00";"2022";"5";"34";"489000,00";"2024";"21/07/2026 15:43:03"
"2704500";"10470,00";"2010";"32174,00";"2022";"1141444000,00";"2022";"3";"126";"1323000,00";"2024";"21/07/2026 15:43:03"
"2704609";"4568,00";"2010";"9534,00";"2022";"104088000,00";"2022";"1";"0";"0,00";"2024";"21/07/2026 15:43:03"
"2704708";"18204,00";"2010";"60370,00";"2022";"2862078000,00";"2022";"5";"164";"4823000,00";"2024";"21/07/2026 15:43:03"
"2704807";"4803,00";"2010";"13679,00";"2022";"194281000,00";"2022";"0";"0";"0,00";"";"21/07/2026 15:43:03"
"2704906";"1457,00";"2010";"3155,00";"2022";"49138000,00";"2022";"0";"0";"0,00";"";"21/07/2026 15:43:03"
"2705002";"10114,00";"2010";"21844,00";"2022";"303389000,00";"2022";"1";"0";"0,00";"2024";"21/07/2026 15:43:03"
"2705101";"7283,00";"2010";"23857,00";"2022";"371511000,00";"2022";"9";"0";"0,00";"2024";"21/07/2026 15:43:03"
"2705200";"4798,00";"2010";"15405,00";"2022";"274869000,00";"2022";"3";"24";"347000,00";"2024";"21/07/2026 15:43:03"
"2705309";"2174,00";"2010";"4845,00";"2022";"77725000,00";"2022";"0";"0";"0,00";"";"21/07/2026 15:43:03"
"2705408";"2660,00";"2010";"7184,00";"2022";"162517000,00";"2022";"0";"0";"0,00";"";"21/07/2026 15:43:03"
"2705507";"7785,00";"2010";"25187,00";"2022";"666678000,00";"2022";"1";"0";"0,00";"2024";"21/07/2026 15:43:03"
"2705606";"3738,00";"2010";"10020,00";"2022";"199091000,00";"2022";"0";"0";"0,00";"";"21/07/2026 15:43:03"
"2705705";"8825,00";"2010";"20695,00";"2022";"290123000,00";"2022";"8";"29";"374000,00";"2024";"21/07/2026 15:43:03"
"2705804";"3554,00";"2010";"8349,00";"2022";"93248000,00";"2022";"2";"0";"0,00";"2024";"21/07/2026 15:43:03"
"2705903";"1989,00";"2010";"4330,00";"2022";"67756000,00";"2022";"0";"0";"0,00";"";"21/07/2026 15:43:03"
"2706000";"4398,00";"2010";"10812,00";"2022";"121166000,00";"2022";"0";"0";"0,00";"";"21/07/2026 15:43:03"
"2706109";"4317,00";"2010";"11446,00";"2022";"134315000,00";"2022";"2";"0";"0,00";"2024";"21/07/2026 15:43:03"
"2706208";"1572,00";"2010";"4325,00";"2022";"51600000,00";"2022";"0";"0";"0,00";"";"21/07/2026 15:43:03"
"2706307";"27820,00";"2010";"71574,00";"2022";"1240874000,00";"2022";"12";"2495";"52557000,00";"2024";"21/07/2026 15:43:03"
"2706406";"8459,00";"2010";"23823,00";"2022";"248374000,00";"2022";"3";"3";"0,00";"2024";"21/07/2026 15:43:03"
"2706422";"3932,00";"2010";"10573,00";"2022";"126222000,00";"2022";"0";"0";"0,00";"";"21/07/2026 15:43:03"
"2706448";"4720,00";"2010";"13835,00";"2022";"252606000,00";"2022";"4";"0";"0,00";"2024";"21/07/2026 15:43:03"
"2706505";"4227,00";"2010";"13804,00";"2022";"323344000,00";"2022";"0";"0";"0,00";"";"21/07/2026 15:43:03"
"2706604";"2659,00";"2010";"6576,00";"2022";"89082000,00";"2022";"1";"0";"0,00";"2024";"21/07/2026 15:43:03"
"2706703";"23803,00";"2010";"58650,00";"2022";"992394000,00";"2022";"10";"455";"7849000,00";"2024";"21/07/2026 15:43:03"
"2706802";"5648,00";"2010";"15908,00";"2022";"401871000,00";"2022";"5";"7";"16000,00";"2024";"21/07/2026 15:43:03"
"2706901";"11429,00";"2010";"35370,00";"2022";"889362000,00";"2022";"2";"0";"0,00";"2024";"21/07/2026 15:43:03"
"2707008";"1079,00";"2010";"2731,00";"2022";"50767000,00";"2022";"0";"0";"0,00";"";"21/07/2026 15:43:03"
"2707107";"9081,00";"2010";"22609,00";"2022";"333005000,00";"2022";"3";"112";"2134000,00";"2024";"21/07/2026 15:43:03"
"2707206";"4783,00";"2010";"12518,00";"2022";"121598000,00";"2022";"0";"0";"0,00";"";"21/07/2026 15:43:03"
"2707305";"8931,00";"2010";"24071,00";"2022";"423604000,00";"2022";"7";"88";"1490000,00";"2024";"21/07/2026 15:43:03"
"2707404";"3155,00";"2010";"9295,00";"2022";"418368000,00";"2022";"0";"0";"0,00";"";"21/07/2026 15:43:03"
"2707503";"6636,00";"2010";"20082,00";"2022";"254627000,00";"2022";"3";"36";"537000,00";"2024";"21/07/2026 15:43:03"
"2707602";"3769,00";"2010";"11080,00";"2022";"172004000,00";"2022";"1";"0";"0,00";"2024";"21/07/2026 15:43:03"
"2707701";"26279,00";"2010";"93927,00";"2022";"1612080000,00";"2022";"8";"0";"0,00";"2024";"21/07/2026 15:43:03"
"2707800";"1872,00";"2010";"6474,00";"2022";"175267000,00";"2022";"0";"0";"0,00";"";"21/07/2026 15:43:03"
"2707909";"2206,00";"2010";"6919,00";"2022";"233337000,00";"2022";"0";"0";"0,00";"";"21/07/2026 15:43:03"
"2708006";"18275,00";"2010";"46220,00";"2022";"718308000,00";"2022";"5";"430";"8741000,00";"2024";"21/07/2026 15:43:03"
"2708105";"3747,00";"2010";"11323,00";"2022";"1540874000,00";"2022";"1";"0";"0,00";"2024";"21/07/2026 15:43:03"
"2708204";"2122,00";"2010";"6555,00";"2022";"104202000,00";"2022";"0";"0";"0,00";"";"21/07/2026 15:43:03"
"2708303";"7469,00";"2010";"20813,00";"2022";"462590000,00";"2022";"5";"39";"574000,00";"2024";"21/07/2026 15:43:03"
"2708402";"12570,00";"2010";"30604,00";"2022";"347514000,00";"2022";"2";"0";"0,00";"2024";"21/07/2026 15:43:03"
"2708501";"10886,00";"2010";"30873,00";"2022";"782974000,00";"2022";"6";"96";"2940000,00";"2024";"21/07/2026 15:43:03"
"2708600";"20918,00";"2010";"51990,00";"2022";"1272245000,00";"2022";"3";"31";"497000,00";"2024";"21/07/2026 15:43:03"
"2708709";"2678,00";"2010";"8482,00";"2022";"282989000,00";"2022";"1";"0";"0,00";"2024";"21/07/2026 15:43:03"
"2708808";"12597,00";"2010";"31786,00";"2022";"611062000,00";"2022";"1";"0";"0,00";"2024";"21/07/2026 15:43:03"
"2708907";"4995,00";"2010";"24278,00";"2022";"299424000,00";"2022";"0";"0";"0,00";"";"21/07/2026 15:43:03"
"2708956";"5428,00";"2010";"12303,00";"2022";"121208000,00";"2022";"1";"0";"0,00";"2024";"21/07/2026 15:43:03"
"2709004";"2365,00";"2010";"5796,00";"2022";"87853000,00";"2022";"0";"0";"0,00";"";"21/07/2026 15:43:03"
"2709103";"8094,00";"2010";"19032,00";"2022";"392585000,00";"2022";"3";"0";"0,00";"2024";"21/07/2026 15:43:03"
"2709152";"13198,00";"2010";"38053,00";"2022";"807897000,00";"2022";"6";"37";"491000,00";"2024";"21/07/2026 15:43:03"
"2709202";"8607,00";"2010";"23565,00";"2022";"276306000,00";"2022";"1";"0";"0,00";"2024";"21/07/2026 15:43:03"
"2709301";"21709,00";"2010";"59280,00";"2022";"1432363000,00";"2022";"6";"229";"5300000,00";"2024";"21/07/2026 15:43:03"
"2709400";"7641,00";"2010";"24092,00";"2022";"503852000,00";"2022";"4";"29";"506000,00";"2024";"21/07/2026 15:43:03"
"2800100";"985,00";"2010";"2170,00";"2022";"39348000,00";"2022";"0";"0";"0,00";"";"21/07/2026 15:43:03"
"2800209";"7854,00";"2010";"20131,00";"2022";"293234000,00";"2022";"2";"0";"0,00";"2024";"21/07/2026 15:43:03"
"2800308";"283333,00";"2010";"602757,00";"2022";"20604498000,00";"2022";"36";"604";"14103000,00";"2024";"21/07/2026 15:43:03"
"2800407";"4258,00";"2010";"10318,00";"2022";"153675000,00";"2022";"0";"0";"0,00";"";"21/07/2026 15:43:03"
"2800506";"7332,00";"2010";"18081,00";"2022";"282929000,00";"2022";"1";"0";"0,00";"2024";"21/07/2026 15:43:03"
"2800605";"10007,00";"2010";"41511,00";"2022";"2283499000,00";"2022";"2";"0";"0,00";"2024";"21/07/2026 15:43:03"
"2800670";"11290,00";"2010";"24636,00";"2022";"365383000,00";"2022";"4";"196";"4694000,00";"2024";"21/07/2026 15:43:03"
"2800704";"3047,00";"2010";"7841,00";"2022";"108240000,00";"2022";"0";"0";"0,00";"";"21/07/2026 15:43:03"
"2801009";"7755,00";"2010";"18149,00";"2022";"277080000,00";"2022";"3";"29";"605000,00";"2024";"21/07/2026 15:43:03"
"2801108";"1814,00";"2010";"3791,00";"2022";"77113000,00";"2022";"0";"0";"0,00";"";"21/07/2026 15:43:03"
"2801207";"10077,00";"2010";"26834,00";"2022";"2954228000,00";"2022";"5";"143";"2854000,00";"2024";"21/07/2026 15:43:03"
"2801306";"11244,00";"2010";"31645,00";"2022";"439115000,00";"2022";"3";"106";"2714000,00";"2024";"21/07/2026 15:43:03"
"2801405";"8307,00";"2010";"19939,00";"2022";"458584000,00";"2022";"5";"0";"0,00";"2024";"21/07/2026 15:43:03"
"2801504";"5610,00";"2010";"13853,00";"2022";"362971000,00";"2022";"7";"37";"667000,00";"2024";"21/07/2026 15:43:03"
"2801603";"2179,00";"2010";"5391,00";"2022";"71099000,00";"2022";"1";"0";"0,00";"2024";"21/07/2026 15:43:03"
"2801702";"6565,00";"2010";"17100,00";"2022";"283846000,00";"2022";"4";"31";"521000,00";"2024";"21/07/2026 15:43:03"
"2801900";"1656,00";"2010";"3824,00";"2022";"63884000,00";"2022";"0";"0";"0,00";"";"21/07/2026 15:43:03"
"2802007";"1701,00";"2010";"4340,00";"2022";"191830000,00";"2022";"0";"0";"0,00";"";"21/07/2026 15:43:03"
"2802106";"28537,00";"2010";"65078,00";"2022";"2383397000,00";"2022";"4";"558";"8673000,00";"2024";"21/07/2026 15:43:03"
"2802205";"1899,00";"2010";"5975,00";"2022";"112341000,00";"2022";"0";"0";"0,00";"";"21/07/2026 15:43:03"
"2802304";"6473,00";"2010";"14530,00";"2022";"442102000,00";"2022";"5";"48";"812000,00";"2024";"21/07/2026 15:43:03"
"2802403";"3877,00";"2010";"11096,00";"2022";"176744000,00";"2022";"1";"0";"0,00";"2024";"21/07/2026 15:43:03"
"2802502";"1172,00";"2010";"3037,00";"2022";"47625000,00";"2022";"0";"0";"0,00";"";"21/07/2026 15:43:03"
"2802601";"2178,00";"2010";"5834,00";"2022";"99164000,00";"2022";"0";"0";"0,00";"";"21/07/2026 15:43:03"
"2802700";"2341,00";"2010";"8321,00";"2022";"102804000,00";"2022";"1";"0";"0,00";"2024";"21/07/2026 15:43:03"
"2802809";"6335,00";"2010";"16549,00";"2022";"254736000,00";"2022";"1";"0";"0,00";"2024";"21/07/2026 15:43:03"
"2802908";"42286,00";"2010";"103440,00";"2022";"2510210000,00";"2022";"13";"1159";"27112000,00";"2024";"21/07/2026 15:43:03"
"2803005";"16703,00";"2010";"40678,00";"2022";"588847000,00";"2022";"1";"0";"0,00";"2024";"21/07/2026 15:43:03"
"2803104";"1944,00";"2010";"4745,00";"2022";"83596000,00";"2022";"3";"11";"109000,00";"2024";"21/07/2026 15:43:03"
"2803203";"11779,00";"2010";"34411,00";"2022";"1099233000,00";"2022";"11";"82";"1840000,00";"2024";"21/07/2026 15:43:03"
"2803302";"7313,00";"2010";"16209,00";"2022";"453871000,00";"2022";"3";"0";"0,00";"2024";"21/07/2026 15:43:03"
"2803401";"5041,00";"2010";"13407,00";"2022";"230264000,00";"2022";"2";"0";"0,00";"2024";"21/07/2026 15:43:04"
"2803500";"44720,00";"2010";"101579,00";"2022";"2127214000,00";"2022";"11";"184";"3814000,00";"2024";"21/07/2026 15:43:04"
"2803609";"9104,00";"2010";"23975,00";"2022";"1415006000,00";"2022";"1";"0";"0,00";"2024";"21/07/2026 15:43:04"
"2803708";"2878,00";"2010";"6838,00";"2022";"101488000,00";"2022";"2";"0";"0,00";"2024";"21/07/2026 15:43:04"
"2803807";"1270,00";"2010";"3579,00";"2022";"58964000,00";"2022";"0";"0";"0,00";"";"21/07/2026 15:43:04"
"2803906";"5684,00";"2010";"11533,00";"2022";"185938000,00";"2022";"2";"0";"0,00";"2024";"21/07/2026 15:43:04"
"2804003";"6478,00";"2010";"15719,00";"2022";"468341000,00";"2022";"1";"0";"0,00";"2024";"21/07/2026 15:43:04"
"2804102";"5816,00";"2010";"11050,00";"2022";"202405000,00";"2022";"1";"0";"0,00";"2024";"21/07/2026 15:43:04"
"2804201";"5328,00";"2010";"14336,00";"2022";"238047000,00";"2022";"1";"0";"0,00";"2024";"21/07/2026 15:43:04"
"2804300";"2828,00";"2010";"7822,00";"2022";"105508000,00";"2022";"0";"0";"0,00";"";"21/07/2026 15:43:04"
"2804409";"6617,00";"2010";"16426,00";"2022";"318548000,00";"2022";"4";"457";"11231000,00";"2024";"21/07/2026 15:43:04"
"2804458";"4017,00";"2010";"9232,00";"2022";"126197000,00";"2022";"2";"0";"0,00";"2024";"21/07/2026 15:43:04"
"2804508";"15371,00";"2010";"41212,00";"2022";"943166000,00";"2022";"4";"0";"0,00";"2024";"21/07/2026 15:43:04"
"2804607";"9922,00";"2010";"24996,00";"2022";"467049000,00";"2022";"1";"0";"0,00";"2024";"21/07/2026 15:43:04"
"2804706";"2459,00";"2010";"6268,00";"2022";"89604000,00";"2022";"1";"0";"0,00";"2024";"21/07/2026 15:43:04"
"2804805";"72269,00";"2010";"192330,00";"2022";"3804226000,00";"2022";"16";"17577";"434119000,00";"2024";"21/07/2026 15:43:04"
"2804904";"4833,00";"2010";"12502,00";"2022";"281549000,00";"2022";"1";"0";"0,00";"2024";"21/07/2026 15:43:04"
"2805000";"1375,00";"2010";"2778,00";"2022";"58162000,00";"2022";"0";"0";"0,00";"";"21/07/2026 15:43:04"
"2805109";"3937,00";"2010";"7396,00";"2022";"103298000,00";"2022";"0";"0";"0,00";"";"21/07/2026 15:43:04"
"2805208";"2669,00";"2010";"5677,00";"2022";"132055000,00";"2022";"1";"0";"0,00";"2024";"21/07/2026 15:43:04"
"2805307";"3686,00";"2010";"7913,00";"2022";"159528000,00";"2022";"2";"0";"0,00";"2024";"21/07/2026 15:43:04"
"2805406";"11014,00";"2010";"33439,00";"2022";"462182000,00";"2022";"2";"0";"0,00";"2024";"21/07/2026 15:43:04"
"2805505";"9449,00";"2010";"21794,00";"2022";"392810000,00";"2022";"8";"64";"1025000,00";"2024";"21/07/2026 15:43:04"
"2805604";"11033,00";"2010";"26576,00";"2022";"405212000,00";"2022";"3";"42";"831000,00";"2024";"21/07/2026 15:43:04"
"2805703";"11961,00";"2010";"26618,00";"2022";"573817000,00";"2022";"6";"67";"1182000,00";"2024";"21/07/2026 15:43:04"
"2805802";"6994,00";"2010";"18313,00";"2022";"365972000,00";"2022";"1";"0";"0,00";"2024";"21/07/2026 15:43:04"
"2805901";"3730,00";"2010";"8748,00";"2022";"225682000,00";"2022";"0";"0";"0,00";"";"21/07/2026 15:43:04"
"2806008";"8808,00";"2010";"17033,00";"2022";"356224000,00";"2022";"0";"0";"0,00";"";"21/07/2026 15:43:04"
"2806107";"3674,00";"2010";"9295,00";"2022";"513849000,00";"2022";"3";"0";"0,00";"2024";"21/07/2026 15:43:04"
"2806206";"8569,00";"2010";"20279,00";"2022";"286739000,00";"2022";"0";"0";"0,00";"";"21/07/2026 15:43:04"
"2806305";"4932,00";"2010";"13616,00";"2022";"217036000,00";"2022";"1";"0";"0,00";"2024";"21/07/2026 15:43:04"
"2806404";"3046,00";"2010";"7346,00";"2022";"119179000,00";"2022";"0";"0";"0,00";"";"21/07/2026 15:43:04"
"2806503";"1167,00";"2010";"3937,00";"2022";"58258000,00";"2022";"0";"0";"0,00";"";"21/07/2026 15:43:04"
"2806602";"4658,00";"2010";"11092,00";"2022";"201709000,00";"2022";"1";"0";"0,00";"2024";"21/07/2026 15:43:04"
"2806701";"36373,00";"2010";"95612,00";"2022";"1175117000,00";"2022";"3";"17";"317000,00";"2024";"21/07/2026 15:43:04"
"2806800";"5239,00";"2010";"10327,00";"2022";"139978000,00";"2022";"1";"0";"0,00";"2024";"21/07/2026 15:43:04"
"2806909";"1378,00";"2010";"3243,00";"2022";"52946000,00";"2022";"0";"0";"0,00";"";"21/07/2026 15:43:04"
"2807006";"1773,00";"2010";"3434,00";"2022";"52287000,00";"2022";"0";"0";"0,00";"";"21/07/2026 15:43:04"
"2807105";"17361,00";"2010";"42578,00";"2022";"897435000,00";"2022";"6";"134";"3938000,00";"2024";"21/07/2026 15:43:04"
"2807204";"2759,00";"2010";"7834,00";"2022";"181480000,00";"2022";"0";"0";"0,00";"";"21/07/2026 15:43:04"
"2807303";"951,00";"2010";"3274,00";"2022";"44600000,00";"2022";"0";"0";"0,00";"";"21/07/2026 15:43:04"
"2807402";"23131,00";"2010";"50905,00";"2022";"717305000,00";"2022";"3";"5";"28000,00";"2024";"21/07/2026 15:43:04"
"2807501";"5524,00";"2010";"12012,00";"2022";"157899000,00";"2022";"3";"15";"157000,00";"2024";"21/07/2026 15:43:04"
"2807600";"10108,00";"2010";"23917,00";"2022";"492746000,00";"2022";"9";"106";"2485000,00";"2024";"21/07/2026 15:43:04"
"2900108";"3658,00";"2010";"7301,00";"2022";"79220000,00";"2022";"5";"21";"201000,00";"2024";"21/07/2026 15:43:04"
"2900207";"6793,00";"2010";"17639,00";"2022";"206162000,00";"2022";"2";"0";"0,00";"2024";"21/07/2026 15:43:04"
"2900306";"5856,00";"2010";"13795,00";"2022";"157504000,00";"2022";"2";"0";"0,00";"2024";"21/07/2026 15:43:04"
"2900355";"5898,00";"2010";"14201,00";"2022";"368395000,00";"2022";"3";"0";"0,00";"2024";"21/07/2026 15:43:04"
"2900405";"7019,00";"2010";"14497,00";"2022";"159896000,00";"2022";"3";"0";"0,00";"2024";"21/07/2026 15:43:04"
"2900504";"5451,00";"2010";"10604,00";"2022";"89980000,00";"2022";"2";"0";"0,00";"2024";"21/07/2026 15:43:04"
"2900603";"2039,00";"2010";"4447,00";"2022";"63587000,00";"2022";"3";"12";"171000,00";"2024";"21/07/2026 15:43:04"
"2900702";"67016,00";"2010";"151055,00";"2022";"5150946000,00";"2022";"21";"166";"3134000,00";"2024";"21/07/2026 15:43:04"
"2900801";"9595,00";"2010";"24530,00";"2022";"365754000,00";"2022";"3";"0";"0,00";"2024";"21/07/2026 15:43:04"
"2900900";"2075,00";"2010";"5218,00";"2022";"71248000,00";"2022";"0";"0";"0,00";"";"21/07/2026 15:43:04"
"2901007";"16694,00";"2010";"36521,00";"2022";"534104000,00";"2022";"9";"152";"2651000,00";"2024";"21/07/2026 15:43:04"
"2901106";"11569,00";"2010";"24138,00";"2022";"483419000,00";"2022";"9";"104";"1804000,00";"2024";"21/07/2026 15:43:04"
"2901155";"6034,00";"2010";"15137,00";"2022";"172892000,00";"2022";"0";"0";"0,00";"";"21/07/2026 15:43:04"
"2901205";"9089,00";"2010";"25438,00";"2022";"260325000,00";"2022";"7";"17";"203000,00";"2024";"21/07/2026 15:43:04"
"2901304";"5440,00";"2010";"13080,00";"2022";"163054000,00";"2022";"7";"33";"343000,00";"2024";"21/07/2026 15:43:04"
"2901353";"6456,00";"2010";"15012,00";"2022";"222631000,00";"2022";"8";"43";"492000,00";"2024";"21/07/2026 15:43:04"
"2901403";"5803,00";"2010";"13732,00";"2022";"203278000,00";"2022";"6";"8";"16000,00";"2024";"21/07/2026 15:43:04"
"2901502";"3954,00";"2010";"11031,00";"2022";"92256000,00";"2022";"0";"0";"0,00";"";"21/07/2026 15:43:04"
"2901601";"6344,00";"2010";"14206,00";"2022";"172128000,00";"2022";"5";"0";"0,00";"2024";"21/07/2026 15:43:04"
"2901700";"6188,00";"2010";"11146,00";"2022";"133060000,00";"2022";"1";"0";"0,00";"2024";"21/07/2026 15:43:04"
"2901809";"4741,00";"2010";"10862,00";"2022";"93416000,00";"2022";"6";"28";"485000,00";"2024";"21/07/2026 15:43:04"
"2901908";"7730,00";"2010";"15922,00";"2022";"168039000,00";"2022";"1";"0";"0,00";"2024";"21/07/2026 15:43:04"
"2901957";"3203,00";"2010";"6913,00";"2022";"84490000,00";"2022";"2";"0";"0,00";"2024";"21/07/2026 15:43:04"
"2902005";"7032,00";"2010";"13936,00";"2022";"164868000,00";"2022";"4";"20";"296000,00";"2024";"21/07/2026 15:43:04"
"2902054";"4496,00";"2010";"11557,00";"2022";"418584000,00";"2022";"3";"4";"19000,00";"2024";"21/07/2026 15:43:04"
"2902104";"22007,00";"2010";"48294,00";"2022";"549716000,00";"2022";"8";"11";"42000,00";"2024";"21/07/2026 15:43:04"
"2902203";"3681,00";"2010";"9833,00";"2022";"127076000,00";"2022";"0";"0";"0,00";"";"21/07/2026 15:43:04"
"2902252";"4094,00";"2010";"10191,00";"2022";"115194000,00";"2022";"0";"0";"0,00";"";"21/07/2026 15:43:04"
"2902302";"4208,00";"2010";"8677,00";"2022";"91213000,00";"2022";"1";"0";"0,00";"2024";"21/07/2026 15:43:04"
"2902401";"5278,00";"2010";"11179,00";"2022";"152786000,00";"2022";"0";"0";"0,00";"";"21/07/2026 15:43:04"
"2902500";"5083,00";"2010";"13614,00";"2022";"353300000,00";"2022";"3";"0";"0,00";"2024";"21/07/2026 15:43:04"
"2902609";"8684,00";"2010";"18220,00";"2022";"215809000,00";"2022";"5";"14";"109000,00";"2024";"21/07/2026 15:43:04"
"2902658";"4811,00";"2010";"11958,00";"2022";"126552000,00";"2022";"2";"0";"0,00";"2024";"21/07/2026 15:43:04"
"2902708";"18747,00";"2010";"51092,00";"2022";"489346000,00";"2022";"7";"23";"310000,00";"2024";"21/07/2026 15:43:04"
"2902807";"10648,00";"2010";"26026,00";"2022";"427687000,00";"2022";"14";"19";"19000,00";"2024";"21/07/2026 15:43:04"
"2902906";"15374,00";"2010";"36539,00";"2022";"495488000,00";"2022";"6";"0";"0,00";"2024";"21/07/2026 15:43:04"
"2903003";"5662,00";"2010";"13836,00";"2022";"132407000,00";"2022";"2";"0";"0,00";"2024";"21/07/2026 15:43:04"
"2903102";"2464,00";"2010";"5775,00";"2022";"88765000,00";"2022";"1";"0";"0,00";"2024";"21/07/2026 15:43:04"
"2903201";"67508,00";"2010";"159734,00";"2022";"8761077000,00";"2022";"47";"415";"8786000,00";"2024";"21/07/2026 15:43:04"
"2903235";"6839,00";"2010";"13453,00";"2022";"122267000,00";"2022";"7";"21";"320000,00";"2024";"21/07/2026 15:43:04"
"2903276";"7625,00";"2010";"15203,00";"2022";"278898000,00";"2022";"1";"0";"0,00";"2024";"21/07/2026 15:43:04"
"2903300";"2436,00";"2010";"5833,00";"2022";"93135000,00";"2022";"1";"0";"0,00";"2024";"21/07/2026 15:43:04"
"2903409";"9259,00";"2010";"20121,00";"2022";"375200000,00";"2022";"16";"61";"945000,00";"2024";"21/07/2026 15:43:04"
"2903508";"7190,00";"2010";"18412,00";"2022";"195500000,00";"2022";"3";"22";"308000,00";"2024";"21/07/2026 15:43:04"
"2903607";"6358,00";"2010";"15146,00";"2022";"161989000,00";"2022";"1";"0";"0,00";"2024";"21/07/2026 15:43:04"
"2903706";"5928,00";"2010";"13690,00";"2022";"130838000,00";"2022";"2";"0";"0,00";"2024";"21/07/2026 15:43:04"
"2903805";"6880,00";"2010";"16873,00";"2022";"163554000,00";"2022";"7";"0";"0,00";"2024";"21/07/2026 15:43:04"
"2903904";"27672,00";"2010";"65550,00";"2022";"1478786000,00";"2022";"20";"62";"1170000,00";"2024";"21/07/2026 15:43:04"
"2903953";"3707,00";"2010";"9730,00";"2022";"81011000,00";"2022";"3";"5";"17000,00";"2024";"21/07/2026 15:43:04"
"2904001";"5434,00";"2010";"13622,00";"2022";"131798000,00";"2022";"6";"18";"218000,00";"2024";"21/07/2026 15:43:04"
"2904050";"7490,00";"2010";"15844,00";"2022";"250499000,00";"2022";"9";"41";"326000,00";"2024";"21/07/2026 15:43:04"
"2904100";"8794,00";"2010";"19322,00";"2022";"200438000,00";"2022";"6";"0";"0,00";"2024";"21/07/2026 15:43:04"
"2904209";"5688,00";"2010";"11024,00";"2022";"120412000,00";"2022";"2";"0";"0,00";"2024";"21/07/2026 15:43:04"
"2904308";"5615,00";"2010";"12943,00";"2022";"149394000,00";"2022";"4";"5";"0,00";"2024";"21/07/2026 15:43:04"
"2904407";"3800,00";"2010";"9108,00";"2022";"128958000,00";"2022";"1";"0";"0,00";"2024";"21/07/2026 15:43:04"
"2904506";"4265,00";"2010";"11765,00";"2022";"106716000,00";"2022";"2";"0";"0,00";"2024";"21/07/2026 15:43:04"
"2904605";"30530,00";"2010";"70510,00";"2022";"1916461000,00";"2022";"27";"230";"4889000,00";"2024";"21/07/2026 15:43:04"
"2904704";"6343,00";"2010";"14804,00";"2022";"212174000,00";"2022";"4";"39";"831000,00";"2024";"21/07/2026 15:43:04"
"2904753";"7786,00";"2010";"19589,00";"2022";"175032000,00";"2022";"4";"4";"0,00";"2024";"21/07/2026 15:43:04"
"2904803";"4694,00";"2010";"6205,00";"2022";"84896000,00";"2022";"2";"0";"0,00";"2024";"21/07/2026 15:43:04"
"2904852";"9061,00";"2010";"16559,00";"2022";"157531000,00";"2022";"1";"0";"0,00";"2024";"21/07/2026 15:43:04"
"2904902";"14956,00";"2010";"29250,00";"2022";"518096000,00";"2022";"2";"0";"0,00";"2024";"21/07/2026 15:43:04"
"2905008";"11387,00";"2010";"22462,00";"2022";"380460000,00";"2022";"6";"254";"5501000,00";"2024";"21/07/2026 15:43:04"
"2905107";"4263,00";"2010";"10384,00";"2022";"102600000,00";"2022";"6";"14";"179000,00";"2024";"21/07/2026 15:43:04"
"2905156";"4064,00";"2010";"11266,00";"2022";"102401000,00";"2022";"0";"0";"0,00";"";"21/07/2026 15:43:04"
"2905206";"23477,00";"2010";"52012,00";"2022";"1154745000,00";"2022";"15";"82";"1263000,00";"2024";"21/07/2026 15:43:04"
"2905305";"6673,00";"2010";"17466,00";"2022";"235497000,00";"2022";"0";"0";"0,00";"";"21/07/2026 15:43:04"
"2905404";"7180,00";"2010";"17761,00";"2022";"2228401000,00";"2022";"4";"0";"0,00";"2024";"21/07/2026 15:43:04"
"2905503";"5939,00";"2010";"13080,00";"2022";"119190000,00";"2022";"0";"0";"0,00";"";"21/07/2026 15:43:04"
"2905602";"11516,00";"2010";"22579,00";"2022";"391543000,00";"2022";"4";"0";"0,00";"2024";"21/07/2026 15:43:04"
"2905701";"125447,00";"2010";"300372,00";"2022";"30465889000,00";"2022";"29";"1064";"20515000,00";"2024";"21/07/2026 15:43:04"
"2905800";"15321,00";"2010";"30469,00";"2022";"496817000,00";"2022";"6";"64";"1128000,00";"2024";"21/07/2026 15:43:04"
"2905909";"10100,00";"2010";"30671,00";"2022";"336862000,00";"2022";"1";"0";"0,00";"2024";"21/07/2026 15:43:04"
"2906006";"30254,00";"2010";"71377,00";"2022";"1675839000,00";"2022";"15";"51";"879000,00";"2024";"21/07/2026 15:43:04"
"2906105";"3408,00";"2010";"10225,00";"2022";"95084000,00";"2022";"1";"0";"0,00";"2024";"21/07/2026 15:43:04"
"2906204";"12439,00";"2010";"24206,00";"2022";"270467000,00";"2022";"9";"0";"0,00";"2024";"21/07/2026 15:43:04"
"2906303";"13509,00";"2010";"32683,00";"2022";"438492000,00";"2022";"10";"135";"1915000,00";"2024";"21/07/2026 15:43:04"
"2906402";"4243,00";"2010";"7772,00";"2022";"73429000,00";"2022";"3";"25";"365000,00";"2024";"21/07/2026 15:43:04"
"2906501";"39671,00";"2010";"72382,00";"2022";"7207729000,00";"2022";"9";"401";"7843000,00";"2024";"21/07/2026 15:43:04"
"2906600";"6240,00";"2010";"13016,00";"2022";"152302000,00";"2022";"1";"0";"0,00";"2024";"21/07/2026 15:43:04"
"2906709";"12079,00";"2010";"25247,00";"2022";"262986000,00";"2022";"7";"94";"1838000,00";"2024";"21/07/2026 15:43:04"
"2906808";"14459,00";"2010";"37439,00";"2022";"442763000,00";"2022";"8";"0";"0,00";"2024";"21/07/2026 15:43:04"
"2906824";"6633,00";"2010";"16105,00";"2022";"185458000,00";"2022";"1";"0";"0,00";"2024";"21/07/2026 15:43:04"
"2906857";"5289,00";"2010";"10744,00";"2022";"134756000,00";"2022";"2";"0";"0,00";"2024";"21/07/2026 15:43:04"
"2906873";"13597,00";"2010";"33235,00";"2022";"704240000,00";"2022";"15";"564";"14577000,00";"2024";"21/07/2026 15:43:04"
"2906899";"3943,00";"2010";"9940,00";"2022";"98639000,00";"2022";"1";"0";"0,00";"2024";"21/07/2026 15:43:04"
"2906907";"9043,00";"2010";"20580,00";"2022";"373367000,00";"2022";"6";"0";"0,00";"2024";"21/07/2026 15:43:04"
"2907004";"3205,00";"2010";"8365,00";"2022";"145418000,00";"2022";"2";"0";"0,00";"2024";"21/07/2026 15:43:04"
"2907103";"11880,00";"2010";"28869,00";"2022";"337539000,00";"2022";"5";"0";"0,00";"2024";"21/07/2026 15:43:04"
"2907202";"27818,00";"2010";"72086,00";"2022";"930299000,00";"2022";"5";"26";"581000,00";"2024";"21/07/2026 15:43:04"
"2907301";"11162,00";"2010";"24712,00";"2022";"367434000,00";"2022";"7";"127";"1813000,00";"2024";"21/07/2026 15:43:04"
"2907400";"958,00";"2010";"3434,00";"2022";"90210000,00";"2022";"1";"0";"0,00";"2024";"21/07/2026 15:43:04"
"2907509";"21415,00";"2010";"48148,00";"2022";"871419000,00";"2022";"17";"0";"0,00";"2024";"21/07/2026 15:43:04"
"2907558";"3719,00";"2010";"8841,00";"2022";"87385000,00";"2022";"0";"0";"0,00";"";"21/07/2026 15:43:04"
"2907608";"6945,00";"2010";"16348,00";"2022";"177929000,00";"2022";"1";"0";"0,00";"2024";"21/07/2026 15:43:04"
"2907707";"3992,00";"2010";"10579,00";"2022";"119313000,00";"2022";"4";"4";"0,00";"2024";"21/07/2026 15:43:04"
"2907806";"14550,00";"2010";"30907,00";"2022";"445985000,00";"2022";"3";"13";"60000,00";"2024";"21/07/2026 15:43:04"
"2907905";"7085,00";"2010";"17230,00";"2022";"179188000,00";"2022";"5";"0";"0,00";"2024";"21/07/2026 15:43:04"
"2908002";"7402,00";"2010";"17333,00";"2022";"221185000,00";"2022";"3";"0";"0,00";"2024";"21/07/2026 15:43:04"
"2908101";"7041,00";"2010";"19151,00";"2022";"664816000,00";"2022";"8";"0";"0,00";"2024";"21/07/2026 15:43:04"
"2908200";"9181,00";"2010";"20800,00";"2022";"415483000,00";"2022";"12";"26";"272000,00";"2024";"21/07/2026 15:43:04"
"2908309";"6872,00";"2010";"15794,00";"2022";"219702000,00";"2022";"4";"14";"241000,00";"2024";"21/07/2026 15:43:04"
"2908408";"31905,00";"2010";"67825,00";"2022";"1009568000,00";"2022";"8";"99";"2041000,00";"2024";"21/07/2026 15:43:04"
"2908507";"15140,00";"2010";"35308,00";"2022";"2886974000,00";"2022";"3";"27";"626000,00";"2024";"21/07/2026 15:43:04"
"2908606";"8271,00";"2010";"23654,00";"2022";"331197000,00";"2022";"3";"0";"0,00";"2024";"21/07/2026 15:43:04"
"2908705";"6586,00";"2010";"17053,00";"2022";"191635000,00";"2022";"9";"40";"476000,00";"2024";"21/07/2026 15:43:04"
"2908804";"2113,00";"2010";"4333,00";"2022";"57759000,00";"2022";"2";"0";"0,00";"2024";"21/07/2026 15:43:04"
"2908903";"10495,00";"2010";"26692,00";"2022";"278464000,00";"2022";"3";"16";"11000,00";"2024";"21/07/2026 15:43:04"
"2909000";"3201,00";"2010";"7546,00";"2022";"74074000,00";"2022";"6";"37";"434000,00";"2024";"21/07/2026 15:43:05"
"2909109";"5492,00";"2010";"13990,00";"2022";"182548000,00";"2022";"4";"0";"0,00";"2024";"21/07/2026 15:43:05"
"2909208";"7226,00";"2010";"17056,00";"2022";"209198000,00";"2022";"0";"0";"0,00";"";"21/07/2026 15:43:05"
"2909307";"11275,00";"2010";"32457,00";"2022";"4110432000,00";"2022";"14";"83";"1352000,00";"2024";"21/07/2026 15:43:05"
"2909406";"5651,00";"2010";"13063,00";"2022";"185363000,00";"2022";"4";"5";"24000,00";"2024";"21/07/2026 15:43:05"
"2909505";"2338,00";"2010";"4415,00";"2022";"48368000,00";"2022";"2";"0";"0,00";"2024";"21/07/2026 15:43:05"
"2909604";"9911,00";"2010";"19729,00";"2022";"218507000,00";"2022";"1";"0";"0,00";"2024";"21/07/2026 15:43:05"
"2909703";"4621,00";"2010";"13993,00";"2022";"188180000,00";"2022";"1";"0";"0,00";"2024";"21/07/2026 15:43:05"
"2909802";"27195,00";"2010";"60348,00";"2022";"1163112000,00";"2022";"5";"333";"7884000,00";"2024";"21/07/2026 15:43:05"
"2909901";"12855,00";"2010";"34180,00";"2022";"411634000,00";"2022";"4";"9";"84000,00";"2024";"21/07/2026 15:43:05"
"2910008";"5115,00";"2010";"10820,00";"2022";"144586000,00";"2022";"5";"42";"661000,00";"2024";"21/07/2026 15:43:05"
"2910057";"30301,00";"2010";"71485,00";"2022";"2208896000,00";"2022";"11";"161";"3048000,00";"2024";"21/07/2026 15:43:05"
"2910107";"5178,00";"2010";"11884,00";"2022";"157647000,00";"2022";"3";"0";"0,00";"2024";"21/07/2026 15:43:05"
"2910206";"1772,00";"2010";"4407,00";"2022";"48993000,00";"2022";"1";"0";"0,00";"2024";"21/07/2026 15:43:05"
"2910305";"4085,00";"2010";"7808,00";"2022";"88469000,00";"2022";"0";"0";"0,00";"";"21/07/2026 15:43:05"
"2910404";"9466,00";"2010";"19107,00";"2022";"248726000,00";"2022";"7";"0";"0,00";"2024";"21/07/2026 15:43:05"
"2910503";"15154,00";"2010";"38098,00";"2022";"843516000,00";"2022";"7";"45";"563000,00";"2024";"21/07/2026 15:43:05"
"2910602";"13873,00";"2010";"32554,00";"2022";"864600000,00";"2022";"2";"0";"0,00";"2024";"21/07/2026 15:43:05"
"2910701";"25329,00";"2010";"61456,00";"2022";"858571000,00";"2022";"1";"0";"0,00";"2024";"21/07/2026 15:43:05"
"2910727";"49011,00";"2010";"113710,00";"2022";"3948116000,00";"2022";"31";"137";"2150000,00";"2024";"21/07/2026 15:43:05"
"2910750";"8207,00";"2010";"17895,00";"2022";"276560000,00";"2022";"1";"0";"0,00";"2024";"21/07/2026 15:43:05"
"2910776";"2201,00";"2010";"5631,00";"2022";"71638000,00";"2022";"1";"0";"0,00";"2024";"21/07/2026 15:43:05"
"2910800";"292296,00";"2010";"616272,00";"2022";"19625072000,00";"2022";"104";"1284";"31959000,00";"2024";"21/07/2026 15:43:05"
"2910859";"6448,00";"2010";"17897,00";"2022";"170965000,00";"2022";"9";"23";"317000,00";"2024";"21/07/2026 15:43:05"
"2910909";"2311,00";"2010";"4873,00";"2022";"76623000,00";"2022";"0";"0";"0,00";"";"21/07/2026 15:43:05"
"2911006";"3369,00";"2010";"11059,00";"2022";"116439000,00";"2022";"1";"0";"0,00";"2024";"21/07/2026 15:43:05"
"2911105";"8150,00";"2010";"25899,00";"2022";"5987521000,00";"2022";"17";"0";"0,00";"2024";"21/07/2026 15:43:05"
"2911204";"14592,00";"2010";"32178,00";"2022";"512869000,00";"2022";"17";"182";"3484000,00";"2024";"21/07/2026 15:43:05"
"2911253";"2289,00";"2010";"4360,00";"2022";"55140000,00";"2022";"0";"0";"0,00";"";"21/07/2026 15:43:05"
"2911303";"3313,00";"2010";"10884,00";"2022";"137667000,00";"2022";"2";"0";"0,00";"2024";"21/07/2026 15:43:05"
"2911402";"5805,00";"2010";"15524,00";"2022";"223389000,00";"2022";"1";"0";"0,00";"2024";"21/07/2026 15:43:05"
"2911501";"3251,00";"2010";"5555,00";"2022";"79733000,00";"2022";"0";"0";"0,00";"";"21/07/2026 15:43:05"
"2911600";"9964,00";"2010";"20605,00";"2022";"240625000,00";"2022";"4";"0";"0,00";"2024";"21/07/2026 15:43:05"
"2911659";"4987,00";"2010";"8050,00";"2022";"78556000,00";"2022";"0";"0";"0,00";"";"21/07/2026 15:43:05"
"2911709";"40257,00";"2010";"87817,00";"2022";"1848370000,00";"2022";"34";"227";"4244000,00";"2024";"21/07/2026 15:43:05"
"2911808";"9512,00";"2010";"19049,00";"2022";"284897000,00";"2022";"8";"39";"793000,00";"2024";"21/07/2026 15:43:05"
"2911857";"6356,00";"2010";"12309,00";"2022";"151762000,00";"2022";"2";"0";"0,00";"2024";"21/07/2026 15:43:05"
"2911907";"9551,00";"2010";"24607,00";"2022";"286124000,00";"2022";"5";"15";"146000,00";"2024";"21/07/2026 15:43:05"
"2912004";"5348,00";"2010";"10429,00";"2022";"108317000,00";"2022";"6";"0";"0,00";"2024";"21/07/2026 15:43:05"
"2912103";"9124,00";"2010";"21665,00";"2022";"230352000,00";"2022";"5";"82";"1714000,00";"2024";"21/07/2026 15:43:05"
"2912202";"7722,00";"2010";"20785,00";"2022";"496149000,00";"2022";"11";"25";"296000,00";"2024";"21/07/2026 15:43:05"
"2912301";"6454,00";"2010";"13934,00";"2022";"199378000,00";"2022";"7";"0";"0,00";"2024";"21/07/2026 15:43:05"
"2912400";"6947,00";"2010";"16603,00";"2022";"183118000,00";"2022";"0";"0";"0,00";"";"21/07/2026 15:43:05"
"2912509";"5121,00";"2010";"13863,00";"2022";"133689000,00";"2022";"5";"5";"0,00";"2024";"21/07/2026 15:43:05"
"2912608";"1797,00";"2010";"3725,00";"2022";"42164000,00";"2022";"1";"0";"0,00";"2024";"21/07/2026 15:43:05"
"2912707";"9023,00";"2010";"25344,00";"2022";"314018000,00";"2022";"2";"0";"0,00";"2024";"21/07/2026 15:43:05"
"2912806";"3613,00";"2010";"8896,00";"2022";"440052000,00";"2022";"2";"0";"0,00";"2024";"21/07/2026 15:43:05"
"2912905";"7296,00";"2010";"18792,00";"2022";"245794000,00";"2022";"18";"126";"1435000,00";"2024";"21/07/2026 15:43:05"
"2913002";"5227,00";"2010";"14637,00";"2022";"124077000,00";"2022";"7";"12";"108000,00";"2024";"21/07/2026 15:43:05"
"2913101";"7569,00";"2010";"16969,00";"2022";"165480000,00";"2022";"4";"13";"30000,00";"2024";"21/07/2026 15:43:05"
"2913200";"11293,00";"2010";"26309,00";"2022";"482520000,00";"2022";"2";"0";"0,00";"2024";"21/07/2026 15:43:05"
"2913309";"2367,00";"2010";"6190,00";"2022";"64299000,00";"2022";"1";"0";"0,00";"2024";"21/07/2026 15:43:05"
"2913408";"6734,00";"2010";"15527,00";"2022";"213020000,00";"2022";"7";"48";"772000,00";"2024";"21/07/2026 15:43:05"
"2913457";"6152,00";"2010";"13151,00";"2022";"225550000,00";"2022";"1";"0";"0,00";"2024";"21/07/2026 15:43:05"
"2913507";"10623,00";"2010";"21491,00";"2022";"247343000,00";"2022";"5";"12";"131000,00";"2024";"21/07/2026 15:43:05"
"2913606";"87718,00";"2010";"178649,00";"2022";"6704943000,00";"2022";"19";"691";"24023000,00";"2024";"21/07/2026 15:43:05"
"2913705";"16903,00";"2010";"33790,00";"2022";"668475000,00";"2022";"12";"0";"0,00";"2024";"21/07/2026 15:43:05"
"2913804";"6730,00";"2010";"13709,00";"2022";"125727000,00";"2022";"0";"0";"0,00";"";"21/07/2026 15:43:05"
"2913903";"18966,00";"2010";"40706,00";"2022";"640795000,00";"2022";"33";"209";"3335000,00";"2024";"21/07/2026 15:43:05"
"2914000";"25333,00";"2010";"56876,00";"2022";"765628000,00";"2022";"5";"8";"23000,00";"2024";"21/07/2026 15:43:05"
"2914109";"3733,00";"2010";"9935,00";"2022";"120660000,00";"2022";"3";"39";"929000,00";"2024";"21/07/2026 15:43:05"
"2914208";"3074,00";"2010";"6101,00";"2022";"76989000,00";"2022";"4";"8";"58000,00";"2024";"21/07/2026 15:43:05"
"2914307";"4643,00";"2010";"10752,00";"2022";"117392000,00";"2022";"3";"8";"69000,00";"2024";"21/07/2026 15:43:05"
"2914406";"8970,00";"2010";"23879,00";"2022";"766675000,00";"2022";"4";"4";"0,00";"2024";"21/07/2026 15:43:05"
"2914505";"15094,00";"2010";"28043,00";"2022";"332675000,00";"2022";"4";"19";"275000,00";"2024";"21/07/2026 15:43:05"
"2914604";"30865,00";"2010";"74507,00";"2022";"1779885000,00";"2022";"19";"133";"2887000,00";"2024";"21/07/2026 15:43:05"
"2914653";"12278,00";"2010";"28165,00";"2022";"549081000,00";"2022";"13";"150";"2870000,00";"2024";"21/07/2026 15:43:05"
"2914703";"28655,00";"2010";"65073,00";"2022";"1160119000,00";"2022";"25";"277";"5242000,00";"2024";"21/07/2026 15:43:05"
"2914802";"98549,00";"2010";"186708,00";"2022";"4780912000,00";"2022";"38";"797";"18817000,00";"2024";"21/07/2026 15:43:05"
"2914901";"11055,00";"2010";"27704,00";"2022";"482599000,00";"2022";"4";"0";"0,00";"2024";"21/07/2026 15:43:05"
"2915007";"5348,00";"2010";"13472,00";"2022";"129630000,00";"2022";"1";"0";"0,00";"2024";"21/07/2026 15:43:05"
"2915106";"4731,00";"2010";"13803,00";"2022";"144579000,00";"2022";"7";"15";"187000,00";"2024";"21/07/2026 15:43:05"
"2915205";"5966,00";"2010";"15310,00";"2022";"876119000,00";"2022";"6";"0";"0,00";"2024";"21/07/2026 15:43:05"
"2915304";"2932,00";"2010";"6347,00";"2022";"139385000,00";"2022";"3";"18";"219000,00";"2024";"21/07/2026 15:43:05"
"2915353";"6532,00";"2010";"12311,00";"2022";"150049000,00";"2022";"0";"0";"0,00";"";"21/07/2026 15:43:05"
"2915403";"3065,00";"2010";"6037,00";"2022";"117699000,00";"2022";"5";"12";"101000,00";"2024";"21/07/2026 15:43:05"
"2915502";"8635,00";"2010";"18781,00";"2022";"339263000,00";"2022";"8";"54";"1009000,00";"2024";"21/07/2026 15:43:05"
"2915601";"28161,00";"2010";"59605,00";"2022";"1258909000,00";"2022";"17";"0";"0,00";"2024";"21/07/2026 15:43:05"
"2915700";"3593,00";"2010";"7051,00";"2022";"101927000,00";"2022";"0";"0";"0,00";"";"21/07/2026 15:43:05"
"2915809";"10002,00";"2010";"24394,00";"2022";"352107000,00";"2022";"10";"53";"734000,00";"2024";"21/07/2026 15:43:05"
"2915908";"2961,00";"2010";"5914,00";"2022";"102244000,00";"2022";"0";"0";"0,00";"";"21/07/2026 15:43:05"
"2916005";"8921,00";"2010";"17813,00";"2022";"305819000,00";"2022";"4";"69";"1204000,00";"2024";"21/07/2026 15:43:05"
"2916104";"9146,00";"2010";"19789,00";"2022";"285800000,00";"2022";"4";"0";"0,00";"2024";"21/07/2026 15:43:05"
"2916203";"4339,00";"2010";"10341,00";"2022";"125798000,00";"2022";"3";"0";"0,00";"2024";"21/07/2026 15:43:05"
"2916302";"3840,00";"2010";"9174,00";"2022";"297356000,00";"2022";"2";"0";"0,00";"2024";"21/07/2026 15:43:05"
"2916401";"33684,00";"2010";"65897,00";"2022";"1707485000,00";"2022";"11";"229";"3827000,00";"2024";"21/07/2026 15:43:05"
"2916500";"14388,00";"2010";"31679,00";"2022";"453943000,00";"2022";"4";"0";"0,00";"2024";"21/07/2026 15:43:05"
"2916609";"3644,00";"2010";"10279,00";"2022";"110955000,00";"2022";"0";"0";"0,00";"";"21/07/2026 15:43:05"
"2916708";"3178,00";"2010";"8153,00";"2022";"95765000,00";"2022";"0";"0";"0,00";"";"21/07/2026 15:43:05"
"2916807";"8137,00";"2010";"17052,00";"2022";"356226000,00";"2022";"4";"10";"63000,00";"2024";"21/07/2026 15:43:05"
"2916856";"6212,00";"2010";"15737,00";"2022";"520385000,00";"2022";"6";"65";"963000,00";"2024";"21/07/2026 15:43:05"
"2916906";"5509,00";"2010";"10999,00";"2022";"127758000,00";"2022";"4";"0";"0,00";"2024";"21/07/2026 15:43:05"
"2917003";"14416,00";"2010";"33872,00";"2022";"388107000,00";"2022";"15";"106";"1771000,00";"2024";"21/07/2026 15:43:05"
"2917102";"8560,00";"2010";"16617,00";"2022";"263958000,00";"2022";"9";"43";"696000,00";"2024";"21/07/2026 15:43:05"
"2917201";"8251,00";"2010";"17914,00";"2022";"277477000,00";"2022";"11";"42";"552000,00";"2024";"21/07/2026 15:43:05"
"2917300";"12803,00";"2010";"21902,00";"2022";"386726000,00";"2022";"5";"159";"3366000,00";"2024";"21/07/2026 15:43:05"
"2917334";"4922,00";"2010";"11118,00";"2022";"149731000,00";"2022";"1";"0";"0,00";"2024";"21/07/2026 15:43:05"
"2917359";"3906,00";"2010";"9275,00";"2022";"1665178000,00";"2022";"1";"0";"0,00";"2024";"21/07/2026 15:43:05"
"2917409";"6797,00";"2010";"14436,00";"2022";"136009000,00";"2022";"1";"0";"0,00";"2024";"21/07/2026 15:43:05"
"2917508";"38798,00";"2010";"82590,00";"2022";"1816304000,00";"2022";"18";"192";"3268000,00";"2024";"21/07/2026 15:43:05"
"2917607";"22697,00";"2010";"45964,00";"2022";"750299000,00";"2022";"10";"71";"2193000,00";"2024";"21/07/2026 15:43:05"
"2917706";"11853,00";"2010";"32703,00";"2022";"865035000,00";"2022";"3";"53";"1514000,00";"2024";"21/07/2026 15:43:05"
"2917805";"8421,00";"2010";"17659,00";"2022";"221947000,00";"2022";"0";"0";"0,00";"";"21/07/2026 15:43:05"
"2917904";"3844,00";"2010";"9285,00";"2022";"183483000,00";"2022";"6";"27";"239000,00";"2024";"21/07/2026 15:43:05"
"2918001";"70548,00";"2010";"158813,00";"2022";"3613954000,00";"2022";"46";"255";"4707000,00";"2024";"21/07/2026 15:43:05"
"2918100";"17851,00";"2010";"37626,00";"2022";"611471000,00";"2022";"1";"0";"0,00";"2024";"21/07/2026 15:43:05"
"2918209";"7052,00";"2010";"13629,00";"2022";"162566000,00";"2022";"0";"0";"0,00";"";"21/07/2026 15:43:05"
"2918308";"5418,00";"2010";"14355,00";"2022";"207889000,00";"2022";"9";"44";"535000,00";"2024";"21/07/2026 15:43:05"
"2918357";"9541,00";"2010";"24854,00";"2022";"309356000,00";"2022";"1";"0";"0,00";"2024";"21/07/2026 15:43:05"
"2918407";"89600,00";"2010";"237821,00";"2022";"5505939000,00";"2022";"42";"133";"1617000,00";"2024";"21/07/2026 15:43:05"
"2918456";"3101,00";"2010";"9655,00";"2022";"138908000,00";"2022";"1";"0";"0,00";"2024";"21/07/2026 15:43:05"
"2918506";"6049,00";"2010";"16354,00";"2022";"133627000,00";"2022";"5";"15";"196000,00";"2024";"21/07/2026 15:43:05"
"2918555";"2388,00";"2010";"5888,00";"2022";"78886000,00";"2022";"1";"0";"0,00";"2024";"21/07/2026 15:43:05"
"2918605";"3812,00";"2010";"7379,00";"2022";"79498000,00";"2022";"1";"0";"0,00";"2024";"21/07/2026 15:43:05"
"2918704";"1852,00";"2010";"4075,00";"2022";"64058000,00";"2022";"1";"0";"0,00";"2024";"21/07/2026 15:43:05"
"2918753";"6441,00";"2010";"14105,00";"2022";"132848000,00";"2022";"1";"0";"0,00";"2024";"21/07/2026 15:43:05"
"2918803";"11044,00";"2010";"21052,00";"2022";"314683000,00";"2022";"1";"0";"0,00";"2024";"21/07/2026 15:43:05"
"2918902";"1604,00";"2010";"3845,00";"2022";"124140000,00";"2022";"1";"0";"0,00";"2024";"21/07/2026 15:43:05"
"2919009";"1571,00";"2010";"3527,00";"2022";"74608000,00";"2022";"0";"0";"0,00";"";"21/07/2026 15:43:05"
"2919058";"3551,00";"2010";"7494,00";"2022";"84401000,00";"2022";"2";"0";"0,00";"2024";"21/07/2026 15:43:05"
"2919108";"4047,00";"2010";"9015,00";"2022";"75343000,00";"2022";"1";"0";"0,00";"2024";"21/07/2026 15:43:05"
"2919157";"10947,00";"2010";"25736,00";"2022";"334843000,00";"2022";"4";"9";"75000,00";"2024";"21/07/2026 15:43:05"
"2919207";"87947,00";"2010";"203331,00";"2022";"8004190000,00";"2022";"21";"40";"159000,00";"2024";"21/07/2026 15:43:05"
"2919306";"4838,00";"2010";"10774,00";"2022";"184446000,00";"2022";"3";"0";"0,00";"2024";"21/07/2026 15:43:05"
"2919405";"5777,00";"2010";"11834,00";"2022";"155601000,00";"2022";"5";"12";"66000,00";"2024";"21/07/2026 15:43:05"
"2919504";"17164,00";"2010";"43903,00";"2022";"623588000,00";"2022";"19";"91";"1938000,00";"2024";"21/07/2026 15:43:05"
"2919553";"31990,00";"2010";"107909,00";"2022";"11938895000,00";"2022";"37";"1552";"41578000,00";"2024";"21/07/2026 15:43:05"
"2919603";"4033,00";"2010";"10454,00";"2022";"100246000,00";"2022";"1";"0";"0,00";"2024";"21/07/2026 15:43:05"
"2919702";"7471,00";"2010";"21599,00";"2022";"251739000,00";"2022";"8";"0";"0,00";"2024";"21/07/2026 15:43:05"
"2919801";"19587,00";"2010";"41859,00";"2022";"466083000,00";"2022";"7";"0";"0,00";"2024";"21/07/2026 15:43:05"
"2919900";"3314,00";"2010";"7256,00";"2022";"74830000,00";"2022";"2";"0";"0,00";"2024";"21/07/2026 15:43:05"
"2919926";"7980,00";"2010";"18504,00";"2022";"580018000,00";"2022";"3";"5";"183000,00";"2024";"21/07/2026 15:43:05"
"2919959";"3438,00";"2010";"6973,00";"2022";"68888000,00";"2022";"2";"0";"0,00";"2024";"21/07/2026 15:43:05"
"2920007";"3897,00";"2010";"8731,00";"2022";"178235000,00";"2022";"1";"0";"0,00";"2024";"21/07/2026 15:43:05"
"2920106";"8920,00";"2010";"17674,00";"2022";"177570000,00";"2022";"5";"19";"250000,00";"2024";"21/07/2026 15:43:05"
"2920205";"6206,00";"2010";"15398,00";"2022";"208456000,00";"2022";"7";"0";"0,00";"2024";"21/07/2026 15:43:05"
"2920304";"3438,00";"2010";"8670,00";"2022";"92035000,00";"2022";"2";"0";"0,00";"2024";"21/07/2026 15:43:05"
"2920403";"5932,00";"2010";"13860,00";"2022";"147475000,00";"2022";"6";"49";"822000,00";"2024";"21/07/2026 15:43:05"
"2920452";"4141,00";"2010";"13919,00";"2022";"106247000,00";"2022";"8";"0";"0,00";"2024";"21/07/2026 15:43:05"
"2920502";"11303,00";"2010";"27620,00";"2022";"621278000,00";"2022";"10";"35";"357000,00";"2024";"21/07/2026 15:43:05"
"2920601";"19884,00";"2010";"35859,00";"2022";"430082000,00";"2022";"8";"0";"0,00";"2024";"21/07/2026 15:43:05"
"2920700";"8016,00";"2010";"24527,00";"2022";"396613000,00";"2022";"10";"22";"192000,00";"2024";"21/07/2026 15:43:05"
"2920809";"3734,00";"2010";"9267,00";"2022";"100169000,00";"2022";"1";"0";"0,00";"2024";"21/07/2026 15:43:05"
"2920908";"4856,00";"2010";"13544,00";"2022";"180090000,00";"2022";"4";"29";"584000,00";"2024";"21/07/2026 15:43:05"
"2921005";"17636,00";"2010";"42566,00";"2022";"1657803000,00";"2022";"6";"63";"1257000,00";"2024";"21/07/2026 15:43:05"
"2921054";"4132,00";"2010";"10330,00";"2022";"98505000,00";"2022";"6";"11";"85000,00";"2024";"21/07/2026 15:43:05"
"2921104";"9119,00";"2010";"22194,00";"2022";"486192000,00";"2022";"4";"11";"169000,00";"2024";"21/07/2026 15:43:05"
"2921203";"12220,00";"2010";"24661,00";"2022";"308661000,00";"2022";"5";"42";"776000,00";"2024";"21/07/2026 15:43:06"
"2921302";"4407,00";"2010";"11071,00";"2022";"174737000,00";"2022";"3";"9";"0,00";"2024";"21/07/2026 15:43:06"
"2921401";"6546,00";"2010";"15734,00";"2022";"151436000,00";"2022";"2";"0";"0,00";"2024";"21/07/2026 15:43:06"
"2921450";"4234,00";"2010";"10187,00";"2022";"92560000,00";"2022";"4";"13";"149000,00";"2024";"21/07/2026 15:43:06"
"2921500";"21204,00";"2010";"47780,00";"2022";"514353000,00";"2022";"3";"0";"0,00";"2024";"21/07/2026 15:43:06"
"2921609";"3056,00";"2010";"7996,00";"2022";"87064000,00";"2022";"0";"0";"0,00";"";"21/07/2026 15:43:06"
"2921708";"15244,00";"2010";"33594,00";"2022";"737034000,00";"2022";"12";"50";"697000,00";"2024";"21/07/2026 15:43:06"
"2921807";"6520,00";"2010";"11143,00";"2022";"114248000,00";"2022";"2";"0";"0,00";"2024";"21/07/2026 15:43:06"
"2921906";"4816,00";"2010";"12137,00";"2022";"560968000,00";"2022";"5";"25";"393000,00";"2024";"21/07/2026 15:43:06"
"2922003";"16328,00";"2010";"37977,00";"2022";"2968296000,00";"2022";"9";"506";"6321000,00";"2024";"21/07/2026 15:43:06"
"2922052";"5600,00";"2010";"13152,00";"2022";"254975000,00";"2022";"2";"0";"0,00";"2024";"21/07/2026 15:43:06"
"2922102";"10212,00";"2010";"17305,00";"2022";"190074000,00";"2022";"1";"0";"0,00";"2024";"21/07/2026 15:43:06"
"2922201";"3260,00";"2010";"7190,00";"2022";"77665000,00";"2022";"0";"0";"0,00";"";"21/07/2026 15:43:06"
"2922250";"3913,00";"2010";"10443,00";"2022";"234872000,00";"2022";"1";"0";"0,00";"2024";"21/07/2026 15:43:06"
"2922300";"12960,00";"2010";"28707,00";"2022";"320965000,00";"2022";"8";"0";"0,00";"2024";"21/07/2026 15:43:06"
"2922409";"10284,00";"2010";"20037,00";"2022";"554459000,00";"2022";"5";"18";"264000,00";"2024";"21/07/2026 15:43:06"
"2922508";"12422,00";"2010";"27060,00";"2022";"411316000,00";"2022";"5";"48";"861000,00";"2024";"21/07/2026 15:43:06"
"2922607";"5205,00";"2010";"12063,00";"2022";"200144000,00";"2022";"7";"16";"211000,00";"2024";"21/07/2026 15:43:06"
"2922656";"4791,00";"2010";"18523,00";"2022";"171364000,00";"2022";"0";"0";"0,00";"";"21/07/2026 15:43:06"
"2922706";"7026,00";"2010";"13715,00";"2022";"196102000,00";"2022";"1";"0";"0,00";"2024";"21/07/2026 15:43:06"
"2922730";"3495,00";"2010";"7967,00";"2022";"102026000,00";"2022";"3";"25";"377000,00";"2024";"21/07/2026 15:43:06"
"2922755";"3043,00";"2010";"6501,00";"2022";"106669000,00";"2022";"0";"0";"0,00";"";"21/07/2026 15:43:06"
"2922805";"2488,00";"2010";"7780,00";"2022";"81201000,00";"2022";"1";"0";"0,00";"2024";"21/07/2026 15:43:06"
"2922854";"3492,00";"2010";"7538,00";"2022";"83312000,00";"2022";"5";"24";"434000,00";"2024";"21/07/2026 15:43:06"
"2922904";"9683,00";"2010";"24236,00";"2022";"291500000,00";"2022";"4";"19";"300000,00";"2024";"21/07/2026 15:43:06"
"2923001";"17572,00";"2010";"39509,00";"2022";"646041000,00";"2022";"1";"0";"0,00";"2024";"21/07/2026 15:43:06"
"2923035";"4121,00";"2010";"11162,00";"2022";"115006000,00";"2022";"5";"5";"10000,00";"2024";"21/07/2026 15:43:06"
"2923050";"6393,00";"2010";"10660,00";"2022";"114669000,00";"2022";"0";"0";"0,00";"";"21/07/2026 15:43:06"
"2923100";"8782,00";"2010";"22633,00";"2022";"270817000,00";"2022";"5";"33";"583000,00";"2024";"21/07/2026 15:43:06"
"2923209";"7061,00";"2010";"20715,00";"2022";"371571000,00";"2022";"3";"0";"0,00";"2024";"21/07/2026 15:43:06"
"2923308";"4219,00";"2010";"7716,00";"2022";"106666000,00";"2022";"0";"0";"0,00";"";"21/07/2026 15:43:06"
"2923357";"7378,00";"2010";"19243,00";"2022";"281119000,00";"2022";"8";"56";"977000,00";"2024";"21/07/2026 15:43:06"
"2923407";"9248,00";"2010";"20078,00";"2022";"259686000,00";"2022";"3";"7";"69000,00";"2024";"21/07/2026 15:43:06"
"2923506";"3868,00";"2010";"10339,00";"2022";"135575000,00";"2022";"2";"0";"0,00";"2024";"21/07/2026 15:43:06"
"2923605";"9835,00";"2010";"20351,00";"2022";"284096000,00";"2022";"3";"18";"235000,00";"2024";"21/07/2026 15:43:06"
"2923704";"11009,00";"2010";"29252,00";"2022";"287940000,00";"2022";"6";"10";"0,00";"2024";"21/07/2026 15:43:06"
"2923803";"10544,00";"2010";"26604,00";"2022";"572980000,00";"2022";"5";"72";"1319000,00";"2024";"21/07/2026 15:43:06"
"2923902";"3823,00";"2010";"9370,00";"2022";"118828000,00";"2022";"3";"0";"0,00";"2024";"21/07/2026 15:43:06"
"2924009";"47160,00";"2010";"112870,00";"2022";"4009274000,00";"2022";"16";"254";"4999000,00";"2024";"21/07/2026 15:43:06"
"2924058";"6434,00";"2010";"13243,00";"2022";"162950000,00";"2022";"1";"0";"0,00";"2024";"21/07/2026 15:43:06"
"2924108";"2960,00";"2010";"6235,00";"2022";"56138000,00";"2022";"1";"0";"0,00";"2024";"21/07/2026 15:43:06"
"2924207";"6915,00";"2010";"13954,00";"2022";"169733000,00";"2022";"0";"0";"0,00";"";"21/07/2026 15:43:06"
"2924306";"7088,00";"2010";"20086,00";"2022";"213258000,00";"2022";"7";"18";"235000,00";"2024";"21/07/2026 15:43:06"
"2924405";"11434,00";"2010";"35357,00";"2022";"313744000,00";"2022";"1";"0";"0,00";"2024";"21/07/2026 15:43:06"
"2924504";"7396,00";"2010";"14731,00";"2022";"247172000,00";"2022";"7";"31";"279000,00";"2024";"21/07/2026 15:43:06"
"2924603";"8256,00";"2010";"19083,00";"2022";"187999000,00";"2022";"1";"0";"0,00";"2024";"21/07/2026 15:43:06"
"2924652";"4656,00";"2010";"10325,00";"2022";"121619000,00";"2022";"0";"0";"0,00";"";"21/07/2026 15:43:06"
"2924678";"4248,00";"2010";"10974,00";"2022";"138884000,00";"2022";"3";"0";"0,00";"2024";"21/07/2026 15:43:06"
"2924702";"4484,00";"2010";"9152,00";"2022";"83834000,00";"2022";"4";"8";"101000,00";"2024";"21/07/2026 15:43:06"
"2924801";"9128,00";"2010";"17566,00";"2022";"197758000,00";"2022";"1";"0";"0,00";"2024";"21/07/2026 15:43:06"
"2924900";"4273,00";"2010";"8022,00";"2022";"80129000,00";"2022";"1";"0";"0,00";"2024";"21/07/2026 15:43:06"
"2925006";"10714,00";"2010";"23334,00";"2022";"311912000,00";"2022";"4";"0";"0,00";"2024";"21/07/2026 15:43:06"
"2925105";"18854,00";"2010";"48293,00";"2022";"622825000,00";"2022";"11";"0";"0,00";"2024";"21/07/2026 15:43:06"
"2925204";"15214,00";"2010";"32136,00";"2022";"2808750000,00";"2022";"7";"74";"1188000,00";"2024";"21/07/2026 15:43:06"
"2925253";"6463,00";"2010";"17938,00";"2022";"176483000,00";"2022";"3";"0";"0,00";"2024";"21/07/2026 15:43:06"
"2925303";"64351,00";"2010";"168326,00";"2022";"4440532000,00";"2022";"63";"1683";"39652000,00";"2024";"21/07/2026 15:43:06"
"2925402";"4448,00";"2010";"10274,00";"2022";"130209000,00";"2022";"2";"0";"0,00";"2024";"21/07/2026 15:43:06"
"2925501";"12918,00";"2010";"35003,00";"2022";"719701000,00";"2022";"17";"108";"1896000,00";"2024";"21/07/2026 15:43:06"
"2925600";"4863,00";"2010";"15130,00";"2022";"145533000,00";"2022";"6";"25";"361000,00";"2024";"21/07/2026 15:43:06"
"2925709";"5372,00";"2010";"12621,00";"2022";"111215000,00";"2022";"4";"18";"172000,00";"2024";"21/07/2026 15:43:06"
"2925758";"11600,00";"2010";"27734,00";"2022";"365593000,00";"2022";"3";"7";"77000,00";"2024";"21/07/2026 15:43:06"
"2925808";"10941,00";"2010";"25988,00";"2022";"282522000,00";"2022";"11";"32";"637000,00";"2024";"21/07/2026 15:43:06"
"2925907";"10961,00";"2010";"25272,00";"2022";"271168000,00";"2022";"2";"0";"0,00";"2024";"21/07/2026 15:43:06"
"2925931";"4454,00";"2010";"9461,00";"2022";"95438000,00";"2022";"3";"5";"21000,00";"2024";"21/07/2026 15:43:06"
"2925956";"9963,00";"2010";"19662,00";"2022";"423684000,00";"2022";"2";"0";"0,00";"2024";"21/07/2026 15:43:06"
"2926004";"17053,00";"2010";"40586,00";"2022";"523254000,00";"2022";"4";"0";"0,00";"2024";"21/07/2026 15:43:06"
"2926103";"5844,00";"2010";"13651,00";"2022";"174336000,00";"2022";"2";"0";"0,00";"2024";"21/07/2026 15:43:06"
"2926202";"7113,00";"2010";"21642,00";"2022";"2108395000,00";"2022";"4";"5";"0,00";"2024";"21/07/2026 15:43:06"
"2926301";"15338,00";"2010";"33386,00";"2022";"506571000,00";"2022";"4";"26";"375000,00";"2024";"21/07/2026 15:43:06"
"2926400";"13268,00";"2010";"30711,00";"2022";"355432000,00";"2022";"3";"0";"0,00";"2024";"21/07/2026 15:43:06"
"2926509";"5969,00";"2010";"13841,00";"2022";"172531000,00";"2022";"1";"0";"0,00";"2024";"21/07/2026 15:43:06"
"2926608";"20734,00";"2010";"54010,00";"2022";"805349000,00";"2022";"18";"156";"2806000,00";"2024";"21/07/2026 15:43:06"
"2926657";"3680,00";"2010";"9740,00";"2022";"117927000,00";"2022";"0";"0";"0,00";"";"21/07/2026 15:43:06"
"2926707";"5148,00";"2010";"13184,00";"2022";"171465000,00";"2022";"3";"0";"0,00";"2024";"21/07/2026 15:43:06"
"2926806";"6153,00";"2010";"13146,00";"2022";"129869000,00";"2022";"2";"0";"0,00";"2024";"21/07/2026 15:43:06"
"2926905";"4593,00";"2010";"10497,00";"2022";"105611000,00";"2022";"6";"17";"599000,00";"2024";"21/07/2026 15:43:06"
"2927002";"17071,00";"2010";"35362,00";"2022";"1106437000,00";"2022";"11";"53";"937000,00";"2024";"21/07/2026 15:43:06"
"2927101";"2785,00";"2010";"10308,00";"2022";"151147000,00";"2022";"1";"0";"0,00";"2024";"21/07/2026 15:43:06"
"2927200";"12684,00";"2010";"28282,00";"2022";"472126000,00";"2022";"7";"32";"490000,00";"2024";"21/07/2026 15:43:06"
"2927309";"6736,00";"2010";"14987,00";"2022";"212067000,00";"2022";"4";"0";"0,00";"2024";"21/07/2026 15:43:06"
"2927408";"1441179,00";"2010";"2417678,00";"2022";"68764218000,00";"2022";"98";"19131";"469270000,00";"2024";"21/07/2026 15:43:06"
"2927507";"7891,00";"2010";"20952,00";"2022";"199498000,00";"2022";"1";"0";"0,00";"2024";"21/07/2026 15:43:06"
"2927606";"7296,00";"2010";"14965,00";"2022";"143420000,00";"2022";"0";"0";"0,00";"";"21/07/2026 15:43:06"
"2927705";"12215,00";"2010";"29185,00";"2022";"600433000,00";"2022";"13";"0";"0,00";"2024";"21/07/2026 15:43:06"
"2927804";"2039,00";"2010";"4681,00";"2022";"77135000,00";"2022";"0";"0";"0,00";"";"21/07/2026 15:43:06"
"2927903";"4315,00";"2010";"10300,00";"2022";"91139000,00";"2022";"3";"33";"600000,00";"2024";"21/07/2026 15:43:06"
"2928000";"15541,00";"2010";"37834,00";"2022";"619029000,00";"2022";"14";"69";"1217000,00";"2024";"21/07/2026 15:43:06"
"2928059";"5492,00";"2010";"13896,00";"2022";"143635000,00";"2022";"2";"0";"0,00";"2024";"21/07/2026 15:43:06"
"2928109";"17251,00";"2010";"38604,00";"2022";"648377000,00";"2022";"9";"0";"0,00";"2024";"21/07/2026 15:43:06"
"2928208";"11101,00";"2010";"24755,00";"2022";"400247000,00";"2022";"4";"18";"216000,00";"2024";"21/07/2026 15:43:06"
"2928307";"4236,00";"2010";"8716,00";"2022";"73341000,00";"2022";"2";"0";"0,00";"2024";"21/07/2026 15:43:06"
"2928406";"10909,00";"2010";"27390,00";"2022";"328352000,00";"2022";"9";"0";"0,00";"2024";"21/07/2026 15:43:06"
"2928505";"3710,00";"2010";"10441,00";"2022";"146455000,00";"2022";"0";"0";"0,00";"";"21/07/2026 15:43:06"
"2928604";"25178,00";"2010";"56012,00";"2022";"1223555000,00";"2022";"3";"36";"745000,00";"2024";"21/07/2026 15:43:06"
"2928703";"47894,00";"2010";"103055,00";"2022";"2737852000,00";"2022";"21";"546";"10505000,00";"2024";"21/07/2026 15:43:06"
"2928802";"23823,00";"2010";"52276,00";"2022";"1130712000,00";"2022";"7";"54";"1265000,00";"2024";"21/07/2026 15:43:06"
"2928901";"11031,00";"2010";"32828,00";"2022";"9514922000,00";"2022";"6";"0";"0,00";"2024";"21/07/2026 15:43:06"
"2928950";"4883,00";"2010";"8426,00";"2022";"97825000,00";"2022";"4";"6";"97000,00";"2024";"21/07/2026 15:43:06"
"2929008";"6865,00";"2010";"11026,00";"2022";"191036000,00";"2022";"1";"0";"0,00";"2024";"21/07/2026 15:43:06"
"2929057";"5683,00";"2010";"15194,00";"2022";"250118000,00";"2022";"6";"0";"0,00";"2024";"21/07/2026 15:43:06"
"2929107";"9631,00";"2010";"20283,00";"2022";"255642000,00";"2022";"1";"0";"0,00";"2024";"21/07/2026 15:43:06"
"2929206";"15796,00";"2010";"38733,00";"2022";"25361789000,00";"2022";"0";"0";"0,00";"";"21/07/2026 15:43:06"
"2929255";"7501,00";"2010";"18600,00";"2022";"179236000,00";"2022";"7";"0";"0,00";"2024";"21/07/2026 15:43:06"
"2929305";"16233,00";"2010";"39513,00";"2022";"1361892000,00";"2022";"8";"32";"291000,00";"2024";"21/07/2026 15:43:06"
"2929354";"2031,00";"2010";"5315,00";"2022";"65331000,00";"2022";"1";"0";"0,00";"2024";"21/07/2026 15:43:06"
"2929370";"4588,00";"2010";"10187,00";"2022";"136119000,00";"2022";"5";"18";"79000,00";"2024";"21/07/2026 15:43:06"
"2929404";"5431,00";"2010";"10334,00";"2022";"168437000,00";"2022";"0";"0";"0,00";"";"21/07/2026 15:43:06"
"2929503";"18651,00";"2010";"40958,00";"2022";"1057959000,00";"2022";"9";"59";"1444000,00";"2024";"21/07/2026 15:43:06"
"2929602";"7602,00";"2010";"17963,00";"2022";"269296000,00";"2022";"9";"0";"0,00";"2024";"21/07/2026 15:43:06"
"2929701";"9185,00";"2010";"16008,00";"2022";"317794000,00";"2022";"7";"0";"0,00";"2024";"21/07/2026 15:43:06"
"2929750";"5195,00";"2010";"11438,00";"2022";"155655000,00";"2022";"2";"0";"0,00";"2024";"21/07/2026 15:43:06"
"2929800";"4990,00";"2010";"10478,00";"2022";"109733000,00";"2022";"2";"0";"0,00";"2024";"21/07/2026 15:43:06"
"2929909";"20020,00";"2010";"46160,00";"2022";"730433000,00";"2022";"10";"38";"544000,00";"2024";"21/07/2026 15:43:06"
"2930006";"4657,00";"2010";"9360,00";"2022";"111669000,00";"2022";"1";"0";"0,00";"2024";"21/07/2026 15:43:06"
"2930105";"32385,00";"2010";"74523,00";"2022";"1153020000,00";"2022";"36";"61";"464000,00";"2024";"21/07/2026 15:43:06"
"2930154";"10626,00";"2010";"34222,00";"2022";"477400000,00";"2022";"4";"0";"0,00";"2024";"21/07/2026 15:43:06"
"2930204";"14707,00";"2010";"38154,00";"2022";"1493924000,00";"2022";"7";"66";"1359000,00";"2024";"21/07/2026 15:43:06"
"2930303";"7405,00";"2010";"17066,00";"2022";"215874000,00";"2022";"1";"0";"0,00";"2024";"21/07/2026 15:43:06"
"2930402";"6502,00";"2010";"17996,00";"2022";"163469000,00";"2022";"0";"0";"0,00";"";"21/07/2026 15:43:06"
"2930501";"36908,00";"2010";"80435,00";"2022";"1252947000,00";"2022";"13";"192";"2769000,00";"2024";"21/07/2026 15:43:06"
"2930600";"6002,00";"2010";"13335,00";"2022";"132635000,00";"2022";"3";"0";"0,00";"2024";"21/07/2026 15:43:06"
"2930709";"56229,00";"2010";"114559,00";"2022";"7423431000,00";"2022";"7";"1757";"42849000,00";"2024";"21/07/2026 15:43:06"
"2930758";"3504,00";"2010";"13408,00";"2022";"132588000,00";"2022";"0";"0";"0,00";"";"21/07/2026 15:43:06"
"2930766";"5467,00";"2010";"14773,00";"2022";"150091000,00";"2022";"1";"0";"0,00";"2024";"21/07/2026 15:43:06"
"2930774";"8662,00";"2010";"25475,00";"2022";"952518000,00";"2022";"2";"0";"0,00";"2024";"21/07/2026 15:43:06"
"2930808";"7019,00";"2010";"17054,00";"2022";"157653000,00";"2022";"2";"0";"0,00";"2024";"21/07/2026 15:43:06"
"2930907";"4341,00";"2010";"11979,00";"2022";"341747000,00";"2022";"10";"50";"693000,00";"2024";"21/07/2026 15:43:06"
"2931004";"9057,00";"2010";"21006,00";"2022";"278872000,00";"2022";"18";"0";"0,00";"2024";"21/07/2026 15:43:06"
"2931053";"8232,00";"2010";"17158,00";"2022";"216305000,00";"2022";"7";"11";"56000,00";"2024";"21/07/2026 15:43:06"
"2931103";"2963,00";"2010";"7717,00";"2022";"72090000,00";"2022";"3";"10";"132000,00";"2024";"21/07/2026 15:43:06"
"2931202";"8291,00";"2010";"18044,00";"2022";"227007000,00";"2022";"1";"0";"0,00";"2024";"21/07/2026 15:43:06"
"2931301";"6341,00";"2010";"15818,00";"2022";"163288000,00";"2022";"4";"0";"0,00";"2024";"21/07/2026 15:43:06"
"2931350";"69043,00";"2010";"145216,00";"2022";"3328070000,00";"2022";"30";"532";"10200000,00";"2024";"21/07/2026 15:43:06"
"2931400";"2978,00";"2010";"7110,00";"2022";"114574000,00";"2022";"1";"0";"0,00";"2024";"21/07/2026 15:43:06"
"2931509";"9362,00";"2010";"21176,00";"2022";"207927000,00";"2022";"0";"0";"0,00";"";"21/07/2026 15:43:06"
"2931608";"6579,00";"2010";"15332,00";"2022";"233156000,00";"2022";"2";"0";"0,00";"2024";"21/07/2026 15:43:06"
"2931707";"4840,00";"2010";"10798,00";"2022";"174605000,00";"2022";"0";"0";"0,00";"";"21/07/2026 15:43:06"
"2931806";"6539,00";"2010";"16296,00";"2022";"150401000,00";"2022";"1";"0";"0,00";"2024";"21/07/2026 15:43:06"
"2931905";"23186,00";"2010";"48736,00";"2022";"633447000,00";"2022";"4";"86";"1222000,00";"2024";"21/07/2026 15:43:06"
"2932002";"9761,00";"2010";"24665,00";"2022";"277058000,00";"2022";"7";"18";"118000,00";"2024";"21/07/2026 15:43:06"
"2932101";"9557,00";"2010";"18626,00";"2022";"253804000,00";"2022";"2";"0";"0,00";"2024";"21/07/2026 15:43:06"
"2932200";"8682,00";"2010";"17596,00";"2022";"289446000,00";"2022";"3";"29";"573000,00";"2024";"21/07/2026 15:43:06"
"2932309";"10375,00";"2010";"16094,00";"2022";"233221000,00";"2022";"14";"90";"617000,00";"2024";"21/07/2026 15:43:06"
"2932408";"5628,00";"2010";"13432,00";"2022";"307867000,00";"2022";"4";"14";"167000,00";"2024";"21/07/2026 15:43:06"
"2932457";"5865,00";"2010";"13642,00";"2022";"260969000,00";"2022";"3";"0";"0,00";"2024";"21/07/2026 15:43:06"
"2932507";"10678,00";"2010";"18131,00";"2022";"380360000,00";"2022";"5";"231";"4281000,00";"2024";"21/07/2026 15:43:06"
"2932606";"6466,00";"2010";"15355,00";"2022";"203527000,00";"2022";"8";"70";"1145000,00";"2024";"21/07/2026 15:43:06"
"2932705";"8422,00";"2010";"21420,00";"2022";"317768000,00";"2022";"4";"24";"266000,00";"2024";"21/07/2026 15:43:06"
"2932804";"7969,00";"2010";"16277,00";"2022";"195563000,00";"2022";"8";"0";"0,00";"2024";"21/07/2026 15:43:06"
"2932903";"43901,00";"2010";"85655,00";"2022";"2010351000,00";"2022";"19";"218";"4170000,00";"2024";"21/07/2026 15:43:06"
"2933000";"12942,00";"2010";"24362,00";"2022";"311922000,00";"2022";"10";"54";"902000,00";"2024";"21/07/2026 15:43:06"
"2933059";"6586,00";"2010";"13800,00";"2022";"129467000,00";"2022";"2";"0";"0,00";"2024";"21/07/2026 15:43:06"
"2933109";"3939,00";"2010";"8101,00";"2022";"132771000,00";"2022";"1";"0";"0,00";"2024";"21/07/2026 15:43:06"
"2933158";"5868,00";"2010";"13377,00";"2022";"247162000,00";"2022";"4";"14";"219000,00";"2024";"21/07/2026 15:43:06"
"2933174";"4546,00";"2010";"9913,00";"2022";"149543000,00";"2022";"2";"0";"0,00";"2024";"21/07/2026 15:43:06"
"2933208";"16536,00";"2010";"42529,00";"2022";"658722000,00";"2022";"15";"0";"0,00";"2024";"21/07/2026 15:43:06"
"2933257";"2571,00";"2010";"6003,00";"2022";"100789000,00";"2022";"2";"0";"0,00";"2024";"21/07/2026 15:43:06"
"2933307";"152770,00";"2010";"370879,00";"2022";"9324322000,00";"2022";"67";"910";"18413000,00";"2024";"21/07/2026 15:43:07"
"2933406";"4002,00";"2010";"9503,00";"2022";"98206000,00";"2022";"2";"0";"0,00";"2024";"21/07/2026 15:43:07"
"2933455";"5230,00";"2010";"12968,00";"2022";"194369000,00";"2022";"1";"0";"0,00";"2024";"21/07/2026 15:43:07"
"2933505";"10394,00";"2010";"24474,00";"2022";"354805000,00";"2022";"2";"0";"0,00";"2024";"21/07/2026 15:43:07"
"2933604";"18559,00";"2010";"44757,00";"2022";"560495000,00";"2022";"3";"0";"0,00";"2024";"21/07/2026 15:43:07"
"3100104";"3460,00";"2010";"6272,00";"2022";"179485000,00";"2022";"5";"0";"0,00";"2024";"21/07/2026 15:43:07"
"3100203";"11486,00";"2010";"22675,00";"2022";"569166000,00";"2022";"1";"0";"0,00";"2024";"21/07/2026 15:43:07"
"3100302";"6375,00";"2010";"13927,00";"2022";"301985000,00";"2022";"4";"131";"2426000,00";"2024";"21/07/2026 15:43:07"
"3100401";"1664,00";"2010";"3909,00";"2022";"75588000,00";"2022";"1";"0";"0,00";"2024";"21/07/2026 15:43:07"
"3100500";"4143,00";"2010";"8943,00";"2022";"158449000,00";"2022";"1";"0";"0,00";"2024";"21/07/2026 15:43:07"
"3100609";"7204,00";"2010";"12589,00";"2022";"223379000,00";"2022";"3";"29";"697000,00";"2024";"21/07/2026 15:43:07"
"3100708";"1110,00";"2010";"2108,00";"2022";"238191000,00";"2022";"0";"0";"0,00";"";"21/07/2026 15:43:07"
"3100807";"2067,00";"2010";"4357,00";"2022";"110898000,00";"2022";"0";"0";"0,00";"";"21/07/2026 15:43:07"
"3100906";"8805,00";"2010";"18448,00";"2022";"310641000,00";"2022";"1";"0";"0,00";"2024";"21/07/2026 15:43:07"
"3101003";"4858,00";"2010";"14037,00";"2022";"290803000,00";"2022";"2";"0";"0,00";"2024";"21/07/2026 15:43:07"
"3101102";"11675,00";"2010";"25269,00";"2022";"723560000,00";"2022";"5";"174";"5023000,00";"2024";"21/07/2026 15:43:07"
"3101201";"3295,00";"2010";"6233,00";"2022";"133882000,00";"2022";"1";"0";"0,00";"2024";"21/07/2026 15:43:07"
"3101300";"1375,00";"2010";"2749,00";"2022";"51306000,00";"2022";"1";"0";"0,00";"2024";"21/07/2026 15:43:07"
"3101409";"1725,00";"2010";"2952,00";"2022";"176972000,00";"2022";"1";"0";"0,00";"2024";"21/07/2026 15:43:07"
"3101508";"16947,00";"2010";"30717,00";"2022";"915498000,00";"2022";"6";"118";"2518000,00";"2024";"21/07/2026 15:43:07"
"3101607";"38696,00";"2010";"78970,00";"2022";"3891811000,00";"2022";"14";"1144";"32904000,00";"2024";"21/07/2026 15:43:07"
"3101631";"2769,00";"2010";"6931,00";"2022";"154408000,00";"2022";"2";"0";"0,00";"2024";"21/07/2026 15:43:07"
"3101706";"18356,00";"2010";"40364,00";"2022";"739398000,00";"2022";"10";"114";"2434000,00";"2024";"21/07/2026 15:43:07"
"3101805";"2872,00";"2010";"6903,00";"2022";"100345000,00";"2022";"0";"0";"0,00";"";"21/07/2026 15:43:07"
"3101904";"9458,00";"2010";"18300,00";"2022";"625971000,00";"2022";"9";"132";"2758000,00";"2024";"21/07/2026 15:43:07"
"3102001";"7001,00";"2010";"13915,00";"2022";"326887000,00";"2022";"1";"0";"0,00";"2024";"21/07/2026 15:43:07"
"3102050";"3087,00";"2010";"5795,00";"2022";"139707000,00";"2022";"2";"0";"0,00";"2024";"21/07/2026 15:43:07"
"3102100";"5165,00";"2010";"10891,00";"2022";"184430000,00";"2022";"4";"7";"41000,00";"2024";"21/07/2026 15:43:07"
"3102209";"1547,00";"2010";"3975,00";"2022";"65158000,00";"2022";"1";"0";"0,00";"2024";"21/07/2026 15:43:07"
"3102308";"7005,00";"2010";"15059,00";"2022";"361982000,00";"2022";"4";"87";"2289000,00";"2024";"21/07/2026 15:43:07"
"3102407";"1303,00";"2010";"4159,00";"2022";"77831000,00";"2022";"1";"0";"0,00";"2024";"21/07/2026 15:43:07"
"3102506";"2161,00";"2010";"4541,00";"2022";"68129000,00";"2022";"3";"6";"83000,00";"2024";"21/07/2026 15:43:07"
"3102605";"21732,00";"2010";"40553,00";"2022";"1339764000,00";"2022";"5";"236";"5569000,00";"2024";"21/07/2026 15:43:07"
"3102704";"3570,00";"2010";"9110,00";"2022";"142156000,00";"2022";"1";"0";"0,00";"2024";"21/07/2026 15:43:07"
"3102803";"5687,00";"2010";"11927,00";"2022";"314294000,00";"2022";"3";"201";"4607000,00";"2024";"21/07/2026 15:43:07"
"3102852";"4129,00";"2010";"7718,00";"2022";"202644000,00";"2022";"1";"0";"0,00";"2024";"21/07/2026 15:43:07"
"3102902";"4979,00";"2010";"11095,00";"2022";"189738000,00";"2022";"4";"23";"356000,00";"2024";"21/07/2026 15:43:07"
"3103009";"3620,00";"2010";"9219,00";"2022";"500280000,00";"2022";"3";"35";"911000,00";"2024";"21/07/2026 15:43:07"
"3103108";"766,00";"2010";"1538,00";"2022";"32949000,00";"2022";"1";"0";"0,00";"2024";"21/07/2026 15:43:07"
"3103207";"1063,00";"2010";"2181,00";"2022";"69331000,00";"2022";"1";"0";"0,00";"2024";"21/07/2026 15:43:07"
"3103306";"766,00";"2010";"2049,00";"2022";"35111000,00";"2022";"0";"0";"0,00";"";"21/07/2026 15:43:07"
"3103405";"15470,00";"2010";"34297,00";"2022";"744398000,00";"2022";"10";"0";"0,00";"2024";"21/07/2026 15:43:07"
"3103504";"57890,00";"2010";"117808,00";"2022";"6767656000,00";"2022";"39";"1381";"32112000,00";"2024";"21/07/2026 15:43:07"
"3103603";"1056,00";"2010";"2915,00";"2022";"79152000,00";"2022";"1";"0";"0,00";"2024";"21/07/2026 15:43:07"
"3103702";"4158,00";"2010";"8048,00";"2022";"164341000,00";"2022";"4";"35";"708000,00";"2024";"21/07/2026 15:43:07"
"3103751";"2845,00";"2010";"8479,00";"2022";"1345479000,00";"2022";"8";"10";"0,00";"2024";"21/07/2026 15:43:07"
"3103801";"1468,00";"2010";"2631,00";"2022";"219252000,00";"2022";"0";"0";"0,00";"";"21/07/2026 15:43:07"
"3103900";"4706,00";"2010";"9199,00";"2022";"414182000,00";"2022";"3";"0";"0,00";"2024";"21/07/2026 15:43:07"
"3104007";"51142,00";"2010";"111691,00";"2022";"8637092000,00";"2022";"25";"563";"26248000,00";"2024";"21/07/2026 15:43:07"
"3104106";"4976,00";"2010";"9177,00";"2022";"402855000,00";"2022";"4";"48";"826000,00";"2024";"21/07/2026 15:43:07"
"3104205";"19149,00";"2010";"41416,00";"2022";"2735329000,00";"2022";"14";"116";"2554000,00";"2024";"21/07/2026 15:43:07"
"3104304";"7040,00";"2010";"13881,00";"2022";"336758000,00";"2022";"7";"110";"2728000,00";"2024";"21/07/2026 15:43:07"
"3104403";"1372,00";"2010";"2688,00";"2022";"44690000,00";"2022";"0";"0";"0,00";"";"21/07/2026 15:43:07"
"3104452";"2287,00";"2010";"4719,00";"2022";"80185000,00";"2022";"1";"0";"0,00";"2024";"21/07/2026 15:43:07"
"3104502";"7881,00";"2010";"17272,00";"2022";"384516000,00";"2022";"6";"60";"646000,00";"2024";"21/07/2026 15:43:07"
"3104601";"6652,00";"2010";"14138,00";"2022";"352823000,00";"2022";"3";"0";"0,00";"2024";"21/07/2026 15:43:07"
"3104700";"6347,00";"2010";"13736,00";"2022";"202343000,00";"2022";"0";"0";"0,00";"";"21/07/2026 15:43:07"
"3104809";"2375,00";"2010";"4538,00";"2022";"86685000,00";"2022";"1";"0";"0,00";"2024";"21/07/2026 15:43:07"
"3104908";"8714,00";"2010";"18366,00";"2022";"399930000,00";"2022";"4";"18";"223000,00";"2024";"21/07/2026 15:43:07"
"3105004";"3671,00";"2010";"7492,00";"2022";"113010000,00";"2022";"4";"0";"0,00";"2024";"21/07/2026 15:43:07"
"3105103";"12184,00";"2010";"23546,00";"2022";"849036000,00";"2022";"11";"149";"5871000,00";"2024";"21/07/2026 15:43:07"
"3105202";"2019,00";"2010";"4741,00";"2022";"60502000,00";"2022";"0";"0";"0,00";"";"21/07/2026 15:43:07"
"3105301";"3116,00";"2010";"5943,00";"2022";"98245000,00";"2022";"7";"20";"233000,00";"2024";"21/07/2026 15:43:07"
"3105400";"13292,00";"2010";"30778,00";"2022";"1727167000,00";"2022";"7";"711";"15818000,00";"2024";"21/07/2026 15:43:07"
"3105509";"2047,00";"2010";"4964,00";"2022";"64635000,00";"2022";"3";"8";"55000,00";"2024";"21/07/2026 15:43:07"
"3105608";"58715,00";"2010";"125317,00";"2022";"3873293000,00";"2022";"11";"510";"11453000,00";"2024";"21/07/2026 15:43:07"
"3105707";"2676,00";"2010";"5666,00";"2022";"91642000,00";"2022";"1";"0";"0,00";"2024";"21/07/2026 15:43:07"
"3105905";"9080,00";"2010";"20080,00";"2022";"759641000,00";"2022";"11";"72";"1096000,00";"2024";"21/07/2026 15:43:07"
"3106002";"4474,00";"2010";"10167,00";"2022";"395453000,00";"2022";"0";"0";"0,00";"";"21/07/2026 15:43:07"
"3106101";"1602,00";"2010";"3244,00";"2022";"67229000,00";"2022";"0";"0";"0,00";"";"21/07/2026 15:43:07"
"3106200";"1323271,00";"2010";"2315560,00";"2022";"115381698000,00";"2022";"172";"31819";"865769000,00";"2024";"21/07/2026 15:43:07"
"3106309";"10650,00";"2010";"23928,00";"2022";"2547425000,00";"2022";"8";"118";"2411000,00";"2024";"21/07/2026 15:43:07"
"3106408";"3235,00";"2010";"8627,00";"2022";"234548000,00";"2022";"1";"0";"0,00";"2024";"21/07/2026 15:43:07"
"3106507";"5052,00";"2010";"9826,00";"2022";"123979000,00";"2022";"2";"0";"0,00";"2024";"21/07/2026 15:43:07"
"3106606";"1920,00";"2010";"4451,00";"2022";"54640000,00";"2022";"2";"0";"0,00";"2024";"21/07/2026 15:43:07"
"3106655";"1873,00";"2010";"4201,00";"2022";"69611000,00";"2022";"0";"0";"0,00";"";"21/07/2026 15:43:07"
"3106705";"201129,00";"2010";"411846,00";"2022";"47777094000,00";"2022";"45";"3135";"91929000,00";"2024";"21/07/2026 15:43:07"
"3106804";"2023,00";"2010";"3361,00";"2022";"44848000,00";"2022";"0";"0";"0,00";"";"21/07/2026 15:43:07"
"3106903";"5825,00";"2010";"13978,00";"2022";"324334000,00";"2022";"4";"448";"11551000,00";"2024";"21/07/2026 15:43:07"
"3107000";"1157,00";"2010";"2383,00";"2022";"72271000,00";"2022";"1";"0";"0,00";"2024";"21/07/2026 15:43:07"
"3107109";"18772,00";"2010";"39848,00";"2022";"1317319000,00";"2022";"6";"23";"258000,00";"2024";"21/07/2026 15:43:07"
"3107208";"2693,00";"2010";"5348,00";"2022";"90621000,00";"2022";"0";"0";"0,00";"";"21/07/2026 15:43:07"
"3107307";"22741,00";"2010";"48032,00";"2022";"1462199000,00";"2022";"22";"130";"2207000,00";"2024";"21/07/2026 15:43:07"
"3107406";"24781,00";"2010";"51737,00";"2022";"2041159000,00";"2022";"6";"54";"1814000,00";"2024";"21/07/2026 15:43:07"
"3107505";"2931,00";"2010";"6783,00";"2022";"136883000,00";"2022";"2";"0";"0,00";"2024";"21/07/2026 15:43:07"
"3107604";"2142,00";"2010";"4474,00";"2022";"230720000,00";"2022";"1";"0";"0,00";"2024";"21/07/2026 15:43:07"
"3107703";"2725,00";"2010";"5631,00";"2022";"180460000,00";"2022";"2";"0";"0,00";"2024";"21/07/2026 15:43:07"
"3107802";"5888,00";"2010";"14536,00";"2022";"200949000,00";"2022";"6";"169";"4043000,00";"2024";"21/07/2026 15:43:07"
"3107901";"5589,00";"2010";"12649,00";"2022";"185410000,00";"2022";"4";"20";"317000,00";"2024";"21/07/2026 15:43:07"
"3108008";"8060,00";"2010";"17151,00";"2022";"460605000,00";"2022";"6";"102";"2530000,00";"2024";"21/07/2026 15:43:07"
"3108107";"2962,00";"2010";"7434,00";"2022";"173878000,00";"2022";"4";"11";"71000,00";"2024";"21/07/2026 15:43:07"
"3108206";"2596,00";"2010";"5528,00";"2022";"481771000,00";"2022";"3";"6";"66000,00";"2024";"21/07/2026 15:43:07"
"3108255";"3778,00";"2010";"10204,00";"2022";"107762000,00";"2022";"1";"0";"0,00";"2024";"21/07/2026 15:43:07"
"3108305";"8936,00";"2010";"17404,00";"2022";"407585000,00";"2022";"5";"57";"1087000,00";"2024";"21/07/2026 15:43:07"
"3108404";"8011,00";"2010";"14828,00";"2022";"342300000,00";"2022";"8";"76";"1609000,00";"2024";"21/07/2026 15:43:07"
"3108503";"2757,00";"2010";"5790,00";"2022";"76590000,00";"2022";"1";"0";"0,00";"2024";"21/07/2026 15:43:07"
"3108552";"6865,00";"2010";"15020,00";"2022";"424707000,00";"2022";"6";"0";"0,00";"2024";"21/07/2026 15:43:07"
"3108602";"14217,00";"2010";"32025,00";"2022";"443176000,00";"2022";"13";"64";"820000,00";"2024";"21/07/2026 15:43:07"
"3108701";"1759,00";"2010";"4260,00";"2022";"53896000,00";"2022";"1";"0";"0,00";"2024";"21/07/2026 15:43:07"
"3108800";"2166,00";"2010";"4441,00";"2022";"157987000,00";"2022";"1";"0";"0,00";"2024";"21/07/2026 15:43:07"
"3108909";"7168,00";"2010";"14246,00";"2022";"235937000,00";"2022";"6";"69";"1977000,00";"2024";"21/07/2026 15:43:07"
"3109006";"17914,00";"2010";"38915,00";"2022";"2704307000,00";"2022";"7";"0";"0,00";"2024";"21/07/2026 15:43:07"
"3109105";"6100,00";"2010";"10911,00";"2022";"240324000,00";"2022";"1";"0";"0,00";"2024";"21/07/2026 15:43:07"
"3109204";"4944,00";"2010";"9150,00";"2022";"184692000,00";"2022";"2";"0";"0,00";"2024";"21/07/2026 15:43:07"
"3109253";"1477,00";"2010";"4041,00";"2022";"47893000,00";"2022";"0";"0";"0,00";"";"21/07/2026 15:43:07"
"3109303";"11106,00";"2010";"24030,00";"2022";"1440540000,00";"2022";"3";"21";"258000,00";"2024";"21/07/2026 15:43:07"
"3109402";"12535,00";"2010";"23910,00";"2022";"796395000,00";"2022";"3";"88";"2162000,00";"2024";"21/07/2026 15:43:07"
"3109451";"3063,00";"2010";"6627,00";"2022";"399518000,00";"2022";"0";"0";"0,00";"";"21/07/2026 15:43:07"
"3109501";"7633,00";"2010";"11410,00";"2022";"383533000,00";"2022";"5";"57";"1076000,00";"2024";"21/07/2026 15:43:07"
"3109600";"1928,00";"2010";"3693,00";"2022";"59241000,00";"2022";"3";"14";"234000,00";"2024";"21/07/2026 15:43:07"
"3109709";"5415,00";"2010";"11883,00";"2022";"562166000,00";"2022";"1";"0";"0,00";"2024";"21/07/2026 15:43:07"
"3109808";"1270,00";"2010";"2315,00";"2022";"158179000,00";"2022";"0";"0";"0,00";"";"21/07/2026 15:43:07"
"3109907";"5269,00";"2010";"11435,00";"2022";"364669000,00";"2022";"2";"0";"0,00";"2024";"21/07/2026 15:43:07"
"3110004";"19060,00";"2010";"38776,00";"2022";"981111000,00";"2022";"15";"286";"6748000,00";"2024";"21/07/2026 15:43:07"
"3110103";"2541,00";"2010";"5304,00";"2022";"110448000,00";"2022";"0";"0";"0,00";"";"21/07/2026 15:43:07"
"3110202";"1740,00";"2010";"4088,00";"2022";"116040000,00";"2022";"1";"0";"0,00";"2024";"21/07/2026 15:43:07"
"3110301";"7389,00";"2010";"14217,00";"2022";"350443000,00";"2022";"4";"259";"5859000,00";"2024";"21/07/2026 15:43:07"
"3110400";"1486,00";"2010";"2838,00";"2022";"87992000,00";"2022";"1";"0";"0,00";"2024";"21/07/2026 15:43:07"
"3110509";"11510,00";"2010";"26097,00";"2022";"1203933000,00";"2022";"8";"156";"4146000,00";"2024";"21/07/2026 15:43:07"
"3110608";"14462,00";"2010";"29536,00";"2022";"2137683000,00";"2022";"3";"210";"6955000,00";"2024";"21/07/2026 15:43:07"
"3110707";"6489,00";"2010";"12313,00";"2022";"377195000,00";"2022";"4";"91";"1965000,00";"2024";"21/07/2026 15:43:07"
"3110806";"1492,00";"2010";"2923,00";"2022";"52825000,00";"2022";"1";"0";"0,00";"2024";"21/07/2026 15:43:07"
"3110905";"8234,00";"2010";"15935,00";"2022";"503353000,00";"2022";"3";"40";"1562000,00";"2024";"21/07/2026 15:43:07"
"3111002";"11969,00";"2010";"20696,00";"2022";"548001000,00";"2022";"6";"0";"0,00";"2024";"21/07/2026 15:43:07"
"3111101";"9565,00";"2010";"18011,00";"2022";"589743000,00";"2022";"4";"162";"3717000,00";"2024";"21/07/2026 15:43:07"
"3111150";"1697,00";"2010";"3714,00";"2022";"46711000,00";"2022";"0";"0";"0,00";"";"21/07/2026 15:43:07"
"3111200";"26444,00";"2010";"52277,00";"2022";"1406838000,00";"2022";"12";"357";"7797000,00";"2024";"21/07/2026 15:43:07"
"3111309";"5884,00";"2010";"11377,00";"2022";"262699000,00";"2022";"3";"59";"1169000,00";"2024";"21/07/2026 15:43:07"
"3111408";"3626,00";"2010";"8466,00";"2022";"810469000,00";"2022";"1";"0";"0,00";"2024";"21/07/2026 15:43:07"
"3111507";"7613,00";"2010";"12979,00";"2022";"583446000,00";"2022";"6";"91";"1660000,00";"2024";"21/07/2026 15:43:07"
"3111606";"14521,00";"2010";"26105,00";"2022";"924910000,00";"2022";"6";"0";"0,00";"2024";"21/07/2026 15:43:07"
"3111705";"2291,00";"2010";"4715,00";"2022";"86363000,00";"2022";"2";"0";"0,00";"2024";"21/07/2026 15:43:07"
"3111804";"6064,00";"2010";"10608,00";"2022";"853758000,00";"2022";"2";"0";"0,00";"2024";"21/07/2026 15:43:07"
"3111903";"2704,00";"2010";"5272,00";"2022";"87296000,00";"2022";"3";"14";"214000,00";"2024";"21/07/2026 15:43:07"
"3112000";"7875,00";"2010";"14001,00";"2022";"440351000,00";"2022";"3";"156";"4662000,00";"2024";"21/07/2026 15:43:07"
"3112059";"1821,00";"2010";"3974,00";"2022";"60320000,00";"2022";"0";"0";"0,00";"";"21/07/2026 15:43:07"
"3112109";"2526,00";"2010";"5048,00";"2022";"157696000,00";"2022";"1";"0";"0,00";"2024";"21/07/2026 15:43:07"
"3112208";"2156,00";"2010";"4362,00";"2022";"69779000,00";"2022";"1";"0";"0,00";"2024";"21/07/2026 15:43:07"
"3112307";"17336,00";"2010";"39626,00";"2022";"1025592000,00";"2022";"9";"291";"6090000,00";"2024";"21/07/2026 15:43:07"
"3112406";"3568,00";"2010";"6562,00";"2022";"228950000,00";"2022";"3";"32";"700000,00";"2024";"21/07/2026 15:43:07"
"3112505";"4226,00";"2010";"10663,00";"2022";"139813000,00";"2022";"1";"0";"0,00";"2024";"21/07/2026 15:43:07"
"3112604";"7921,00";"2010";"14655,00";"2022";"821467000,00";"2022";"7";"23";"271000,00";"2024";"21/07/2026 15:43:07"
"3112653";"2058,00";"2010";"4585,00";"2022";"63863000,00";"2022";"0";"0";"0,00";"";"21/07/2026 15:43:07"
"3112703";"5582,00";"2010";"14108,00";"2022";"624275000,00";"2022";"4";"56";"2288000,00";"2024";"21/07/2026 15:43:07"
"3112802";"4571,00";"2010";"10380,00";"2022";"406755000,00";"2022";"6";"63";"2045000,00";"2024";"21/07/2026 15:43:07"
"3112901";"4207,00";"2010";"8936,00";"2022";"184181000,00";"2022";"1";"0";"0,00";"2024";"21/07/2026 15:43:07"
"3113008";"9153,00";"2010";"19548,00";"2022";"224637000,00";"2022";"5";"26";"348000,00";"2024";"21/07/2026 15:43:07"
"3113107";"1323,00";"2010";"2933,00";"2022";"45884000,00";"2022";"0";"0";"0,00";"";"21/07/2026 15:43:07"
"3113206";"11022,00";"2010";"23812,00";"2022";"885252000,00";"2022";"5";"60";"1241000,00";"2024";"21/07/2026 15:43:07"
"3113305";"16750,00";"2010";"31240,00";"2022";"700417000,00";"2022";"7";"653";"12461000,00";"2024";"21/07/2026 15:43:07"
"3113404";"38668,00";"2010";"87360,00";"2022";"2647812000,00";"2022";"10";"832";"15291000,00";"2024";"21/07/2026 15:43:07"
"3113503";"4456,00";"2010";"8512,00";"2022";"178673000,00";"2022";"1";"0";"0,00";"2024";"21/07/2026 15:43:07"
"3113602";"3035,00";"2010";"6816,00";"2022";"252766000,00";"2022";"5";"62";"1144000,00";"2024";"21/07/2026 15:43:07"
"3113701";"8035,00";"2010";"18615,00";"2022";"503873000,00";"2022";"3";"5";"0,00";"2024";"21/07/2026 15:43:07"
"3113800";"1055,00";"2010";"2605,00";"2022";"38252000,00";"2022";"0";"0";"0,00";"";"21/07/2026 15:43:07"
"3113909";"6149,00";"2010";"11547,00";"2022";"363859000,00";"2022";"6";"81";"1480000,00";"2024";"21/07/2026 15:43:07"
"3114006";"5459,00";"2010";"11019,00";"2022";"286357000,00";"2022";"2";"0";"0,00";"2024";"21/07/2026 15:43:07"
"3114105";"6383,00";"2010";"13797,00";"2022";"325942000,00";"2022";"4";"50";"1229000,00";"2024";"21/07/2026 15:43:07"
"3114204";"10719,00";"2010";"23479,00";"2022";"677622000,00";"2022";"8";"148";"3440000,00";"2024";"21/07/2026 15:43:07"
"3114303";"14683,00";"2010";"29011,00";"2022";"1178412000,00";"2022";"10";"113";"2378000,00";"2024";"21/07/2026 15:43:07"
"3114402";"11000,00";"2010";"20954,00";"2022";"919851000,00";"2022";"4";"0";"0,00";"2024";"21/07/2026 15:43:07"
"3114501";"9442,00";"2010";"18003,00";"2022";"484160000,00";"2022";"5";"36";"548000,00";"2024";"21/07/2026 15:43:07"
"3114550";"5043,00";"2010";"9422,00";"2022";"450483000,00";"2022";"1";"0";"0,00";"2024";"21/07/2026 15:43:07"
"3114600";"1862,00";"2010";"4049,00";"2022";"165828000,00";"2022";"3";"0";"0,00";"2024";"21/07/2026 15:43:07"
"3114709";"1723,00";"2010";"3341,00";"2022";"90885000,00";"2022";"3";"8";"46000,00";"2024";"21/07/2026 15:43:07"
"3114808";"2048,00";"2010";"4422,00";"2022";"92015000,00";"2022";"4";"26";"622000,00";"2024";"21/07/2026 15:43:08"
"3114907";"886,00";"2010";"2214,00";"2022";"70928000,00";"2022";"1";"0";"0,00";"2024";"21/07/2026 15:43:08"
"3115003";"1584,00";"2010";"2712,00";"2022";"94876000,00";"2022";"0";"0";"0,00";"";"21/07/2026 15:43:08"
"3115102";"8639,00";"2010";"17155,00";"2022";"497327000,00";"2022";"7";"148";"4084000,00";"2024";"21/07/2026 15:43:08"
"3115201";"1800,00";"2010";"3560,00";"2022";"70759000,00";"2022";"0";"0";"0,00";"";"21/07/2026 15:43:08"
"3115300";"32105,00";"2010";"66261,00";"2022";"1821409000,00";"2022";"15";"481";"9290000,00";"2024";"21/07/2026 15:43:08"
"3115359";"2235,00";"2010";"5473,00";"2022";"2139893000,00";"2022";"2";"0";"0,00";"2024";"21/07/2026 15:43:08"
"3115409";"1624,00";"2010";"3110,00";"2022";"43876000,00";"2022";"1";"0";"0,00";"2024";"21/07/2026 15:43:08"
"3115458";"2290,00";"2010";"7030,00";"2022";"106418000,00";"2022";"2";"0";"0,00";"2024";"21/07/2026 15:43:08"
"3115474";"2265,00";"2010";"4739,00";"2022";"63503000,00";"2022";"1";"0";"0,00";"2024";"21/07/2026 15:43:08"
"3115508";"11006,00";"2010";"21056,00";"2022";"403603000,00";"2022";"3";"50";"907000,00";"2024";"21/07/2026 15:43:08"
"3115607";"610,00";"2010";"1081,00";"2022";"24733000,00";"2022";"0";"0";"0,00";"";"21/07/2026 15:43:08"
"3115706";"2559,00";"2010";"6171,00";"2022";"90003000,00";"2022";"1";"0";"0,00";"2024";"21/07/2026 15:43:08"
"3115805";"4612,00";"2010";"10207,00";"2022";"435048000,00";"2022";"4";"15";"180000,00";"2024";"21/07/2026 15:43:08"
"3115904";"1127,00";"2010";"3075,00";"2022";"53962000,00";"2022";"0";"0";"0,00";"";"21/07/2026 15:43:08"
"3116001";"2899,00";"2010";"6075,00";"2022";"139717000,00";"2022";"1";"0";"0,00";"2024";"21/07/2026 15:43:08"
"3116100";"5311,00";"2010";"10337,00";"2022";"107817000,00";"2022";"0";"0";"0,00";"";"21/07/2026 15:43:08"
"3116159";"5448,00";"2010";"12355,00";"2022";"408892000,00";"2022";"4";"16";"291000,00";"2024";"21/07/2026 15:43:08"
"3116209";"1308,00";"2010";"2800,00";"2022";"43150000,00";"2022";"0";"0";"0,00";"";"21/07/2026 15:43:08"
"3116308";"3062,00";"2010";"5581,00";"2022";"73126000,00";"2022";"1";"0";"0,00";"2024";"21/07/2026 15:43:08"
"3116407";"2362,00";"2010";"4658,00";"2022";"222237000,00";"2022";"1";"0";"0,00";"2024";"21/07/2026 15:43:08"
"3116506";"3927,00";"2010";"7166,00";"2022";"103827000,00";"2022";"2";"0";"0,00";"2024";"21/07/2026 15:43:08"
"3116605";"14409,00";"2010";"30159,00";"2022";"1275084000,00";"2022";"6";"392";"13376000,00";"2024";"21/07/2026 15:43:08"
"3116704";"3148,00";"2010";"7117,00";"2022";"151928000,00";"2022";"0";"0";"0,00";"";"21/07/2026 15:43:08"
"3116803";"4258,00";"2010";"8163,00";"2022";"129330000,00";"2022";"1";"0";"0,00";"2024";"21/07/2026 15:43:08"
"3116902";"1717,00";"2010";"2773,00";"2022";"170475000,00";"2022";"2";"0";"0,00";"2024";"21/07/2026 15:43:08"
"3117009";"3775,00";"2010";"6660,00";"2022";"77172000,00";"2022";"1";"0";"0,00";"2024";"21/07/2026 15:43:08"
"3117108";"5327,00";"2010";"10371,00";"2022";"340025000,00";"2022";"3";"314";"6961000,00";"2024";"21/07/2026 15:43:08"
"3117207";"1211,00";"2010";"2772,00";"2022";"78461000,00";"2022";"5";"16";"174000,00";"2024";"21/07/2026 15:43:08"
"3117306";"11642,00";"2010";"28381,00";"2022";"1363980000,00";"2022";"9";"173";"4275000,00";"2024";"21/07/2026 15:43:08"
"3117405";"2308,00";"2010";"4409,00";"2022";"92884000,00";"2022";"0";"0";"0,00";"";"21/07/2026 15:43:08"
"3117504";"8035,00";"2010";"23163,00";"2022";"3542338000,00";"2022";"5";"35";"682000,00";"2024";"21/07/2026 15:43:08"
"3117603";"2643,00";"2010";"5415,00";"2022";"373925000,00";"2022";"1";"0";"0,00";"2024";"21/07/2026 15:43:08"
"3117702";"6542,00";"2010";"12541,00";"2022";"366161000,00";"2022";"5";"100";"2000000,00";"2024";"21/07/2026 15:43:08"
"3117801";"5384,00";"2010";"10880,00";"2022";"259018000,00";"2022";"4";"0";"0,00";"2024";"21/07/2026 15:43:08"
"3117836";"3435,00";"2010";"7237,00";"2022";"69323000,00";"2022";"1";"0";"0,00";"2024";"21/07/2026 15:43:08"
"3117876";"3328,00";"2010";"7350,00";"2022";"780843000,00";"2022";"2";"0";"0,00";"2024";"21/07/2026 15:43:08"
"3117900";"5595,00";"2010";"11083,00";"2022";"241164000,00";"2022";"1";"0";"0,00";"2024";"21/07/2026 15:43:08"
"3118007";"23781,00";"2010";"52890,00";"2022";"8477571000,00";"2022";"6";"87";"1823000,00";"2024";"21/07/2026 15:43:08"
"3118106";"1282,00";"2010";"4831,00";"2022";"55203000,00";"2022";"0";"0";"0,00";"";"21/07/2026 15:43:08"
"3118205";"3319,00";"2010";"6694,00";"2022";"534105000,00";"2022";"6";"24";"965000,00";"2024";"21/07/2026 15:43:08"
"3118304";"57873,00";"2010";"131621,00";"2022";"2998869000,00";"2022";"18";"1060";"28829000,00";"2024";"21/07/2026 15:43:08"
"3118403";"9196,00";"2010";"20824,00";"2022";"549039000,00";"2022";"5";"84";"2103000,00";"2024";"21/07/2026 15:43:08"
"3118502";"872,00";"2010";"1563,00";"2022";"32082000,00";"2022";"1";"0";"0,00";"2024";"21/07/2026 15:43:08"
"3118601";"331041,00";"2010";"621863,00";"2022";"42596067000,00";"2022";"81";"15081";"356958000,00";"2024";"21/07/2026 15:43:08"
"3118700";"4655,00";"2010";"9023,00";"2022";"274206000,00";"2022";"9";"56";"993000,00";"2024";"21/07/2026 15:43:08"
"3118809";"13250,00";"2010";"25377,00";"2022";"300866000,00";"2022";"3";"0";"0,00";"2024";"21/07/2026 15:43:08"
"3118908";"4174,00";"2010";"7547,00";"2022";"147036000,00";"2022";"1";"0";"0,00";"2024";"21/07/2026 15:43:08"
"3119005";"1569,00";"2010";"3200,00";"2022";"135393000,00";"2022";"4";"4";"0,00";"2024";"21/07/2026 15:43:08"
"3119104";"9900,00";"2010";"23532,00";"2022";"563276000,00";"2022";"4";"93";"1596000,00";"2024";"21/07/2026 15:43:08"
"3119203";"4409,00";"2010";"10884,00";"2022";"135645000,00";"2022";"5";"6";"0,00";"2024";"21/07/2026 15:43:08"
"3119302";"14725,00";"2010";"28894,00";"2022";"1876645000,00";"2022";"12";"0";"0,00";"2024";"21/07/2026 15:43:08"
"3119401";"49698,00";"2010";"104736,00";"2022";"2164490000,00";"2022";"18";"492";"10128000,00";"2024";"21/07/2026 15:43:08"
"3119500";"4388,00";"2010";"8200,00";"2022";"113329000,00";"2022";"1";"0";"0,00";"2024";"21/07/2026 15:43:08"
"3119609";"1406,00";"2010";"2762,00";"2022";"65350000,00";"2022";"0";"0";"0,00";"";"21/07/2026 15:43:08"
"3119708";"1313,00";"2010";"3486,00";"2022";"75936000,00";"2022";"0";"0";"0,00";"";"21/07/2026 15:43:08"
"3119807";"1591,00";"2010";"2960,00";"2022";"199343000,00";"2022";"0";"0";"0,00";"";"21/07/2026 15:43:08"
"3119906";"1789,00";"2010";"4272,00";"2022";"53635000,00";"2022";"1";"0";"0,00";"2024";"21/07/2026 15:43:08"
"3119955";"2967,00";"2010";"6133,00";"2022";"460308000,00";"2022";"2";"0";"0,00";"2024";"21/07/2026 15:43:08"
"3120003";"1120,00";"2010";"2875,00";"2022";"45590000,00";"2022";"2";"0";"0,00";"2024";"21/07/2026 15:43:08"
"3120102";"1669,00";"2010";"4245,00";"2022";"68415000,00";"2022";"1";"0";"0,00";"2024";"21/07/2026 15:43:08"
"3120151";"2441,00";"2010";"5265,00";"2022";"78615000,00";"2022";"1";"0";"0,00";"2024";"21/07/2026 15:43:08"
"3120201";"6337,00";"2010";"12197,00";"2022";"320609000,00";"2022";"12";"30";"355000,00";"2024";"21/07/2026 15:43:08"
"3120300";"2220,00";"2010";"5121,00";"2022";"59248000,00";"2022";"2";"0";"0,00";"2024";"21/07/2026 15:43:08"
"3120409";"2410,00";"2010";"4667,00";"2022";"165312000,00";"2022";"3";"23";"416000,00";"2024";"21/07/2026 15:43:08"
"3120508";"5036,00";"2010";"10374,00";"2022";"274252000,00";"2022";"3";"0";"0,00";"2024";"21/07/2026 15:43:08"
"3120607";"2382,00";"2010";"5434,00";"2022";"91382000,00";"2022";"1";"0";"0,00";"2024";"21/07/2026 15:43:08"
"3120706";"1977,00";"2010";"3521,00";"2022";"193462000,00";"2022";"1";"0";"0,00";"2024";"21/07/2026 15:43:08"
"3120805";"7521,00";"2010";"15362,00";"2022";"374480000,00";"2022";"4";"0";"0,00";"2024";"21/07/2026 15:43:08"
"3120839";"1850,00";"2010";"3983,00";"2022";"76949000,00";"2022";"1";"0";"0,00";"2024";"21/07/2026 15:43:08"
"3120870";"2536,00";"2010";"7406,00";"2022";"84251000,00";"2022";"0";"0";"0,00";"";"21/07/2026 15:43:08"
"3120904";"36360,00";"2010";"80665,00";"2022";"2352585000,00";"2022";"7";"48";"650000,00";"2024";"21/07/2026 15:43:08"
"3121001";"2448,00";"2010";"5465,00";"2022";"79590000,00";"2022";"0";"0";"0,00";"";"21/07/2026 15:43:08"
"3121100";"3860,00";"2010";"7952,00";"2022";"126343000,00";"2022";"1";"0";"0,00";"2024";"21/07/2026 15:43:08"
"3121209";"3265,00";"2010";"8393,00";"2022";"297582000,00";"2022";"4";"46";"1186000,00";"2024";"21/07/2026 15:43:08"
"3121258";"3743,00";"2010";"10494,00";"2022";"528671000,00";"2022";"3";"13";"139000,00";"2024";"21/07/2026 15:43:08"
"3121308";"2268,00";"2010";"4928,00";"2022";"102137000,00";"2022";"0";"0";"0,00";"";"21/07/2026 15:43:08"
"3121407";"2770,00";"2010";"7653,00";"2022";"298081000,00";"2022";"4";"0";"0,00";"2024";"21/07/2026 15:43:08"
"3121506";"1718,00";"2010";"2994,00";"2022";"58247000,00";"2022";"0";"0";"0,00";"";"21/07/2026 15:43:08"
"3121605";"22697,00";"2010";"47702,00";"2022";"1037925000,00";"2022";"4";"2424";"63310000,00";"2024";"21/07/2026 15:43:08"
"3121704";"1412,00";"2010";"3549,00";"2022";"49388000,00";"2022";"0";"0";"0,00";"";"21/07/2026 15:43:08"
"3121803";"4115,00";"2010";"6847,00";"2022";"95507000,00";"2022";"3";"13";"218000,00";"2024";"21/07/2026 15:43:08"
"3121902";"1533,00";"2010";"4226,00";"2022";"79772000,00";"2022";"1";"0";"0,00";"2024";"21/07/2026 15:43:08"
"3122009";"8998,00";"2010";"20706,00";"2022";"462607000,00";"2022";"4";"101";"1970000,00";"2024";"21/07/2026 15:43:08"
"3122108";"1935,00";"2010";"4178,00";"2022";"63797000,00";"2022";"0";"0";"0,00";"";"21/07/2026 15:43:08"
"3122207";"3272,00";"2010";"6516,00";"2022";"82947000,00";"2022";"2";"0";"0,00";"2024";"21/07/2026 15:43:08"
"3122306";"119125,00";"2010";"231091,00";"2022";"8791427000,00";"2022";"19";"554";"16714000,00";"2024";"21/07/2026 15:43:08"
"3122355";"2676,00";"2010";"6321,00";"2022";"221543000,00";"2022";"1";"0";"0,00";"2024";"21/07/2026 15:43:08"
"3122405";"2860,00";"2010";"5851,00";"2022";"147396000,00";"2022";"4";"26";"475000,00";"2024";"21/07/2026 15:43:08"
"3122454";"4139,00";"2010";"10213,00";"2022";"103451000,00";"2022";"3";"0";"0,00";"2024";"21/07/2026 15:43:08"
"3122470";"1867,00";"2010";"3697,00";"2022";"74216000,00";"2022";"0";"0";"0,00";"";"21/07/2026 15:43:08"
"3122504";"2462,00";"2010";"4904,00";"2022";"76126000,00";"2022";"0";"0";"0,00";"";"21/07/2026 15:43:08"
"3122603";"1952,00";"2010";"4899,00";"2022";"67270000,00";"2022";"1";"0";"0,00";"2024";"21/07/2026 15:43:08"
"3122702";"2635,00";"2010";"5228,00";"2022";"115466000,00";"2022";"0";"0";"0,00";"";"21/07/2026 15:43:08"
"3122801";"1273,00";"2010";"3095,00";"2022";"46945000,00";"2022";"0";"0";"0,00";"";"21/07/2026 15:43:08"
"3122900";"3217,00";"2010";"6093,00";"2022";"108142000,00";"2022";"4";"13";"153000,00";"2024";"21/07/2026 15:43:08"
"3123007";"4998,00";"2010";"10007,00";"2022";"370655000,00";"2022";"2";"0";"0,00";"2024";"21/07/2026 15:43:08"
"3123106";"2075,00";"2010";"5029,00";"2022";"178040000,00";"2022";"0";"0";"0,00";"";"21/07/2026 15:43:08"
"3123205";"7010,00";"2010";"12630,00";"2022";"341843000,00";"2022";"5";"0";"0,00";"2024";"21/07/2026 15:43:08"
"3123304";"1664,00";"2010";"4987,00";"2022";"68802000,00";"2022";"2";"0";"0,00";"2024";"21/07/2026 15:43:08"
"3123403";"708,00";"2010";"1461,00";"2022";"123362000,00";"2022";"0";"0";"0,00";"";"21/07/2026 15:43:08"
"3123502";"1171,00";"2010";"1829,00";"2022";"84278000,00";"2022";"0";"0";"0,00";"";"21/07/2026 15:43:08"
"3123528";"3933,00";"2010";"7817,00";"2022";"195042000,00";"2022";"3";"5";"34000,00";"2024";"21/07/2026 15:43:08"
"3123601";"12542,00";"2010";"26336,00";"2022";"924298000,00";"2022";"7";"162";"4000000,00";"2024";"21/07/2026 15:43:08"
"3123700";"4200,00";"2010";"13622,00";"2022";"167574000,00";"2022";"1";"0";"0,00";"2024";"21/07/2026 15:43:08"
"3123809";"3309,00";"2010";"6354,00";"2022";"104272000,00";"2022";"2";"0";"0,00";"2024";"21/07/2026 15:43:08"
"3123858";"2062,00";"2010";"5179,00";"2022";"74684000,00";"2022";"1";"0";"0,00";"2024";"21/07/2026 15:43:08"
"3123908";"6183,00";"2010";"14746,00";"2022";"364594000,00";"2022";"4";"0";"0,00";"2024";"21/07/2026 15:43:08"
"3124005";"9266,00";"2010";"20255,00";"2022";"523466000,00";"2022";"10";"97";"1784000,00";"2024";"21/07/2026 15:43:08"
"3124104";"28665,00";"2010";"85598,00";"2022";"1207163000,00";"2022";"12";"0";"0,00";"2024";"21/07/2026 15:43:08"
"3124203";"11654,00";"2010";"24102,00";"2022";"830714000,00";"2022";"3";"462";"11454000,00";"2024";"21/07/2026 15:43:08"
"3124302";"14590,00";"2010";"30443,00";"2022";"405307000,00";"2022";"20";"141";"2666000,00";"2024";"21/07/2026 15:43:08"
"3124401";"2613,00";"2010";"6611,00";"2022";"121181000,00";"2022";"2";"0";"0,00";"2024";"21/07/2026 15:43:08"
"3124500";"6306,00";"2010";"11502,00";"2022";"602366000,00";"2022";"5";"223";"5603000,00";"2024";"21/07/2026 15:43:08"
"3124609";"1173,00";"2010";"2186,00";"2022";"48358000,00";"2022";"1";"0";"0,00";"2024";"21/07/2026 15:43:08"
"3124708";"1582,00";"2010";"2772,00";"2022";"140291000,00";"2022";"0";"0";"0,00";"";"21/07/2026 15:43:08"
"3124807";"3998,00";"2010";"6840,00";"2022";"415827000,00";"2022";"2";"0";"0,00";"2024";"21/07/2026 15:43:08"
"3124906";"5031,00";"2010";"10801,00";"2022";"242517000,00";"2022";"2";"0";"0,00";"2024";"21/07/2026 15:43:08"
"3125002";"1513,00";"2010";"3875,00";"2022";"60943000,00";"2022";"0";"0";"0,00";"";"21/07/2026 15:43:08"
"3125101";"16068,00";"2010";"53482,00";"2022";"17506036000,00";"2022";"10";"380";"9885000,00";"2024";"21/07/2026 15:43:08"
"3125200";"1267,00";"2010";"2578,00";"2022";"62722000,00";"2022";"0";"0";"0,00";"";"21/07/2026 15:43:08"
"3125309";"1668,00";"2010";"3188,00";"2022";"74155000,00";"2022";"0";"0";"0,00";"";"21/07/2026 15:43:08"
"3125408";"2258,00";"2010";"5133,00";"2022";"81601000,00";"2022";"1";"0";"0,00";"2024";"21/07/2026 15:43:08"
"3125507";"1512,00";"2010";"3032,00";"2022";"49661000,00";"2022";"0";"0";"0,00";"";"21/07/2026 15:43:08"
"3125606";"2922,00";"2010";"6489,00";"2022";"77333000,00";"2022";"4";"19";"371000,00";"2024";"21/07/2026 15:43:08"
"3125705";"6930,00";"2010";"13978,00";"2022";"284405000,00";"2022";"3";"20";"377000,00";"2024";"21/07/2026 15:43:08"
"3125804";"1264,00";"2010";"2789,00";"2022";"47684000,00";"2022";"1";"0";"0,00";"2024";"21/07/2026 15:43:08"
"3125903";"4577,00";"2010";"9590,00";"2022";"151697000,00";"2022";"2";"0";"0,00";"2024";"21/07/2026 15:43:08"
"3125952";"4145,00";"2010";"10445,00";"2022";"222413000,00";"2022";"2";"0";"0,00";"2024";"21/07/2026 15:43:08"
"3126000";"3679,00";"2010";"8045,00";"2022";"155554000,00";"2022";"2";"0";"0,00";"2024";"21/07/2026 15:43:08"
"3126109";"33161,00";"2010";"68248,00";"2022";"2661730000,00";"2022";"16";"145";"3377000,00";"2024";"21/07/2026 15:43:08"
"3126208";"3858,00";"2010";"7949,00";"2022";"507508000,00";"2022";"3";"0";"0,00";"2024";"21/07/2026 15:43:08"
"3126307";"1946,00";"2010";"3477,00";"2022";"101509000,00";"2022";"2";"0";"0,00";"2024";"21/07/2026 15:43:08"
"3126406";"1484,00";"2010";"3093,00";"2022";"59803000,00";"2022";"1";"0";"0,00";"2024";"21/07/2026 15:43:08"
"3126505";"5090,00";"2010";"7366,00";"2022";"78957000,00";"2022";"1";"0";"0,00";"2024";"21/07/2026 15:43:08"
"3126604";"2325,00";"2010";"4503,00";"2022";"79709000,00";"2022";"1";"0";"0,00";"2024";"21/07/2026 15:43:08"
"3126703";"10787,00";"2010";"23476,00";"2022";"499307000,00";"2022";"6";"0";"0,00";"2024";"21/07/2026 15:43:08"
"3126752";"2459,00";"2010";"5034,00";"2022";"92469000,00";"2022";"2";"0";"0,00";"2024";"21/07/2026 15:43:08"
"3126802";"2383,00";"2010";"5640,00";"2022";"77423000,00";"2022";"2";"0";"0,00";"2024";"21/07/2026 15:43:08"
"3126901";"3817,00";"2010";"8226,00";"2022";"168192000,00";"2022";"4";"29";"364000,00";"2024";"21/07/2026 15:43:08"
"3126950";"1051,00";"2010";"3391,00";"2022";"42806000,00";"2022";"0";"0";"0,00";"";"21/07/2026 15:43:08"
"3127008";"7312,00";"2010";"14540,00";"2022";"748730000,00";"2022";"7";"50";"1124000,00";"2024";"21/07/2026 15:43:08"
"3127057";"1647,00";"2010";"4345,00";"2022";"53194000,00";"2022";"2";"0";"0,00";"2024";"21/07/2026 15:43:08"
"3127073";"2588,00";"2010";"4647,00";"2022";"50425000,00";"2022";"1";"0";"0,00";"2024";"21/07/2026 15:43:08"
"3127107";"28012,00";"2010";"58588,00";"2022";"3084987000,00";"2022";"15";"1172";"28920000,00";"2024";"21/07/2026 15:43:08"
"3127206";"1464,00";"2010";"4686,00";"2022";"96697000,00";"2022";"2";"0";"0,00";"2024";"21/07/2026 15:43:08"
"3127305";"2802,00";"2010";"6222,00";"2022";"110318000,00";"2022";"0";"0";"0,00";"";"21/07/2026 15:43:08"
"3127339";"2365,00";"2010";"4793,00";"2022";"65813000,00";"2022";"1";"0";"0,00";"2024";"21/07/2026 15:43:08"
"3127354";"1397,00";"2010";"2928,00";"2022";"47511000,00";"2022";"1";"0";"0,00";"2024";"21/07/2026 15:43:08"
"3127370";"1164,00";"2010";"2830,00";"2022";"51302000,00";"2022";"1";"0";"0,00";"2024";"21/07/2026 15:43:08"
"3127388";"1785,00";"2010";"4053,00";"2022";"75115000,00";"2022";"2";"0";"0,00";"2024";"21/07/2026 15:43:08"
"3127404";"2196,00";"2010";"4727,00";"2022";"106375000,00";"2022";"3";"43";"1391000,00";"2024";"21/07/2026 15:43:08"
"3127503";"2164,00";"2010";"5230,00";"2022";"77889000,00";"2022";"2";"0";"0,00";"2024";"21/07/2026 15:43:08"
"3127602";"5283,00";"2010";"11331,00";"2022";"188431000,00";"2022";"2";"0";"0,00";"2024";"21/07/2026 15:43:08"
"3127701";"127285,00";"2010";"257171,00";"2022";"8028769000,00";"2022";"14";"5274";"136877000,00";"2024";"21/07/2026 15:43:08"
"3127800";"6874,00";"2010";"13901,00";"2022";"525199000,00";"2022";"4";"5";"0,00";"2024";"21/07/2026 15:43:08"
"3127909";"707,00";"2010";"1392,00";"2022";"49746000,00";"2022";"0";"0";"0,00";"";"21/07/2026 15:43:08"
"3128006";"15467,00";"2010";"32244,00";"2022";"1087755000,00";"2022";"7";"474";"12231000,00";"2024";"21/07/2026 15:43:08"
"3128105";"7013,00";"2010";"13772,00";"2022";"459855000,00";"2022";"3";"0";"0,00";"2024";"21/07/2026 15:43:08"
"3128204";"5045,00";"2010";"9753,00";"2022";"118990000,00";"2022";"0";"0";"0,00";"";"21/07/2026 15:43:08"
"3128253";"2233,00";"2010";"5051,00";"2022";"67716000,00";"2022";"1";"0";"0,00";"2024";"21/07/2026 15:43:08"
"3128303";"9967,00";"2010";"19150,00";"2022";"744284000,00";"2022";"13";"0";"0,00";"2024";"21/07/2026 15:43:08"
"3128402";"4202,00";"2010";"7714,00";"2022";"190852000,00";"2022";"4";"66";"1221000,00";"2024";"21/07/2026 15:43:08"
"3128501";"1845,00";"2010";"3149,00";"2022";"63807000,00";"2022";"2";"0";"0,00";"2024";"21/07/2026 15:43:08"
"3128600";"3326,00";"2010";"6539,00";"2022";"918639000,00";"2022";"6";"28";"489000,00";"2024";"21/07/2026 15:43:08"
"3128709";"25746,00";"2010";"50911,00";"2022";"3912373000,00";"2022";"18";"532";"16348000,00";"2024";"21/07/2026 15:43:08"
"3128808";"3543,00";"2010";"7131,00";"2022";"131187000,00";"2022";"2";"0";"0,00";"2024";"21/07/2026 15:43:09"
"3128907";"3439,00";"2010";"8478,00";"2022";"333131000,00";"2022";"7";"24";"397000,00";"2024";"21/07/2026 15:43:09"
"3129004";"4044,00";"2010";"7778,00";"2022";"120001000,00";"2022";"2";"0";"0,00";"2024";"21/07/2026 15:43:09"
"3129103";"3196,00";"2010";"5192,00";"2022";"217168000,00";"2022";"2";"0";"0,00";"2024";"21/07/2026 15:43:09"
"3129202";"2750,00";"2010";"6134,00";"2022";"146294000,00";"2022";"2";"0";"0,00";"2024";"21/07/2026 15:43:09"
"3129301";"3864,00";"2010";"12030,00";"2022";"215369000,00";"2022";"3";"29";"338000,00";"2024";"21/07/2026 15:43:09"
"3129400";"2121,00";"2010";"5198,00";"2022";"110484000,00";"2022";"0";"0";"0,00";"";"21/07/2026 15:43:09"
"3129509";"11604,00";"2010";"22229,00";"2022";"1641284000,00";"2022";"7";"179";"3606000,00";"2024";"21/07/2026 15:43:09"
"3129608";"3329,00";"2010";"6286,00";"2022";"134720000,00";"2022";"2";"0";"0,00";"2024";"21/07/2026 15:43:09"
"3129657";"2277,00";"2010";"5081,00";"2022";"54818000,00";"2022";"0";"0";"0,00";"";"21/07/2026 15:43:09"
"3129707";"6436,00";"2010";"10948,00";"2022";"728550000,00";"2022";"4";"94";"2454000,00";"2024";"21/07/2026 15:43:09"
"3129806";"77648,00";"2010";"170537,00";"2022";"3073445000,00";"2022";"16";"463";"8966000,00";"2024";"21/07/2026 15:43:09"
"3129905";"1836,00";"2010";"3365,00";"2022";"80149000,00";"2022";"4";"14";"130000,00";"2024";"21/07/2026 15:43:09"
"3130002";"1202,00";"2010";"2698,00";"2022";"62722000,00";"2022";"2";"0";"0,00";"2024";"21/07/2026 15:43:09"
"3130051";"5234,00";"2010";"10677,00";"2022";"114603000,00";"2022";"2";"0";"0,00";"2024";"21/07/2026 15:43:09"
"3130101";"16661,00";"2010";"45847,00";"2022";"1206082000,00";"2022";"9";"121";"2606000,00";"2024";"21/07/2026 15:43:09"
"3130200";"4916,00";"2010";"10830,00";"2022";"762874000,00";"2022";"2";"0";"0,00";"2024";"21/07/2026 15:43:09"
"3130309";"3985,00";"2010";"6826,00";"2022";"556688000,00";"2022";"3";"62";"1050000,00";"2024";"21/07/2026 15:43:09"
"3130408";"2690,00";"2010";"7003,00";"2022";"564039000,00";"2022";"3";"6";"0,00";"2024";"21/07/2026 15:43:09"
"3130507";"5804,00";"2010";"12741,00";"2022";"292708000,00";"2022";"5";"0";"0,00";"2024";"21/07/2026 15:43:09"
"3130556";"2741,00";"2010";"6986,00";"2022";"139947000,00";"2022";"2";"0";"0,00";"2024";"21/07/2026 15:43:09"
"3130606";"3676,00";"2010";"7301,00";"2022";"176008000,00";"2022";"1";"0";"0,00";"2024";"21/07/2026 15:43:09"
"3130655";"3427,00";"2010";"6346,00";"2022";"87899000,00";"2022";"1";"0";"0,00";"2024";"21/07/2026 15:43:09"
"3130705";"2942,00";"2010";"6171,00";"2022";"861720000,00";"2022";"2";"0";"0,00";"2024";"21/07/2026 15:43:09"
"3130804";"1291,00";"2010";"2580,00";"2022";"135273000,00";"2022";"1";"0";"0,00";"2024";"21/07/2026 15:43:09"
"3130903";"11148,00";"2010";"22692,00";"2022";"501843000,00";"2022";"9";"0";"0,00";"2024";"21/07/2026 15:43:09"
"3131000";"2919,00";"2010";"6239,00";"2022";"147426000,00";"2022";"0";"0";"0,00";"";"21/07/2026 15:43:09"
"3131109";"3236,00";"2010";"7371,00";"2022";"104621000,00";"2022";"1";"0";"0,00";"2024";"21/07/2026 15:43:09"
"3131158";"7320,00";"2010";"17136,00";"2022";"191443000,00";"2022";"5";"147";"3041000,00";"2024";"21/07/2026 15:43:09"
"3131208";"8554,00";"2010";"19522,00";"2022";"397402000,00";"2022";"5";"196";"4911000,00";"2024";"21/07/2026 15:43:09"
"3131307";"117497,00";"2010";"227731,00";"2022";"18957035000,00";"2022";"37";"1531";"37186000,00";"2024";"21/07/2026 15:43:09"
"3131406";"1882,00";"2010";"3775,00";"2022";"217352000,00";"2022";"2";"0";"0,00";"2024";"21/07/2026 15:43:09"
"3131505";"5168,00";"2010";"9135,00";"2022";"198705000,00";"2022";"5";"55";"1224000,00";"2024";"21/07/2026 15:43:09"
"3131604";"3486,00";"2010";"7180,00";"2022";"344281000,00";"2022";"5";"10";"142000,00";"2024";"21/07/2026 15:43:09"
"3131703";"56810,00";"2010";"113343,00";"2022";"7361373000,00";"2022";"26";"1096";"24922000,00";"2024";"21/07/2026 15:43:09"
"3131802";"4427,00";"2010";"10362,00";"2022";"161418000,00";"2022";"8";"42";"574000,00";"2024";"21/07/2026 15:43:09"
"3131901";"23220,00";"2010";"53365,00";"2022";"7258819000,00";"2022";"5";"1126";"17190000,00";"2024";"21/07/2026 15:43:09"
"3132008";"2078,00";"2010";"4252,00";"2022";"62077000,00";"2022";"1";"0";"0,00";"2024";"21/07/2026 15:43:09"
"3132107";"7081,00";"2010";"17208,00";"2022";"244992000,00";"2022";"17";"95";"1662000,00";"2024";"21/07/2026 15:43:09"
"3132206";"6909,00";"2010";"13846,00";"2022";"447168000,00";"2022";"4";"46";"911000,00";"2024";"21/07/2026 15:43:09"
"3132305";"5700,00";"2010";"10463,00";"2022";"125234000,00";"2022";"4";"5";"0,00";"2024";"21/07/2026 15:43:09"
"3132404";"44902,00";"2010";"93073,00";"2022";"4121334000,00";"2022";"25";"471";"15217000,00";"2024";"21/07/2026 15:43:09"
"3132503";"16226,00";"2010";"32948,00";"2022";"636219000,00";"2022";"13";"208";"4285000,00";"2024";"21/07/2026 15:43:09"
"3132602";"2196,00";"2010";"3690,00";"2022";"65478000,00";"2022";"1";"0";"0,00";"2024";"21/07/2026 15:43:09"
"3132701";"10137,00";"2010";"21042,00";"2022";"370460000,00";"2022";"3";"0";"0,00";"2024";"21/07/2026 15:43:09"
"3132800";"889,00";"2010";"2142,00";"2022";"40713000,00";"2022";"1";"0";"0,00";"2024";"21/07/2026 15:43:09"
"3132909";"5368,00";"2010";"10770,00";"2022";"346913000,00";"2022";"5";"59";"2091000,00";"2024";"21/07/2026 15:43:09"
"3133006";"7307,00";"2010";"14786,00";"2022";"805016000,00";"2022";"5";"139";"3634000,00";"2024";"21/07/2026 15:43:09"
"3133105";"7457,00";"2010";"15236,00";"2022";"557980000,00";"2022";"4";"89";"1776000,00";"2024";"21/07/2026 15:43:09"
"3133204";"4725,00";"2010";"11128,00";"2022";"159556000,00";"2022";"2";"0";"0,00";"2024";"21/07/2026 15:43:09"
"3133303";"9013,00";"2010";"19151,00";"2022";"355199000,00";"2022";"13";"0";"0,00";"2024";"21/07/2026 15:43:09"
"3133402";"7337,00";"2010";"13690,00";"2022";"550663000,00";"2022";"4";"35";"651000,00";"2024";"21/07/2026 15:43:09"
"3133501";"10157,00";"2010";"21046,00";"2022";"641894000,00";"2022";"5";"158";"4280000,00";"2024";"21/07/2026 15:43:09"
"3133600";"4003,00";"2010";"12692,00";"2022";"1275556000,00";"2022";"6";"151";"4549000,00";"2024";"21/07/2026 15:43:09"
"3133709";"4729,00";"2010";"12966,00";"2022";"3079752000,00";"2022";"3";"37";"774000,00";"2024";"21/07/2026 15:43:09"
"3133758";"7456,00";"2010";"14406,00";"2022";"831718000,00";"2022";"5";"26";"446000,00";"2024";"21/07/2026 15:43:09"
"3133808";"46746,00";"2010";"97669,00";"2022";"5324955000,00";"2022";"16";"1930";"48740000,00";"2024";"21/07/2026 15:43:09"
"3133907";"2791,00";"2010";"5642,00";"2022";"76310000,00";"2022";"2";"0";"0,00";"2024";"21/07/2026 15:43:09"
"3134004";"5748,00";"2010";"13745,00";"2022";"143976000,00";"2022";"2";"0";"0,00";"2024";"21/07/2026 15:43:09"
"3134103";"2548,00";"2010";"6055,00";"2022";"141202000,00";"2022";"1";"0";"0,00";"2024";"21/07/2026 15:43:09"
"3134202";"52099,00";"2010";"102217,00";"2022";"4387180000,00";"2022";"15";"723";"14693000,00";"2024";"21/07/2026 15:43:09"
"3134301";"2347,00";"2010";"6638,00";"2022";"102915000,00";"2022";"1";"0";"0,00";"2024";"21/07/2026 15:43:09"
"3134400";"18351,00";"2010";"38295,00";"2022";"2403673000,00";"2022";"11";"85";"2012000,00";"2024";"21/07/2026 15:43:09"
"3134509";"1800,00";"2010";"4217,00";"2022";"174874000,00";"2022";"4";"15";"187000,00";"2024";"21/07/2026 15:43:09"
"3134608";"8162,00";"2010";"20406,00";"2022";"331472000,00";"2022";"15";"124";"2229000,00";"2024";"21/07/2026 15:43:09"
"3134707";"4786,00";"2010";"11042,00";"2022";"142291000,00";"2022";"5";"16";"183000,00";"2024";"21/07/2026 15:43:09"
"3134806";"4028,00";"2010";"7495,00";"2022";"183603000,00";"2022";"2";"0";"0,00";"2024";"21/07/2026 15:43:09"
"3134905";"13490,00";"2010";"25525,00";"2022";"1354852000,00";"2022";"14";"114";"2137000,00";"2024";"21/07/2026 15:43:09"
"3135001";"1353,00";"2010";"3092,00";"2022";"126244000,00";"2022";"1";"0";"0,00";"2024";"21/07/2026 15:43:09"
"3135050";"16105,00";"2010";"37660,00";"2022";"843988000,00";"2022";"30";"0";"0,00";"2024";"21/07/2026 15:43:09"
"3135076";"2013,00";"2010";"4296,00";"2022";"75146000,00";"2022";"0";"0";"0,00";"";"21/07/2026 15:43:09"
"3135100";"32531,00";"2010";"70699,00";"2022";"1666043000,00";"2022";"31";"412";"12432000,00";"2024";"21/07/2026 15:43:09"
"3135209";"26428,00";"2010";"65150,00";"2022";"903262000,00";"2022";"16";"321";"7650000,00";"2024";"21/07/2026 15:43:09"
"3135308";"2083,00";"2010";"4506,00";"2022";"103027000,00";"2022";"1";"0";"0,00";"2024";"21/07/2026 15:43:09"
"3135357";"3999,00";"2010";"8127,00";"2022";"90086000,00";"2022";"3";"10";"182000,00";"2024";"21/07/2026 15:43:09"
"3135407";"1829,00";"2010";"6197,00";"2022";"1773263000,00";"2022";"3";"3";"0,00";"2024";"21/07/2026 15:43:09"
"3135456";"3012,00";"2010";"6100,00";"2022";"79507000,00";"2022";"0";"0";"0,00";"";"21/07/2026 15:43:09"
"3135506";"5353,00";"2010";"12419,00";"2022";"257952000,00";"2022";"2";"0";"0,00";"2024";"21/07/2026 15:43:09"
"3135605";"3740,00";"2010";"6484,00";"2022";"148744000,00";"2022";"1";"0";"0,00";"2024";"21/07/2026 15:43:09"
"3135704";"2731,00";"2010";"5883,00";"2022";"140200000,00";"2022";"0";"0";"0,00";"";"21/07/2026 15:43:09"
"3135803";"11225,00";"2010";"24007,00";"2022";"313075000,00";"2022";"3";"14";"217000,00";"2024";"21/07/2026 15:43:09"
"3135902";"2389,00";"2010";"5138,00";"2022";"113437000,00";"2022";"1";"0";"0,00";"2024";"21/07/2026 15:43:09"
"3136009";"6471,00";"2010";"13888,00";"2022";"180592000,00";"2022";"1";"0";"0,00";"2024";"21/07/2026 15:43:09"
"3136108";"2215,00";"2010";"4329,00";"2022";"113407000,00";"2022";"1";"0";"0,00";"2024";"21/07/2026 15:43:09"
"3136207";"35320,00";"2010";"80187,00";"2022";"5011365000,00";"2022";"14";"1072";"25584000,00";"2024";"21/07/2026 15:43:09"
"3136306";"22746,00";"2010";"46801,00";"2022";"2254280000,00";"2022";"9";"412";"7885000,00";"2024";"21/07/2026 15:43:09"
"3136405";"1863,00";"2010";"3854,00";"2022";"71971000,00";"2022";"0";"0";"0,00";"";"21/07/2026 15:43:09"
"3136504";"4617,00";"2010";"10304,00";"2022";"120967000,00";"2022";"6";"21";"419000,00";"2024";"21/07/2026 15:43:09"
"3136520";"2378,00";"2010";"3969,00";"2022";"55891000,00";"2022";"5";"13";"126000,00";"2024";"21/07/2026 15:43:09"
"3136553";"2100,00";"2010";"4268,00";"2022";"83717000,00";"2022";"2";"0";"0,00";"2024";"21/07/2026 15:43:09"
"3136579";"2107,00";"2010";"3630,00";"2022";"52055000,00";"2022";"0";"0";"0,00";"";"21/07/2026 15:43:09"
"3136603";"2698,00";"2010";"5909,00";"2022";"134152000,00";"2022";"0";"0";"0,00";"";"21/07/2026 15:43:09"
"3136652";"10464,00";"2010";"30716,00";"2022";"1767832000,00";"2022";"8";"14";"165000,00";"2024";"21/07/2026 15:43:09"
"3136702";"267536,00";"2010";"540756,00";"2022";"21817613000,00";"2022";"28";"10430";"294721000,00";"2024";"21/07/2026 15:43:09"
"3136801";"2124,00";"2010";"3768,00";"2022";"56559000,00";"2022";"2";"0";"0,00";"2024";"21/07/2026 15:43:09"
"3136900";"5836,00";"2010";"11084,00";"2022";"317184000,00";"2022";"3";"98";"1938000,00";"2024";"21/07/2026 15:43:09"
"3136959";"1723,00";"2010";"5789,00";"2022";"71184000,00";"2022";"0";"0";"0,00";"";"21/07/2026 15:43:09"
"3137007";"6180,00";"2010";"14383,00";"2022";"149545000,00";"2022";"2";"0";"0,00";"2024";"21/07/2026 15:43:09"
"3137106";"3510,00";"2010";"6631,00";"2022";"249903000,00";"2022";"3";"18";"247000,00";"2024";"21/07/2026 15:43:09"
"3137205";"25065,00";"2010";"51412,00";"2022";"2587185000,00";"2022";"9";"89";"1880000,00";"2024";"21/07/2026 15:43:09"
"3137304";"2181,00";"2010";"3313,00";"2022";"57187000,00";"2022";"0";"0";"0,00";"";"21/07/2026 15:43:09"
"3137403";"5567,00";"2010";"12769,00";"2022";"354139000,00";"2022";"5";"72";"1383000,00";"2024";"21/07/2026 15:43:09"
"3137502";"8990,00";"2010";"18904,00";"2022";"671391000,00";"2022";"0";"0";"0,00";"";"21/07/2026 15:43:09"
"3137536";"4288,00";"2010";"8969,00";"2022";"317818000,00";"2022";"4";"97";"1861000,00";"2024";"21/07/2026 15:43:09"
"3137601";"28309,00";"2010";"75145,00";"2022";"2613052000,00";"2022";"11";"242";"5970000,00";"2024";"21/07/2026 15:43:09"
"3137700";"9097,00";"2010";"20835,00";"2022";"557867000,00";"2022";"8";"53";"800000,00";"2024";"21/07/2026 15:43:09"
"3137809";"10051,00";"2010";"20414,00";"2022";"490869000,00";"2022";"10";"54";"1214000,00";"2024";"21/07/2026 15:43:09"
"3137908";"1601,00";"2010";"3184,00";"2022";"55311000,00";"2022";"2";"0";"0,00";"2024";"21/07/2026 15:43:09"
"3138005";"2991,00";"2010";"5963,00";"2022";"98942000,00";"2022";"3";"11";"150000,00";"2024";"21/07/2026 15:43:09"
"3138104";"3229,00";"2010";"7124,00";"2022";"200673000,00";"2022";"2";"0";"0,00";"2024";"21/07/2026 15:43:09"
"3138203";"47175,00";"2010";"104761,00";"2022";"3348003000,00";"2022";"4";"1632";"40928000,00";"2024";"21/07/2026 15:43:09"
"3138302";"1680,00";"2010";"3199,00";"2022";"57949000,00";"2022";"0";"0";"0,00";"";"21/07/2026 15:43:09"
"3138351";"2014,00";"2010";"4341,00";"2022";"72571000,00";"2022";"2";"0";"0,00";"2024";"21/07/2026 15:43:09"
"3138401";"24462,00";"2010";"51145,00";"2022";"1180539000,00";"2022";"2";"0";"0,00";"2024";"21/07/2026 15:43:09"
"3138500";"2407,00";"2010";"4737,00";"2022";"105712000,00";"2022";"2";"0";"0,00";"2024";"21/07/2026 15:43:09"
"3138609";"7966,00";"2010";"17221,00";"2022";"360158000,00";"2022";"3";"0";"0,00";"2024";"21/07/2026 15:43:09"
"3138625";"3453,00";"2010";"8687,00";"2022";"406146000,00";"2022";"2";"0";"0,00";"2024";"21/07/2026 15:43:09"
"3138658";"3681,00";"2010";"8790,00";"2022";"98905000,00";"2022";"3";"6";"31000,00";"2024";"21/07/2026 15:43:09"
"3138674";"3268,00";"2010";"6956,00";"2022";"191968000,00";"2022";"0";"0";"0,00";"";"21/07/2026 15:43:09"
"3138682";"2404,00";"2010";"6210,00";"2022";"72963000,00";"2022";"3";"20";"307000,00";"2024";"21/07/2026 15:43:09"
"3138708";"2623,00";"2010";"5586,00";"2022";"168808000,00";"2022";"1";"0";"0,00";"2024";"21/07/2026 15:43:09"
"3138807";"9359,00";"2010";"17875,00";"2022";"730135000,00";"2022";"8";"40";"563000,00";"2024";"21/07/2026 15:43:09"
"3138906";"2998,00";"2010";"6487,00";"2022";"117258000,00";"2022";"2";"0";"0,00";"2024";"21/07/2026 15:43:09"
"3139003";"20218,00";"2010";"37684,00";"2022";"1478210000,00";"2022";"12";"155";"3175000,00";"2024";"21/07/2026 15:43:09"
"3139102";"2257,00";"2010";"5191,00";"2022";"380445000,00";"2022";"3";"4";"0,00";"2024";"21/07/2026 15:43:09"
"3139201";"8060,00";"2010";"17516,00";"2022";"259316000,00";"2022";"4";"0";"0,00";"2024";"21/07/2026 15:43:09"
"3139250";"2676,00";"2010";"5997,00";"2022";"68240000,00";"2022";"1";"0";"0,00";"2024";"21/07/2026 15:43:09"
"3139300";"7882,00";"2010";"18886,00";"2022";"271191000,00";"2022";"10";"35";"446000,00";"2024";"21/07/2026 15:43:09"
"3139409";"41268,00";"2010";"91886,00";"2022";"4127694000,00";"2022";"10";"493";"9861000,00";"2024";"21/07/2026 15:43:10"
"3139508";"10574,00";"2010";"20613,00";"2022";"557244000,00";"2022";"4";"96";"3757000,00";"2024";"21/07/2026 15:43:10"
"3139607";"12165,00";"2010";"26535,00";"2022";"551720000,00";"2022";"9";"348";"7849000,00";"2024";"21/07/2026 15:43:10"
"3139706";"3772,00";"2010";"7333,00";"2022";"263345000,00";"2022";"1";"0";"0,00";"2024";"21/07/2026 15:43:10"
"3139805";"6283,00";"2010";"12721,00";"2022";"232414000,00";"2022";"2";"0";"0,00";"2024";"21/07/2026 15:43:10"
"3139904";"6693,00";"2010";"14247,00";"2022";"230037000,00";"2022";"3";"59";"1115000,00";"2024";"21/07/2026 15:43:10"
"3140001";"26062,00";"2010";"61387,00";"2022";"5090283000,00";"2022";"11";"144";"3111000,00";"2024";"21/07/2026 15:43:10"
"3140100";"1441,00";"2010";"4224,00";"2022";"63670000,00";"2022";"1";"0";"0,00";"2024";"21/07/2026 15:43:10"
"3140159";"6490,00";"2010";"15900,00";"2022";"210846000,00";"2022";"6";"75";"2112000,00";"2024";"21/07/2026 15:43:10"
"3140209";"1241,00";"2010";"3387,00";"2022";"86162000,00";"2022";"1";"0";"0,00";"2024";"21/07/2026 15:43:10"
"3140308";"1673,00";"2010";"4592,00";"2022";"60876000,00";"2022";"0";"0";"0,00";"";"21/07/2026 15:43:10"
"3140407";"1202,00";"2010";"3200,00";"2022";"48873000,00";"2022";"1";"0";"0,00";"2024";"21/07/2026 15:43:10"
"3140506";"6277,00";"2010";"14003,00";"2022";"528224000,00";"2022";"8";"87";"2045000,00";"2024";"21/07/2026 15:43:10"
"3140530";"3769,00";"2010";"8396,00";"2022";"422171000,00";"2022";"2";"0";"0,00";"2024";"21/07/2026 15:43:10"
"3140555";"3248,00";"2010";"9112,00";"2022";"107836000,00";"2022";"5";"22";"311000,00";"2024";"21/07/2026 15:43:10"
"3140605";"1534,00";"2010";"3963,00";"2022";"65361000,00";"2022";"0";"0";"0,00";"";"21/07/2026 15:43:10"
"3140704";"12810,00";"2010";"37841,00";"2022";"1076291000,00";"2022";"3";"53";"1151000,00";"2024";"21/07/2026 15:43:10"
"3140803";"6423,00";"2010";"14121,00";"2022";"725963000,00";"2022";"4";"67";"1324000,00";"2024";"21/07/2026 15:43:10"
"3140852";"4113,00";"2010";"8895,00";"2022";"172456000,00";"2022";"10";"16";"98000,00";"2024";"21/07/2026 15:43:10"
"3140902";"8002,00";"2010";"18552,00";"2022";"664476000,00";"2022";"6";"730";"16352000,00";"2024";"21/07/2026 15:43:10"
"3141009";"6547,00";"2010";"12038,00";"2022";"187463000,00";"2022";"4";"15";"122000,00";"2024";"21/07/2026 15:43:10"
"3141108";"17998,00";"2010";"37618,00";"2022";"1800387000,00";"2022";"3";"17";"322000,00";"2024";"21/07/2026 15:43:10"
"3141207";"1699,00";"2010";"3814,00";"2022";"99498000,00";"2022";"0";"0";"0,00";"";"21/07/2026 15:43:10"
"3141306";"1879,00";"2010";"3900,00";"2022";"273655000,00";"2022";"1";"0";"0,00";"2024";"21/07/2026 15:43:10"
"3141405";"8543,00";"2010";"20156,00";"2022";"276314000,00";"2022";"6";"11";"91000,00";"2024";"21/07/2026 15:43:10"
"3141504";"2396,00";"2010";"5606,00";"2022";"81971000,00";"2022";"0";"0";"0,00";"";"21/07/2026 15:43:10"
"3141603";"4540,00";"2010";"10373,00";"2022";"170734000,00";"2022";"4";"21";"319000,00";"2024";"21/07/2026 15:43:10"
"3141702";"2738,00";"2010";"5040,00";"2022";"67258000,00";"2022";"2";"0";"0,00";"2024";"21/07/2026 15:43:10"
"3141801";"14773,00";"2010";"24405,00";"2022";"346059000,00";"2022";"7";"58";"1053000,00";"2024";"21/07/2026 15:43:10"
"3141900";"1868,00";"2010";"3741,00";"2022";"168912000,00";"2022";"3";"25";"290000,00";"2024";"21/07/2026 15:43:10"
"3142007";"5888,00";"2010";"13651,00";"2022";"165956000,00";"2022";"4";"39";"728000,00";"2024";"21/07/2026 15:43:10"
"3142106";"4722,00";"2010";"8968,00";"2022";"182413000,00";"2022";"1";"0";"0,00";"2024";"21/07/2026 15:43:10"
"3142205";"6090,00";"2010";"13633,00";"2022";"289982000,00";"2022";"3";"0";"0,00";"2024";"21/07/2026 15:43:10"
"3142254";"1764,00";"2010";"3985,00";"2022";"50387000,00";"2022";"0";"0";"0,00";"";"21/07/2026 15:43:10"
"3142304";"2088,00";"2010";"5125,00";"2022";"89883000,00";"2022";"3";"35";"783000,00";"2024";"21/07/2026 15:43:10"
"3142403";"3971,00";"2010";"7548,00";"2022";"149686000,00";"2022";"1";"0";"0,00";"2024";"21/07/2026 15:43:10"
"3142502";"1015,00";"2010";"2169,00";"2022";"42479000,00";"2022";"0";"0";"0,00";"";"21/07/2026 15:43:10"
"3142601";"4445,00";"2010";"8340,00";"2022";"268789000,00";"2022";"4";"32";"962000,00";"2024";"21/07/2026 15:43:10"
"3142700";"5957,00";"2010";"14060,00";"2022";"179715000,00";"2022";"5";"0";"0,00";"2024";"21/07/2026 15:43:10"
"3142809";"9744,00";"2010";"20170,00";"2022";"830859000,00";"2022";"9";"31";"398000,00";"2024";"21/07/2026 15:43:10"
"3142908";"10298,00";"2010";"20328,00";"2022";"281700000,00";"2022";"5";"5";"9000,00";"2024";"21/07/2026 15:43:10"
"3143005";"7090,00";"2010";"13046,00";"2022";"403025000,00";"2022";"6";"126";"3046000,00";"2024";"21/07/2026 15:43:10"
"3143104";"24151,00";"2010";"47692,00";"2022";"2116369000,00";"2022";"10";"402";"8456000,00";"2024";"21/07/2026 15:43:10"
"3143153";"1609,00";"2010";"4381,00";"2022";"45537000,00";"2022";"1";"0";"0,00";"2024";"21/07/2026 15:43:10"
"3143203";"10568,00";"2010";"20890,00";"2022";"627072000,00";"2022";"5";"61";"1224000,00";"2024";"21/07/2026 15:43:10"
"3143302";"185669,00";"2010";"414240,00";"2022";"12351983000,00";"2022";"26";"965";"23123000,00";"2024";"21/07/2026 15:43:10"
"3143401";"14009,00";"2010";"24089,00";"2022";"657402000,00";"2022";"14";"146";"4642000,00";"2024";"21/07/2026 15:43:10"
"3143450";"3777,00";"2010";"6888,00";"2022";"86877000,00";"2022";"0";"0";"0,00";"";"21/07/2026 15:43:10"
"3143500";"4419,00";"2010";"9067,00";"2022";"481821000,00";"2022";"1";"0";"0,00";"2024";"21/07/2026 15:43:10"
"3143609";"1066,00";"2010";"2411,00";"2022";"54493000,00";"2022";"1";"0";"0,00";"2024";"21/07/2026 15:43:10"
"3143708";"1482,00";"2010";"3133,00";"2022";"48346000,00";"2022";"0";"0";"0,00";"";"21/07/2026 15:43:10"
"3143807";"2891,00";"2010";"7451,00";"2022";"138958000,00";"2022";"5";"48";"1016000,00";"2024";"21/07/2026 15:43:10"
"3143906";"52944,00";"2010";"104108,00";"2022";"2832646000,00";"2022";"24";"692";"15950000,00";"2024";"21/07/2026 15:43:10"
"3144003";"13005,00";"2010";"27635,00";"2022";"635552000,00";"2022";"5";"77";"1501000,00";"2024";"21/07/2026 15:43:10"
"3144102";"11039,00";"2010";"21891,00";"2022";"678498000,00";"2022";"7";"94";"1755000,00";"2024";"21/07/2026 15:43:10"
"3144201";"1194,00";"2010";"2459,00";"2022";"36978000,00";"2022";"1";"0";"0,00";"2024";"21/07/2026 15:43:10"
"3144300";"19650,00";"2010";"35038,00";"2022";"1019999000,00";"2022";"7";"0";"0,00";"2024";"21/07/2026 15:43:10"
"3144359";"2787,00";"2010";"6303,00";"2022";"96650000,00";"2022";"3";"12";"206000,00";"2024";"21/07/2026 15:43:10"
"3144375";"1619,00";"2010";"3520,00";"2022";"73642000,00";"2022";"1";"0";"0,00";"2024";"21/07/2026 15:43:10"
"3144409";"2599,00";"2010";"4691,00";"2022";"143677000,00";"2022";"4";"26";"349000,00";"2024";"21/07/2026 15:43:10"
"3144508";"3603,00";"2010";"8179,00";"2022";"1019642000,00";"2022";"3";"11";"289000,00";"2024";"21/07/2026 15:43:10"
"3144607";"12982,00";"2010";"25018,00";"2022";"631104000,00";"2022";"7";"133";"2551000,00";"2024";"21/07/2026 15:43:10"
"3144656";"3377,00";"2010";"10588,00";"2022";"175808000,00";"2022";"1";"0";"0,00";"2024";"21/07/2026 15:43:10"
"3144672";"1586,00";"2010";"3151,00";"2022";"159950000,00";"2022";"1";"0";"0,00";"2024";"21/07/2026 15:43:10"
"3144706";"8065,00";"2010";"17438,00";"2022";"485384000,00";"2022";"3";"134";"3186000,00";"2024";"21/07/2026 15:43:10"
"3144805";"44214,00";"2010";"111697,00";"2022";"12119429000,00";"2022";"8";"58";"1372000,00";"2024";"21/07/2026 15:43:10"
"3144904";"1516,00";"2010";"3663,00";"2022";"61885000,00";"2022";"2";"0";"0,00";"2024";"21/07/2026 15:43:10"
"3145000";"6564,00";"2010";"14598,00";"2022";"1181375000,00";"2022";"10";"119";"2656000,00";"2024";"21/07/2026 15:43:10"
"3145059";"3834,00";"2010";"6706,00";"2022";"125545000,00";"2022";"2";"0";"0,00";"2024";"21/07/2026 15:43:10"
"3145109";"8709,00";"2010";"16387,00";"2022";"569124000,00";"2022";"6";"0";"0,00";"2024";"21/07/2026 15:43:10"
"3145208";"46809,00";"2010";"105552,00";"2022";"3307359000,00";"2022";"9";"767";"23920000,00";"2024";"21/07/2026 15:43:10"
"3145307";"12582,00";"2010";"26975,00";"2022";"372038000,00";"2022";"6";"28";"464000,00";"2024";"21/07/2026 15:43:10"
"3145356";"4428,00";"2010";"10275,00";"2022";"121181000,00";"2022";"5";"7";"47000,00";"2024";"21/07/2026 15:43:10"
"3145372";"2176,00";"2010";"4571,00";"2022";"86202000,00";"2022";"0";"0";"0,00";"";"21/07/2026 15:43:10"
"3145406";"816,00";"2010";"1945,00";"2022";"37442000,00";"2022";"0";"0";"0,00";"";"21/07/2026 15:43:10"
"3145455";"2855,00";"2010";"5385,00";"2022";"161674000,00";"2022";"3";"20";"271000,00";"2024";"21/07/2026 15:43:10"
"3145505";"1176,00";"2010";"2555,00";"2022";"53647000,00";"2022";"2";"0";"0,00";"2024";"21/07/2026 15:43:10"
"3145604";"20216,00";"2010";"39262,00";"2022";"1296255000,00";"2022";"6";"150";"2772000,00";"2024";"21/07/2026 15:43:10"
"3145703";"922,00";"2010";"2027,00";"2022";"37446000,00";"2022";"0";"0";"0,00";"";"21/07/2026 15:43:10"
"3145802";"1552,00";"2010";"2969,00";"2022";"62671000,00";"2022";"1";"0";"0,00";"2024";"21/07/2026 15:43:10"
"3145851";"1956,00";"2010";"4917,00";"2022";"72551000,00";"2022";"3";"47";"868000,00";"2024";"21/07/2026 15:43:10"
"3145877";"2296,00";"2010";"8437,00";"2022";"164147000,00";"2022";"0";"0";"0,00";"";"21/07/2026 15:43:10"
"3145901";"18130,00";"2010";"38724,00";"2022";"4988929000,00";"2022";"5";"304";"7050000,00";"2024";"21/07/2026 15:43:10"
"3146008";"17223,00";"2010";"32094,00";"2022";"1142949000,00";"2022";"14";"173";"7287000,00";"2024";"21/07/2026 15:43:10"
"3146107";"35816,00";"2010";"74821,00";"2022";"7305999000,00";"2022";"21";"320";"8257000,00";"2024";"21/07/2026 15:43:10"
"3146206";"2067,00";"2010";"5757,00";"2022";"74690000,00";"2022";"0";"0";"0,00";"";"21/07/2026 15:43:10"
"3146255";"2526,00";"2010";"5058,00";"2022";"62091000,00";"2022";"1";"0";"0,00";"2024";"21/07/2026 15:43:10"
"3146305";"6693,00";"2010";"17334,00";"2022";"223908000,00";"2022";"5";"0";"0,00";"2024";"21/07/2026 15:43:10"
"3146404";"2418,00";"2010";"4224,00";"2022";"88764000,00";"2022";"0";"0";"0,00";"";"21/07/2026 15:43:10"
"3146503";"4321,00";"2010";"8142,00";"2022";"628905000,00";"2022";"5";"80";"1699000,00";"2024";"21/07/2026 15:43:10"
"3146552";"2043,00";"2010";"5551,00";"2022";"64105000,00";"2022";"0";"0";"0,00";"";"21/07/2026 15:43:10"
"3146602";"755,00";"2010";"1474,00";"2022";"29894000,00";"2022";"0";"0";"0,00";"";"21/07/2026 15:43:10"
"3146701";"2644,00";"2010";"5707,00";"2022";"105286000,00";"2022";"3";"6";"38000,00";"2024";"21/07/2026 15:43:10"
"3146750";"3720,00";"2010";"6301,00";"2022";"73449000,00";"2022";"0";"0";"0,00";"";"21/07/2026 15:43:10"
"3146909";"7024,00";"2010";"13920,00";"2022";"374009000,00";"2022";"5";"1575";"41556000,00";"2024";"21/07/2026 15:43:10"
"3147006";"42376,00";"2010";"94023,00";"2022";"6489208000,00";"2022";"28";"882";"21978000,00";"2024";"21/07/2026 15:43:10"
"3147105";"45992,00";"2010";"97139,00";"2022";"4578581000,00";"2022";"11";"767";"19895000,00";"2024";"21/07/2026 15:43:10"
"3147204";"10668,00";"2010";"21723,00";"2022";"790514000,00";"2022";"2";"0";"0,00";"2024";"21/07/2026 15:43:10"
"3147303";"9830,00";"2010";"20445,00";"2022";"659483000,00";"2022";"6";"60";"1238000,00";"2024";"21/07/2026 15:43:10"
"3147402";"12117,00";"2010";"24107,00";"2022";"1011879000,00";"2022";"3";"14";"636000,00";"2024";"21/07/2026 15:43:10"
"3147501";"834,00";"2010";"1600,00";"2022";"26235000,00";"2022";"0";"0";"0,00";"";"21/07/2026 15:43:10"
"3147600";"7693,00";"2010";"15515,00";"2022";"663760000,00";"2022";"4";"70";"1764000,00";"2024";"21/07/2026 15:43:10"
"3147709";"3739,00";"2010";"8473,00";"2022";"377006000,00";"2022";"2";"0";"0,00";"2024";"21/07/2026 15:43:10"
"3147808";"1060,00";"2010";"2233,00";"2022";"48726000,00";"2022";"1";"0";"0,00";"2024";"21/07/2026 15:43:10"
"3147907";"52857,00";"2010";"111939,00";"2022";"3534527000,00";"2022";"28";"698";"17366000,00";"2024";"21/07/2026 15:43:10"
"3147956";"2079,00";"2010";"4837,00";"2022";"56689000,00";"2022";"1";"0";"0,00";"2024";"21/07/2026 15:43:10"
"3148004";"75017,00";"2010";"159235,00";"2022";"7149202000,00";"2022";"35";"365";"8238000,00";"2024";"21/07/2026 15:43:10"
"3148103";"43763,00";"2010";"89826,00";"2022";"4419875000,00";"2022";"22";"1796";"40820000,00";"2024";"21/07/2026 15:43:10"
"3148202";"2591,00";"2010";"5576,00";"2022";"134240000,00";"2022";"2";"0";"0,00";"2024";"21/07/2026 15:43:10"
"3148301";"3979,00";"2010";"8659,00";"2022";"142148000,00";"2022";"1";"0";"0,00";"2024";"21/07/2026 15:43:10"
"3148400";"2355,00";"2010";"4389,00";"2022";"73651000,00";"2022";"1";"0";"0,00";"2024";"21/07/2026 15:43:10"
"3148509";"3502,00";"2010";"8047,00";"2022";"98286000,00";"2022";"6";"25";"261000,00";"2024";"21/07/2026 15:43:10"
"3148608";"7879,00";"2010";"17446,00";"2022";"261343000,00";"2022";"2";"0";"0,00";"2024";"21/07/2026 15:43:10"
"3148707";"8701,00";"2010";"24410,00";"2022";"407860000,00";"2022";"7";"498";"11213000,00";"2024";"21/07/2026 15:43:10"
"3148756";"3524,00";"2010";"7320,00";"2022";"164907000,00";"2022";"1";"0";"0,00";"2024";"21/07/2026 15:43:10"
"3148806";"1538,00";"2010";"3311,00";"2022";"63370000,00";"2022";"0";"0";"0,00";"";"21/07/2026 15:43:10"
"3148905";"2302,00";"2010";"4112,00";"2022";"130405000,00";"2022";"0";"0";"0,00";"";"21/07/2026 15:43:10"
"3149002";"1031,00";"2010";"2757,00";"2022";"57946000,00";"2022";"0";"0";"0,00";"";"21/07/2026 15:43:10"
"3149101";"5465,00";"2010";"10760,00";"2022";"202575000,00";"2022";"2";"0";"0,00";"2024";"21/07/2026 15:43:10"
"3149150";"3931,00";"2010";"10433,00";"2022";"112340000,00";"2022";"5";"29";"535000,00";"2024";"21/07/2026 15:43:10"
"3149200";"1764,00";"2010";"3344,00";"2022";"271187000,00";"2022";"2";"0";"0,00";"2024";"21/07/2026 15:43:10"
"3149309";"30565,00";"2010";"62580,00";"2022";"2221404000,00";"2022";"5";"125";"2322000,00";"2024";"21/07/2026 15:43:10"
"3149408";"722,00";"2010";"1810,00";"2022";"32643000,00";"2022";"0";"0";"0,00";"";"21/07/2026 15:43:10"
"3149507";"1570,00";"2010";"3351,00";"2022";"65340000,00";"2022";"2";"0";"0,00";"2024";"21/07/2026 15:43:10"
"3149606";"2150,00";"2010";"4155,00";"2022";"132280000,00";"2022";"1";"0";"0,00";"2024";"21/07/2026 15:43:10"
"3149705";"5365,00";"2010";"12268,00";"2022";"317551000,00";"2022";"5";"17";"236000,00";"2024";"21/07/2026 15:43:10"
"3149804";"7559,00";"2010";"17151,00";"2022";"2086047000,00";"2022";"12";"35";"591000,00";"2024";"21/07/2026 15:43:10"
"3149903";"9687,00";"2010";"21384,00";"2022";"715580000,00";"2022";"4";"35";"815000,00";"2024";"21/07/2026 15:43:10"
"3149952";"2510,00";"2010";"6553,00";"2022";"118620000,00";"2022";"1";"0";"0,00";"2024";"21/07/2026 15:43:10"
"3150000";"1485,00";"2010";"3570,00";"2022";"48574000,00";"2022";"3";"13";"235000,00";"2024";"21/07/2026 15:43:10"
"3150109";"1400,00";"2010";"2796,00";"2022";"84236000,00";"2022";"0";"0";"0,00";"";"21/07/2026 15:43:10"
"3150158";"3412,00";"2010";"8529,00";"2022";"196872000,00";"2022";"4";"27";"507000,00";"2024";"21/07/2026 15:43:10"
"3150208";"1721,00";"2010";"3976,00";"2022";"66897000,00";"2022";"2";"0";"0,00";"2024";"21/07/2026 15:43:10"
"3150307";"2185,00";"2010";"4604,00";"2022";"118841000,00";"2022";"1";"0";"0,00";"2024";"21/07/2026 15:43:10"
"3150406";"2348,00";"2010";"5019,00";"2022";"108715000,00";"2022";"0";"0";"0,00";"";"21/07/2026 15:43:10"
"3150505";"4559,00";"2010";"8563,00";"2022";"341255000,00";"2022";"7";"28";"412000,00";"2024";"21/07/2026 15:43:10"
"3150539";"1783,00";"2010";"4706,00";"2022";"57658000,00";"2022";"0";"0";"0,00";"";"21/07/2026 15:43:10"
"3150570";"2762,00";"2010";"7084,00";"2022";"80536000,00";"2022";"6";"24";"392000,00";"2024";"21/07/2026 15:43:10"
"3150604";"2878,00";"2010";"6700,00";"2022";"248221000,00";"2022";"4";"27";"425000,00";"2024";"21/07/2026 15:43:10"
"3150703";"2275,00";"2010";"5537,00";"2022";"501603000,00";"2022";"3";"6";"83000,00";"2024";"21/07/2026 15:43:10"
"3150802";"6443,00";"2010";"17018,00";"2022";"218220000,00";"2022";"4";"110";"2428000,00";"2024";"21/07/2026 15:43:11"
"3150901";"2542,00";"2010";"6041,00";"2022";"88612000,00";"2022";"0";"0";"0,00";"";"21/07/2026 15:43:11"
"3151008";"3923,00";"2010";"9120,00";"2022";"157971000,00";"2022";"1";"0";"0,00";"2024";"21/07/2026 15:43:11"
"3151107";"4850,00";"2010";"11077,00";"2022";"612887000,00";"2022";"2";"0";"0,00";"2024";"21/07/2026 15:43:11"
"3151206";"26280,00";"2010";"55606,00";"2022";"3368912000,00";"2022";"9";"193";"6846000,00";"2024";"21/07/2026 15:43:11"
"3151305";"5574,00";"2010";"11610,00";"2022";"209329000,00";"2022";"2";"0";"0,00";"2024";"21/07/2026 15:43:11"
"3151404";"13127,00";"2010";"26685,00";"2022";"736006000,00";"2022";"4";"80";"1942000,00";"2024";"21/07/2026 15:43:11"
"3151503";"17870,00";"2010";"36062,00";"2022";"1496840000,00";"2022";"7";"311";"8331000,00";"2024";"21/07/2026 15:43:11"
"3151602";"5425,00";"2010";"11145,00";"2022";"517704000,00";"2022";"9";"44";"770000,00";"2024";"21/07/2026 15:43:11"
"3151701";"8923,00";"2010";"16390,00";"2022";"488911000,00";"2022";"4";"66";"4801000,00";"2024";"21/07/2026 15:43:11"
"3151800";"84849,00";"2010";"163742,00";"2022";"9792526000,00";"2022";"54";"1147";"28566000,00";"2024";"21/07/2026 15:43:11"
"3151909";"3936,00";"2010";"8350,00";"2022";"145592000,00";"2022";"2";"0";"0,00";"2024";"21/07/2026 15:43:11"
"3152006";"14953,00";"2010";"31047,00";"2022";"1172244000,00";"2022";"7";"531";"11363000,00";"2024";"21/07/2026 15:43:11"
"3152105";"28890,00";"2010";"57776,00";"2022";"2245067000,00";"2022";"8";"443";"11302000,00";"2024";"21/07/2026 15:43:11"
"3152131";"2091,00";"2010";"3747,00";"2022";"53623000,00";"2022";"1";"0";"0,00";"2024";"21/07/2026 15:43:11"
"3152170";"4912,00";"2010";"10883,00";"2022";"129538000,00";"2022";"2";"0";"0,00";"2024";"21/07/2026 15:43:11"
"3152204";"17582,00";"2010";"37438,00";"2022";"526275000,00";"2022";"12";"140";"2864000,00";"2024";"21/07/2026 15:43:11"
"3152303";"4826,00";"2010";"10569,00";"2022";"143930000,00";"2022";"3";"32";"588000,00";"2024";"21/07/2026 15:43:11"
"3152402";"6827,00";"2010";"13666,00";"2022";"175768000,00";"2022";"0";"0";"0,00";"";"21/07/2026 15:43:11"
"3152501";"71691,00";"2010";"152217,00";"2022";"12476111000,00";"2022";"17";"1847";"61086000,00";"2024";"21/07/2026 15:43:11"
"3152600";"3013,00";"2010";"6566,00";"2022";"438624000,00";"2022";"3";"26";"461000,00";"2024";"21/07/2026 15:43:11"
"3152709";"3852,00";"2010";"9048,00";"2022";"225722000,00";"2022";"4";"41";"824000,00";"2024";"21/07/2026 15:43:11"
"3152808";"13819,00";"2010";"28342,00";"2022";"1565416000,00";"2022";"6";"0";"0,00";"2024";"21/07/2026 15:43:11"
"3152907";"4228,00";"2010";"8406,00";"2022";"246350000,00";"2022";"6";"0";"0,00";"2024";"21/07/2026 15:43:11"
"3153004";"1621,00";"2010";"3559,00";"2022";"225218000,00";"2022";"1";"0";"0,00";"2024";"21/07/2026 15:43:11"
"3153103";"2373,00";"2010";"4850,00";"2022";"78080000,00";"2022";"1";"0";"0,00";"2024";"21/07/2026 15:43:11"
"3153202";"1810,00";"2010";"3465,00";"2022";"54976000,00";"2022";"4";"0";"0,00";"2024";"21/07/2026 15:43:11"
"3153301";"998,00";"2010";"3071,00";"2022";"40084000,00";"2022";"0";"0";"0,00";"";"21/07/2026 15:43:11"
"3153400";"9508,00";"2010";"18765,00";"2022";"907953000,00";"2022";"8";"94";"2027000,00";"2024";"21/07/2026 15:43:11"
"3153509";"4480,00";"2010";"8397,00";"2022";"163818000,00";"2022";"2";"0";"0,00";"2024";"21/07/2026 15:43:11"
"3153608";"4658,00";"2010";"11466,00";"2022";"265396000,00";"2022";"2";"0";"0,00";"2024";"21/07/2026 15:43:11"
"3153707";"1407,00";"2010";"3179,00";"2022";"81850000,00";"2022";"1";"0";"0,00";"2024";"21/07/2026 15:43:11"
"3153806";"746,00";"2010";"1770,00";"2022";"46585000,00";"2022";"2";"0";"0,00";"2024";"21/07/2026 15:43:11"
"3153905";"6955,00";"2010";"16279,00";"2022";"293689000,00";"2022";"1";"0";"0,00";"2024";"21/07/2026 15:43:11"
"3154002";"11060,00";"2010";"23423,00";"2022";"455337000,00";"2022";"3";"97";"2644000,00";"2024";"21/07/2026 15:43:11"
"3154101";"4140,00";"2010";"11007,00";"2022";"128928000,00";"2022";"3";"16";"158000,00";"2024";"21/07/2026 15:43:11"
"3154150";"3347,00";"2010";"7848,00";"2022";"155355000,00";"2022";"0";"0";"0,00";"";"21/07/2026 15:43:11"
"3154200";"6101,00";"2010";"11230,00";"2022";"214698000,00";"2022";"5";"108";"2491000,00";"2024";"21/07/2026 15:43:11"
"3154309";"6825,00";"2010";"17226,00";"2022";"360256000,00";"2022";"6";"39";"574000,00";"2024";"21/07/2026 15:43:11"
"3154408";"2201,00";"2010";"4548,00";"2022";"451721000,00";"2022";"0";"0";"0,00";"";"21/07/2026 15:43:11"
"3154457";"3309,00";"2010";"6863,00";"2022";"166415000,00";"2022";"0";"0";"0,00";"";"21/07/2026 15:43:11"
"3154507";"4255,00";"2010";"8756,00";"2022";"247902000,00";"2022";"2";"0";"0,00";"2024";"21/07/2026 15:43:11"
"3154606";"149267,00";"2010";"329794,00";"2022";"5754239000,00";"2022";"46";"42100";"1009250000,00";"2024";"21/07/2026 15:43:11"
"3154705";"1848,00";"2010";"4080,00";"2022";"127370000,00";"2022";"0";"0";"0,00";"";"21/07/2026 15:43:11"
"3154804";"4672,00";"2010";"10261,00";"2022";"262637000,00";"2022";"5";"97";"2330000,00";"2024";"21/07/2026 15:43:11"
"3154903";"6415,00";"2010";"12789,00";"2022";"256593000,00";"2022";"5";"0";"0,00";"2024";"21/07/2026 15:43:11"
"3155009";"1173,00";"2010";"2484,00";"2022";"61822000,00";"2022";"1";"0";"0,00";"2024";"21/07/2026 15:43:11"
"3155108";"2151,00";"2010";"4639,00";"2022";"59991000,00";"2022";"1";"0";"0,00";"2024";"21/07/2026 15:43:11"
"3155207";"2536,00";"2010";"5429,00";"2022";"64423000,00";"2022";"0";"0";"0,00";"";"21/07/2026 15:43:11"
"3155306";"2911,00";"2010";"5568,00";"2022";"124134000,00";"2022";"7";"38";"663000,00";"2024";"21/07/2026 15:43:11"
"3155405";"4017,00";"2010";"8518,00";"2022";"129338000,00";"2022";"3";"69";"789000,00";"2024";"21/07/2026 15:43:11"
"3155504";"6450,00";"2010";"14532,00";"2022";"1106499000,00";"2022";"5";"125";"3075000,00";"2024";"21/07/2026 15:43:11"
"3155603";"13528,00";"2010";"28271,00";"2022";"358041000,00";"2022";"4";"9";"44000,00";"2024";"21/07/2026 15:43:11"
"3155702";"6641,00";"2010";"14631,00";"2022";"270393000,00";"2022";"3";"49";"1412000,00";"2024";"21/07/2026 15:43:11"
"3155801";"8330,00";"2010";"17443,00";"2022";"468545000,00";"2022";"11";"82";"2371000,00";"2024";"21/07/2026 15:43:11"
"3155900";"2276,00";"2010";"5141,00";"2022";"75066000,00";"2022";"0";"0";"0,00";"";"21/07/2026 15:43:11"
"3156007";"5650,00";"2010";"12641,00";"2022";"153616000,00";"2022";"1";"0";"0,00";"2024";"21/07/2026 15:43:11"
"3156106";"1977,00";"2010";"4994,00";"2022";"97197000,00";"2022";"1";"0";"0,00";"2024";"21/07/2026 15:43:11"
"3156205";"1205,00";"2010";"2291,00";"2022";"144754000,00";"2022";"2";"0";"0,00";"2024";"21/07/2026 15:43:11"
"3156304";"3685,00";"2010";"8664,00";"2022";"545499000,00";"2022";"4";"23";"337000,00";"2024";"21/07/2026 15:43:11"
"3156403";"1759,00";"2010";"3386,00";"2022";"364667000,00";"2022";"2";"0";"0,00";"2024";"21/07/2026 15:43:11"
"3156452";"2028,00";"2010";"4734,00";"2022";"85498000,00";"2022";"0";"0";"0,00";"";"21/07/2026 15:43:11"
"3156502";"2818,00";"2010";"5679,00";"2022";"73492000,00";"2022";"0";"0";"0,00";"";"21/07/2026 15:43:11"
"3156601";"4422,00";"2010";"10298,00";"2022";"123944000,00";"2022";"0";"0";"0,00";"";"21/07/2026 15:43:11"
"3156700";"63459,00";"2010";"129380,00";"2022";"3934174000,00";"2022";"12";"116";"2862000,00";"2024";"21/07/2026 15:43:11"
"3156809";"7823,00";"2010";"14240,00";"2022";"309137000,00";"2022";"4";"58";"1151000,00";"2024";"21/07/2026 15:43:11"
"3156908";"14073,00";"2010";"26670,00";"2022";"2139748000,00";"2022";"6";"162";"2791000,00";"2024";"21/07/2026 15:43:11"
"3157005";"18881,00";"2010";"40178,00";"2022";"791734000,00";"2022";"12";"305";"6687000,00";"2024";"21/07/2026 15:43:11"
"3157104";"2618,00";"2010";"6110,00";"2022";"117452000,00";"2022";"5";"6";"23000,00";"2024";"21/07/2026 15:43:11"
"3157203";"13891,00";"2010";"30466,00";"2022";"1152730000,00";"2022";"8";"261";"5110000,00";"2024";"21/07/2026 15:43:11"
"3157252";"3813,00";"2010";"8458,00";"2022";"149129000,00";"2022";"3";"41";"938000,00";"2024";"21/07/2026 15:43:11"
"3157278";"940,00";"2010";"3095,00";"2022";"58847000,00";"2022";"0";"0";"0,00";"";"21/07/2026 15:43:11"
"3157302";"1985,00";"2010";"4208,00";"2022";"72571000,00";"2022";"1";"0";"0,00";"2024";"21/07/2026 15:43:11"
"3157336";"3852,00";"2010";"8109,00";"2022";"121163000,00";"2022";"1";"0";"0,00";"2024";"21/07/2026 15:43:11"
"3157377";"2267,00";"2010";"3910,00";"2022";"53727000,00";"2022";"0";"0";"0,00";"";"21/07/2026 15:43:11"
"3157401";"2154,00";"2010";"4673,00";"2022";"109625000,00";"2022";"0";"0";"0,00";"";"21/07/2026 15:43:11"
"3157500";"1721,00";"2010";"4039,00";"2022";"55391000,00";"2022";"1";"0";"0,00";"2024";"21/07/2026 15:43:11"
"3157609";"1943,00";"2010";"3522,00";"2022";"61000000,00";"2022";"1";"0";"0,00";"2024";"21/07/2026 15:43:11"
"3157658";"2130,00";"2010";"5938,00";"2022";"59909000,00";"2022";"0";"0";"0,00";"";"21/07/2026 15:43:11"
"3157708";"5916,00";"2010";"15734,00";"2022";"924580000,00";"2022";"4";"198";"4949000,00";"2024";"21/07/2026 15:43:11"
"3157807";"101233,00";"2010";"219132,00";"2022";"5758337000,00";"2022";"25";"328";"8809000,00";"2024";"21/07/2026 15:43:11"
"3157906";"6312,00";"2010";"16395,00";"2022";"545007000,00";"2022";"0";"0";"0,00";"";"21/07/2026 15:43:11"
"3158003";"4475,00";"2010";"10485,00";"2022";"272758000,00";"2022";"2";"0";"0,00";"2024";"21/07/2026 15:43:11"
"3158102";"2659,00";"2010";"4755,00";"2022";"50815000,00";"2022";"1";"0";"0,00";"2024";"21/07/2026 15:43:11"
"3158201";"6271,00";"2010";"12788,00";"2022";"178799000,00";"2022";"2";"0";"0,00";"2024";"21/07/2026 15:43:11"
"3158300";"3997,00";"2010";"6691,00";"2022";"214152000,00";"2022";"3";"18";"348000,00";"2024";"21/07/2026 15:43:11"
"3158409";"1608,00";"2010";"3489,00";"2022";"51898000,00";"2022";"0";"0";"0,00";"";"21/07/2026 15:43:11"
"3158508";"3631,00";"2010";"7030,00";"2022";"125203000,00";"2022";"0";"0";"0,00";"";"21/07/2026 15:43:11"
"3158607";"1636,00";"2010";"3747,00";"2022";"50988000,00";"2022";"0";"0";"0,00";"";"21/07/2026 15:43:11"
"3158706";"1015,00";"2010";"2137,00";"2022";"40761000,00";"2022";"0";"0";"0,00";"";"21/07/2026 15:43:11"
"3158805";"2202,00";"2010";"4214,00";"2022";"119142000,00";"2022";"2";"0";"0,00";"2024";"21/07/2026 15:43:11"
"3158904";"4321,00";"2010";"8987,00";"2022";"245128000,00";"2022";"1";"0";"0,00";"2024";"21/07/2026 15:43:11"
"3158953";"13285,00";"2010";"44800,00";"2022";"1187338000,00";"2022";"8";"131";"3046000,00";"2024";"21/07/2026 15:43:11"
"3159001";"1706,00";"2010";"5313,00";"2022";"122253000,00";"2022";"1";"0";"0,00";"2024";"21/07/2026 15:43:11"
"3159100";"1883,00";"2010";"3469,00";"2022";"53371000,00";"2022";"0";"0";"0,00";"";"21/07/2026 15:43:11"
"3159209";"5187,00";"2010";"8460,00";"2022";"239955000,00";"2022";"2";"0";"0,00";"2024";"21/07/2026 15:43:11"
"3159308";"2580,00";"2010";"4755,00";"2022";"80380000,00";"2022";"6";"0";"0,00";"2024";"21/07/2026 15:43:11"
"3159357";"2838,00";"2010";"6773,00";"2022";"188093000,00";"2022";"2";"0";"0,00";"2024";"21/07/2026 15:43:11"
"3159407";"1437,00";"2010";"3301,00";"2022";"66534000,00";"2022";"0";"0";"0,00";"";"21/07/2026 15:43:11"
"3159506";"2522,00";"2010";"5826,00";"2022";"294767000,00";"2022";"3";"6";"43000,00";"2024";"21/07/2026 15:43:11"
"3159605";"20246,00";"2010";"40635,00";"2022";"2187943000,00";"2022";"18";"2188";"54030000,00";"2024";"21/07/2026 15:43:11"
"3159704";"1837,00";"2010";"3382,00";"2022";"182791000,00";"2022";"1";"0";"0,00";"2024";"21/07/2026 15:43:11"
"3159803";"9822,00";"2010";"20973,00";"2022";"1128793000,00";"2022";"9";"121";"3901000,00";"2024";"21/07/2026 15:43:11"
"3159902";"8158,00";"2010";"17285,00";"2022";"413731000,00";"2022";"3";"10";"59000,00";"2024";"21/07/2026 15:43:11"
"3160009";"1654,00";"2010";"3769,00";"2022";"68080000,00";"2022";"0";"0";"0,00";"";"21/07/2026 15:43:11"
"3160108";"1876,00";"2010";"4229,00";"2022";"90008000,00";"2022";"1";"0";"0,00";"2024";"21/07/2026 15:43:11"
"3160207";"1661,00";"2010";"3915,00";"2022";"50464000,00";"2022";"0";"0";"0,00";"";"21/07/2026 15:43:11"
"3160306";"5502,00";"2010";"10327,00";"2022";"123552000,00";"2022";"1";"0";"0,00";"2024";"21/07/2026 15:43:11"
"3160405";"14965,00";"2010";"27295,00";"2022";"828154000,00";"2022";"6";"116";"2513000,00";"2024";"21/07/2026 15:43:11"
"3160454";"2273,00";"2010";"6629,00";"2022";"76800000,00";"2022";"1";"0";"0,00";"2024";"21/07/2026 15:43:11"
"3160504";"775,00";"2010";"1808,00";"2022";"32403000,00";"2022";"0";"0";"0,00";"";"21/07/2026 15:43:11"
"3160603";"1317,00";"2010";"2717,00";"2022";"49466000,00";"2022";"0";"0";"0,00";"";"21/07/2026 15:43:11"
"3160702";"19152,00";"2010";"42406,00";"2022";"1208059000,00";"2022";"4";"261";"5537000,00";"2024";"21/07/2026 15:43:11"
"3160801";"2507,00";"2010";"4713,00";"2022";"87982000,00";"2022";"2";"0";"0,00";"2024";"21/07/2026 15:43:11"
"3160900";"1379,00";"2010";"3989,00";"2022";"90666000,00";"2022";"1";"0";"0,00";"2024";"21/07/2026 15:43:11"
"3160959";"1970,00";"2010";"5626,00";"2022";"120312000,00";"2022";"4";"17";"193000,00";"2024";"21/07/2026 15:43:11"
"3161007";"8233,00";"2010";"17392,00";"2022";"357693000,00";"2022";"3";"134";"2841000,00";"2024";"21/07/2026 15:43:11"
"3161056";"1385,00";"2010";"3200,00";"2022";"46652000,00";"2022";"0";"0";"0,00";"";"21/07/2026 15:43:11"
"3161106";"23045,00";"2010";"52762,00";"2022";"725685000,00";"2022";"11";"0";"0,00";"2024";"21/07/2026 15:43:11"
"3161205";"3383,00";"2010";"6187,00";"2022";"218276000,00";"2022";"3";"30";"733000,00";"2024";"21/07/2026 15:43:11"
"3161304";"2827,00";"2010";"5732,00";"2022";"193421000,00";"2022";"2";"0";"0,00";"2024";"21/07/2026 15:43:11"
"3161403";"2541,00";"2010";"4800,00";"2022";"87316000,00";"2022";"1";"0";"0,00";"2024";"21/07/2026 15:43:11"
"3161502";"4692,00";"2010";"10282,00";"2022";"290356000,00";"2022";"0";"0";"0,00";"";"21/07/2026 15:43:11"
"3161601";"1874,00";"2010";"3305,00";"2022";"46622000,00";"2022";"3";"0";"0,00";"2024";"21/07/2026 15:43:11"
"3161650";"1403,00";"2010";"3143,00";"2022";"49274000,00";"2022";"2";"0";"0,00";"2024";"21/07/2026 15:43:11"
"3161700";"2795,00";"2010";"7375,00";"2022";"379298000,00";"2022";"0";"0";"0,00";"";"21/07/2026 15:43:11"
"3161809";"5817,00";"2010";"11770,00";"2022";"328833000,00";"2022";"3";"214";"3576000,00";"2024";"21/07/2026 15:43:11"
"3161908";"4429,00";"2010";"11850,00";"2022";"3838430000,00";"2022";"4";"51";"1016000,00";"2024";"21/07/2026 15:43:11"
"3162005";"11713,00";"2010";"23959,00";"2022";"1110721000,00";"2022";"6";"57";"2795000,00";"2024";"21/07/2026 15:43:11"
"3162104";"17176,00";"2010";"40910,00";"2022";"1447958000,00";"2022";"18";"197";"6781000,00";"2024";"21/07/2026 15:43:11"
"3162203";"3575,00";"2010";"7652,00";"2022";"265285000,00";"2022";"5";"55";"1137000,00";"2024";"21/07/2026 15:43:11"
"3162252";"2337,00";"2010";"4822,00";"2022";"65157000,00";"2022";"1";"0";"0,00";"2024";"21/07/2026 15:43:11"
"3162302";"1410,00";"2010";"2914,00";"2022";"62269000,00";"2022";"0";"0";"0,00";"";"21/07/2026 15:43:11"
"3162401";"11393,00";"2010";"23930,00";"2022";"294984000,00";"2022";"6";"27";"533000,00";"2024";"21/07/2026 15:43:11"
"3162450";"4360,00";"2010";"13024,00";"2022";"104831000,00";"2022";"5";"5";"3000,00";"2024";"21/07/2026 15:43:11"
"3162500";"39806,00";"2010";"90225,00";"2022";"3286449000,00";"2022";"12";"143";"3894000,00";"2024";"21/07/2026 15:43:11"
"3162559";"5231,00";"2010";"11246,00";"2022";"261763000,00";"2022";"3";"36";"686000,00";"2024";"21/07/2026 15:43:11"
"3162575";"2178,00";"2010";"5331,00";"2022";"86652000,00";"2022";"4";"11";"162000,00";"2024";"21/07/2026 15:43:11"
"3162609";"3309,00";"2010";"7070,00";"2022";"111762000,00";"2022";"3";"16";"250000,00";"2024";"21/07/2026 15:43:11"
"3162658";"1872,00";"2010";"3972,00";"2022";"46918000,00";"2022";"0";"0";"0,00";"";"21/07/2026 15:43:11"
"3162708";"12211,00";"2010";"23910,00";"2022";"286699000,00";"2022";"9";"23";"260000,00";"2024";"21/07/2026 15:43:11"
"3162807";"6333,00";"2010";"15315,00";"2022";"259718000,00";"2022";"5";"54";"1242000,00";"2024";"21/07/2026 15:43:11"
"3162906";"13155,00";"2010";"25565,00";"2022";"581987000,00";"2022";"1";"0";"0,00";"2024";"21/07/2026 15:43:11"
"3162922";"11362,00";"2010";"34348,00";"2022";"956892000,00";"2022";"5";"0";"0,00";"2024";"21/07/2026 15:43:11"
"3162948";"3188,00";"2010";"7793,00";"2022";"668347000,00";"2022";"7";"185";"3858000,00";"2024";"21/07/2026 15:43:11"
"3162955";"9856,00";"2010";"26090,00";"2022";"976280000,00";"2022";"7";"102";"2889000,00";"2024";"21/07/2026 15:43:11"
"3163003";"1742,00";"2010";"3806,00";"2022";"48147000,00";"2022";"1";"0";"0,00";"2024";"21/07/2026 15:43:11"
"3163102";"2204,00";"2010";"4536,00";"2022";"121946000,00";"2022";"0";"0";"0,00";"";"21/07/2026 15:43:11"
"3163201";"2054,00";"2010";"4133,00";"2022";"69544000,00";"2022";"2";"0";"0,00";"2024";"21/07/2026 15:43:11"
"3163300";"1684,00";"2010";"3464,00";"2022";"54220000,00";"2022";"0";"0";"0,00";"";"21/07/2026 15:43:11"
"3163409";"2480,00";"2010";"5396,00";"2022";"73844000,00";"2022";"1";"0";"0,00";"2024";"21/07/2026 15:43:11"
"3163508";"2793,00";"2010";"6197,00";"2022";"116400000,00";"2022";"0";"0";"0,00";"";"21/07/2026 15:43:11"
"3163607";"1160,00";"2010";"2753,00";"2022";"57196000,00";"2022";"1";"0";"0,00";"2024";"21/07/2026 15:43:11"
"3163706";"20848,00";"2010";"44798,00";"2022";"1249052000,00";"2022";"6";"702";"26400000,00";"2024";"21/07/2026 15:43:11"
"3163805";"3038,00";"2010";"6334,00";"2022";"130368000,00";"2022";"2";"0";"0,00";"2024";"21/07/2026 15:43:11"
"3163904";"2937,00";"2010";"4885,00";"2022";"184727000,00";"2022";"2";"0";"0,00";"2024";"21/07/2026 15:43:11"
"3164001";"3647,00";"2010";"7166,00";"2022";"143511000,00";"2022";"0";"0";"0,00";"";"21/07/2026 15:43:11"
"3164100";"2158,00";"2010";"5103,00";"2022";"95277000,00";"2022";"2";"0";"0,00";"2024";"21/07/2026 15:43:11"
"3164209";"4878,00";"2010";"10315,00";"2022";"268414000,00";"2022";"4";"30";"909000,00";"2024";"21/07/2026 15:43:11"
"3164308";"3763,00";"2010";"7129,00";"2022";"357530000,00";"2022";"4";"75";"2275000,00";"2024";"21/07/2026 15:43:11"
"3164407";"2489,00";"2010";"6387,00";"2022";"618201000,00";"2022";"2";"0";"0,00";"2024";"21/07/2026 15:43:11"
"3164431";"1373,00";"2010";"3113,00";"2022";"74833000,00";"2022";"0";"0";"0,00";"";"21/07/2026 15:43:12"
"3164472";"2636,00";"2010";"6194,00";"2022";"131730000,00";"2022";"0";"0";"0,00";"";"21/07/2026 15:43:12"
"3164506";"4036,00";"2010";"10079,00";"2022";"107846000,00";"2022";"2";"0";"0,00";"2024";"21/07/2026 15:43:12"
"3164605";"3028,00";"2010";"8815,00";"2022";"772508000,00";"2022";"2";"0";"0,00";"2024";"21/07/2026 15:43:12"
"3164704";"34614,00";"2010";"71796,00";"2022";"2537935000,00";"2022";"24";"2419";"78648000,00";"2024";"21/07/2026 15:43:12"
"3164803";"802,00";"2010";"1259,00";"2022";"27919000,00";"2022";"2";"0";"0,00";"2024";"21/07/2026 15:43:12"
"3164902";"922,00";"2010";"2300,00";"2022";"41464000,00";"2022";"4";"12";"195000,00";"2024";"21/07/2026 15:43:12"
"3165008";"4918,00";"2010";"11192,00";"2022";"255019000,00";"2022";"0";"0";"0,00";"";"21/07/2026 15:43:12"
"3165107";"3744,00";"2010";"6740,00";"2022";"252856000,00";"2022";"1";"0";"0,00";"2024";"21/07/2026 15:43:12"
"3165206";"3781,00";"2010";"6904,00";"2022";"156680000,00";"2022";"3";"32";"626000,00";"2024";"21/07/2026 15:43:12"
"3165305";"3352,00";"2010";"6804,00";"2022";"222960000,00";"2022";"7";"46";"974000,00";"2024";"21/07/2026 15:43:12"
"3165404";"3037,00";"2010";"6311,00";"2022";"137508000,00";"2022";"1";"0";"0,00";"2024";"21/07/2026 15:43:12"
"3165503";"2542,00";"2010";"5104,00";"2022";"71577000,00";"2022";"9";"61";"1143000,00";"2024";"21/07/2026 15:43:12"
"3165537";"13509,00";"2010";"36844,00";"2022";"1633540000,00";"2022";"4";"19";"336000,00";"2024";"21/07/2026 15:43:12"
"3165552";"4193,00";"2010";"9917,00";"2022";"130346000,00";"2022";"2";"0";"0,00";"2024";"21/07/2026 15:43:12"
"3165560";"1499,00";"2010";"2433,00";"2022";"36775000,00";"2022";"0";"0";"0,00";"";"21/07/2026 15:43:12"
"3165578";"2674,00";"2010";"6206,00";"2022";"101052000,00";"2022";"3";"18";"374000,00";"2024";"21/07/2026 15:43:12"
"3165602";"929,00";"2010";"2240,00";"2022";"42692000,00";"2022";"1";"0";"0,00";"2024";"21/07/2026 15:43:12"
"3165701";"2749,00";"2010";"7716,00";"2022";"123408000,00";"2022";"3";"40";"710000,00";"2024";"21/07/2026 15:43:12"
"3165800";"1087,00";"2010";"2068,00";"2022";"44947000,00";"2022";"0";"0";"0,00";"";"21/07/2026 15:43:12"
"3165909";"2261,00";"2010";"4008,00";"2022";"86654000,00";"2022";"1";"0";"0,00";"2024";"21/07/2026 15:43:12"
"3166006";"2227,00";"2010";"5483,00";"2022";"86521000,00";"2022";"2";"0";"0,00";"2024";"21/07/2026 15:43:12"
"3166105";"1545,00";"2010";"3067,00";"2022";"50946000,00";"2022";"0";"0";"0,00";"";"21/07/2026 15:43:12"
"3166204";"5526,00";"2010";"10384,00";"2022";"126898000,00";"2022";"2";"0";"0,00";"2024";"21/07/2026 15:43:12"
"3166303";"3416,00";"2010";"7345,00";"2022";"175838000,00";"2022";"0";"0";"0,00";"";"21/07/2026 15:43:12"
"3166402";"923,00";"2010";"1819,00";"2022";"48147000,00";"2022";"3";"19";"323000,00";"2024";"21/07/2026 15:43:12"
"3166501";"1362,00";"2010";"3792,00";"2022";"48542000,00";"2022";"0";"0";"0,00";"";"21/07/2026 15:43:12"
"3166600";"402,00";"2010";"833,00";"2022";"22518000,00";"2022";"0";"0";"0,00";"";"21/07/2026 15:43:12"
"3166709";"3667,00";"2010";"6944,00";"2022";"152030000,00";"2022";"2";"0";"0,00";"2024";"21/07/2026 15:43:12"
"3166808";"5871,00";"2010";"11801,00";"2022";"882064000,00";"2022";"12";"0";"0,00";"2024";"21/07/2026 15:43:12"
"3166907";"3489,00";"2010";"7621,00";"2022";"200224000,00";"2022";"2";"0";"0,00";"2024";"21/07/2026 15:43:12"
"3166956";"2059,00";"2010";"4399,00";"2022";"53002000,00";"2022";"1";"0";"0,00";"2024";"21/07/2026 15:43:12"
"3167004";"831,00";"2010";"1990,00";"2022";"43207000,00";"2022";"2";"0";"0,00";"2024";"21/07/2026 15:43:12"
"3167103";"9774,00";"2010";"21952,00";"2022";"335210000,00";"2022";"1";"0";"0,00";"2024";"21/07/2026 15:43:12"
"3167202";"117399,00";"2010";"227397,00";"2022";"14818544000,00";"2022";"23";"1422";"40120000,00";"2024";"21/07/2026 15:43:12"
"3167301";"945,00";"2010";"2323,00";"2022";"39513000,00";"2022";"0";"0";"0,00";"";"21/07/2026 15:43:12"
"3167400";"3213,00";"2010";"6179,00";"2022";"158829000,00";"2022";"1";"0";"0,00";"2024";"21/07/2026 15:43:12"
"3167509";"1069,00";"2010";"2947,00";"2022";"107886000,00";"2022";"2";"0";"0,00";"2024";"21/07/2026 15:43:12"
"3167608";"9730,00";"2010";"19750,00";"2022";"494706000,00";"2022";"5";"0";"0,00";"2024";"21/07/2026 15:43:12"
"3167707";"2385,00";"2010";"5137,00";"2022";"72626000,00";"2022";"0";"0";"0,00";"";"21/07/2026 15:43:12"
"3167806";"2850,00";"2010";"5613,00";"2022";"95263000,00";"2022";"1";"0";"0,00";"2024";"21/07/2026 15:43:12"
"3167905";"1854,00";"2010";"4014,00";"2022";"79868000,00";"2022";"2";"0";"0,00";"2024";"21/07/2026 15:43:12"
"3168002";"15250,00";"2010";"33050,00";"2022";"618918000,00";"2022";"8";"0";"0,00";"2024";"21/07/2026 15:43:12"
"3168051";"1347,00";"2010";"3387,00";"2022";"55723000,00";"2022";"0";"0";"0,00";"";"21/07/2026 15:43:12"
"3168101";"2324,00";"2010";"4118,00";"2022";"643071000,00";"2022";"1";"0";"0,00";"2024";"21/07/2026 15:43:12"
"3168200";"983,00";"2010";"1690,00";"2022";"67095000,00";"2022";"0";"0";"0,00";"";"21/07/2026 15:43:12"
"3168309";"2014,00";"2010";"4224,00";"2022";"76507000,00";"2022";"0";"0";"0,00";"";"21/07/2026 15:43:12"
"3168408";"5724,00";"2010";"14709,00";"2022";"195706000,00";"2022";"5";"130";"2186000,00";"2024";"21/07/2026 15:43:12"
"3168507";"5051,00";"2010";"12255,00";"2022";"227665000,00";"2022";"2";"0";"0,00";"2024";"21/07/2026 15:43:12"
"3168606";"61282,00";"2010";"137418,00";"2022";"3051476000,00";"2022";"23";"92";"924000,00";"2024";"21/07/2026 15:43:12"
"3168705";"39655,00";"2010";"81579,00";"2022";"5458822000,00";"2022";"16";"739";"15134000,00";"2024";"21/07/2026 15:43:12"
"3168804";"3801,00";"2010";"7744,00";"2022";"253015000,00";"2022";"1";"0";"0,00";"2024";"21/07/2026 15:43:12"
"3168903";"3575,00";"2010";"7883,00";"2022";"434588000,00";"2022";"3";"4";"22000,00";"2024";"21/07/2026 15:43:12"
"3169000";"7973,00";"2010";"16185,00";"2022";"387031000,00";"2022";"7";"140";"2183000,00";"2024";"21/07/2026 15:43:12"
"3169059";"2550,00";"2010";"3826,00";"2022";"73325000,00";"2022";"1";"0";"0,00";"2024";"21/07/2026 15:43:12"
"3169109";"3200,00";"2010";"7214,00";"2022";"115920000,00";"2022";"5";"20";"537000,00";"2024";"21/07/2026 15:43:12"
"3169208";"4483,00";"2010";"8609,00";"2022";"145319000,00";"2022";"2";"0";"0,00";"2024";"21/07/2026 15:43:12"
"3169307";"36890,00";"2010";"75485,00";"2022";"3283951000,00";"2022";"17";"143";"2618000,00";"2024";"21/07/2026 15:43:12"
"3169356";"13985,00";"2010";"28895,00";"2022";"2645025000,00";"2022";"15";"86";"2165000,00";"2024";"21/07/2026 15:43:12"
"3169406";"28963,00";"2010";"55255,00";"2022";"2173780000,00";"2022";"18";"504";"13865000,00";"2024";"21/07/2026 15:43:12"
"3169505";"2871,00";"2010";"5886,00";"2022";"92082000,00";"2022";"1";"0";"0,00";"2024";"21/07/2026 15:43:12"
"3169604";"12538,00";"2010";"25470,00";"2022";"1182518000,00";"2022";"18";"1377";"34207000,00";"2024";"21/07/2026 15:43:12"
"3169703";"9325,00";"2010";"20000,00";"2022";"455068000,00";"2022";"14";"232";"6092000,00";"2024";"21/07/2026 15:43:12"
"3169802";"2698,00";"2010";"4935,00";"2022";"149762000,00";"2022";"1";"0";"0,00";"2024";"21/07/2026 15:43:12"
"3169901";"51097,00";"2010";"103365,00";"2022";"3768283000,00";"2022";"20";"580";"11610000,00";"2024";"21/07/2026 15:43:12"
"3170008";"5265,00";"2010";"11708,00";"2022";"124461000,00";"2022";"5";"42";"670000,00";"2024";"21/07/2026 15:43:12"
"3170057";"5490,00";"2010";"13017,00";"2022";"204269000,00";"2022";"5";"31";"524000,00";"2024";"21/07/2026 15:43:12"
"3170107";"162877,00";"2010";"337836,00";"2022";"23582500000,00";"2022";"34";"1239";"37025000,00";"2024";"21/07/2026 15:43:12"
"3170206";"337105,00";"2010";"713224,00";"2022";"47790807000,00";"2022";"101";"4895";"108769000,00";"2024";"21/07/2026 15:43:12"
"3170305";"1084,00";"2010";"2684,00";"2022";"44832000,00";"2022";"2";"0";"0,00";"2024";"21/07/2026 15:43:12"
"3170404";"42539,00";"2010";"86619,00";"2022";"4864891000,00";"2022";"18";"1313";"36603000,00";"2024";"21/07/2026 15:43:12"
"3170438";"2190,00";"2010";"3828,00";"2022";"148297000,00";"2022";"1";"0";"0,00";"2024";"21/07/2026 15:43:12"
"3170479";"1323,00";"2010";"3282,00";"2022";"93348000,00";"2022";"2";"0";"0,00";"2024";"21/07/2026 15:43:12"
"3170503";"4790,00";"2010";"10600,00";"2022";"276044000,00";"2022";"3";"32";"529000,00";"2024";"21/07/2026 15:43:12"
"3170529";"5451,00";"2010";"17479,00";"2022";"204029000,00";"2022";"5";"20";"199000,00";"2024";"21/07/2026 15:43:12"
"3170578";"2524,00";"2010";"5780,00";"2022";"81054000,00";"2022";"1";"0";"0,00";"2024";"21/07/2026 15:43:12"
"3170602";"1159,00";"2010";"2158,00";"2022";"95825000,00";"2022";"0";"0";"0,00";"";"21/07/2026 15:43:12"
"3170651";"2475,00";"2010";"4633,00";"2022";"69798000,00";"2022";"0";"0";"0,00";"";"21/07/2026 15:43:12"
"3170701";"66032,00";"2010";"136467,00";"2022";"9925786000,00";"2022";"36";"761";"19092000,00";"2024";"21/07/2026 15:43:12"
"3170750";"3211,00";"2010";"6969,00";"2022";"385320000,00";"2022";"1";"0";"0,00";"2024";"21/07/2026 15:43:12"
"3170800";"16370,00";"2010";"33744,00";"2022";"1265738000,00";"2022";"7";"37";"567000,00";"2024";"21/07/2026 15:43:12"
"3170909";"8163,00";"2010";"18840,00";"2022";"199299000,00";"2022";"5";"0";"0,00";"2024";"21/07/2026 15:43:12"
"3171006";"10591,00";"2010";"19975,00";"2022";"1133352000,00";"2022";"12";"97";"1748000,00";"2024";"21/07/2026 15:43:12"
"3171030";"3232,00";"2010";"7672,00";"2022";"114042000,00";"2022";"2";"0";"0,00";"2024";"21/07/2026 15:43:12"
"3171071";"3139,00";"2010";"5181,00";"2022";"123906000,00";"2022";"0";"0";"0,00";"";"21/07/2026 15:43:12"
"3171105";"1698,00";"2010";"3411,00";"2022";"179175000,00";"2022";"3";"4";"3000,00";"2024";"21/07/2026 15:43:12"
"3171154";"2139,00";"2010";"4899,00";"2022";"77631000,00";"2022";"0";"0";"0,00";"";"21/07/2026 15:43:12"
"3171204";"52747,00";"2010";"129246,00";"2022";"3368066000,00";"2022";"23";"305";"6125000,00";"2024";"21/07/2026 15:43:12"
"3171303";"38081,00";"2010";"76430,00";"2022";"2004832000,00";"2022";"16";"427";"10654000,00";"2024";"21/07/2026 15:43:12"
"3171402";"1526,00";"2010";"3700,00";"2022";"65686000,00";"2022";"0";"0";"0,00";"";"21/07/2026 15:43:12"
"3171501";"1078,00";"2010";"3038,00";"2022";"50686000,00";"2022";"0";"0";"0,00";"";"21/07/2026 15:43:12"
"3171600";"6116,00";"2010";"11804,00";"2022";"139827000,00";"2022";"4";"16";"366000,00";"2024";"21/07/2026 15:43:12"
"3171709";"3956,00";"2010";"8908,00";"2022";"196222000,00";"2022";"2";"0";"0,00";"2024";"21/07/2026 15:43:12"
"3171808";"4613,00";"2010";"10314,00";"2022";"191992000,00";"2022";"3";"95";"2320000,00";"2024";"21/07/2026 15:43:12"
"3171907";"2547,00";"2010";"4552,00";"2022";"62776000,00";"2022";"1";"0";"0,00";"2024";"21/07/2026 15:43:12"
"3172004";"19125,00";"2010";"39160,00";"2022";"1687803000,00";"2022";"10";"263";"5657000,00";"2024";"21/07/2026 15:43:12"
"3172103";"2139,00";"2010";"4443,00";"2022";"123807000,00";"2022";"4";"28";"382000,00";"2024";"21/07/2026 15:43:12"
"3172202";"1033,00";"2010";"2356,00";"2022";"36815000,00";"2022";"1";"0";"0,00";"2024";"21/07/2026 15:43:12"
"3200102";"17311,00";"2010";"30684,00";"2022";"704170000,00";"2022";"5";"141";"3644000,00";"2024";"21/07/2026 15:43:12"
"3200136";"5680,00";"2010";"9711,00";"2022";"285359000,00";"2022";"4";"37";"777000,00";"2024";"21/07/2026 15:43:12"
"3200169";"5291,00";"2010";"12042,00";"2022";"193868000,00";"2022";"2";"0";"0,00";"2024";"21/07/2026 15:43:12"
"3200201";"15867,00";"2010";"29177,00";"2022";"615686000,00";"2022";"6";"195";"3962000,00";"2024";"21/07/2026 15:43:12"
"3200300";"8121,00";"2010";"13836,00";"2022";"503090000,00";"2022";"6";"98";"2260000,00";"2024";"21/07/2026 15:43:12"
"3200359";"3257,00";"2010";"7434,00";"2022";"128055000,00";"2022";"7";"48";"758000,00";"2024";"21/07/2026 15:43:12"
"3200409";"12636,00";"2010";"29984,00";"2022";"1812852000,00";"2022";"13";"212";"5817000,00";"2024";"21/07/2026 15:43:12"
"3200508";"3616,00";"2010";"7223,00";"2022";"132067000,00";"2022";"2";"0";"0,00";"2024";"21/07/2026 15:43:12"
"3200607";"42923,00";"2010";"94765,00";"2022";"6372858000,00";"2022";"22";"1271";"37627000,00";"2024";"21/07/2026 15:43:12"
"3200706";"4788,00";"2010";"10540,00";"2022";"400926000,00";"2022";"1";"0";"0,00";"2024";"21/07/2026 15:43:12"
"3200805";"14311,00";"2010";"30674,00";"2022";"892742000,00";"2022";"9";"167";"2995000,00";"2024";"21/07/2026 15:43:12"
"3200904";"19886,00";"2010";"42498,00";"2022";"1174755000,00";"2022";"13";"241";"6238000,00";"2024";"21/07/2026 15:43:12"
"3201001";"7732,00";"2010";"13608,00";"2022";"309701000,00";"2022";"6";"66";"1368000,00";"2024";"21/07/2026 15:43:12"
"3201100";"4373,00";"2010";"10254,00";"2022";"221085000,00";"2022";"2";"0";"0,00";"2024";"21/07/2026 15:43:12"
"3201159";"7007,00";"2010";"12985,00";"2022";"491754000,00";"2022";"3";"121";"2247000,00";"2024";"21/07/2026 15:43:12"
"3201209";"95456,00";"2010";"185786,00";"2022";"6282575000,00";"2022";"30";"1465";"37403000,00";"2024";"21/07/2026 15:43:12"
"3201308";"172676,00";"2010";"353491,00";"2022";"14637851000,00";"2022";"62";"2218";"45527000,00";"2024";"21/07/2026 15:43:12"
"3201407";"19514,00";"2010";"36930,00";"2022";"1300851000,00";"2022";"13";"146";"3278000,00";"2024";"21/07/2026 15:43:12"
"3201506";"61722,00";"2010";"120033,00";"2022";"4427119000,00";"2022";"17";"1036";"20877000,00";"2024";"21/07/2026 15:43:12"
"3201605";"13109,00";"2010";"27458,00";"2022";"609139000,00";"2022";"13";"105";"1792000,00";"2024";"21/07/2026 15:43:12"
"3201704";"6683,00";"2010";"11937,00";"2022";"328817000,00";"2022";"9";"158";"4242000,00";"2024";"21/07/2026 15:43:12"
"3201803";"2397,00";"2010";"5083,00";"2022";"98082000,00";"2022";"1";"0";"0,00";"2024";"21/07/2026 15:43:12"
"3201902";"20329,00";"2010";"35416,00";"2022";"1104697000,00";"2022";"9";"192";"4092000,00";"2024";"21/07/2026 15:43:12"
"3202009";"3093,00";"2010";"6596,00";"2022";"186332000,00";"2022";"4";"0";"0,00";"2024";"21/07/2026 15:43:12"
"3202108";"11000,00";"2010";"21992,00";"2022";"407120000,00";"2022";"9";"0";"0,00";"2024";"21/07/2026 15:43:12"
"3202207";"8630,00";"2010";"18014,00";"2022";"471908000,00";"2022";"6";"184";"4574000,00";"2024";"21/07/2026 15:43:12"
"3202256";"5583,00";"2010";"11009,00";"2022";"354082000,00";"2022";"2";"0";"0,00";"2024";"21/07/2026 15:43:12"
"3202306";"14106,00";"2010";"29358,00";"2022";"714399000,00";"2022";"9";"266";"5448000,00";"2024";"21/07/2026 15:43:12"
"3202405";"52423,00";"2010";"124656,00";"2022";"2801586000,00";"2022";"18";"222";"4027000,00";"2024";"21/07/2026 15:43:12"
"3202454";"11633,00";"2010";"25380,00";"2022";"540861000,00";"2022";"5";"12";"60000,00";"2024";"21/07/2026 15:43:12"
"3202504";"5794,00";"2010";"11723,00";"2022";"311275000,00";"2022";"0";"0";"0,00";"";"21/07/2026 15:43:12"
"3202553";"4727,00";"2010";"9520,00";"2022";"212492000,00";"2022";"3";"22";"365000,00";"2024";"21/07/2026 15:43:12"
"3202603";"7430,00";"2010";"12326,00";"2022";"336306000,00";"2022";"8";"126";"2691000,00";"2024";"21/07/2026 15:43:12"
"3202652";"6637,00";"2010";"13710,00";"2022";"399394000,00";"2022";"4";"58";"1070000,00";"2024";"21/07/2026 15:43:12"
"3202702";"8127,00";"2010";"13589,00";"2022";"389505000,00";"2022";"6";"141";"3458000,00";"2024";"21/07/2026 15:43:12"
"3202801";"13169,00";"2010";"39832,00";"2022";"6164004000,00";"2022";"8";"155";"3851000,00";"2024";"21/07/2026 15:43:12"
"3202900";"6891,00";"2010";"10597,00";"2022";"335824000,00";"2022";"2";"0";"0,00";"2024";"21/07/2026 15:43:12"
"3203007";"14242,00";"2010";"28590,00";"2022";"777408000,00";"2022";"12";"201";"2894000,00";"2024";"21/07/2026 15:43:12"
"3203056";"13306,00";"2010";"28931,00";"2022";"1244234000,00";"2022";"6";"259";"8000000,00";"2024";"21/07/2026 15:43:12"
"3203106";"4925,00";"2010";"11575,00";"2022";"196921000,00";"2022";"4";"20";"419000,00";"2024";"21/07/2026 15:43:12"
"3203130";"7522,00";"2010";"14079,00";"2022";"689639000,00";"2022";"4";"69";"1685000,00";"2024";"21/07/2026 15:43:12"
"3203163";"5835,00";"2010";"11094,00";"2022";"225609000,00";"2022";"3";"35";"632000,00";"2024";"21/07/2026 15:43:12"
"3203205";"75133,00";"2010";"166786,00";"2022";"7895973000,00";"2022";"26";"5123";"117857000,00";"2024";"21/07/2026 15:43:12"
"3203304";"6079,00";"2010";"12770,00";"2022";"242040000,00";"2022";"3";"21";"453000,00";"2024";"21/07/2026 15:43:12"
"3203320";"14899,00";"2010";"41929,00";"2022";"7237131000,00";"2022";"17";"295";"6348000,00";"2024";"21/07/2026 15:43:12"
"3203346";"7991,00";"2010";"17641,00";"2022";"603569000,00";"2022";"4";"67";"1647000,00";"2024";"21/07/2026 15:43:12"
"3203353";"6247,00";"2010";"12387,00";"2022";"367196000,00";"2022";"1";"0";"0,00";"2024";"21/07/2026 15:43:12"
"3203403";"13628,00";"2010";"24475,00";"2022";"663159000,00";"2022";"5";"53";"1215000,00";"2024";"21/07/2026 15:43:12"
"3203502";"9068,00";"2010";"18900,00";"2022";"484545000,00";"2022";"12";"57";"967000,00";"2024";"21/07/2026 15:43:12"
"3203601";"2634,00";"2010";"5466,00";"2022";"108803000,00";"2022";"3";"22";"373000,00";"2024";"21/07/2026 15:43:12"
"3203700";"9218,00";"2010";"18153,00";"2022";"463826000,00";"2022";"4";"127";"3064000,00";"2024";"21/07/2026 15:43:12"
"3203809";"7053,00";"2010";"13745,00";"2022";"250614000,00";"2022";"2";"0";"0,00";"2024";"21/07/2026 15:43:12"
"3203908";"25149,00";"2010";"49065,00";"2022";"1477705000,00";"2022";"15";"901";"20332000,00";"2024";"21/07/2026 15:43:12"
"3204005";"9899,00";"2010";"18893,00";"2022";"433444000,00";"2022";"3";"15";"75000,00";"2024";"21/07/2026 15:43:12"
"3204054";"11194,00";"2010";"21522,00";"2022";"426168000,00";"2022";"10";"110";"8363000,00";"2024";"21/07/2026 15:43:12"
"3204104";"12280,00";"2010";"23915,00";"2022";"925007000,00";"2022";"9";"49";"744000,00";"2024";"21/07/2026 15:43:12"
"3204203";"9111,00";"2010";"22300,00";"2022";"1075545000,00";"2022";"8";"14";"806000,00";"2024";"21/07/2026 15:43:12"
"3204252";"2735,00";"2010";"6497,00";"2022";"120797000,00";"2022";"3";"7";"54000,00";"2024";"21/07/2026 15:43:12"
"3204302";"4618,00";"2010";"13696,00";"2022";"8179738000,00";"2022";"7";"100";"1935000,00";"2024";"21/07/2026 15:43:12"
"3204351";"9780,00";"2010";"19274,00";"2022";"652400000,00";"2022";"5";"973";"19722000,00";"2024";"21/07/2026 15:43:13"
"3204401";"5633,00";"2010";"11069,00";"2022";"260345000,00";"2022";"5";"74";"2332000,00";"2024";"21/07/2026 15:43:13"
"3204500";"6096,00";"2010";"13106,00";"2022";"362244000,00";"2022";"4";"0";"0,00";"2024";"21/07/2026 15:43:13"
"3204559";"21934,00";"2010";"41636,00";"2022";"1960529000,00";"2022";"12";"547";"13993000,00";"2024";"21/07/2026 15:43:13"
"3204609";"12786,00";"2010";"22808,00";"2022";"692569000,00";"2022";"6";"213";"5286000,00";"2024";"21/07/2026 15:43:13"
"3204658";"4145,00";"2010";"8589,00";"2022";"343510000,00";"2022";"2";"0";"0,00";"2024";"21/07/2026 15:43:13"
"3204708";"17596,00";"2010";"32252,00";"2022";"884873000,00";"2022";"14";"135";"3237000,00";"2024";"21/07/2026 15:43:13"
"3204807";"5020,00";"2010";"10878,00";"2022";"202544000,00";"2022";"5";"81";"1517000,00";"2024";"21/07/2026 15:43:13"
"3204906";"56094,00";"2010";"123752,00";"2022";"3451218000,00";"2022";"21";"429";"8394000,00";"2024";"21/07/2026 15:43:13"
"3204955";"6061,00";"2010";"10886,00";"2022";"275507000,00";"2022";"3";"0";"0,00";"2024";"21/07/2026 15:43:13"
"3205002";"209491,00";"2010";"520653,00";"2022";"34774777000,00";"2022";"93";"8228";"200399000,00";"2024";"21/07/2026 15:43:13"
"3205010";"11857,00";"2010";"26502,00";"2022";"707092000,00";"2022";"8";"158";"3840000,00";"2024";"21/07/2026 15:43:13"
"3205036";"10454,00";"2010";"19563,00";"2022";"455504000,00";"2022";"10";"72";"1689000,00";"2024";"21/07/2026 15:43:13"
"3205069";"11479,00";"2010";"23831,00";"2022";"798302000,00";"2022";"12";"300";"8333000,00";"2024";"21/07/2026 15:43:13"
"3205101";"30541,00";"2010";"73423,00";"2022";"4100265000,00";"2022";"17";"0";"0,00";"2024";"21/07/2026 15:43:13"
"3205150";"5539,00";"2010";"8911,00";"2022";"196503000,00";"2022";"0";"0";"0,00";"";"21/07/2026 15:43:13"
"3205176";"7693,00";"2010";"13728,00";"2022";"525704000,00";"2022";"3";"100";"266000,00";"2024";"21/07/2026 15:43:13"
"3205200";"220530,00";"2010";"467722,00";"2022";"16959025000,00";"2022";"67";"3664";"92260000,00";"2024";"21/07/2026 15:43:13"
"3205309";"178008,00";"2010";"322869,00";"2022";"24203420000,00";"2022";"29";"405";"6509000,00";"2024";"21/07/2026 15:43:13"
"3300100";"83070,00";"2010";"167434,00";"2022";"11032725000,00";"2022";"16";"1326";"30900000,00";"2024";"21/07/2026 15:43:13"
"3300159";"4967,00";"2010";"11034,00";"2022";"276295000,00";"2022";"1";"0";"0,00";"2024";"21/07/2026 15:43:13"
"3300209";"51420,00";"2010";"129671,00";"2022";"9387990000,00";"2022";"21";"777";"19193000,00";"2024";"21/07/2026 15:43:13"
"3300225";"5609,00";"2010";"11828,00";"2022";"488446000,00";"2022";"0";"0";"0,00";"";"21/07/2026 15:43:13"
"3300233";"14454,00";"2010";"40006,00";"2022";"4138737000,00";"2022";"3";"5";"137000,00";"2024";"21/07/2026 15:43:13"
"3300258";"14070,00";"2010";"30986,00";"2022";"7026277000,00";"2022";"1";"0";"0,00";"2024";"21/07/2026 15:43:13"
"3300308";"45189,00";"2010";"92883,00";"2022";"3005432000,00";"2022";"19";"1197";"24173000,00";"2024";"21/07/2026 15:43:13"
"3300407";"86317,00";"2010";"169894,00";"2022";"6513674000,00";"2022";"20";"146";"2780000,00";"2024";"21/07/2026 15:43:13"
"3300456";"213611,00";"2010";"483087,00";"2022";"9579716000,00";"2022";"8";"23";"5084000,00";"2024";"21/07/2026 15:43:13"
"3300506";"13171,00";"2010";"28102,00";"2022";"890883000,00";"2022";"3";"160";"3479000,00";"2024";"21/07/2026 15:43:13"
"3300605";"16637,00";"2010";"35173,00";"2022";"1062573000,00";"2022";"4";"49";"40000,00";"2024";"21/07/2026 15:43:13"
"3300704";"93620,00";"2010";"222161,00";"2022";"15453319000,00";"2022";"26";"315";"5756000,00";"2024";"21/07/2026 15:43:13"
"3300803";"26780,00";"2010";"56943,00";"2022";"1567755000,00";"2022";"6";"259";"6196000,00";"2024";"21/07/2026 15:43:13"
"3300902";"6859,00";"2010";"14616,00";"2022";"459442000,00";"2022";"1";"0";"0,00";"2024";"21/07/2026 15:43:13"
"3300936";"6919,00";"2010";"13847,00";"2022";"1195363000,00";"2022";"3";"14";"161000,00";"2024";"21/07/2026 15:43:13"
"3300951";"4062,00";"2010";"8741,00";"2022";"572680000,00";"2022";"0";"0";"0,00";"";"21/07/2026 15:43:13"
"3301009";"208602,00";"2010";"483540,00";"2022";"49942074000,00";"2022";"48";"717";"25539000,00";"2024";"21/07/2026 15:43:13"
"3301108";"10275,00";"2010";"19390,00";"2022";"915904000,00";"2022";"2";"0";"0,00";"2024";"21/07/2026 15:43:13"
"3301157";"5244,00";"2010";"12958,00";"2022";"383126000,00";"2022";"2";"0";"0,00";"2024";"21/07/2026 15:43:13"
"3301207";"8064,00";"2010";"17198,00";"2022";"620952000,00";"2022";"4";"71";"1782000,00";"2024";"21/07/2026 15:43:13"
"3301306";"18776,00";"2010";"46110,00";"2022";"3142865000,00";"2022";"6";"119";"2081000,00";"2024";"21/07/2026 15:43:13"
"3301405";"10742,00";"2010";"21104,00";"2022";"449935000,00";"2022";"4";"21";"1349000,00";"2024";"21/07/2026 15:43:13"
"3301504";"10398,00";"2010";"20783,00";"2022";"477136000,00";"2022";"1";"0";"0,00";"2024";"21/07/2026 15:43:13"
"3301603";"5970,00";"2010";"10980,00";"2022";"274030000,00";"2022";"1";"0";"0,00";"2024";"21/07/2026 15:43:13"
"3301702";"403018,00";"2010";"808161,00";"2022";"65861333000,00";"2022";"59";"2212";"58136000,00";"2024";"21/07/2026 15:43:13"
"3301801";"6171,00";"2010";"12242,00";"2022";"383264000,00";"2022";"1";"0";"0,00";"2024";"21/07/2026 15:43:13"
"3301850";"25266,00";"2010";"51696,00";"2022";"1450030000,00";"2022";"1";"0";"0,00";"2024";"21/07/2026 15:43:13"
"3301876";"10147,00";"2010";"27920,00";"2022";"712149000,00";"2022";"1";"0";"0,00";"2024";"21/07/2026 15:43:13"
"3301900";"107392,00";"2010";"224267,00";"2022";"5640941000,00";"2022";"9";"4905";"130925000,00";"2024";"21/07/2026 15:43:13"
"3302007";"51953,00";"2010";"116841,00";"2022";"9092302000,00";"2022";"7";"17";"290000,00";"2024";"21/07/2026 15:43:13"
"3302056";"6695,00";"2010";"14073,00";"2022";"399061000,00";"2022";"2";"0";"0,00";"2024";"21/07/2026 15:43:13"
"3302106";"11548,00";"2010";"22919,00";"2022";"685897000,00";"2022";"3";"4";"0,00";"2024";"21/07/2026 15:43:13"
"3302205";"47266,00";"2010";"101041,00";"2022";"3597510000,00";"2022";"18";"2579";"55899000,00";"2024";"21/07/2026 15:43:13"
"3302254";"14783,00";"2010";"30908,00";"2022";"6268879000,00";"2022";"2";"0";"0,00";"2024";"21/07/2026 15:43:13"
"3302270";"38773,00";"2010";"96289,00";"2022";"1669777000,00";"2022";"3";"20";"441000,00";"2024";"21/07/2026 15:43:13"
"3302304";"3503,00";"2010";"7336,00";"2022";"191370000,00";"2022";"2";"0";"0,00";"2024";"21/07/2026 15:43:13"
"3302403";"111149,00";"2010";"246391,00";"2022";"19614198000,00";"2022";"14";"551";"16655000,00";"2024";"21/07/2026 15:43:13"
"3302452";"2304,00";"2010";"5415,00";"2022";"277379000,00";"2022";"1";"0";"0,00";"2024";"21/07/2026 15:43:13"
"3302502";"103056,00";"2010";"228127,00";"2022";"4780409000,00";"2022";"16";"106";"2603000,00";"2024";"21/07/2026 15:43:13"
"3302601";"17906,00";"2010";"41220,00";"2022";"3079416000,00";"2022";"6";"151";"5647000,00";"2024";"21/07/2026 15:43:13"
"3302700";"61529,00";"2010";"197277,00";"2022";"158394291000,00";"2022";"8";"235";"14382000,00";"2024";"21/07/2026 15:43:13"
"3302809";"8835,00";"2010";"17502,00";"2022";"438826000,00";"2022";"0";"0";"0,00";"";"21/07/2026 15:43:13"
"3302858";"79548,00";"2010";"167127,00";"2022";"2834791000,00";"2022";"3";"103";"4102000,00";"2024";"21/07/2026 15:43:13"
"3302908";"12115,00";"2010";"26582,00";"2022";"760561000,00";"2022";"1";"0";"0,00";"2024";"21/07/2026 15:43:13"
"3303005";"13173,00";"2010";"26881,00";"2022";"725936000,00";"2022";"4";"56";"835000,00";"2024";"21/07/2026 15:43:13"
"3303104";"7057,00";"2010";"15074,00";"2022";"377914000,00";"2022";"2";"0";"0,00";"2024";"21/07/2026 15:43:13"
"3303203";"73300,00";"2010";"146774,00";"2022";"3389447000,00";"2022";"10";"48";"818000,00";"2024";"21/07/2026 15:43:13"
"3303302";"251402,00";"2010";"481749,00";"2022";"88716289000,00";"2022";"31";"8665";"218783000,00";"2024";"21/07/2026 15:43:13"
"3303401";"99366,00";"2010";"189939,00";"2022";"6774950000,00";"2022";"18";"919";"18557000,00";"2024";"21/07/2026 15:43:13"
"3303500";"365064,00";"2010";"785867,00";"2022";"19911894000,00";"2022";"52";"5800";"171550000,00";"2024";"21/07/2026 15:43:13"
"3303609";"19645,00";"2010";"41375,00";"2022";"1073592000,00";"2022";"6";"42";"241000,00";"2024";"21/07/2026 15:43:13"
"3303708";"18877,00";"2010";"42063,00";"2022";"1254488000,00";"2022";"4";"132";"3128000,00";"2024";"21/07/2026 15:43:13"
"3303807";"19504,00";"2010";"45243,00";"2022";"4426137000,00";"2022";"1";"0";"0,00";"2024";"21/07/2026 15:43:13"
"3303856";"13548,00";"2010";"29619,00";"2022";"793141000,00";"2022";"1";"0";"0,00";"2024";"21/07/2026 15:43:13"
"3303906";"151519,00";"2010";"278881,00";"2022";"15951213000,00";"2022";"17";"1226";"25583000,00";"2024";"21/07/2026 15:43:13"
"3303955";"9434,00";"2010";"24298,00";"2022";"1207568000,00";"2022";"3";"0";"0,00";"2024";"21/07/2026 15:43:13"
"3304003";"11898,00";"2010";"27474,00";"2022";"2885734000,00";"2022";"3";"0";"0,00";"2024";"21/07/2026 15:43:13"
"3304102";"8302,00";"2010";"17288,00";"2022";"564478000,00";"2022";"2";"0";"0,00";"2024";"21/07/2026 15:43:13"
"3304110";"8785,00";"2010";"20373,00";"2022";"3956993000,00";"2022";"1";"0";"0,00";"2024";"21/07/2026 15:43:13"
"3304128";"6172,00";"2010";"13682,00";"2022";"359212000,00";"2022";"3";"68";"2243000,00";"2024";"21/07/2026 15:43:13"
"3304144";"61402,00";"2010";"140523,00";"2022";"4403902000,00";"2022";"5";"134";"3791000,00";"2024";"21/07/2026 15:43:13"
"3304151";"9753,00";"2010";"22393,00";"2022";"8493476000,00";"2022";"3";"0";"0,00";"2024";"21/07/2026 15:43:13"
"3304201";"62391,00";"2010";"129612,00";"2022";"11663534000,00";"2022";"16";"643";"17183000,00";"2024";"21/07/2026 15:43:13"
"3304300";"26572,00";"2010";"56276,00";"2022";"1905833000,00";"2022";"6";"373";"6733000,00";"2024";"21/07/2026 15:43:13"
"3304409";"8196,00";"2010";"17401,00";"2022";"558687000,00";"2022";"0";"0";"0,00";"";"21/07/2026 15:43:13"
"3304508";"4071,00";"2010";"8954,00";"2022";"325931000,00";"2022";"2";"0";"0,00";"2024";"21/07/2026 15:43:13"
"3304524";"55102,00";"2010";"156491,00";"2022";"10916617000,00";"2022";"9";"309";"6834000,00";"2024";"21/07/2026 15:43:13"
"3304557";"3152146,00";"2010";"6211223,00";"2022";"380381515000,00";"2022";"140";"142280";"4535243000,00";"2024";"21/07/2026 15:43:13"
"3304607";"4892,00";"2010";"10232,00";"2022";"267049000,00";"2022";"3";"3";"0,00";"2024";"21/07/2026 15:43:13"
"3304706";"20299,00";"2010";"41325,00";"2022";"1457559000,00";"2022";"6";"0";"0,00";"2024";"21/07/2026 15:43:13"
"3304755";"17632,00";"2010";"45059,00";"2022";"1305146000,00";"2022";"11";"0";"0,00";"2024";"21/07/2026 15:43:13"
"3304805";"16597,00";"2010";"38961,00";"2022";"921818000,00";"2022";"2";"0";"0,00";"2024";"21/07/2026 15:43:13"
"3304904";"497684,00";"2010";"896744,00";"2022";"20561718000,00";"2022";"53";"797";"17529000,00";"2024";"21/07/2026 15:43:13"
"3305000";"15610,00";"2010";"36573,00";"2022";"12793325000,00";"2022";"2";"0";"0,00";"2024";"21/07/2026 15:43:13"
"3305109";"219249,00";"2010";"440962,00";"2022";"10615039000,00";"2022";"26";"2504";"88078000,00";"2024";"21/07/2026 15:43:13"
"3305133";"3343,00";"2010";"7070,00";"2022";"238089000,00";"2022";"3";"0";"0,00";"2024";"21/07/2026 15:43:13"
"3305158";"10939,00";"2010";"22080,00";"2022";"914557000,00";"2022";"4";"69";"1510000,00";"2024";"21/07/2026 15:43:13"
"3305208";"42098,00";"2010";"104029,00";"2022";"2975703000,00";"2022";"5";"29";"564000,00";"2024";"21/07/2026 15:43:13"
"3305307";"3967,00";"2010";"7750,00";"2022";"275485000,00";"2022";"0";"0";"0,00";"";"21/07/2026 15:43:13"
"3305406";"7826,00";"2010";"17729,00";"2022";"1115045000,00";"2022";"3";"0";"0,00";"2024";"21/07/2026 15:43:13"
"3305505";"34528,00";"2010";"89559,00";"2022";"75409090000,00";"2022";"21";"908";"17628000,00";"2024";"21/07/2026 15:43:13"
"3305554";"37182,00";"2010";"80596,00";"2022";"4240104000,00";"2022";"9";"318";"11670000,00";"2024";"21/07/2026 15:43:13"
"3305604";"9875,00";"2010";"21352,00";"2022";"646129000,00";"2022";"4";"159";"4433000,00";"2024";"21/07/2026 15:43:13"
"3305703";"8985,00";"2010";"15206,00";"2022";"675215000,00";"2022";"2";"0";"0,00";"2024";"21/07/2026 15:43:13"
"3305752";"13904,00";"2010";"31086,00";"2022";"807845000,00";"2022";"5";"112";"2138000,00";"2024";"21/07/2026 15:43:13"
"3305802";"82208,00";"2010";"165123,00";"2022";"6247785000,00";"2022";"10";"594";"15908000,00";"2024";"21/07/2026 15:43:13"
"3305901";"4795,00";"2010";"10302,00";"2022";"277260000,00";"2022";"0";"0";"0,00";"";"21/07/2026 15:43:13"
"3306008";"36092,00";"2010";"78346,00";"2022";"5499387000,00";"2022";"8";"5040";"131606000,00";"2024";"21/07/2026 15:43:13"
"3306107";"34979,00";"2010";"68088,00";"2022";"3044054000,00";"2022";"5";"17";"235000,00";"2024";"21/07/2026 15:43:13"
"3306156";"4845,00";"2010";"10207,00";"2022";"399232000,00";"2022";"3";"60";"470000,00";"2024";"21/07/2026 15:43:13"
"3306206";"16673,00";"2010";"33976,00";"2022";"1344715000,00";"2022";"6";"190";"4406000,00";"2024";"21/07/2026 15:43:13"
"3306305";"126065,00";"2010";"261563,00";"2022";"15472607000,00";"2022";"45";"2743";"76347000,00";"2024";"21/07/2026 15:43:13"
"3500105";"17855,00";"2010";"34687,00";"2022";"1542109000,00";"2022";"7";"408";"11985000,00";"2024";"21/07/2026 15:43:13"
"3500204";"1798,00";"2010";"4351,00";"2022";"152745000,00";"2022";"1";"0";"0,00";"2024";"21/07/2026 15:43:13"
"3500303";"16167,00";"2010";"32072,00";"2022";"1538789000,00";"2022";"8";"345";"16285000,00";"2024";"21/07/2026 15:43:13"
"3500402";"3980,00";"2010";"7369,00";"2022";"237447000,00";"2022";"2";"0";"0,00";"2024";"21/07/2026 15:43:13"
"3500501";"9005,00";"2010";"17930,00";"2022";"709590000,00";"2022";"4";"42";"1126000,00";"2024";"21/07/2026 15:43:13"
"3500550";"2675,00";"2010";"7177,00";"2022";"254817000,00";"2022";"6";"93";"2417000,00";"2024";"21/07/2026 15:43:13"
"3500600";"1405,00";"2010";"2780,00";"2022";"160665000,00";"2022";"2";"0";"0,00";"2024";"21/07/2026 15:43:13"
"3500709";"17892,00";"2010";"37680,00";"2022";"2685446000,00";"2022";"5";"170";"3787000,00";"2024";"21/07/2026 15:43:13"
"3500758";"2326,00";"2010";"6141,00";"2022";"133707000,00";"2022";"0";"0";"0,00";"";"21/07/2026 15:43:13"
"3500808";"1896,00";"2010";"4445,00";"2022";"129965000,00";"2022";"0";"0";"0,00";"";"21/07/2026 15:43:13"
"3500907";"1838,00";"2010";"3451,00";"2022";"126934000,00";"2022";"3";"5";"70000,00";"2024";"21/07/2026 15:43:13"
"3501004";"8254,00";"2010";"16818,00";"2022";"646572000,00";"2022";"10";"62";"1611000,00";"2024";"21/07/2026 15:43:13"
"3501103";"2152,00";"2010";"3841,00";"2022";"113062000,00";"2022";"1";"0";"0,00";"2024";"21/07/2026 15:43:13"
"3501152";"8021,00";"2010";"17301,00";"2022";"3594286000,00";"2022";"8";"119";"3193000,00";"2024";"21/07/2026 15:43:13"
"3501202";"1892,00";"2010";"3915,00";"2022";"135134000,00";"2022";"1";"0";"0,00";"2024";"21/07/2026 15:43:13"
"3501301";"12175,00";"2010";"27255,00";"2022";"820451000,00";"2022";"2";"0";"0,00";"2024";"21/07/2026 15:43:13"
"3501400";"1569,00";"2010";"4808,00";"2022";"59626000,00";"2022";"0";"0";"0,00";"";"21/07/2026 15:43:13"
"3501509";"1398,00";"2010";"2885,00";"2022";"64404000,00";"2022";"3";"20";"355000,00";"2024";"21/07/2026 15:43:13"
"3501608";"119201,00";"2010";"237240,00";"2022";"16677591000,00";"2022";"43";"4865";"143855000,00";"2024";"21/07/2026 15:43:13"
"3501707";"18579,00";"2010";"33019,00";"2022";"1376814000,00";"2022";"8";"70";"1799000,00";"2024";"21/07/2026 15:43:13"
"3501806";"2886,00";"2010";"5870,00";"2022";"141692000,00";"2022";"4";"15";"159000,00";"2024";"21/07/2026 15:43:13"
"3501905";"37419,00";"2010";"68008,00";"2022";"6156333000,00";"2022";"6";"1032";"43332000,00";"2024";"21/07/2026 15:43:13"
"3502002";"2381,00";"2010";"4589,00";"2022";"210932000,00";"2022";"3";"19";"391000,00";"2024";"21/07/2026 15:43:13"
"3502101";"28493,00";"2010";"59783,00";"2022";"4038899000,00";"2022";"10";"84";"2008000,00";"2024";"21/07/2026 15:43:13"
"3502200";"11104,00";"2010";"24022,00";"2022";"1661556000,00";"2022";"7";"329";"8041000,00";"2024";"21/07/2026 15:43:13"
"3502309";"2571,00";"2010";"5674,00";"2022";"171607000,00";"2022";"2";"0";"0,00";"2024";"21/07/2026 15:43:13"
"3502408";"1833,00";"2010";"4023,00";"2022";"100740000,00";"2022";"1";"0";"0,00";"2024";"21/07/2026 15:43:13"
"3502507";"19411,00";"2010";"32569,00";"2022";"1145413000,00";"2022";"11";"188";"4303000,00";"2024";"21/07/2026 15:43:13"
"3502606";"1950,00";"2010";"4086,00";"2022";"168206000,00";"2022";"8";"12";"232000,00";"2024";"21/07/2026 15:43:13"
"3502705";"11101,00";"2010";"24585,00";"2022";"982326000,00";"2022";"16";"221";"5140000,00";"2024";"21/07/2026 15:43:13"
"3502754";"8730,00";"2010";"21522,00";"2022";"5128859000,00";"2022";"2";"0";"0,00";"2024";"21/07/2026 15:43:13"
"3502804";"96782,00";"2010";"200124,00";"2022";"10301206000,00";"2022";"24";"3718";"99140000,00";"2024";"21/07/2026 15:43:13"
"3502903";"13730,00";"2010";"32443,00";"2022";"1215671000,00";"2022";"10";"331";"9564000,00";"2024";"21/07/2026 15:43:13"
"3503000";"2513,00";"2010";"5420,00";"2022";"172550000,00";"2022";"3";"15";"180000,00";"2024";"21/07/2026 15:43:13"
"3503109";"2979,00";"2010";"6885,00";"2022";"188931000,00";"2022";"2";"0";"0,00";"2024";"21/07/2026 15:43:13"
"3503158";"1077,00";"2010";"2330,00";"2022";"47563000,00";"2022";"0";"0";"0,00";"";"21/07/2026 15:43:13"
"3503208";"115042,00";"2010";"242228,00";"2022";"13194879000,00";"2022";"26";"260";"16545000,00";"2024";"21/07/2026 15:43:13"
"3503307";"62926,00";"2010";"130866,00";"2022";"8447071000,00";"2022";"14";"546";"17595000,00";"2024";"21/07/2026 15:43:13"
"3503356";"985,00";"2010";"2044,00";"2022";"62022000,00";"2022";"0";"0";"0,00";"";"21/07/2026 15:43:13"
"3503406";"4174,00";"2010";"8130,00";"2022";"252102000,00";"2022";"5";"62";"1596000,00";"2024";"21/07/2026 15:43:13"
"3503505";"1612,00";"2010";"3577,00";"2022";"63771000,00";"2022";"0";"0";"0,00";"";"21/07/2026 15:43:13"
"3503604";"5474,00";"2010";"10130,00";"2022";"174095000,00";"2022";"3";"95";"2301000,00";"2024";"21/07/2026 15:43:13"
"3503703";"4513,00";"2010";"7602,00";"2022";"1283204000,00";"2022";"3";"37";"1320000,00";"2024";"21/07/2026 15:43:13"
"3503802";"25135,00";"2010";"51456,00";"2022";"2306807000,00";"2022";"11";"423";"14578000,00";"2024";"21/07/2026 15:43:13"
"3503901";"37453,00";"2010";"86678,00";"2022";"9448588000,00";"2022";"5";"178";"6469000,00";"2024";"21/07/2026 15:43:13"
"3503950";"934,00";"2010";"1842,00";"2022";"44377000,00";"2022";"1";"0";"0,00";"2024";"21/07/2026 15:43:13"
"3504008";"49873,00";"2010";"101409,00";"2022";"4581891000,00";"2022";"23";"4242";"139597000,00";"2024";"21/07/2026 15:43:13"
"3504107";"66693,00";"2010";"158647,00";"2022";"8826312000,00";"2022";"36";"1661";"67260000,00";"2024";"21/07/2026 15:43:13"
"3504206";"8143,00";"2010";"13692,00";"2022";"392589000,00";"2022";"11";"66";"1362000,00";"2024";"21/07/2026 15:43:13"
"3504305";"2255,00";"2010";"4483,00";"2022";"330717000,00";"2022";"2";"0";"0,00";"2024";"21/07/2026 15:43:13"
"3504404";"4695,00";"2010";"11263,00";"2022";"219883000,00";"2022";"2";"0";"0,00";"2024";"21/07/2026 15:43:13"
"3504503";"42691,00";"2010";"92805,00";"2022";"3871415000,00";"2022";"20";"381";"19244000,00";"2024";"21/07/2026 15:43:13"
"3504602";"8337,00";"2010";"27260,00";"2022";"666078000,00";"2022";"5";"99";"1543000,00";"2024";"21/07/2026 15:43:13"
"3504701";"1262,00";"2010";"3887,00";"2022";"62119000,00";"2022";"1";"0";"0,00";"2024";"21/07/2026 15:43:13"
"3504800";"4389,00";"2010";"9596,00";"2022";"311241000,00";"2022";"1";"0";"0,00";"2024";"21/07/2026 15:43:13"
"3504909";"4982,00";"2010";"9969,00";"2022";"236093000,00";"2022";"1";"0";"0,00";"2024";"21/07/2026 15:43:13"
"3505005";"1597,00";"2010";"3531,00";"2022";"78067000,00";"2022";"4";"0";"0,00";"2024";"21/07/2026 15:43:13"
"3505104";"2908,00";"2010";"5640,00";"2022";"129133000,00";"2022";"2";"0";"0,00";"2024";"21/07/2026 15:43:13"
"3505203";"16559,00";"2010";"31595,00";"2022";"1810874000,00";"2022";"11";"568";"19529000,00";"2024";"21/07/2026 15:43:13"
"3505302";"19375,00";"2010";"34346,00";"2022";"1760476000,00";"2022";"7";"263";"5225000,00";"2024";"21/07/2026 15:43:14"
"3505351";"2313,00";"2010";"5179,00";"2022";"163232000,00";"2022";"2";"0";"0,00";"2024";"21/07/2026 15:43:14"
"3505401";"3033,00";"2010";"6876,00";"2022";"138338000,00";"2022";"3";"24";"661000,00";"2024";"21/07/2026 15:43:14"
"3505500";"60442,00";"2010";"122485,00";"2022";"6174110000,00";"2022";"22";"445";"11890000,00";"2024";"21/07/2026 15:43:14"
"3505609";"14773,00";"2010";"32092,00";"2022";"658639000,00";"2022";"8";"87";"1809000,00";"2024";"21/07/2026 15:43:14"
"3505708";"125594,00";"2010";"316473,00";"2022";"69665769000,00";"2022";"51";"39822";"1600773000,00";"2024";"21/07/2026 15:43:14"
"3505807";"10703,00";"2010";"21503,00";"2022";"1141590000,00";"2022";"5";"225";"6661000,00";"2024";"21/07/2026 15:43:14"
"3505906";"29611,00";"2010";"58402,00";"2022";"2795758000,00";"2022";"13";"1517";"50933000,00";"2024";"21/07/2026 15:43:14"
"3506003";"185226,00";"2010";"379146,00";"2022";"18612853000,00";"2022";"52";"8410";"277406000,00";"2024";"21/07/2026 15:43:14"
"3506102";"40639,00";"2010";"76373,00";"2022";"4756160000,00";"2022";"10";"248";"6203000,00";"2024";"21/07/2026 15:43:14"
"3506201";"1452,00";"2010";"2606,00";"2022";"249335000,00";"2022";"3";"9";"100000,00";"2024";"21/07/2026 15:43:14"
"3506300";"5405,00";"2010";"11607,00";"2022";"482828000,00";"2022";"7";"93";"2181000,00";"2024";"21/07/2026 15:43:14"
"3506359";"25368,00";"2010";"64188,00";"2022";"2276073000,00";"2022";"11";"75";"1739000,00";"2024";"21/07/2026 15:43:14"
"3506409";"4115,00";"2010";"7319,00";"2022";"279245000,00";"2022";"4";"0";"0,00";"2024";"21/07/2026 15:43:14"
"3506508";"62250,00";"2010";"118979,00";"2022";"4489461000,00";"2022";"16";"586";"16539000,00";"2024";"21/07/2026 15:43:14"
"3506607";"14295,00";"2010";"29683,00";"2022";"929917000,00";"2022";"3";"5";"0,00";"2024";"21/07/2026 15:43:14"
"3506706";"6974,00";"2010";"12978,00";"2022";"426175000,00";"2022";"6";"111";"3087000,00";"2024";"21/07/2026 15:43:14"
"3506805";"6242,00";"2010";"11259,00";"2022";"306479000,00";"2022";"6";"71";"1815000,00";"2024";"21/07/2026 15:43:14"
"3506904";"4773,00";"2010";"10460,00";"2022";"237971000,00";"2022";"3";"0";"0,00";"2024";"21/07/2026 15:43:14"
"3507001";"26297,00";"2010";"61081,00";"2022";"3980440000,00";"2022";"12";"83";"1699000,00";"2024";"21/07/2026 15:43:14"
"3507100";"9288,00";"2010";"22006,00";"2022";"1845067000,00";"2022";"4";"291";"9239000,00";"2024";"21/07/2026 15:43:14"
"3507159";"1594,00";"2010";"3555,00";"2022";"66937000,00";"2022";"1";"0";"0,00";"2024";"21/07/2026 15:43:14"
"3507209";"432,00";"2010";"907,00";"2022";"92174000,00";"2022";"1";"0";"0,00";"2024";"21/07/2026 15:43:14"
"3507308";"2312,00";"2010";"4715,00";"2022";"582111000,00";"2022";"0";"0";"0,00";"";"21/07/2026 15:43:14"
"3507407";"8060,00";"2010";"14226,00";"2022";"559934000,00";"2022";"8";"125";"3389000,00";"2024";"21/07/2026 15:43:14"
"3507456";"1136,00";"2010";"2713,00";"2022";"81816000,00";"2022";"0";"0";"0,00";"";"21/07/2026 15:43:14"
"3507506";"65009,00";"2010";"145155,00";"2022";"6709749000,00";"2022";"17";"1448";"45678000,00";"2024";"21/07/2026 15:43:14"
"3507605";"77256,00";"2010";"176811,00";"2022";"9125117000,00";"2022";"25";"1606";"52325000,00";"2024";"21/07/2026 15:43:14"
"3507704";"2621,00";"2010";"5356,00";"2022";"118470000,00";"2022";"2";"0";"0,00";"2024";"21/07/2026 15:43:14"
"3507753";"1364,00";"2010";"2565,00";"2022";"78574000,00";"2022";"1";"0";"0,00";"2024";"21/07/2026 15:43:14"
"3507803";"11586,00";"2010";"25201,00";"2022";"971558000,00";"2022";"10";"165";"7219000,00";"2024";"21/07/2026 15:43:14"
"3507902";"11531,00";"2010";"23898,00";"2022";"1355481000,00";"2022";"3";"325";"10906000,00";"2024";"21/07/2026 15:43:14"
"3508009";"7381,00";"2010";"20250,00";"2022";"702838000,00";"2022";"8";"0";"0,00";"2024";"21/07/2026 15:43:14"
"3508108";"8085,00";"2010";"17210,00";"2022";"646239000,00";"2022";"7";"222";"6825000,00";"2024";"21/07/2026 15:43:14"
"3508207";"2135,00";"2010";"4356,00";"2022";"257455000,00";"2022";"6";"30";"842000,00";"2024";"21/07/2026 15:43:14"
"3508306";"2096,00";"2010";"4299,00";"2022";"120867000,00";"2022";"3";"0";"0,00";"2024";"21/07/2026 15:43:14"
"3508405";"22296,00";"2010";"47011,00";"2022";"6625402000,00";"2022";"11";"0";"0,00";"2024";"21/07/2026 15:43:14"
"3508504";"40754,00";"2010";"96202,00";"2022";"5870325000,00";"2022";"12";"2019";"62399000,00";"2024";"21/07/2026 15:43:14"
"3508603";"14091,00";"2010";"31564,00";"2022";"727281000,00";"2022";"6";"79";"2851000,00";"2024";"21/07/2026 15:43:14"
"3508702";"9742,00";"2010";"17101,00";"2022";"479156000,00";"2022";"5";"0";"0,00";"2024";"21/07/2026 15:43:14"
"3508801";"8164,00";"2010";"16654,00";"2022";"737489000,00";"2022";"5";"390";"12826000,00";"2024";"21/07/2026 15:43:14"
"3508900";"1867,00";"2010";"3712,00";"2022";"70621000,00";"2022";"0";"0";"0,00";"";"21/07/2026 15:43:14"
"3509007";"46484,00";"2010";"95032,00";"2022";"5172279000,00";"2022";"12";"805";"23403000,00";"2024";"21/07/2026 15:43:14"
"3509106";"1983,00";"2010";"5466,00";"2022";"91473000,00";"2022";"0";"0";"0,00";"";"21/07/2026 15:43:14"
"3509205";"30903,00";"2010";"92689,00";"2022";"24330164000,00";"2022";"6";"125";"4666000,00";"2024";"21/07/2026 15:43:14"
"3509254";"11910,00";"2010";"28515,00";"2022";"2228754000,00";"2022";"4";"118";"3286000,00";"2024";"21/07/2026 15:43:14"
"3509304";"5377,00";"2010";"9133,00";"2022";"194847000,00";"2022";"3";"38";"652000,00";"2024";"21/07/2026 15:43:14"
"3509403";"11909,00";"2010";"23830,00";"2022";"841326000,00";"2022";"4";"173";"5173000,00";"2024";"21/07/2026 15:43:14"
"3509452";"2490,00";"2010";"5954,00";"2022";"176896000,00";"2022";"2";"0";"0,00";"2024";"21/07/2026 15:43:14"
"3509502";"581495,00";"2010";"1139047,00";"2022";"80646591000,00";"2022";"136";"5023";"194573000,00";"2024";"21/07/2026 15:43:14"
"3509601";"39481,00";"2010";"77632,00";"2022";"2976085000,00";"2022";"4";"359";"7406000,00";"2024";"21/07/2026 15:43:14"
"3509700";"26034,00";"2010";"46974,00";"2022";"1662494000,00";"2022";"6";"140";"3906000,00";"2024";"21/07/2026 15:43:14"
"3509809";"2020,00";"2010";"4888,00";"2022";"234017000,00";"2022";"1";"0";"0,00";"2024";"21/07/2026 15:43:14"
"3509908";"5483,00";"2010";"12289,00";"2022";"286747000,00";"2022";"13";"39";"261000,00";"2024";"21/07/2026 15:43:14"
"3509957";"2040,00";"2010";"4931,00";"2022";"131852000,00";"2022";"0";"0";"0,00";"";"21/07/2026 15:43:14"
"3510005";"13969,00";"2010";"29449,00";"2022";"2074288000,00";"2022";"8";"26";"371000,00";"2024";"21/07/2026 15:43:14"
"3510104";"1391,00";"2010";"2889,00";"2022";"109176000,00";"2022";"2";"0";"0,00";"2024";"21/07/2026 15:43:14"
"3510153";"2012,00";"2010";"6283,00";"2022";"215548000,00";"2022";"3";"14";"364000,00";"2024";"21/07/2026 15:43:14"
"3510203";"22046,00";"2010";"46337,00";"2022";"1395125000,00";"2022";"9";"185";"4857000,00";"2024";"21/07/2026 15:43:14"
"3510302";"8762,00";"2010";"22866,00";"2022";"442199000,00";"2022";"5";"201";"5878000,00";"2024";"21/07/2026 15:43:14"
"3510401";"26072,00";"2010";"50068,00";"2022";"3335183000,00";"2022";"15";"330";"13704000,00";"2024";"21/07/2026 15:43:14"
"3510500";"50648,00";"2010";"134873,00";"2022";"5575378000,00";"2022";"34";"3611";"86655000,00";"2024";"21/07/2026 15:43:14"
"3510609";"181907,00";"2010";"386984,00";"2022";"7817579000,00";"2022";"46";"327";"8680000,00";"2024";"21/07/2026 15:43:14"
"3510708";"5513,00";"2010";"11345,00";"2022";"372262000,00";"2022";"6";"66";"1778000,00";"2024";"21/07/2026 15:43:14"
"3510807";"12480,00";"2010";"28083,00";"2022";"1260886000,00";"2022";"9";"79";"2342000,00";"2024";"21/07/2026 15:43:14"
"3510906";"1510,00";"2010";"2799,00";"2022";"212553000,00";"2022";"2";"0";"0,00";"2024";"21/07/2026 15:43:14"
"3511003";"8415,00";"2010";"19977,00";"2022";"1792751000,00";"2022";"5";"0";"0,00";"2024";"21/07/2026 15:43:14"
"3511102";"60926,00";"2010";"115791,00";"2022";"6036118000,00";"2022";"23";"467";"15232000,00";"2024";"21/07/2026 15:43:14"
"3511201";"3541,00";"2010";"7003,00";"2022";"170229000,00";"2022";"2";"0";"0,00";"2024";"21/07/2026 15:43:14"
"3511300";"4204,00";"2010";"12618,00";"2022";"643216000,00";"2022";"4";"44";"1136000,00";"2024";"21/07/2026 15:43:14"
"3511409";"8436,00";"2010";"21469,00";"2022";"1220434000,00";"2022";"10";"212";"5607000,00";"2024";"21/07/2026 15:43:14"
"3511508";"22865,00";"2010";"44695,00";"2022";"2566786000,00";"2022";"6";"735";"26884000,00";"2024";"21/07/2026 15:43:14"
"3511607";"8293,00";"2010";"19048,00";"2022";"1032978000,00";"2022";"3";"99";"5780000,00";"2024";"21/07/2026 15:43:14"
"3511706";"7663,00";"2010";"15535,00";"2022";"610775000,00";"2022";"1";"0";"0,00";"2024";"21/07/2026 15:43:14"
"3511904";"3803,00";"2010";"6982,00";"2022";"200098000,00";"2022";"3";"51";"1031000,00";"2024";"21/07/2026 15:43:14"
"3512001";"9108,00";"2010";"18486,00";"2022";"2117227000,00";"2022";"7";"232";"7748000,00";"2024";"21/07/2026 15:43:14"
"3512100";"3094,00";"2010";"6629,00";"2022";"473153000,00";"2022";"3";"7";"0,00";"2024";"21/07/2026 15:43:14"
"3512209";"12546,00";"2010";"28101,00";"2022";"978772000,00";"2022";"8";"133";"2885000,00";"2024";"21/07/2026 15:43:14"
"3512308";"7891,00";"2010";"15232,00";"2022";"471793000,00";"2022";"7";"22";"279000,00";"2024";"21/07/2026 15:43:14"
"3512407";"11462,00";"2010";"24514,00";"2022";"4216369000,00";"2022";"13";"270";"10093000,00";"2024";"21/07/2026 15:43:14"
"3512506";"3017,00";"2010";"5400,00";"2022";"257148000,00";"2022";"0";"0";"0,00";"";"21/07/2026 15:43:14"
"3512605";"2190,00";"2010";"4280,00";"2022";"143742000,00";"2022";"3";"9";"155000,00";"2024";"21/07/2026 15:43:14"
"3512704";"2075,00";"2010";"4195,00";"2022";"340220000,00";"2022";"1";"0";"0,00";"2024";"21/07/2026 15:43:14"
"3512803";"29105,00";"2010";"59773,00";"2022";"2059490000,00";"2022";"19";"111";"2730000,00";"2024";"21/07/2026 15:43:14"
"3512902";"3627,00";"2010";"8719,00";"2022";"622396000,00";"2022";"3";"29";"1001000,00";"2024";"21/07/2026 15:43:14"
"3513009";"108825,00";"2010";"274413,00";"2022";"17274219000,00";"2022";"34";"942";"28748000,00";"2024";"21/07/2026 15:43:14"
"3513108";"16959,00";"2010";"33281,00";"2022";"2054668000,00";"2022";"14";"212";"5228000,00";"2024";"21/07/2026 15:43:14"
"3513207";"4061,00";"2010";"9272,00";"2022";"431298000,00";"2022";"5";"34";"720000,00";"2024";"21/07/2026 15:43:14"
"3513306";"1165,00";"2010";"2108,00";"2022";"217898000,00";"2022";"1";"0";"0,00";"2024";"21/07/2026 15:43:14"
"3513405";"37443,00";"2010";"74961,00";"2022";"3815247000,00";"2022";"17";"527";"16092000,00";"2024";"21/07/2026 15:43:14"
"3513504";"57980,00";"2010";"112476,00";"2022";"28715658000,00";"2022";"2";"0";"0,00";"2024";"21/07/2026 15:43:14"
"3513603";"11079,00";"2010";"22110,00";"2022";"355776000,00";"2022";"2";"0";"0,00";"2024";"21/07/2026 15:43:14"
"3513702";"16319,00";"2010";"31756,00";"2022";"2328296000,00";"2022";"16";"115";"2738000,00";"2024";"21/07/2026 15:43:14"
"3513801";"204397,00";"2010";"393237,00";"2022";"20056680000,00";"2022";"27";"559";"16917000,00";"2024";"21/07/2026 15:43:14"
"3513850";"866,00";"2010";"1620,00";"2022";"81422000,00";"2022";"0";"0";"0,00";"";"21/07/2026 15:43:14"
"3513900";"6286,00";"2010";"11158,00";"2022";"418610000,00";"2022";"6";"72";"967000,00";"2024";"21/07/2026 15:43:14"
"3514007";"4138,00";"2010";"8759,00";"2022";"160516000,00";"2022";"1";"0";"0,00";"2024";"21/07/2026 15:43:14"
"3514106";"12370,00";"2010";"24510,00";"2022";"1007949000,00";"2022";"14";"465";"13265000,00";"2024";"21/07/2026 15:43:14"
"3514205";"1086,00";"2010";"2207,00";"2022";"63005000,00";"2022";"2";"0";"0,00";"2024";"21/07/2026 15:43:14"
"3514304";"4640,00";"2010";"8096,00";"2022";"856063000,00";"2022";"2";"0";"0,00";"2024";"21/07/2026 15:43:14"
"3514403";"22632,00";"2010";"45474,00";"2022";"1626666000,00";"2022";"10";"226";"26003000,00";"2024";"21/07/2026 15:43:14"
"3514502";"6444,00";"2010";"12328,00";"2022";"324954000,00";"2022";"2";"0";"0,00";"2024";"21/07/2026 15:43:14"
"3514601";"4420,00";"2010";"9471,00";"2022";"421940000,00";"2022";"2";"0";"0,00";"2024";"21/07/2026 15:43:14"
"3514700";"3187,00";"2010";"6205,00";"2022";"166592000,00";"2022";"1";"0";"0,00";"2024";"21/07/2026 15:43:14"
"3514809";"6282,00";"2010";"13069,00";"2022";"309186000,00";"2022";"7";"41";"1046000,00";"2024";"21/07/2026 15:43:14"
"3514908";"8064,00";"2010";"17699,00";"2022";"1510916000,00";"2022";"7";"85";"1980000,00";"2024";"21/07/2026 15:43:14"
"3514924";"1675,00";"2010";"3138,00";"2022";"84550000,00";"2022";"2";"0";"0,00";"2024";"21/07/2026 15:43:14"
"3514957";"1339,00";"2010";"2323,00";"2022";"66132000,00";"2022";"3";"14";"228000,00";"2024";"21/07/2026 15:43:14"
"3515004";"123129,00";"2010";"250691,00";"2022";"16591731000,00";"2022";"18";"441";"47014000,00";"2024";"21/07/2026 15:43:14"
"3515103";"30518,00";"2010";"66970,00";"2022";"1548218000,00";"2022";"7";"96";"2620000,00";"2024";"21/07/2026 15:43:14"
"3515129";"1554,00";"2010";"3014,00";"2022";"78918000,00";"2022";"0";"0";"0,00";"";"21/07/2026 15:43:14"
"3515152";"8571,00";"2010";"19566,00";"2022";"754022000,00";"2022";"5";"128";"4322000,00";"2024";"21/07/2026 15:43:14"
"3515186";"23025,00";"2010";"39816,00";"2022";"2399383000,00";"2022";"8";"2533";"77558000,00";"2024";"21/07/2026 15:43:14"
"3515194";"2160,00";"2010";"4157,00";"2022";"96443000,00";"2022";"3";"47";"1054000,00";"2024";"21/07/2026 15:43:14"
"3515202";"4463,00";"2010";"9417,00";"2022";"1211780000,00";"2022";"5";"26";"580000,00";"2024";"21/07/2026 15:43:14"
"3515301";"1226,00";"2010";"2703,00";"2022";"56385000,00";"2022";"2";"0";"0,00";"2024";"21/07/2026 15:43:14"
"3515350";"4733,00";"2010";"7924,00";"2022";"134967000,00";"2022";"2";"0";"0,00";"2024";"21/07/2026 15:43:14"
"3515400";"7789,00";"2010";"16641,00";"2022";"482673000,00";"2022";"11";"83";"3878000,00";"2024";"21/07/2026 15:43:14"
"3515509";"35400,00";"2010";"71186,00";"2022";"2760929000,00";"2022";"20";"894";"23713000,00";"2024";"21/07/2026 15:43:14"
"3515608";"3082,00";"2010";"5942,00";"2022";"221149000,00";"2022";"1";"0";"0,00";"2024";"21/07/2026 15:43:14"
"3515657";"817,00";"2010";"1656,00";"2022";"79803000,00";"2022";"0";"0";"0,00";"";"21/07/2026 15:43:14"
"3515707";"84030,00";"2010";"179198,00";"2022";"5179708000,00";"2022";"5";"2012";"62454000,00";"2024";"21/07/2026 15:43:14"
"3515806";"750,00";"2010";"1487,00";"2022";"47500000,00";"2022";"0";"0";"0,00";"";"21/07/2026 15:43:14"
"3515905";"1504,00";"2010";"2733,00";"2022";"82993000,00";"2022";"3";"9";"254000,00";"2024";"21/07/2026 15:43:14"
"3516002";"5670,00";"2010";"12958,00";"2022";"289807000,00";"2022";"2";"0";"0,00";"2024";"21/07/2026 15:43:14"
"3516101";"1161,00";"2010";"3851,00";"2022";"196358000,00";"2022";"1";"0";"0,00";"2024";"21/07/2026 15:43:14"
"3516200";"177370,00";"2010";"352536,00";"2022";"13076033000,00";"2022";"94";"2165";"59039000,00";"2024";"21/07/2026 15:43:14"
"3516309";"72416,00";"2010";"165139,00";"2022";"2039346000,00";"2022";"16";"334";"12728000,00";"2024";"21/07/2026 15:43:14"
"3516408";"62473,00";"2010";"144849,00";"2022";"5087143000,00";"2022";"15";"283";"8685000,00";"2024";"21/07/2026 15:43:14"
"3516507";"1587,00";"2010";"2763,00";"2022";"109552000,00";"2022";"2";"0";"0,00";"2024";"21/07/2026 15:43:14"
"3516606";"3589,00";"2010";"6380,00";"2022";"167524000,00";"2022";"4";"31";"574000,00";"2024";"21/07/2026 15:43:14"
"3516705";"21926,00";"2010";"42110,00";"2022";"1657853000,00";"2022";"9";"1433";"49966000,00";"2024";"21/07/2026 15:43:14"
"3516804";"2325,00";"2010";"3252,00";"2022";"83275000,00";"2022";"1";"0";"0,00";"2024";"21/07/2026 15:43:14"
"3516853";"2385,00";"2010";"4702,00";"2022";"1258363000,00";"2022";"3";"10";"120000,00";"2024";"21/07/2026 15:43:14"
"3516903";"5674,00";"2010";"10312,00";"2022";"298226000,00";"2022";"7";"78";"2475000,00";"2024";"21/07/2026 15:43:14"
"3517000";"4582,00";"2010";"10232,00";"2022";"220876000,00";"2022";"5";"58";"1430000,00";"2024";"21/07/2026 15:43:14"
"3517109";"2321,00";"2010";"4138,00";"2022";"138649000,00";"2022";"3";"17";"272000,00";"2024";"21/07/2026 15:43:14"
"3517208";"5637,00";"2010";"11239,00";"2022";"260000000,00";"2022";"5";"28";"723000,00";"2024";"21/07/2026 15:43:14"
"3517307";"2705,00";"2010";"5512,00";"2022";"462426000,00";"2022";"6";"69";"1677000,00";"2024";"21/07/2026 15:43:14"
"3517406";"19138,00";"2010";"39279,00";"2022";"2984915000,00";"2022";"12";"78";"1825000,00";"2024";"21/07/2026 15:43:14"
"3517505";"9838,00";"2010";"21711,00";"2022";"942652000,00";"2022";"5";"147";"4228000,00";"2024";"21/07/2026 15:43:14"
"3517604";"7779,00";"2010";"17071,00";"2022";"523934000,00";"2022";"2";"0";"0,00";"2024";"21/07/2026 15:43:14"
"3517703";"9345,00";"2010";"18606,00";"2022";"749060000,00";"2022";"7";"1064";"32838000,00";"2024";"21/07/2026 15:43:14"
"3517802";"4262,00";"2010";"7441,00";"2022";"280625000,00";"2022";"3";"41";"968000,00";"2024";"21/07/2026 15:43:14"
"3517901";"5352,00";"2010";"10350,00";"2022";"449531000,00";"2022";"2";"0";"0,00";"2024";"21/07/2026 15:43:14"
"3518008";"913,00";"2010";"1968,00";"2022";"38175000,00";"2022";"5";"0";"0,00";"2024";"21/07/2026 15:43:14"
"3518107";"3189,00";"2010";"6427,00";"2022";"212071000,00";"2022";"5";"46";"1198000,00";"2024";"21/07/2026 15:43:14"
"3518206";"15866,00";"2010";"31043,00";"2022";"1475720000,00";"2022";"2";"0";"0,00";"2024";"21/07/2026 15:43:14"
"3518305";"12442,00";"2010";"31236,00";"2022";"1650452000,00";"2022";"6";"236";"9417000,00";"2024";"21/07/2026 15:43:14"
"3518404";"56315,00";"2010";"118044,00";"2022";"8343081000,00";"2022";"17";"556";"16040000,00";"2024";"21/07/2026 15:43:14"
"3518503";"6690,00";"2010";"15013,00";"2022";"331671000,00";"2022";"1";"0";"0,00";"2024";"21/07/2026 15:43:14"
"3518602";"17810,00";"2010";"37498,00";"2022";"1312652000,00";"2022";"21";"168";"3610000,00";"2024";"21/07/2026 15:43:14"
"3518701";"143999,00";"2010";"287634,00";"2022";"11474578000,00";"2022";"28";"1039";"32826000,00";"2024";"21/07/2026 15:43:14"
"3518800";"629919,00";"2010";"1291771,00";"2022";"86373710000,00";"2022";"106";"29715";"986278000,00";"2024";"21/07/2026 15:43:14"
"3518859";"3436,00";"2010";"7320,00";"2022";"227822000,00";"2022";"6";"17";"152000,00";"2024";"21/07/2026 15:43:14"
"3518909";"2302,00";"2010";"4246,00";"2022";"97181000,00";"2022";"1";"0";"0,00";"2024";"21/07/2026 15:43:14"
"3519006";"4056,00";"2010";"9125,00";"2022";"420580000,00";"2022";"0";"0";"0,00";"";"21/07/2026 15:43:14"
"3519055";"6760,00";"2010";"15094,00";"2022";"1518913000,00";"2022";"10";"126";"3886000,00";"2024";"21/07/2026 15:43:14"
"3519071";"101168,00";"2010";"236641,00";"2022";"21420797000,00";"2022";"29";"411";"12722000,00";"2024";"21/07/2026 15:43:14"
"3519105";"5727,00";"2010";"10437,00";"2022";"843177000,00";"2022";"3";"135";"3371000,00";"2024";"21/07/2026 15:43:14"
"3519204";"3318,00";"2010";"6131,00";"2022";"288025000,00";"2022";"0";"0";"0,00";"";"21/07/2026 15:43:14"
"3519253";"2105,00";"2010";"8010,00";"2022";"185128000,00";"2022";"2";"0";"0,00";"2024";"21/07/2026 15:43:14"
"3519303";"14676,00";"2010";"32178,00";"2022";"1231163000,00";"2022";"10";"343";"10270000,00";"2024";"21/07/2026 15:43:14"
"3519402";"5954,00";"2010";"11690,00";"2022";"342389000,00";"2022";"6";"265";"7658000,00";"2024";"21/07/2026 15:43:14"
"3519501";"3076,00";"2010";"6385,00";"2022";"281211000,00";"2022";"3";"36";"617000,00";"2024";"21/07/2026 15:43:14"
"3519600";"31104,00";"2010";"60033,00";"2022";"1961941000,00";"2022";"14";"522";"15434000,00";"2024";"21/07/2026 15:43:14"
"3519709";"38278,00";"2010";"75605,00";"2022";"2676377000,00";"2022";"12";"621";"20377000,00";"2024";"21/07/2026 15:43:14"
"3519808";"3878,00";"2010";"7819,00";"2022";"236126000,00";"2022";"7";"67";"1462000,00";"2024";"21/07/2026 15:43:15"
"3519907";"3497,00";"2010";"7619,00";"2022";"476847000,00";"2022";"3";"52";"1232000,00";"2024";"21/07/2026 15:43:15"
"3520004";"12253,00";"2010";"23106,00";"2022";"416079000,00";"2022";"4";"452";"14298000,00";"2024";"21/07/2026 15:43:15"
"3520103";"14328,00";"2010";"26212,00";"2022";"1592921000,00";"2022";"8";"0";"0,00";"2024";"21/07/2026 15:43:15"
"3520202";"4620,00";"2010";"10605,00";"2022";"310647000,00";"2022";"3";"29";"930000,00";"2024";"21/07/2026 15:43:15"
"3520301";"12770,00";"2010";"29115,00";"2022";"2376543000,00";"2022";"7";"246";"5686000,00";"2024";"21/07/2026 15:43:15"
"3520400";"16533,00";"2010";"34934,00";"2022";"24913501000,00";"2022";"17";"701";"20736000,00";"2024";"21/07/2026 15:43:15"
"3520426";"3789,00";"2010";"13419,00";"2022";"2303082000,00";"2022";"9";"117";"3235000,00";"2024";"21/07/2026 15:43:15"
"3520442";"13171,00";"2010";"25549,00";"2022";"768553000,00";"2022";"4";"148";"4460000,00";"2024";"21/07/2026 15:43:15"
"3520509";"113547,00";"2010";"255748,00";"2022";"26940478000,00";"2022";"32";"1164";"40002000,00";"2024";"21/07/2026 15:43:15"
"3520608";"2534,00";"2010";"5090,00";"2022";"90275000,00";"2022";"1";"0";"0,00";"2024";"21/07/2026 15:43:15"
"3520707";"1828,00";"2010";"4035,00";"2022";"121298000,00";"2022";"1";"0";"0,00";"2024";"21/07/2026 15:43:15"
"3520806";"1906,00";"2010";"3615,00";"2022";"160509000,00";"2022";"1";"0";"0,00";"2024";"21/07/2026 15:43:15"
"3520905";"6461,00";"2010";"13712,00";"2022";"583771000,00";"2022";"4";"33";"827000,00";"2024";"21/07/2026 15:43:15"
"3521002";"12526,00";"2010";"36459,00";"2022";"1140856000,00";"2022";"10";"82";"1755000,00";"2024";"21/07/2026 15:43:15"
"3521101";"3261,00";"2010";"6831,00";"2022";"985604000,00";"2022";"2";"0";"0,00";"2024";"21/07/2026 15:43:15"
"3521150";"2095,00";"2010";"6761,00";"2022";"146481000,00";"2022";"4";"10";"115000,00";"2024";"21/07/2026 15:43:15"
"3521200";"2168,00";"2010";"4046,00";"2022";"65473000,00";"2022";"4";"22";"478000,00";"2024";"21/07/2026 15:43:15"
"3521309";"6899,00";"2010";"14454,00";"2022";"506912000,00";"2022";"8";"0";"0,00";"2024";"21/07/2026 15:43:15"
"3521408";"10029,00";"2010";"21967,00";"2022";"2118044000,00";"2022";"6";"204";"6453000,00";"2024";"21/07/2026 15:43:15"
"3521507";"3908,00";"2010";"6867,00";"2022";"199586000,00";"2022";"2";"0";"0,00";"2024";"21/07/2026 15:43:15"
"3521606";"3202,00";"2010";"7085,00";"2022";"116247000,00";"2022";"0";"0";"0,00";"";"21/07/2026 15:43:15"
"3521705";"8321,00";"2010";"17983,00";"2022";"1204811000,00";"2022";"4";"95";"2288000,00";"2024";"21/07/2026 15:43:15"
"3521804";"11099,00";"2010";"25180,00";"2022";"997077000,00";"2022";"10";"131";"3297000,00";"2024";"21/07/2026 15:43:15"
"3521903";"7838,00";"2010";"16989,00";"2022";"1040975000,00";"2022";"9";"74";"2063000,00";"2024";"21/07/2026 15:43:15"
"3522000";"1710,00";"2010";"3618,00";"2022";"338466000,00";"2022";"2";"0";"0,00";"2024";"21/07/2026 15:43:15"
"3522109";"41132,00";"2010";"112476,00";"2022";"2611455000,00";"2022";"21";"268";"11597000,00";"2024";"21/07/2026 15:43:15"
"3522158";"1492,00";"2010";"3422,00";"2022";"56551000,00";"2022";"0";"0";"0,00";"";"21/07/2026 15:43:15"
"3522208";"76972,00";"2010";"158522,00";"2022";"5275802000,00";"2022";"13";"1208";"51531000,00";"2024";"21/07/2026 15:43:15"
"3522307";"70653,00";"2010";"157790,00";"2022";"7249599000,00";"2022";"28";"847";"21868000,00";"2024";"21/07/2026 15:43:15"
"3522406";"40126,00";"2010";"89728,00";"2022";"4196751000,00";"2022";"15";"180";"4341000,00";"2024";"21/07/2026 15:43:15"
"3522505";"96774,00";"2010";"232297,00";"2022";"15017261000,00";"2022";"20";"539";"18420000,00";"2024";"21/07/2026 15:43:15"
"3522604";"36812,00";"2010";"72022,00";"2022";"5497230000,00";"2022";"24";"1268";"45760000,00";"2024";"21/07/2026 15:43:15"
"3522653";"1622,00";"2010";"4306,00";"2022";"63290000,00";"2022";"1";"0";"0,00";"2024";"21/07/2026 15:43:15"
"3522703";"22315,00";"2010";"39493,00";"2022";"1973006000,00";"2022";"11";"313";"10157000,00";"2024";"21/07/2026 15:43:15"
"3522802";"6815,00";"2010";"14085,00";"2022";"367401000,00";"2022";"7";"47";"465000,00";"2024";"21/07/2026 15:43:15"
"3522901";"6358,00";"2010";"13659,00";"2022";"1235795000,00";"2022";"2";"0";"0,00";"2024";"21/07/2026 15:43:15"
"3523008";"1988,00";"2010";"3979,00";"2022";"136395000,00";"2022";"2";"0";"0,00";"2024";"21/07/2026 15:43:15"
"3523107";"153113,00";"2010";"369275,00";"2022";"10755651000,00";"2022";"22";"1203";"33836000,00";"2024";"21/07/2026 15:43:15"
"3523206";"21950,00";"2010";"44438,00";"2022";"1304343000,00";"2022";"9";"103";"2547000,00";"2024";"21/07/2026 15:43:15"
"3523305";"6477,00";"2010";"15528,00";"2022";"327126000,00";"2022";"1";"0";"0,00";"2024";"21/07/2026 15:43:15"
"3523404";"56739,00";"2010";"121590,00";"2022";"9032761000,00";"2022";"12";"3717";"136880000,00";"2024";"21/07/2026 15:43:15"
"3523503";"8868,00";"2010";"19070,00";"2022";"432050000,00";"2022";"7";"175";"5099000,00";"2024";"21/07/2026 15:43:15"
"3523602";"7160,00";"2010";"16148,00";"2022";"1735171000,00";"2022";"5";"50";"2982000,00";"2024";"21/07/2026 15:43:15"
"3523701";"2788,00";"2010";"5779,00";"2022";"188763000,00";"2022";"5";"8";"64000,00";"2024";"21/07/2026 15:43:15"
"3523800";"3983,00";"2010";"8046,00";"2022";"250848000,00";"2022";"6";"48";"1059000,00";"2024";"21/07/2026 15:43:15"
"3523909";"82729,00";"2010";"168240,00";"2022";"11782989000,00";"2022";"31";"531";"13290000,00";"2024";"21/07/2026 15:43:15"
"3524006";"25009,00";"2010";"70616,00";"2022";"9479462000,00";"2022";"14";"658";"23520000,00";"2024";"21/07/2026 15:43:15"
"3524105";"20077,00";"2010";"37571,00";"2022";"2208547000,00";"2022";"9";"442";"13220000,00";"2024";"21/07/2026 15:43:15"
"3524204";"3122,00";"2010";"6221,00";"2022";"174902000,00";"2022";"4";"30";"381000,00";"2024";"21/07/2026 15:43:15"
"3524303";"37873,00";"2010";"71821,00";"2022";"3877102000,00";"2022";"25";"221";"6556000,00";"2024";"21/07/2026 15:43:15"
"3524402";"107818,00";"2010";"240275,00";"2022";"17761835000,00";"2022";"15";"880";"23198000,00";"2024";"21/07/2026 15:43:15"
"3524501";"3073,00";"2010";"7613,00";"2022";"713599000,00";"2022";"0";"0";"0,00";"";"21/07/2026 15:43:15"
"3524600";"7639,00";"2010";"16097,00";"2022";"579595000,00";"2022";"3";"48";"1155000,00";"2024";"21/07/2026 15:43:15"
"3524709";"24777,00";"2010";"59347,00";"2022";"13930315000,00";"2022";"8";"49";"1096000,00";"2024";"21/07/2026 15:43:15"
"3524808";"25860,00";"2010";"48776,00";"2022";"2384962000,00";"2022";"9";"404";"11297000,00";"2024";"21/07/2026 15:43:15"
"3524907";"2816,00";"2010";"6397,00";"2022";"369698000,00";"2022";"0";"0";"0,00";"";"21/07/2026 15:43:15"
"3525003";"59112,00";"2010";"118045,00";"2022";"5752533000,00";"2022";"14";"161";"5520000,00";"2024";"21/07/2026 15:43:15"
"3525102";"17298,00";"2010";"45282,00";"2022";"1933190000,00";"2022";"9";"56";"1521000,00";"2024";"21/07/2026 15:43:15"
"3525201";"13171,00";"2010";"37535,00";"2022";"3245903000,00";"2022";"7";"100";"2221000,00";"2024";"21/07/2026 15:43:15"
"3525300";"74506,00";"2010";"133497,00";"2022";"6248400000,00";"2022";"20";"6706";"200980000,00";"2024";"21/07/2026 15:43:15"
"3525409";"1613,00";"2010";"3863,00";"2022";"153124000,00";"2022";"4";"26";"731000,00";"2024";"21/07/2026 15:43:15"
"3525508";"6376,00";"2010";"12815,00";"2022";"285354000,00";"2022";"3";"117";"2299000,00";"2024";"21/07/2026 15:43:15"
"3525607";"2099,00";"2010";"4371,00";"2022";"119071000,00";"2022";"0";"0";"0,00";"";"21/07/2026 15:43:15"
"3525706";"18376,00";"2010";"36633,00";"2022";"1642067000,00";"2022";"13";"305";"6959000,00";"2024";"21/07/2026 15:43:15"
"3525805";"2085,00";"2010";"4254,00";"2022";"67851000,00";"2022";"1";"0";"0,00";"2024";"21/07/2026 15:43:15"
"3525854";"1673,00";"2010";"3056,00";"2022";"237905000,00";"2022";"3";"6";"94000,00";"2024";"21/07/2026 15:43:15"
"3525904";"203600,00";"2010";"443221,00";"2022";"63835907000,00";"2022";"40";"4916";"187520000,00";"2024";"21/07/2026 15:43:15"
"3526001";"9821,00";"2010";"20448,00";"2022";"878756000,00";"2022";"2";"0";"0,00";"2024";"21/07/2026 15:43:15"
"3526100";"8226,00";"2010";"17154,00";"2022";"379655000,00";"2022";"3";"89";"2526000,00";"2024";"21/07/2026 15:43:15"
"3526209";"14045,00";"2010";"27404,00";"2022";"623226000,00";"2022";"9";"203";"5682000,00";"2024";"21/07/2026 15:43:15"
"3526308";"2374,00";"2010";"5083,00";"2022";"83002000,00";"2022";"2";"0";"0,00";"2024";"21/07/2026 15:43:15"
"3526407";"14211,00";"2010";"26261,00";"2022";"1522678000,00";"2022";"12";"537";"14781000,00";"2024";"21/07/2026 15:43:15"
"3526506";"2577,00";"2010";"9689,00";"2022";"180411000,00";"2022";"3";"21";"390000,00";"2024";"21/07/2026 15:43:15"
"3526605";"2556,00";"2010";"7171,00";"2022";"154190000,00";"2022";"1";"0";"0,00";"2024";"21/07/2026 15:43:15"
"3526704";"49193,00";"2010";"98161,00";"2022";"5139315000,00";"2022";"35";"505";"15603000,00";"2024";"21/07/2026 15:43:15"
"3526803";"33098,00";"2010";"66505,00";"2022";"5881418000,00";"2022";"12";"427";"12054000,00";"2024";"21/07/2026 15:43:15"
"3526902";"148453,00";"2010";"291869,00";"2022";"19078470000,00";"2022";"49";"1771";"46318000,00";"2024";"21/07/2026 15:43:15"
"3527009";"3799,00";"2010";"7014,00";"2022";"321980000,00";"2022";"3";"3";"759000,00";"2024";"21/07/2026 15:43:15"
"3527108";"38200,00";"2010";"74779,00";"2022";"8848509000,00";"2022";"21";"243";"5873000,00";"2024";"21/07/2026 15:43:15"
"3527207";"39730,00";"2010";"84855,00";"2022";"4172744000,00";"2022";"12";"142";"3691000,00";"2024";"21/07/2026 15:43:15"
"3527256";"1118,00";"2010";"1950,00";"2022";"43633000,00";"2022";"0";"0";"0,00";"";"21/07/2026 15:43:15"
"3527306";"22095,00";"2010";"51847,00";"2022";"19241992000,00";"2022";"12";"120";"10640000,00";"2024";"21/07/2026 15:43:15"
"3527405";"9430,00";"2010";"20061,00";"2022";"541971000,00";"2022";"3";"109";"2508000,00";"2024";"21/07/2026 15:43:15"
"3527504";"1201,00";"2010";"2372,00";"2022";"73640000,00";"2022";"4";"0";"0,00";"2024";"21/07/2026 15:43:15"
"3527603";"5878,00";"2010";"12265,00";"2022";"1813179000,00";"2022";"4";"52";"1284000,00";"2024";"21/07/2026 15:43:15"
"3527702";"2511,00";"2010";"4701,00";"2022";"95717000,00";"2022";"0";"0";"0,00";"";"21/07/2026 15:43:15"
"3527801";"2219,00";"2010";"3981,00";"2022";"96789000,00";"2022";"1";"0";"0,00";"2024";"21/07/2026 15:43:15"
"3527900";"1352,00";"2010";"2661,00";"2022";"100631000,00";"2022";"2";"0";"0,00";"2024";"21/07/2026 15:43:15"
"3528007";"8242,00";"2010";"16829,00";"2022";"636544000,00";"2022";"4";"34";"758000,00";"2024";"21/07/2026 15:43:15"
"3528106";"3965,00";"2010";"7481,00";"2022";"215140000,00";"2022";"5";"59";"2526000,00";"2024";"21/07/2026 15:43:15"
"3528205";"2048,00";"2010";"3963,00";"2022";"93684000,00";"2022";"7";"0";"0,00";"2024";"21/07/2026 15:43:15"
"3528304";"1589,00";"2010";"3165,00";"2022";"121127000,00";"2022";"2";"0";"0,00";"2024";"21/07/2026 15:43:15"
"3528403";"21065,00";"2010";"50027,00";"2022";"2613753000,00";"2022";"6";"380";"10368000,00";"2024";"21/07/2026 15:43:15"
"3528502";"39540,00";"2010";"93853,00";"2022";"2484184000,00";"2022";"6";"434";"12304000,00";"2024";"21/07/2026 15:43:15"
"3528601";"4958,00";"2010";"9871,00";"2022";"310584000,00";"2022";"7";"101";"1773000,00";"2024";"21/07/2026 15:43:15"
"3528700";"1989,00";"2010";"4573,00";"2022";"139887000,00";"2022";"2";"0";"0,00";"2024";"21/07/2026 15:43:15"
"3528809";"6997,00";"2010";"12673,00";"2022";"953215000,00";"2022";"4";"8";"67000,00";"2024";"21/07/2026 15:43:15"
"3528858";"1374,00";"2010";"3292,00";"2022";"124020000,00";"2022";"6";"35";"642000,00";"2024";"21/07/2026 15:43:15"
"3528908";"1899,00";"2010";"3513,00";"2022";"69906000,00";"2022";"0";"0";"0,00";"";"21/07/2026 15:43:15"
"3529005";"115700,00";"2010";"237627,00";"2022";"11020231000,00";"2022";"47";"7440";"250964000,00";"2024";"21/07/2026 15:43:15"
"3529104";"1058,00";"2010";"1860,00";"2022";"42490000,00";"2022";"1";"0";"0,00";"2024";"21/07/2026 15:43:15"
"3529203";"11745,00";"2010";"24881,00";"2022";"766182000,00";"2022";"8";"211";"7305000,00";"2024";"21/07/2026 15:43:15"
"3529302";"39483,00";"2010";"79033,00";"2022";"6187824000,00";"2022";"18";"558";"17016000,00";"2024";"21/07/2026 15:43:15"
"3529401";"214709,00";"2010";"418261,00";"2022";"24111461000,00";"2022";"26";"1169";"41632000,00";"2024";"21/07/2026 15:43:15"
"3529500";"2557,00";"2010";"6159,00";"2022";"474541000,00";"2022";"2";"0";"0,00";"2024";"21/07/2026 15:43:15"
"3529609";"2095,00";"2010";"4572,00";"2022";"399566000,00";"2022";"2";"0";"0,00";"2024";"21/07/2026 15:43:15"
"3529658";"899,00";"2010";"1952,00";"2022";"78852000,00";"2022";"0";"0";"0,00";"";"21/07/2026 15:43:15"
"3529708";"10543,00";"2010";"19441,00";"2022";"1079729000,00";"2022";"4";"172";"5243000,00";"2024";"21/07/2026 15:43:15"
"3529807";"6546,00";"2010";"11230,00";"2022";"255740000,00";"2022";"6";"57";"1225000,00";"2024";"21/07/2026 15:43:15"
"3529906";"8847,00";"2010";"18553,00";"2022";"471306000,00";"2022";"2";"0";"0,00";"2024";"21/07/2026 15:43:15"
"3530003";"1403,00";"2010";"3126,00";"2022";"67283000,00";"2022";"0";"0";"0,00";"";"21/07/2026 15:43:15"
"3530102";"12662,00";"2010";"27983,00";"2022";"788259000,00";"2022";"3";"507";"16128000,00";"2024";"21/07/2026 15:43:15"
"3530201";"8010,00";"2010";"15917,00";"2022";"585090000,00";"2022";"3";"43";"1275000,00";"2024";"21/07/2026 15:43:15"
"3530300";"28792,00";"2010";"63337,00";"2022";"3039965000,00";"2022";"9";"759";"22805000,00";"2024";"21/07/2026 15:43:15"
"3530409";"2211,00";"2010";"4669,00";"2022";"209299000,00";"2022";"4";"0";"0,00";"2024";"21/07/2026 15:43:15"
"3530508";"32294,00";"2010";"67681,00";"2022";"3478085000,00";"2022";"12";"906";"26810000,00";"2024";"21/07/2026 15:43:15"
"3530607";"193075,00";"2010";"451505,00";"2022";"22702759000,00";"2022";"37";"4168";"119500000,00";"2024";"21/07/2026 15:43:15"
"3530706";"70952,00";"2010";"153658,00";"2022";"8182932000,00";"2022";"26";"1578";"61490000,00";"2024";"21/07/2026 15:43:15"
"3530805";"44874,00";"2010";"92558,00";"2022";"7317579000,00";"2022";"28";"192";"4151000,00";"2024";"21/07/2026 15:43:15"
"3530904";"1345,00";"2010";"3722,00";"2022";"147772000,00";"2022";"0";"0";"0,00";"";"21/07/2026 15:43:15"
"3531001";"1181,00";"2010";"1937,00";"2022";"63513000,00";"2022";"3";"3";"3000,00";"2024";"21/07/2026 15:43:15"
"3531100";"19936,00";"2010";"61951,00";"2022";"1396444000,00";"2022";"10";"149";"3472000,00";"2024";"21/07/2026 15:43:15"
"3531209";"4086,00";"2010";"8627,00";"2022";"284876000,00";"2022";"4";"37";"860000,00";"2024";"21/07/2026 15:43:15"
"3531308";"26375,00";"2010";"47574,00";"2022";"2825782000,00";"2022";"15";"129";"2971000,00";"2024";"21/07/2026 15:43:15"
"3531407";"11921,00";"2010";"22280,00";"2022";"880684000,00";"2022";"8";"215";"6860000,00";"2024";"21/07/2026 15:43:15"
"3531506";"10630,00";"2010";"18151,00";"2022";"806993000,00";"2022";"4";"24";"664000,00";"2024";"21/07/2026 15:43:15"
"3531605";"2128,00";"2010";"4222,00";"2022";"130920000,00";"2022";"0";"0";"0,00";"";"21/07/2026 15:43:15"
"3531704";"2059,00";"2010";"4138,00";"2022";"90420000,00";"2022";"2";"0";"0,00";"2024";"21/07/2026 15:43:15"
"3531803";"25517,00";"2010";"64662,00";"2022";"4751056000,00";"2022";"13";"126";"3284000,00";"2024";"21/07/2026 15:43:15"
"3531902";"14461,00";"2010";"27933,00";"2022";"1459845000,00";"2022";"5";"210";"6381000,00";"2024";"21/07/2026 15:43:15"
"3532009";"6128,00";"2010";"13720,00";"2022";"708976000,00";"2022";"5";"83";"2265000,00";"2024";"21/07/2026 15:43:15"
"3532058";"1727,00";"2010";"4034,00";"2022";"132075000,00";"2022";"3";"19";"518000,00";"2024";"21/07/2026 15:43:15"
"3532108";"2131,00";"2010";"3737,00";"2022";"83672000,00";"2022";"2";"0";"0,00";"2024";"21/07/2026 15:43:15"
"3532157";"1237,00";"2010";"2660,00";"2022";"156852000,00";"2022";"0";"0";"0,00";"";"21/07/2026 15:43:15"
"3532207";"2151,00";"2010";"5713,00";"2022";"741379000,00";"2022";"1";"0";"0,00";"2024";"21/07/2026 15:43:15"
"3532306";"2943,00";"2010";"6999,00";"2022";"120668000,00";"2022";"0";"0";"0,00";"";"21/07/2026 15:43:15"
"3532405";"7371,00";"2010";"18217,00";"2022";"505081000,00";"2022";"7";"184";"7245000,00";"2024";"21/07/2026 15:43:15"
"3532504";"4746,00";"2010";"9699,00";"2022";"312975000,00";"2022";"8";"113";"2738000,00";"2024";"21/07/2026 15:43:15"
"3532603";"5208,00";"2010";"9852,00";"2022";"437105000,00";"2022";"3";"128";"3837000,00";"2024";"21/07/2026 15:43:15"
"3532702";"2231,00";"2010";"4750,00";"2022";"103610000,00";"2022";"0";"0";"0,00";"";"21/07/2026 15:43:15"
"3532801";"3160,00";"2010";"6693,00";"2022";"385750000,00";"2022";"0";"0";"0,00";"";"21/07/2026 15:43:15"
"3532827";"3352,00";"2010";"8497,00";"2022";"229916000,00";"2022";"4";"32";"635000,00";"2024";"21/07/2026 15:43:15"
"3532843";"1114,00";"2010";"2032,00";"2022";"46090000,00";"2022";"0";"0";"0,00";"";"21/07/2026 15:43:15"
"3532868";"588,00";"2010";"1062,00";"2022";"63340000,00";"2022";"1";"0";"0,00";"2024";"21/07/2026 15:43:15"
"3532900";"4968,00";"2010";"9311,00";"2022";"430590000,00";"2022";"6";"13";"125000,00";"2024";"21/07/2026 15:43:15"
"3533007";"10136,00";"2010";"19419,00";"2022";"593530000,00";"2022";"9";"299";"8478000,00";"2024";"21/07/2026 15:43:15"
"3533106";"1023,00";"2010";"2156,00";"2022";"38624000,00";"2022";"1";"0";"0,00";"2024";"21/07/2026 15:43:15"
"3533205";"1393,00";"2010";"4609,00";"2022";"207949000,00";"2022";"1";"0";"0,00";"2024";"21/07/2026 15:43:15"
"3533254";"2525,00";"2010";"4412,00";"2022";"81999000,00";"2022";"3";"63";"1289000,00";"2024";"21/07/2026 15:43:15"
"3533304";"1865,00";"2010";"2837,00";"2022";"59752000,00";"2022";"0";"0";"0,00";"";"21/07/2026 15:43:15"
"3533403";"27813,00";"2010";"62019,00";"2022";"4620501000,00";"2022";"9";"15";"99000,00";"2024";"21/07/2026 15:43:15"
"3533502";"18919,00";"2010";"38324,00";"2022";"1821682000,00";"2022";"13";"283";"6114000,00";"2024";"21/07/2026 15:43:15"
"3533601";"3487,00";"2010";"7391,00";"2022";"1003709000,00";"2022";"1";"0";"0,00";"2024";"21/07/2026 15:43:15"
"3533700";"2087,00";"2010";"4331,00";"2022";"128930000,00";"2022";"2";"0";"0,00";"2024";"21/07/2026 15:43:15"
"3533809";"1438,00";"2010";"2512,00";"2022";"121966000,00";"2022";"1";"0";"0,00";"2024";"21/07/2026 15:43:15"
"3533908";"26506,00";"2010";"55074,00";"2022";"3126541000,00";"2022";"7";"72";"1915000,00";"2024";"21/07/2026 15:43:15"
"3534005";"1956,00";"2010";"4771,00";"2022";"247119000,00";"2022";"3";"34";"1033000,00";"2024";"21/07/2026 15:43:15"
"3534104";"3096,00";"2010";"6085,00";"2022";"148157000,00";"2022";"5";"22";"347000,00";"2024";"21/07/2026 15:43:15"
"3534203";"3059,00";"2010";"6024,00";"2022";"697766000,00";"2022";"5";"74";"1943000,00";"2024";"21/07/2026 15:43:15"
"3534302";"20505,00";"2010";"38319,00";"2022";"2864547000,00";"2022";"13";"43";"667000,00";"2024";"21/07/2026 15:43:15"
"3534401";"346658,00";"2010";"728615,00";"2022";"112145798000,00";"2022";"75";"974";"30615000,00";"2024";"21/07/2026 15:43:15"
"3534500";"1241,00";"2010";"2470,00";"2022";"104638000,00";"2022";"3";"21";"528000,00";"2024";"21/07/2026 15:43:15"
"3534609";"16097,00";"2010";"31272,00";"2022";"1231458000,00";"2022";"5";"370";"13673000,00";"2024";"21/07/2026 15:43:15"
"3534708";"52501,00";"2010";"103970,00";"2022";"4463317000,00";"2022";"12";"486";"14783000,00";"2024";"21/07/2026 15:43:15"
"3534757";"4339,00";"2010";"10294,00";"2022";"608636000,00";"2022";"2";"0";"0,00";"2024";"21/07/2026 15:43:15"
"3534807";"3480,00";"2010";"7779,00";"2022";"143472000,00";"2022";"1";"0";"0,00";"2024";"21/07/2026 15:43:15"
"3534906";"5910,00";"2010";"14877,00";"2022";"244522000,00";"2022";"4";"139";"5401000,00";"2024";"21/07/2026 15:43:15"
"3535002";"6080,00";"2010";"11476,00";"2022";"466895000,00";"2022";"4";"130";"3962000,00";"2024";"21/07/2026 15:43:15"
"3535101";"5950,00";"2010";"9650,00";"2022";"158111000,00";"2022";"4";"0";"0,00";"2024";"21/07/2026 15:43:15"
"3535200";"5225,00";"2010";"8903,00";"2022";"231468000,00";"2022";"6";"24";"517000,00";"2024";"21/07/2026 15:43:15"
"3535309";"9863,00";"2010";"19594,00";"2022";"1256952000,00";"2022";"7";"216";"7337000,00";"2024";"21/07/2026 15:43:15"
"3535408";"7460,00";"2010";"14964,00";"2022";"343055000,00";"2022";"7";"84";"1569000,00";"2024";"21/07/2026 15:43:15"
"3535507";"20264,00";"2010";"41120,00";"2022";"2653821000,00";"2022";"15";"89";"2896000,00";"2024";"21/07/2026 15:43:15"
"3535606";"8574,00";"2010";"17667,00";"2022";"364786000,00";"2022";"0";"0";"0,00";"";"21/07/2026 15:43:15"
"3535705";"3252,00";"2010";"6099,00";"2022";"341514000,00";"2022";"4";"13";"222000,00";"2024";"21/07/2026 15:43:15"
"3535804";"8888,00";"2010";"19395,00";"2022";"1134950000,00";"2022";"7";"287";"7634000,00";"2024";"21/07/2026 15:43:15"
"3535903";"1941,00";"2010";"4031,00";"2022";"135993000,00";"2022";"0";"0";"0,00";"";"21/07/2026 15:43:15"
"3536000";"5627,00";"2010";"10580,00";"2022";"881743000,00";"2022";"0";"0";"0,00";"";"21/07/2026 15:43:16"
"3536109";"2973,00";"2010";"7153,00";"2022";"440221000,00";"2022";"1";"0";"0,00";"2024";"21/07/2026 15:43:16"
"3536208";"8840,00";"2010";"19233,00";"2022";"661857000,00";"2022";"8";"696";"18475000,00";"2024";"21/07/2026 15:43:16"
"3536257";"1143,00";"2010";"2892,00";"2022";"56107000,00";"2022";"0";"0";"0,00";"";"21/07/2026 15:43:16"
"3536307";"6803,00";"2010";"14512,00";"2022";"1599786000,00";"2022";"4";"48";"1122000,00";"2024";"21/07/2026 15:43:16"
"3536406";"2986,00";"2010";"7955,00";"2022";"254094000,00";"2022";"2";"0";"0,00";"2024";"21/07/2026 15:43:16"
"3536505";"46082,00";"2010";"110537,00";"2022";"70496584000,00";"2022";"12";"1038";"32590000,00";"2024";"21/07/2026 15:43:16"
"3536570";"905,00";"2010";"2090,00";"2022";"52259000,00";"2022";"0";"0";"0,00";"";"21/07/2026 15:43:16"
"3536604";"4418,00";"2010";"7400,00";"2022";"306079000,00";"2022";"2";"0";"0,00";"2024";"21/07/2026 15:43:16"
"3536703";"21585,00";"2010";"44827,00";"2022";"3986159000,00";"2022";"11";"273";"9083000,00";"2024";"21/07/2026 15:43:16"
"3536802";"2913,00";"2010";"6557,00";"2022";"124824000,00";"2022";"2";"0";"0,00";"2024";"21/07/2026 15:43:16"
"3536901";"1329,00";"2010";"2787,00";"2022";"84614000,00";"2022";"3";"0";"0,00";"2024";"21/07/2026 15:43:16"
"3537008";"7994,00";"2010";"15525,00";"2022";"995360000,00";"2022";"8";"75";"1670000,00";"2024";"21/07/2026 15:43:16"
"3537107";"24148,00";"2010";"43112,00";"2022";"1636577000,00";"2022";"4";"130";"5045000,00";"2024";"21/07/2026 15:43:16"
"3537156";"1496,00";"2010";"2804,00";"2022";"203321000,00";"2022";"0";"0";"0,00";"";"21/07/2026 15:43:16"
"3537206";"4459,00";"2010";"11281,00";"2022";"169835000,00";"2022";"2";"0";"0,00";"2024";"21/07/2026 15:43:16"
"3537305";"31422,00";"2010";"61679,00";"2022";"2259079000,00";"2022";"14";"202";"6515000,00";"2024";"21/07/2026 15:43:16"
"3537404";"12898,00";"2010";"24095,00";"2022";"1296050000,00";"2022";"12";"3133";"109053000,00";"2024";"21/07/2026 15:43:16"
"3537503";"4282,00";"2010";"8737,00";"2022";"334838000,00";"2022";"4";"0";"0,00";"2024";"21/07/2026 15:43:16"
"3537602";"28752,00";"2010";"68352,00";"2022";"2471440000,00";"2022";"16";"143";"3997000,00";"2024";"21/07/2026 15:43:16"
"3537701";"2635,00";"2010";"5519,00";"2022";"116896000,00";"2022";"4";"22";"459000,00";"2024";"21/07/2026 15:43:16"
"3537800";"26319,00";"2010";"52970,00";"2022";"1614593000,00";"2022";"10";"351";"9588000,00";"2024";"21/07/2026 15:43:16"
"3537909";"11624,00";"2010";"27619,00";"2022";"1568002000,00";"2022";"7";"330";"9839000,00";"2024";"21/07/2026 15:43:16"
"3538006";"75117,00";"2010";"165428,00";"2022";"13719557000,00";"2022";"18";"1063";"30500000,00";"2024";"21/07/2026 15:43:16"
"3538105";"7698,00";"2010";"14542,00";"2022";"580741000,00";"2022";"4";"73";"2204000,00";"2024";"21/07/2026 15:43:16"
"3538204";"6977,00";"2010";"15224,00";"2022";"353045000,00";"2022";"1";"0";"0,00";"2024";"21/07/2026 15:43:16"
"3538303";"1513,00";"2010";"3264,00";"2022";"75045000,00";"2022";"5";"12";"156000,00";"2024";"21/07/2026 15:43:16"
"3538501";"6235,00";"2010";"12490,00";"2022";"211422000,00";"2022";"3";"33";"715000,00";"2024";"21/07/2026 15:43:16"
"3538600";"13436,00";"2010";"26029,00";"2022";"708921000,00";"2022";"8";"356";"10427000,00";"2024";"21/07/2026 15:43:16"
"3538709";"192935,00";"2010";"423323,00";"2022";"42063297000,00";"2022";"67";"2642";"87487000,00";"2024";"21/07/2026 15:43:16"
"3538808";"15100,00";"2010";"29436,00";"2022";"976906000,00";"2022";"9";"427";"13099000,00";"2024";"21/07/2026 15:43:16"
"3538907";"10851,00";"2010";"22431,00";"2022";"582403000,00";"2022";"6";"620";"16425000,00";"2024";"21/07/2026 15:43:16"
"3539004";"5901,00";"2010";"10885,00";"2022";"422168000,00";"2022";"2";"0";"0,00";"2024";"21/07/2026 15:43:16"
"3539103";"7091,00";"2010";"18370,00";"2022";"713385000,00";"2022";"4";"0";"0,00";"2024";"21/07/2026 15:43:16"
"3539202";"12747,00";"2010";"25348,00";"2022";"1226916000,00";"2022";"7";"232";"7671000,00";"2024";"21/07/2026 15:43:16"
"3539301";"36823,00";"2010";"73545,00";"2022";"3844918000,00";"2022";"17";"258";"6825000,00";"2024";"21/07/2026 15:43:16"
"3539400";"6407,00";"2010";"15108,00";"2022";"325773000,00";"2022";"4";"0";"0,00";"2024";"21/07/2026 15:43:16"
"3539509";"17557,00";"2010";"33674,00";"2022";"1637315000,00";"2022";"9";"1758";"58380000,00";"2024";"21/07/2026 15:43:16"
"3539608";"2015,00";"2010";"4389,00";"2022";"231891000,00";"2022";"4";"3";"0,00";"2024";"21/07/2026 15:43:16"
"3539707";"1498,00";"2010";"3025,00";"2022";"139777000,00";"2022";"0";"0";"0,00";"";"21/07/2026 15:43:16"
"3539806";"53259,00";"2010";"103765,00";"2022";"4022935000,00";"2022";"14";"370";"13109000,00";"2024";"21/07/2026 15:43:16"
"3539905";"3112,00";"2010";"5592,00";"2022";"172112000,00";"2022";"2";"0";"0,00";"2024";"21/07/2026 15:43:16"
"3540002";"10450,00";"2010";"20196,00";"2022";"2325357000,00";"2022";"5";"231";"9967000,00";"2024";"21/07/2026 15:43:16"
"3540101";"1864,00";"2010";"3395,00";"2022";"99854000,00";"2022";"1";"0";"0,00";"2024";"21/07/2026 15:43:16"
"3540200";"19956,00";"2010";"37607,00";"2022";"1667660000,00";"2022";"7";"98";"2837000,00";"2024";"21/07/2026 15:43:16"
"3540259";"2203,00";"2010";"4127,00";"2022";"97316000,00";"2022";"0";"0";"0,00";"";"21/07/2026 15:43:16"
"3540309";"1272,00";"2010";"2387,00";"2022";"115084000,00";"2022";"4";"0";"0,00";"2024";"21/07/2026 15:43:16"
"3540408";"2224,00";"2010";"4127,00";"2022";"120314000,00";"2022";"2";"0";"0,00";"2024";"21/07/2026 15:43:16"
"3540507";"3807,00";"2010";"10451,00";"2022";"259915000,00";"2022";"2";"0";"0,00";"2024";"21/07/2026 15:43:16"
"3540606";"26325,00";"2010";"56497,00";"2022";"4346577000,00";"2022";"21";"129";"4059000,00";"2024";"21/07/2026 15:43:16"
"3540705";"27373,00";"2010";"52649,00";"2022";"2690983000,00";"2022";"21";"471";"12887000,00";"2024";"21/07/2026 15:43:16"
"3540754";"9350,00";"2010";"20392,00";"2022";"333132000,00";"2022";"0";"0";"0,00";"";"21/07/2026 15:43:16"
"3540804";"8628,00";"2010";"18496,00";"2022";"738362000,00";"2022";"6";"149";"3150000,00";"2024";"21/07/2026 15:43:16"
"3540853";"710,00";"2010";"2578,00";"2022";"36227000,00";"2022";"0";"0";"0,00";"";"21/07/2026 15:43:16"
"3540903";"9053,00";"2010";"17078,00";"2022";"1224934000,00";"2022";"17";"184";"4718000,00";"2024";"21/07/2026 15:43:16"
"3541000";"128806,00";"2010";"349935,00";"2022";"9984881000,00";"2022";"45";"3007";"112170000,00";"2024";"21/07/2026 15:43:16"
"3541059";"2312,00";"2010";"5126,00";"2022";"132255000,00";"2022";"1";"0";"0,00";"2024";"21/07/2026 15:43:16"
"3541109";"2150,00";"2010";"3804,00";"2022";"81380000,00";"2022";"1";"0";"0,00";"2024";"21/07/2026 15:43:16"
"3541208";"6701,00";"2010";"14490,00";"2022";"336492000,00";"2022";"2";"0";"0,00";"2024";"21/07/2026 15:43:16"
"3541307";"19434,00";"2010";"39505,00";"2022";"1570778000,00";"2022";"10";"519";"14293000,00";"2024";"21/07/2026 15:43:16"
"3541406";"110885,00";"2010";"225668,00";"2022";"10344115000,00";"2022";"29";"665";"20290000,00";"2024";"21/07/2026 15:43:16"
"3541505";"17928,00";"2010";"35201,00";"2022";"912752000,00";"2022";"6";"285";"8010000,00";"2024";"21/07/2026 15:43:16"
"3541604";"18055,00";"2010";"35131,00";"2022";"2922928000,00";"2022";"4";"243";"6408000,00";"2024";"21/07/2026 15:43:16"
"3541653";"1575,00";"2010";"3405,00";"2022";"157134000,00";"2022";"1";"0";"0,00";"2024";"21/07/2026 15:43:16"
"3541703";"6356,00";"2010";"13163,00";"2022";"917951000,00";"2022";"4";"66";"1495000,00";"2024";"21/07/2026 15:43:16"
"3541802";"1279,00";"2010";"3265,00";"2022";"747540000,00";"2022";"1";"0";"0,00";"2024";"21/07/2026 15:43:16"
"3541901";"5128,00";"2010";"9159,00";"2022";"451013000,00";"2022";"2";"0";"0,00";"2024";"21/07/2026 15:43:16"
"3542008";"2885,00";"2010";"7038,00";"2022";"326893000,00";"2022";"1";"0";"0,00";"2024";"21/07/2026 15:43:16"
"3542107";"4421,00";"2010";"8965,00";"2022";"543863000,00";"2022";"4";"23";"396000,00";"2024";"21/07/2026 15:43:16"
"3542206";"14510,00";"2010";"28588,00";"2022";"1724783000,00";"2022";"8";"0";"0,00";"2024";"21/07/2026 15:43:16"
"3542305";"1474,00";"2010";"4494,00";"2022";"82130000,00";"2022";"1";"0";"0,00";"2024";"21/07/2026 15:43:16"
"3542404";"9778,00";"2010";"20145,00";"2022";"1123239000,00";"2022";"6";"860";"26587000,00";"2024";"21/07/2026 15:43:16"
"3542503";"3135,00";"2010";"7662,00";"2022";"197943000,00";"2022";"2";"0";"0,00";"2024";"21/07/2026 15:43:16"
"3542602";"26033,00";"2010";"59947,00";"2022";"2726881000,00";"2022";"10";"149";"3766000,00";"2024";"21/07/2026 15:43:16"
"3542701";"3292,00";"2010";"6404,00";"2022";"253225000,00";"2022";"3";"4";"6000,00";"2024";"21/07/2026 15:43:16"
"3542800";"1315,00";"2010";"3132,00";"2022";"56194000,00";"2022";"1";"0";"0,00";"2024";"21/07/2026 15:43:16"
"3542909";"6146,00";"2010";"10989,00";"2022";"412615000,00";"2022";"6";"0";"0,00";"2024";"21/07/2026 15:43:16"
"3543006";"7988,00";"2010";"18627,00";"2022";"445041000,00";"2022";"2";"0";"0,00";"2024";"21/07/2026 15:43:16"
"3543105";"2389,00";"2010";"4608,00";"2022";"211827000,00";"2022";"1";"0";"0,00";"2024";"21/07/2026 15:43:16"
"3543204";"2205,00";"2010";"4677,00";"2022";"295844000,00";"2022";"1";"0";"0,00";"2024";"21/07/2026 15:43:16"
"3543238";"1146,00";"2010";"2025,00";"2022";"45555000,00";"2022";"0";"0";"0,00";"";"21/07/2026 15:43:16"
"3543253";"3566,00";"2010";"7450,00";"2022";"114005000,00";"2022";"1";"0";"0,00";"2024";"21/07/2026 15:43:16"
"3543303";"57575,00";"2010";"115559,00";"2022";"4665686000,00";"2022";"10";"37";"713000,00";"2024";"21/07/2026 15:43:16"
"3543402";"342472,00";"2010";"698642,00";"2022";"47434521000,00";"2022";"64";"2995";"84272000,00";"2024";"21/07/2026 15:43:16"
"3543501";"2520,00";"2010";"5599,00";"2022";"102812000,00";"2022";"3";"0";"0,00";"2024";"21/07/2026 15:43:16"
"3543600";"1890,00";"2010";"4049,00";"2022";"207289000,00";"2022";"5";"0";"0,00";"2024";"21/07/2026 15:43:16"
"3543709";"4976,00";"2010";"9098,00";"2022";"252857000,00";"2022";"4";"0";"0,00";"2024";"21/07/2026 15:43:16"
"3543808";"5021,00";"2010";"9259,00";"2022";"387788000,00";"2022";"2";"0";"0,00";"2024";"21/07/2026 15:43:16"
"3543907";"102802,00";"2010";"201418,00";"2022";"13877680000,00";"2022";"30";"619";"25360000,00";"2024";"21/07/2026 15:43:16"
"3544004";"16219,00";"2010";"31328,00";"2022";"2124686000,00";"2022";"7";"71";"2058000,00";"2024";"21/07/2026 15:43:16"
"3544103";"22270,00";"2010";"44170,00";"2022";"1037153000,00";"2022";"4";"0";"0,00";"2024";"21/07/2026 15:43:16"
"3544202";"5072,00";"2010";"10309,00";"2022";"313423000,00";"2022";"4";"103";"2706000,00";"2024";"21/07/2026 15:43:16"
"3544251";"9095,00";"2010";"17440,00";"2022";"1631428000,00";"2022";"7";"186";"6167000,00";"2024";"21/07/2026 15:43:16"
"3544301";"4825,00";"2010";"10832,00";"2022";"416137000,00";"2022";"3";"5";"90000,00";"2024";"21/07/2026 15:43:16"
"3544400";"1290,00";"2010";"2700,00";"2022";"69439000,00";"2022";"0";"0";"0,00";"";"21/07/2026 15:43:16"
"3544509";"1389,00";"2010";"3833,00";"2022";"145707000,00";"2022";"2";"0";"0,00";"2024";"21/07/2026 15:43:16"
"3544608";"2590,00";"2010";"5112,00";"2022";"167592000,00";"2022";"2";"0";"0,00";"2024";"21/07/2026 15:43:16"
"3544707";"1048,00";"2010";"2474,00";"2022";"54988000,00";"2022";"1";"0";"0,00";"2024";"21/07/2026 15:43:16"
"3544806";"2769,00";"2010";"6437,00";"2022";"203345000,00";"2022";"0";"0";"0,00";"";"21/07/2026 15:43:16"
"3544905";"5781,00";"2010";"11411,00";"2022";"474424000,00";"2022";"3";"0";"0,00";"2024";"21/07/2026 15:43:16"
"3545001";"7924,00";"2010";"15202,00";"2022";"271541000,00";"2022";"4";"92";"1845000,00";"2024";"21/07/2026 15:43:16"
"3545100";"2265,00";"2010";"4808,00";"2022";"92861000,00";"2022";"2";"0";"0,00";"2024";"21/07/2026 15:43:16"
"3545159";"4113,00";"2010";"8161,00";"2022";"431950000,00";"2022";"3";"260";"7798000,00";"2024";"21/07/2026 15:43:16"
"3545209";"57513,00";"2010";"134319,00";"2022";"10822152000,00";"2022";"13";"73";"1590000,00";"2024";"21/07/2026 15:43:16"
"3545308";"19012,00";"2010";"43748,00";"2022";"2659063000,00";"2022";"11";"201";"5676000,00";"2024";"21/07/2026 15:43:16"
"3545407";"4002,00";"2010";"9050,00";"2022";"320746000,00";"2022";"2";"0";"0,00";"2024";"21/07/2026 15:43:16"
"3545506";"2016,00";"2010";"3645,00";"2022";"378966000,00";"2022";"6";"14";"165000,00";"2024";"21/07/2026 15:43:16"
"3545605";"7548,00";"2010";"14018,00";"2022";"462737000,00";"2022";"8";"45";"890000,00";"2024";"21/07/2026 15:43:16"
"3545704";"2808,00";"2010";"6393,00";"2022";"277755000,00";"2022";"3";"60";"1528000,00";"2024";"21/07/2026 15:43:16"
"3545803";"98643,00";"2010";"183347,00";"2022";"9437421000,00";"2022";"36";"8787";"348808000,00";"2024";"21/07/2026 15:43:16"
"3546009";"6856,00";"2010";"13975,00";"2022";"323281000,00";"2022";"2";"0";"0,00";"2024";"21/07/2026 15:43:16"
"3546108";"999,00";"2010";"2598,00";"2022";"101021000,00";"2022";"0";"0";"0,00";"";"21/07/2026 15:43:16"
"3546207";"2223,00";"2010";"4277,00";"2022";"173306000,00";"2022";"1";"0";"0,00";"2024";"21/07/2026 15:43:16"
"3546256";"986,00";"2010";"2116,00";"2022";"61840000,00";"2022";"0";"0";"0,00";"";"21/07/2026 15:43:16"
"3546306";"14948,00";"2010";"28864,00";"2022";"723280000,00";"2022";"20";"214";"5123000,00";"2024";"21/07/2026 15:43:16"
"3546405";"23422,00";"2010";"46442,00";"2022";"3445164000,00";"2022";"15";"335";"7597000,00";"2024";"21/07/2026 15:43:16"
"3546504";"2817,00";"2010";"6118,00";"2022";"122316000,00";"2022";"3";"0";"0,00";"2024";"21/07/2026 15:43:16"
"3546603";"16073,00";"2010";"34794,00";"2022";"1681363000,00";"2022";"15";"245";"6176000,00";"2024";"21/07/2026 15:43:16"
"3546702";"11573,00";"2010";"23611,00";"2022";"3508437000,00";"2022";"11";"71";"1458000,00";"2024";"21/07/2026 15:43:16"
"3546801";"24603,00";"2010";"53174,00";"2022";"1947788000,00";"2022";"10";"124";"3087000,00";"2024";"21/07/2026 15:43:16"
"3546900";"4029,00";"2010";"7149,00";"2022";"141710000,00";"2022";"1";"0";"0,00";"2024";"21/07/2026 15:43:16"
"3547007";"2629,00";"2010";"5243,00";"2022";"164149000,00";"2022";"7";"44";"1087000,00";"2024";"21/07/2026 15:43:16"
"3547106";"1303,00";"2010";"2956,00";"2022";"73933000,00";"2022";"0";"0";"0,00";"";"21/07/2026 15:43:16"
"3547205";"888,00";"2010";"1670,00";"2022";"45598000,00";"2022";"1";"0";"0,00";"2024";"21/07/2026 15:43:16"
"3547304";"56332,00";"2010";"154105,00";"2022";"12774324000,00";"2022";"12";"770";"19652000,00";"2024";"21/07/2026 15:43:16"
"3547403";"1372,00";"2010";"2733,00";"2022";"82817000,00";"2022";"2";"0";"0,00";"2024";"21/07/2026 15:43:16"
"3547502";"13795,00";"2010";"24833,00";"2022";"874777000,00";"2022";"8";"282";"9638000,00";"2024";"21/07/2026 15:43:16"
"3547601";"11548,00";"2010";"23411,00";"2022";"890869000,00";"2022";"8";"322";"10624000,00";"2024";"21/07/2026 15:43:16"
"3547650";"949,00";"2010";"1645,00";"2022";"44240000,00";"2022";"2";"0";"0,00";"2024";"21/07/2026 15:43:16"
"3547700";"9704,00";"2010";"17963,00";"2022";"578356000,00";"2022";"7";"635";"16544000,00";"2024";"21/07/2026 15:43:16"
"3547809";"364905,00";"2010";"748919,00";"2022";"36470029000,00";"2022";"64";"7602";"298586000,00";"2024";"21/07/2026 15:43:16"
"3547908";"3318,00";"2010";"6775,00";"2022";"201695000,00";"2022";"1";"0";"0,00";"2024";"21/07/2026 15:43:16"
"3548005";"11085,00";"2010";"23244,00";"2022";"1947452000,00";"2022";"9";"34";"365000,00";"2024";"21/07/2026 15:43:16"
"3548054";"4110,00";"2010";"8379,00";"2022";"292812000,00";"2022";"0";"0";"0,00";"";"21/07/2026 15:43:16"
"3548104";"3170,00";"2010";"6126,00";"2022";"274001000,00";"2022";"3";"128";"4035000,00";"2024";"21/07/2026 15:43:16"
"3548203";"3468,00";"2010";"7133,00";"2022";"159642000,00";"2022";"2";"0";"0,00";"2024";"21/07/2026 15:43:16"
"3548302";"1222,00";"2010";"3000,00";"2022";"53813000,00";"2022";"1";"0";"0,00";"2024";"21/07/2026 15:43:16"
"3548401";"2129,00";"2010";"3899,00";"2022";"87086000,00";"2022";"1";"0";"0,00";"2024";"21/07/2026 15:43:16"
"3548500";"218227,00";"2010";"418608,00";"2022";"27510857000,00";"2022";"29";"1025";"32754000,00";"2024";"21/07/2026 15:43:16"
"3548609";"5437,00";"2010";"11674,00";"2022";"305965000,00";"2022";"4";"0";"0,00";"2024";"21/07/2026 15:43:16"
"3548708";"413438,00";"2010";"810729,00";"2022";"65652404000,00";"2022";"62";"4019";"121703000,00";"2024";"21/07/2026 15:43:16"
"3548807";"83068,00";"2010";"165655,00";"2022";"18128059000,00";"2022";"15";"2138";"74750000,00";"2024";"21/07/2026 15:43:16"
"3548906";"120564,00";"2010";"254857,00";"2022";"15599640000,00";"2022";"53";"647";"19087000,00";"2024";"21/07/2026 15:43:16"
"3549003";"1445,00";"2010";"2602,00";"2022";"50205000,00";"2022";"0";"0";"0,00";"";"21/07/2026 15:43:16"
"3549102";"44479,00";"2010";"92547,00";"2022";"4683629000,00";"2022";"13";"90";"2733000,00";"2024";"21/07/2026 15:43:16"
"3549201";"1211,00";"2010";"2580,00";"2022";"55919000,00";"2022";"2";"0";"0,00";"2024";"21/07/2026 15:43:16"
"3549250";"871,00";"2010";"1846,00";"2022";"52815000,00";"2022";"2";"0";"0,00";"2024";"21/07/2026 15:43:16"
"3549300";"1056,00";"2010";"2242,00";"2022";"64166000,00";"2022";"2";"0";"0,00";"2024";"21/07/2026 15:43:16"
"3549409";"24083,00";"2010";"48558,00";"2022";"2485889000,00";"2022";"9";"526";"17374000,00";"2024";"21/07/2026 15:43:16"
"3549508";"4115,00";"2010";"7626,00";"2022";"281274000,00";"2022";"1";"0";"0,00";"2024";"21/07/2026 15:43:16"
"3549607";"1964,00";"2010";"3853,00";"2022";"66748000,00";"2022";"0";"0";"0,00";"";"21/07/2026 15:43:16"
"3549706";"26627,00";"2010";"52205,00";"2022";"2619386000,00";"2022";"18";"1245";"38076000,00";"2024";"21/07/2026 15:43:16"
"3549805";"230015,00";"2010";"480393,00";"2022";"23799646000,00";"2022";"49";"1196";"39977000,00";"2024";"21/07/2026 15:43:16"
"3549904";"336282,00";"2010";"697054,00";"2022";"56653327000,00";"2022";"81";"3722";"113911000,00";"2024";"21/07/2026 15:43:16"
"3549953";"7040,00";"2010";"16067,00";"2022";"301589000,00";"2022";"3";"112";"3290000,00";"2024";"21/07/2026 15:43:17"
"3550001";"5190,00";"2010";"10337,00";"2022";"220582000,00";"2022";"1";"0";"0,00";"2024";"21/07/2026 15:43:17"
"3550100";"19478,00";"2010";"37289,00";"2022";"1482433000,00";"2022";"8";"176";"3818000,00";"2024";"21/07/2026 15:43:17"
"3550209";"15032,00";"2010";"32039,00";"2022";"941899000,00";"2022";"11";"348";"8395000,00";"2024";"21/07/2026 15:43:17"
"3550308";"5998740,00";"2010";"11451999,00";"2022";"945946483000,00";"2022";"1274";"177263";"7143086000,00";"2024";"21/07/2026 15:43:17"
"3550407";"16511,00";"2010";"38256,00";"2022";"1023482000,00";"2022";"7";"611";"16953000,00";"2024";"21/07/2026 15:43:17"
"3550506";"3449,00";"2010";"7217,00";"2022";"235146000,00";"2022";"5";"49";"1230000,00";"2024";"21/07/2026 15:43:17"
"3550605";"41933,00";"2010";"79484,00";"2022";"3900210000,00";"2022";"13";"3656";"108145000,00";"2024";"21/07/2026 15:43:17"
"3550704";"42109,00";"2010";"81595,00";"2022";"18873506000,00";"2022";"15";"913";"26516000,00";"2024";"21/07/2026 15:43:17"
"3550803";"6295,00";"2010";"10441,00";"2022";"379072000,00";"2022";"9";"237";"9309000,00";"2024";"21/07/2026 15:43:17"
"3550902";"7474,00";"2010";"13442,00";"2022";"531982000,00";"2022";"5";"1207";"48661000,00";"2024";"21/07/2026 15:43:17"
"3551009";"163359,00";"2010";"329911,00";"2022";"6746301000,00";"2022";"25";"955";"31125000,00";"2024";"21/07/2026 15:43:17"
"3551108";"4229,00";"2010";"10369,00";"2022";"228901000,00";"2022";"5";"0";"0,00";"2024";"21/07/2026 15:43:17"
"3551207";"1837,00";"2010";"3704,00";"2022";"93449000,00";"2022";"5";"0";"0,00";"2024";"21/07/2026 15:43:17"
"3551306";"1736,00";"2010";"3130,00";"2022";"424963000,00";"2022";"0";"0";"0,00";"";"21/07/2026 15:43:17"
"3551405";"5155,00";"2010";"12746,00";"2022";"190474000,00";"2022";"5";"97";"2414000,00";"2024";"21/07/2026 15:43:17"
"3551504";"20706,00";"2010";"43909,00";"2022";"1366460000,00";"2022";"10";"0";"0,00";"2024";"21/07/2026 15:43:17"
"3551603";"15372,00";"2010";"29894,00";"2022";"896883000,00";"2022";"8";"421";"11215000,00";"2024";"21/07/2026 15:43:17"
"3551702";"59751,00";"2010";"126887,00";"2022";"8098068000,00";"2022";"12";"12263";"514503000,00";"2024";"21/07/2026 15:43:17"
"3551801";"5597,00";"2010";"12730,00";"2022";"363320000,00";"2022";"6";"41";"1153000,00";"2024";"21/07/2026 15:43:17"
"3551900";"7895,00";"2010";"14576,00";"2022";"314475000,00";"2022";"2";"0";"0,00";"2024";"21/07/2026 15:43:17"
"3552007";"2671,00";"2010";"6186,00";"2022";"101329000,00";"2022";"0";"0";"0,00";"";"21/07/2026 15:43:17"
"3552106";"20962,00";"2010";"40122,00";"2022";"1269084000,00";"2022";"19";"301";"8301000,00";"2024";"21/07/2026 15:43:17"
"3552205";"305817,00";"2010";"723682,00";"2022";"54465436000,00";"2022";"122";"2365";"71794000,00";"2024";"21/07/2026 15:43:17"
"3552304";"3834,00";"2010";"7355,00";"2022";"210355000,00";"2022";"7";"50";"1265000,00";"2024";"21/07/2026 15:43:17"
"3552403";"128086,00";"2010";"279545,00";"2022";"17753219000,00";"2022";"44";"11654";"472230000,00";"2024";"21/07/2026 15:43:17"
"3552502";"128997,00";"2010";"307429,00";"2022";"16866186000,00";"2022";"32";"2611";"74630000,00";"2024";"21/07/2026 15:43:17"
"3552551";"1570,00";"2010";"3408,00";"2022";"386090000,00";"2022";"2";"0";"0,00";"2024";"21/07/2026 15:43:17"
"3552601";"6117,00";"2010";"11323,00";"2022";"304867000,00";"2022";"4";"21";"448000,00";"2024";"21/07/2026 15:43:17"
"3552700";"8211,00";"2010";"14769,00";"2022";"376565000,00";"2022";"7";"68";"1708000,00";"2024";"21/07/2026 15:43:17"
"3552809";"130710,00";"2010";"273542,00";"2022";"10975626000,00";"2022";"24";"757";"25558000,00";"2024";"21/07/2026 15:43:17"
"3552908";"2739,00";"2010";"6260,00";"2022";"199128000,00";"2022";"1";"0";"0,00";"2024";"21/07/2026 15:43:17"
"3553005";"6278,00";"2010";"12669,00";"2022";"391498000,00";"2022";"8";"297";"6660000,00";"2024";"21/07/2026 15:43:17"
"3553104";"2867,00";"2010";"5677,00";"2022";"121216000,00";"2022";"1";"0";"0,00";"2024";"21/07/2026 15:43:17"
"3553203";"2978,00";"2010";"6548,00";"2022";"151516000,00";"2022";"1";"0";"0,00";"2024";"21/07/2026 15:43:17"
"3553302";"11455,00";"2010";"21435,00";"2022";"843711000,00";"2022";"12";"88";"2057000,00";"2024";"21/07/2026 15:43:17"
"3553401";"13678,00";"2010";"25265,00";"2022";"1408897000,00";"2022";"5";"312";"10316000,00";"2024";"21/07/2026 15:43:17"
"3553500";"3796,00";"2010";"7996,00";"2022";"191747000,00";"2022";"1";"0";"0,00";"2024";"21/07/2026 15:43:17"
"3553609";"6035,00";"2010";"11816,00";"2022";"294802000,00";"2022";"4";"113";"3092000,00";"2024";"21/07/2026 15:43:17"
"3553658";"1386,00";"2010";"2619,00";"2022";"55234000,00";"2022";"0";"0";"0,00";"";"21/07/2026 15:43:17"
"3553708";"28362,00";"2010";"52260,00";"2022";"1930594000,00";"2022";"17";"126";"2919000,00";"2024";"21/07/2026 15:43:17"
"3553807";"11265,00";"2010";"24350,00";"2022";"1227811000,00";"2022";"10";"117";"3286000,00";"2024";"21/07/2026 15:43:17"
"3553856";"2178,00";"2010";"6876,00";"2022";"453976000,00";"2022";"3";"0";"0,00";"2024";"21/07/2026 15:43:17"
"3553906";"3204,00";"2010";"6536,00";"2022";"170113000,00";"2022";"1";"0";"0,00";"2024";"21/07/2026 15:43:17"
"3553955";"6131,00";"2010";"14882,00";"2022";"918710000,00";"2022";"2";"0";"0,00";"2024";"21/07/2026 15:43:17"
"3554003";"52574,00";"2010";"123942,00";"2022";"5978312000,00";"2022";"21";"262";"8483000,00";"2024";"21/07/2026 15:43:17"
"3554102";"142921,00";"2010";"310739,00";"2022";"18462529000,00";"2022";"47";"6076";"207997000,00";"2024";"21/07/2026 15:43:17"
"3554201";"2501,00";"2010";"4127,00";"2022";"124784000,00";"2022";"2";"0";"0,00";"2024";"21/07/2026 15:43:17"
"3554300";"11322,00";"2010";"22173,00";"2022";"678820000,00";"2022";"8";"125";"3250000,00";"2024";"21/07/2026 15:43:17"
"3554409";"4472,00";"2010";"7904,00";"2022";"182316000,00";"2022";"4";"16";"271000,00";"2024";"21/07/2026 15:43:17"
"3554508";"20179,00";"2010";"37663,00";"2022";"2473359000,00";"2022";"10";"77";"1120000,00";"2024";"21/07/2026 15:43:17"
"3554607";"1364,00";"2010";"2464,00";"2022";"62755000,00";"2022";"2";"0";"0,00";"2024";"21/07/2026 15:43:17"
"3554656";"901,00";"2010";"2046,00";"2022";"37807000,00";"2022";"1";"0";"0,00";"2024";"21/07/2026 15:43:17"
"3554706";"5534,00";"2010";"9335,00";"2022";"320480000,00";"2022";"2";"0";"0,00";"2024";"21/07/2026 15:43:17"
"3554755";"733,00";"2010";"1682,00";"2022";"52601000,00";"2022";"2";"0";"0,00";"2024";"21/07/2026 15:43:17"
"3554805";"19141,00";"2010";"51173,00";"2022";"1023338000,00";"2022";"6";"386";"12069000,00";"2024";"21/07/2026 15:43:17"
"3554904";"2750,00";"2010";"6804,00";"2022";"130745000,00";"2022";"3";"41";"998000,00";"2024";"21/07/2026 15:43:17"
"3554953";"3179,00";"2010";"6778,00";"2022";"193508000,00";"2022";"1";"0";"0,00";"2024";"21/07/2026 15:43:17"
"3555000";"32126,00";"2010";"63928,00";"2022";"2509746000,00";"2022";"15";"630";"18961000,00";"2024";"21/07/2026 15:43:17"
"3555109";"7174,00";"2010";"15854,00";"2022";"375898000,00";"2022";"2";"0";"0,00";"2024";"21/07/2026 15:43:17"
"3555208";"1000,00";"2010";"1818,00";"2022";"61350000,00";"2022";"1";"0";"0,00";"2024";"21/07/2026 15:43:17"
"3555307";"1056,00";"2010";"1669,00";"2022";"72580000,00";"2022";"1";"0";"0,00";"2024";"21/07/2026 15:43:17"
"3555356";"2555,00";"2010";"5365,00";"2022";"230723000,00";"2022";"3";"51";"785000,00";"2024";"21/07/2026 15:43:17"
"3555406";"42211,00";"2010";"92981,00";"2022";"3218974000,00";"2022";"21";"1020";"39808000,00";"2024";"21/07/2026 15:43:17"
"3555505";"2304,00";"2010";"5132,00";"2022";"123802000,00";"2022";"6";"61";"1670000,00";"2024";"21/07/2026 15:43:17"
"3555604";"4856,00";"2010";"10394,00";"2022";"408571000,00";"2022";"5";"66";"1351000,00";"2024";"21/07/2026 15:43:17"
"3555703";"818,00";"2010";"1603,00";"2022";"64215000,00";"2022";"0";"0";"0,00";"";"21/07/2026 15:43:17"
"3555802";"4594,00";"2010";"8833,00";"2022";"313528000,00";"2022";"5";"42";"1054000,00";"2024";"21/07/2026 15:43:17"
"3555901";"529,00";"2010";"1387,00";"2022";"51166000,00";"2022";"0";"0";"0,00";"";"21/07/2026 15:43:17"
"3556008";"7108,00";"2010";"13744,00";"2022";"549725000,00";"2022";"9";"61";"1370000,00";"2024";"21/07/2026 15:43:17"
"3556107";"6220,00";"2010";"14098,00";"2022";"459473000,00";"2022";"3";"54";"1275000,00";"2024";"21/07/2026 15:43:17"
"3556206";"60580,00";"2010";"126373,00";"2022";"9259974000,00";"2022";"12";"910";"38015000,00";"2024";"21/07/2026 15:43:17"
"3556305";"10039,00";"2010";"24241,00";"2022";"1338314000,00";"2022";"6";"132";"3288000,00";"2024";"21/07/2026 15:43:17"
"3556354";"4497,00";"2010";"10512,00";"2022";"183035000,00";"2022";"5";"44";"1027000,00";"2024";"21/07/2026 15:43:17"
"3556404";"20652,00";"2010";"40133,00";"2022";"1357283000,00";"2022";"10";"319";"9907000,00";"2024";"21/07/2026 15:43:17"
"3556453";"22007,00";"2010";"50415,00";"2022";"3266317000,00";"2022";"9";"60";"1546000,00";"2024";"21/07/2026 15:43:17"
"3556503";"54430,00";"2010";"115771,00";"2022";"4339126000,00";"2022";"10";"66";"1951000,00";"2024";"21/07/2026 15:43:17"
"3556602";"5659,00";"2010";"10176,00";"2022";"277525000,00";"2022";"3";"62";"1693000,00";"2024";"21/07/2026 15:43:17"
"3556701";"36245,00";"2010";"76540,00";"2022";"14061248000,00";"2022";"10";"384";"13458000,00";"2024";"21/07/2026 15:43:17"
"3556800";"9074,00";"2010";"17414,00";"2022";"512076000,00";"2022";"6";"64";"1608000,00";"2024";"21/07/2026 15:43:17"
"3556909";"4112,00";"2010";"8109,00";"2022";"547752000,00";"2022";"3";"33";"989000,00";"2024";"21/07/2026 15:43:17"
"3556958";"931,00";"2010";"1794,00";"2022";"47829000,00";"2022";"1";"0";"0,00";"2024";"21/07/2026 15:43:17"
"3557006";"55207,00";"2010";"127923,00";"2022";"4518922000,00";"2022";"30";"316";"7919000,00";"2024";"21/07/2026 15:43:17"
"3557105";"47548,00";"2010";"96634,00";"2022";"4138149000,00";"2022";"7";"2226";"78158000,00";"2024";"21/07/2026 15:43:17"
"3557154";"1152,00";"2010";"2692,00";"2022";"146668000,00";"2022";"2";"0";"0,00";"2024";"21/07/2026 15:43:17"
"3557204";"5545,00";"2010";"12211,00";"2022";"379732000,00";"2022";"3";"115";"3030000,00";"2024";"21/07/2026 15:43:17"
"3557303";"4931,00";"2010";"11295,00";"2022";"444697000,00";"2022";"4";"57";"1679000,00";"2024";"21/07/2026 15:43:17"
"4100103";"4141,00";"2010";"7241,00";"2022";"282503000,00";"2022";"6";"13";"152000,00";"2024";"21/07/2026 15:43:17"
"4100202";"2576,00";"2010";"6256,00";"2022";"442776000,00";"2022";"5";"46";"1224000,00";"2024";"21/07/2026 15:43:17"
"4100301";"4427,00";"2010";"10233,00";"2022";"238565000,00";"2022";"4";"22";"617000,00";"2024";"21/07/2026 15:43:17"
"4100400";"53568,00";"2010";"119825,00";"2022";"2074574000,00";"2022";"23";"260";"4809000,00";"2024";"21/07/2026 15:43:17"
"4100459";"2229,00";"2010";"3590,00";"2022";"106033000,00";"2022";"3";"15";"189000,00";"2024";"21/07/2026 15:43:17"
"4100509";"11648,00";"2010";"18742,00";"2022";"442850000,00";"2022";"10";"0";"0,00";"2024";"21/07/2026 15:43:17"
"4100608";"6539,00";"2010";"13909,00";"2022";"391676000,00";"2022";"8";"0";"0,00";"2024";"21/07/2026 15:43:17"
"4100707";"4700,00";"2010";"9727,00";"2022";"381077000,00";"2022";"5";"34";"707000,00";"2024";"21/07/2026 15:43:17"
"4100806";"4879,00";"2010";"10326,00";"2022";"449849000,00";"2022";"6";"166";"4653000,00";"2024";"21/07/2026 15:43:17"
"4100905";"2675,00";"2010";"4762,00";"2022";"122957000,00";"2022";"2";"0";"0,00";"2024";"21/07/2026 15:43:17"
"4101002";"8487,00";"2010";"19620,00";"2022";"814702000,00";"2022";"7";"88";"2619000,00";"2024";"21/07/2026 15:43:17"
"4101051";"1406,00";"2010";"2918,00";"2022";"110972000,00";"2022";"0";"0";"0,00";"";"21/07/2026 15:43:17"
"4101101";"10303,00";"2010";"19878,00";"2022";"842324000,00";"2022";"12";"32";"629000,00";"2024";"21/07/2026 15:43:17"
"4101150";"1633,00";"2010";"3235,00";"2022";"170202000,00";"2022";"1";"0";"0,00";"2024";"21/07/2026 15:43:17"
"4101200";"7584,00";"2010";"18091,00";"2022";"948884000,00";"2022";"5";"253";"5012000,00";"2024";"21/07/2026 15:43:17"
"4101309";"3952,00";"2010";"7018,00";"2022";"244884000,00";"2022";"1";"0";"0,00";"2024";"21/07/2026 15:43:17"
"4101408";"68403,00";"2010";"130134,00";"2022";"4312221000,00";"2022";"22";"375";"8357000,00";"2024";"21/07/2026 15:43:17"
"4101507";"57754,00";"2010";"119138,00";"2022";"5102660000,00";"2022";"19";"2221";"73697000,00";"2024";"21/07/2026 15:43:17"
"4101606";"11716,00";"2010";"25777,00";"2022";"1676470000,00";"2022";"9";"148";"3980000,00";"2024";"21/07/2026 15:43:17"
"4101655";"1676,00";"2010";"3527,00";"2022";"133536000,00";"2022";"1";"0";"0,00";"2024";"21/07/2026 15:43:17"
"4101705";"7464,00";"2010";"14485,00";"2022";"471911000,00";"2022";"2";"0";"0,00";"2024";"21/07/2026 15:43:17"
"4101804";"64979,00";"2010";"151666,00";"2022";"31308556000,00";"2022";"26";"240";"5054000,00";"2024";"21/07/2026 15:43:17"
"4101853";"1485,00";"2010";"2329,00";"2022";"114831000,00";"2022";"0";"0";"0,00";"";"21/07/2026 15:43:17"
"4101903";"8155,00";"2010";"13797,00";"2022";"613492000,00";"2022";"7";"69";"1780000,00";"2024";"21/07/2026 15:43:17"
"4102000";"17240,00";"2010";"36808,00";"2022";"1617588000,00";"2022";"16";"113";"3429000,00";"2024";"21/07/2026 15:43:17"
"4102109";"14138,00";"2010";"25475,00";"2022";"1110366000,00";"2022";"4";"149";"3720000,00";"2024";"21/07/2026 15:43:17"
"4102208";"2199,00";"2010";"3980,00";"2022";"203461000,00";"2022";"4";"7";"0,00";"2024";"21/07/2026 15:43:17"
"4102307";"5467,00";"2010";"13395,00";"2022";"1272534000,00";"2022";"4";"41";"913000,00";"2024";"21/07/2026 15:43:17"
"4102406";"16226,00";"2010";"31273,00";"2022";"1123358000,00";"2022";"18";"86";"1437000,00";"2024";"21/07/2026 15:43:17"
"4102505";"5938,00";"2010";"10795,00";"2022";"232714000,00";"2022";"6";"30";"499000,00";"2024";"21/07/2026 15:43:17"
"4102604";"5314,00";"2010";"9759,00";"2022";"291718000,00";"2022";"12";"111";"2834000,00";"2024";"21/07/2026 15:43:17"
"4102703";"1383,00";"2010";"2814,00";"2022";"186283000,00";"2022";"1";"0";"0,00";"2024";"21/07/2026 15:43:17"
"4102752";"2581,00";"2010";"4031,00";"2022";"91070000,00";"2022";"1";"0";"0,00";"2024";"21/07/2026 15:43:17"
"4102802";"7798,00";"2010";"14833,00";"2022";"633302000,00";"2022";"4";"133";"4178000,00";"2024";"21/07/2026 15:43:17"
"4102901";"7907,00";"2010";"15533,00";"2022";"527648000,00";"2022";"5";"147";"3547000,00";"2024";"21/07/2026 15:43:17"
"4103008";"2449,00";"2010";"4558,00";"2022";"280661000,00";"2022";"2";"0";"0,00";"2024";"21/07/2026 15:43:17"
"4103024";"1736,00";"2010";"2455,00";"2022";"122034000,00";"2022";"4";"0";"0,00";"2024";"21/07/2026 15:43:17"
"4103040";"3769,00";"2010";"6378,00";"2022";"419428000,00";"2022";"3";"7";"5000,00";"2024";"21/07/2026 15:43:17"
"4103057";"4024,00";"2010";"7924,00";"2022";"192292000,00";"2022";"7";"42";"811000,00";"2024";"21/07/2026 15:43:17"
"4103107";"5857,00";"2010";"13299,00";"2022";"289093000,00";"2022";"3";"0";"0,00";"2024";"21/07/2026 15:43:17"
"4103156";"1905,00";"2010";"3980,00";"2022";"126393000,00";"2022";"0";"0";"0,00";"";"21/07/2026 15:43:17"
"4103206";"3296,00";"2010";"6581,00";"2022";"179789000,00";"2022";"9";"32";"457000,00";"2024";"21/07/2026 15:43:17"
"4103222";"1495,00";"2010";"3202,00";"2022";"314247000,00";"2022";"2";"0";"0,00";"2024";"21/07/2026 15:43:17"
"4103305";"4594,00";"2010";"7735,00";"2022";"269979000,00";"2022";"4";"18";"279000,00";"2024";"21/07/2026 15:43:17"
"4103354";"3073,00";"2010";"4854,00";"2022";"257286000,00";"2022";"2";"0";"0,00";"2024";"21/07/2026 15:43:17"
"4103370";"1483,00";"2010";"3708,00";"2022";"235241000,00";"2022";"2";"0";"0,00";"2024";"21/07/2026 15:43:17"
"4103404";"1390,00";"2010";"2627,00";"2022";"93813000,00";"2022";"1";"0";"0,00";"2024";"21/07/2026 15:43:17"
"4103453";"8964,00";"2010";"18997,00";"2022";"2410673000,00";"2022";"5";"95";"2396000,00";"2024";"21/07/2026 15:43:17"
"4103479";"2304,00";"2010";"4473,00";"2022";"138966000,00";"2022";"0";"0";"0,00";"";"21/07/2026 15:43:17"
"4103503";"4342,00";"2010";"8710,00";"2022";"240186000,00";"2022";"8";"59";"2014000,00";"2024";"21/07/2026 15:43:17"
"4103602";"12098,00";"2010";"23212,00";"2022";"969626000,00";"2022";"19";"158";"3533000,00";"2024";"21/07/2026 15:43:17"
"4103701";"53842,00";"2010";"107208,00";"2022";"6118833000,00";"2022";"24";"871";"23905000,00";"2024";"21/07/2026 15:43:17"
"4103800";"4029,00";"2010";"9460,00";"2022";"314678000,00";"2022";"3";"33";"509000,00";"2024";"21/07/2026 15:43:17"
"4103909";"7950,00";"2010";"15723,00";"2022";"605747000,00";"2022";"10";"107";"3053000,00";"2024";"21/07/2026 15:43:17"
"4103958";"2028,00";"2010";"3936,00";"2022";"168306000,00";"2022";"2";"0";"0,00";"2024";"21/07/2026 15:43:17"
"4104006";"20625,00";"2010";"47825,00";"2022";"2497171000,00";"2022";"16";"493";"11408000,00";"2024";"21/07/2026 15:43:17"
"4104055";"2388,00";"2010";"4027,00";"2022";"207893000,00";"2022";"5";"19";"254000,00";"2024";"21/07/2026 15:43:17"
"4104105";"3251,00";"2010";"7508,00";"2022";"313847000,00";"2022";"5";"28";"816000,00";"2024";"21/07/2026 15:43:17"
"4104204";"60255,00";"2010";"136327,00";"2022";"6118471000,00";"2022";"24";"955";"23153000,00";"2024";"21/07/2026 15:43:17"
"4104253";"13047,00";"2010";"30160,00";"2022";"591901000,00";"2022";"9";"0";"0,00";"2024";"21/07/2026 15:43:17"
"4104303";"46283,00";"2010";"99432,00";"2022";"5697718000,00";"2022";"27";"1481";"47178000,00";"2024";"21/07/2026 15:43:17"
"4104402";"8618,00";"2010";"15244,00";"2022";"467036000,00";"2022";"7";"24";"440000,00";"2024";"21/07/2026 15:43:17"
"4104428";"6905,00";"2010";"14973,00";"2022";"918860000,00";"2022";"9";"114";"2884000,00";"2024";"21/07/2026 15:43:17"
"4104451";"5957,00";"2010";"10933,00";"2022";"366888000,00";"2022";"5";"50";"1377000,00";"2024";"21/07/2026 15:43:17"
"4104501";"11565,00";"2010";"20481,00";"2022";"1206588000,00";"2022";"7";"153";"4003000,00";"2024";"21/07/2026 15:43:17"
"4104600";"8460,00";"2010";"14648,00";"2022";"1164122000,00";"2022";"8";"269";"7080000,00";"2024";"21/07/2026 15:43:17"
"4104659";"9061,00";"2010";"23283,00";"2022";"1829889000,00";"2022";"1";"0";"0,00";"2024";"21/07/2026 15:43:17"
"4104709";"7569,00";"2010";"16905,00";"2022";"533660000,00";"2022";"18";"44";"308000,00";"2024";"21/07/2026 15:43:17"
"4104808";"161365,00";"2010";"348051,00";"2022";"18099793000,00";"2022";"54";"31431";"921177000,00";"2024";"21/07/2026 15:43:17"
"4104907";"30843,00";"2010";"73075,00";"2022";"4274953000,00";"2022";"15";"530";"16444000,00";"2024";"21/07/2026 15:43:17"
"4105003";"5500,00";"2010";"10446,00";"2022";"408002000,00";"2022";"9";"89";"2614000,00";"2024";"21/07/2026 15:43:17"
"4105102";"5595,00";"2010";"10832,00";"2022";"339018000,00";"2022";"8";"44";"963000,00";"2024";"21/07/2026 15:43:17"
"4105201";"7787,00";"2010";"16134,00";"2022";"340663000,00";"2022";"4";"6";"0,00";"2024";"21/07/2026 15:43:17"
"4105300";"6568,00";"2010";"11087,00";"2022";"937101000,00";"2022";"5";"100";"3460000,00";"2024";"21/07/2026 15:43:17"
"4105409";"11552,00";"2010";"21085,00";"2022";"968768000,00";"2022";"7";"108";"2666000,00";"2024";"21/07/2026 15:43:17"
"4105508";"42033,00";"2010";"79527,00";"2022";"3497698000,00";"2022";"26";"368";"10645000,00";"2024";"21/07/2026 15:43:17"
"4105607";"6316,00";"2010";"11467,00";"2022";"506192000,00";"2022";"6";"68";"2549000,00";"2024";"21/07/2026 15:43:17"
"4105706";"8345,00";"2010";"15070,00";"2022";"822194000,00";"2022";"9";"0";"0,00";"2024";"21/07/2026 15:43:17"
"4105805";"115698,00";"2010";"232212,00";"2022";"6366278000,00";"2022";"61";"2906";"76038000,00";"2024";"21/07/2026 15:43:17"
"4105904";"12731,00";"2010";"22896,00";"2022";"948127000,00";"2022";"10";"145";"4606000,00";"2024";"21/07/2026 15:43:17"
"4106001";"3977,00";"2010";"8320,00";"2022";"330955000,00";"2022";"8";"54";"1489000,00";"2024";"21/07/2026 15:43:17"
"4106100";"1916,00";"2010";"3461,00";"2022";"182940000,00";"2022";"3";"6";"86000,00";"2024";"21/07/2026 15:43:18"
"4106209";"8671,00";"2010";"19128,00";"2022";"619203000,00";"2022";"8";"56";"1498000,00";"2024";"21/07/2026 15:43:18"
"4106308";"8754,00";"2010";"17470,00";"2022";"1003639000,00";"2022";"6";"105";"3133000,00";"2024";"21/07/2026 15:43:18"
"4106407";"24880,00";"2010";"45206,00";"2022";"2173940000,00";"2022";"5";"20";"279000,00";"2024";"21/07/2026 15:43:18"
"4106456";"3499,00";"2010";"5649,00";"2022";"334095000,00";"2022";"10";"35";"449000,00";"2024";"21/07/2026 15:43:18"
"4106506";"12440,00";"2010";"23331,00";"2022";"895507000,00";"2022";"2";"0";"0,00";"2024";"21/07/2026 15:43:18"
"4106555";"2234,00";"2010";"3760,00";"2022";"82926000,00";"2022";"1";"0";"0,00";"2024";"21/07/2026 15:43:18"
"4106571";"2255,00";"2010";"4133,00";"2022";"173964000,00";"2022";"3";"10";"248000,00";"2024";"21/07/2026 15:43:18"
"4106605";"10663,00";"2010";"23831,00";"2022";"893853000,00";"2022";"11";"138";"3298000,00";"2024";"21/07/2026 15:43:18"
"4106704";"2394,00";"2010";"4494,00";"2022";"213806000,00";"2022";"2";"0";"0,00";"2024";"21/07/2026 15:43:18"
"4106803";"10576,00";"2010";"15978,00";"2022";"468274000,00";"2022";"3";"97";"2493000,00";"2024";"21/07/2026 15:43:18"
"4106852";"1684,00";"2010";"2892,00";"2022";"194540000,00";"2022";"1";"0";"0,00";"2024";"21/07/2026 15:43:18"
"4106902";"995543,00";"2010";"1773718,00";"2022";"111760270000,00";"2022";"200";"16639";"427448000,00";"2024";"21/07/2026 15:43:18"
"4107009";"6448,00";"2010";"13647,00";"2022";"318795000,00";"2022";"8";"16";"40000,00";"2024";"21/07/2026 15:43:18"
"4107108";"2694,00";"2010";"5142,00";"2022";"380691000,00";"2022";"6";"51";"1447000,00";"2024";"21/07/2026 15:43:18"
"4107124";"1654,00";"2010";"3171,00";"2022";"71944000,00";"2022";"4";"26";"408000,00";"2024";"21/07/2026 15:43:18"
"4107157";"2603,00";"2010";"4557,00";"2022";"115173000,00";"2022";"5";"32";"682000,00";"2024";"21/07/2026 15:43:18"
"4107207";"21650,00";"2010";"44869,00";"2022";"2211268000,00";"2022";"12";"28";"669000,00";"2024";"21/07/2026 15:43:18"
"4107256";"3982,00";"2010";"9161,00";"2022";"737484000,00";"2022";"7";"67";"1725000,00";"2024";"21/07/2026 15:43:18"
"4107306";"2962,00";"2010";"6327,00";"2022";"182585000,00";"2022";"4";"35";"754000,00";"2024";"21/07/2026 15:43:18"
"4107405";"3437,00";"2010";"5999,00";"2022";"320674000,00";"2022";"2";"0";"0,00";"2024";"21/07/2026 15:43:18"
"4107504";"6956,00";"2010";"12454,00";"2022";"461166000,00";"2022";"2";"0";"0,00";"2024";"21/07/2026 15:43:18"
"4107520";"1204,00";"2010";"1849,00";"2022";"65714000,00";"2022";"1";"0";"0,00";"2024";"21/07/2026 15:43:18"
"4107538";"2469,00";"2010";"4575,00";"2022";"384484000,00";"2022";"3";"25";"599000,00";"2024";"21/07/2026 15:43:18"
"4107546";"2293,00";"2010";"4797,00";"2022";"204709000,00";"2022";"1";"0";"0,00";"2024";"21/07/2026 15:43:18"
"4107553";"1708,00";"2010";"3039,00";"2022";"162505000,00";"2022";"1";"0";"0,00";"2024";"21/07/2026 15:43:18"
"4107603";"8166,00";"2010";"16389,00";"2022";"594325000,00";"2022";"6";"0";"0,00";"2024";"21/07/2026 15:43:18"
"4107652";"41158,00";"2010";"148873,00";"2022";"4053190000,00";"2022";"28";"873";"22952000,00";"2024";"21/07/2026 15:43:18"
"4107702";"2401,00";"2010";"4492,00";"2022";"157894000,00";"2022";"3";"11";"151000,00";"2024";"21/07/2026 15:43:18"
"4107736";"2642,00";"2010";"6255,00";"2022";"275670000,00";"2022";"2";"0";"0,00";"2024";"21/07/2026 15:43:18"
"4107751";"3351,00";"2010";"8062,00";"2022";"169827000,00";"2022";"4";"4";"9000,00";"2024";"21/07/2026 15:43:18"
"4107801";"2793,00";"2010";"4792,00";"2022";"267764000,00";"2022";"3";"22";"525000,00";"2024";"21/07/2026 15:43:18"
"4107850";"2807,00";"2010";"4364,00";"2022";"176426000,00";"2022";"3";"12";"153000,00";"2024";"21/07/2026 15:43:18"
"4107900";"3271,00";"2010";"10458,00";"2022";"277088000,00";"2022";"1";"0";"0,00";"2024";"21/07/2026 15:43:18"
"4108007";"5730,00";"2010";"11446,00";"2022";"471672000,00";"2022";"8";"30";"429000,00";"2024";"21/07/2026 15:43:18"
"4108106";"1419,00";"2010";"2652,00";"2022";"82612000,00";"2022";"2";"0";"0,00";"2024";"21/07/2026 15:43:18"
"4108205";"4041,00";"2010";"7635,00";"2022";"416851000,00";"2022";"9";"11";"0,00";"2024";"21/07/2026 15:43:18"
"4108304";"133547,00";"2010";"285415,00";"2022";"17479952000,00";"2022";"67";"984";"28600000,00";"2024";"21/07/2026 15:43:18"
"4108320";"3105,00";"2010";"8116,00";"2022";"205654000,00";"2022";"3";"5";"41000,00";"2024";"21/07/2026 15:43:18"
"4108403";"46884,00";"2010";"96666,00";"2022";"3970336000,00";"2022";"22";"411";"11883000,00";"2024";"21/07/2026 15:43:18"
"4108452";"2317,00";"2010";"4926,00";"2022";"175862000,00";"2022";"2";"0";"0,00";"2024";"21/07/2026 15:43:18"
"4108502";"5578,00";"2010";"11062,00";"2022";"427245000,00";"2022";"6";"243";"3649000,00";"2024";"21/07/2026 15:43:18"
"4108551";"1865,00";"2010";"2977,00";"2022";"81118000,00";"2022";"2";"0";"0,00";"2024";"21/07/2026 15:43:18"
"4108601";"14744,00";"2010";"28437,00";"2022";"1118785000,00";"2022";"10";"129";"2800000,00";"2024";"21/07/2026 15:43:18"
"4108650";"4286,00";"2010";"6566,00";"2022";"348141000,00";"2022";"2";"0";"0,00";"2024";"21/07/2026 15:43:18"
"4108700";"3748,00";"2010";"5641,00";"2022";"161295000,00";"2022";"3";"42";"836000,00";"2024";"21/07/2026 15:43:18"
"4108809";"16026,00";"2010";"32097,00";"2022";"1165667000,00";"2022";"3";"128";"4963000,00";"2024";"21/07/2026 15:43:18"
"4108908";"3025,00";"2010";"6587,00";"2022";"278168000,00";"2022";"5";"0";"0,00";"2024";"21/07/2026 15:43:18"
"4108957";"4242,00";"2010";"7856,00";"2022";"267831000,00";"2022";"2";"0";"0,00";"2024";"21/07/2026 15:43:18"
"4109005";"1817,00";"2010";"4626,00";"2022";"218141000,00";"2022";"1";"0";"0,00";"2024";"21/07/2026 15:43:18"
"4109104";"1154,00";"2010";"2191,00";"2022";"83635000,00";"2022";"1";"0";"0,00";"2024";"21/07/2026 15:43:18"
"4109203";"2794,00";"2010";"4748,00";"2022";"164971000,00";"2022";"4";"13";"160000,00";"2024";"21/07/2026 15:43:18"
"4109302";"8410,00";"2010";"13735,00";"2022";"535922000,00";"2022";"14";"205";"5750000,00";"2024";"21/07/2026 15:43:18"
"4109401";"81398,00";"2010";"182093,00";"2022";"9378785000,00";"2022";"47";"5830";"174881000,00";"2024";"21/07/2026 15:43:18"
"4109500";"3517,00";"2010";"7430,00";"2022";"129116000,00";"2022";"3";"16";"358000,00";"2024";"21/07/2026 15:43:18"
"4109609";"14520,00";"2010";"42062,00";"2022";"1065549000,00";"2022";"14";"1192";"23454000,00";"2024";"21/07/2026 15:43:18"
"4109658";"3536,00";"2010";"4941,00";"2022";"282890000,00";"2022";"1";"0";"0,00";"2024";"21/07/2026 15:43:18"
"4109708";"13797,00";"2010";"28830,00";"2022";"990332000,00";"2022";"16";"122";"2933000,00";"2024";"21/07/2026 15:43:18"
"4109757";"3193,00";"2010";"6218,00";"2022";"198451000,00";"2022";"2";"0";"0,00";"2024";"21/07/2026 15:43:18"
"4109807";"23728,00";"2010";"51603,00";"2022";"4506743000,00";"2022";"7";"132";"3636000,00";"2024";"21/07/2026 15:43:18"
"4109906";"4233,00";"2010";"8991,00";"2022";"278205000,00";"2022";"2";"0";"0,00";"2024";"21/07/2026 15:43:18"
"4110003";"2210,00";"2010";"5338,00";"2022";"234416000,00";"2022";"2";"0";"0,00";"2024";"21/07/2026 15:43:18"
"4110052";"1247,00";"2010";"2144,00";"2022";"90839000,00";"2022";"1";"0";"0,00";"2024";"21/07/2026 15:43:18"
"4110078";"5139,00";"2010";"14249,00";"2022";"295776000,00";"2022";"6";"9";"89000,00";"2024";"21/07/2026 15:43:18"
"4110102";"13680,00";"2010";"29924,00";"2022";"1356418000,00";"2022";"10";"256";"7328000,00";"2024";"21/07/2026 15:43:18"
"4110201";"5074,00";"2010";"9670,00";"2022";"251000000,00";"2022";"4";"52";"1268000,00";"2024";"21/07/2026 15:43:18"
"4110300";"1485,00";"2010";"2536,00";"2022";"55662000,00";"2022";"0";"0";"0,00";"";"21/07/2026 15:43:18"
"4110409";"2438,00";"2010";"4448,00";"2022";"687611000,00";"2022";"1";"0";"0,00";"2024";"21/07/2026 15:43:18"
"4110508";"6853,00";"2010";"14142,00";"2022";"826431000,00";"2022";"4";"219";"6290000,00";"2024";"21/07/2026 15:43:18"
"4110607";"7714,00";"2010";"15746,00";"2022";"537988000,00";"2022";"10";"0";"0,00";"2024";"21/07/2026 15:43:18"
"4110656";"1523,00";"2010";"2343,00";"2022";"84703000,00";"2022";"0";"0";"0,00";"";"21/07/2026 15:43:18"
"4110706";"29788,00";"2010";"59250,00";"2022";"2539167000,00";"2022";"20";"1341";"40945000,00";"2024";"21/07/2026 15:43:18"
"4110805";"5129,00";"2010";"10684,00";"2022";"363402000,00";"2022";"9";"53";"1273000,00";"2024";"21/07/2026 15:43:18"
"4110904";"2243,00";"2010";"4481,00";"2022";"127181000,00";"2022";"4";"9";"114000,00";"2024";"21/07/2026 15:43:18"
"4110953";"5061,00";"2010";"11485,00";"2022";"508137000,00";"2022";"2";"0";"0,00";"2024";"21/07/2026 15:43:18"
"4111001";"3087,00";"2010";"5908,00";"2022";"261670000,00";"2022";"2";"0";"0,00";"2024";"21/07/2026 15:43:18"
"4111100";"2835,00";"2010";"6111,00";"2022";"185268000,00";"2022";"0";"0";"0,00";"";"21/07/2026 15:43:18"
"4111209";"5817,00";"2010";"12344,00";"2022";"899902000,00";"2022";"6";"2163";"62879000,00";"2024";"21/07/2026 15:43:18"
"4111258";"11078,00";"2010";"31217,00";"2022";"679361000,00";"2022";"12";"52";"912000,00";"2024";"21/07/2026 15:43:18"
"4111308";"1598,00";"2010";"3572,00";"2022";"124605000,00";"2022";"1";"0";"0,00";"2024";"21/07/2026 15:43:18"
"4111407";"7008,00";"2010";"13229,00";"2022";"479720000,00";"2022";"3";"151";"4577000,00";"2024";"21/07/2026 15:43:18"
"4111506";"16966,00";"2010";"32720,00";"2022";"1011290000,00";"2022";"10";"0";"0,00";"2024";"21/07/2026 15:43:18"
"4111555";"3858,00";"2010";"6831,00";"2022";"208640000,00";"2022";"7";"26";"412000,00";"2024";"21/07/2026 15:43:18"
"4111605";"1294,00";"2010";"2708,00";"2022";"123021000,00";"2022";"3";"0";"0,00";"2024";"21/07/2026 15:43:18"
"4111704";"2760,00";"2010";"5427,00";"2022";"159159000,00";"2022";"1";"0";"0,00";"2024";"21/07/2026 15:43:18"
"4111803";"19561,00";"2010";"40375,00";"2022";"1804412000,00";"2022";"28";"891";"25227000,00";"2024";"21/07/2026 15:43:18"
"4111902";"6703,00";"2010";"15122,00";"2022";"1281632000,00";"2022";"4";"43";"1125000,00";"2024";"21/07/2026 15:43:18"
"4112009";"14440,00";"2010";"35141,00";"2022";"1910122000,00";"2022";"13";"178";"4057000,00";"2024";"21/07/2026 15:43:18"
"4112108";"11410,00";"2010";"21408,00";"2022";"877358000,00";"2022";"8";"19";"250000,00";"2024";"21/07/2026 15:43:18"
"4112207";"3040,00";"2010";"5870,00";"2022";"209419000,00";"2022";"3";"3";"0,00";"2024";"21/07/2026 15:43:18"
"4112306";"2746,00";"2010";"4972,00";"2022";"180935000,00";"2022";"4";"5";"0,00";"2024";"21/07/2026 15:43:18"
"4112405";"4922,00";"2010";"9144,00";"2022";"363801000,00";"2022";"3";"0";"0,00";"2024";"21/07/2026 15:43:18"
"4112504";"5951,00";"2010";"12004,00";"2022";"381424000,00";"2022";"14";"16";"25000,00";"2024";"21/07/2026 15:43:18"
"4112603";"602,00";"2010";"1343,00";"2022";"52758000,00";"2022";"2";"0";"0,00";"2024";"21/07/2026 15:43:18"
"4112702";"5411,00";"2010";"11813,00";"2022";"302622000,00";"2022";"7";"0";"0,00";"2024";"21/07/2026 15:43:18"
"4112751";"4993,00";"2010";"10506,00";"2022";"433042000,00";"2022";"2";"0";"0,00";"2024";"21/07/2026 15:43:18"
"4112801";"5769,00";"2010";"11945,00";"2022";"846960000,00";"2022";"4";"62";"1464000,00";"2024";"21/07/2026 15:43:18"
"4112900";"1705,00";"2010";"3333,00";"2022";"162325000,00";"2022";"1";"0";"0,00";"2024";"21/07/2026 15:43:18"
"4112959";"3888,00";"2010";"7771,00";"2022";"406996000,00";"2022";"2";"0";"0,00";"2024";"21/07/2026 15:43:18"
"4113007";"3456,00";"2010";"6690,00";"2022";"376560000,00";"2022";"2";"0";"0,00";"2024";"21/07/2026 15:43:18"
"4113106";"2325,00";"2010";"4582,00";"2022";"154886000,00";"2022";"2";"0";"0,00";"2024";"21/07/2026 15:43:18"
"4113205";"22493,00";"2010";"45003,00";"2022";"2541266000,00";"2022";"12";"348";"7706000,00";"2024";"21/07/2026 15:43:18"
"4113254";"3005,00";"2010";"5600,00";"2022";"111089000,00";"2022";"1";"0";"0,00";"2024";"21/07/2026 15:43:18"
"4113304";"15451,00";"2010";"32227,00";"2022";"1125234000,00";"2022";"11";"164";"3898000,00";"2024";"21/07/2026 15:43:18"
"4113403";"1922,00";"2010";"3752,00";"2022";"184673000,00";"2022";"1";"0";"0,00";"2024";"21/07/2026 15:43:18"
"4113429";"1931,00";"2010";"3938,00";"2022";"128153000,00";"2022";"4";"20";"332000,00";"2024";"21/07/2026 15:43:18"
"4113452";"2200,00";"2010";"5175,00";"2022";"232240000,00";"2022";"2";"0";"0,00";"2024";"21/07/2026 15:43:18"
"4113502";"11741,00";"2010";"23225,00";"2022";"746616000,00";"2022";"8";"144";"3316000,00";"2024";"21/07/2026 15:43:18"
"4113601";"2524,00";"2010";"4601,00";"2022";"264717000,00";"2022";"2";"0";"0,00";"2024";"21/07/2026 15:43:18"
"4113700";"275978,00";"2010";"555965,00";"2022";"26215154000,00";"2022";"73";"4249";"126489000,00";"2024";"21/07/2026 15:43:18"
"4113734";"3434,00";"2010";"6690,00";"2022";"479631000,00";"2022";"4";"23";"554000,00";"2024";"21/07/2026 15:43:18"
"4113759";"2658,00";"2010";"4872,00";"2022";"126037000,00";"2022";"5";"11";"123000,00";"2024";"21/07/2026 15:43:18"
"4113809";"2477,00";"2010";"4813,00";"2022";"144262000,00";"2022";"5";"26";"505000,00";"2024";"21/07/2026 15:43:18"
"4113908";"6831,00";"2010";"13428,00";"2022";"853262000,00";"2022";"6";"587";"17313000,00";"2024";"21/07/2026 15:43:18"
"4114005";"6773,00";"2010";"13452,00";"2022";"786902000,00";"2022";"5";"0";"0,00";"2024";"21/07/2026 15:43:18"
"4114104";"10602,00";"2010";"31457,00";"2022";"808909000,00";"2022";"8";"79";"1602000,00";"2024";"21/07/2026 15:43:18"
"4114203";"18290,00";"2010";"36716,00";"2022";"2636922000,00";"2022";"8";"19";"244000,00";"2024";"21/07/2026 15:43:18"
"4114302";"11712,00";"2010";"27439,00";"2022";"729770000,00";"2022";"11";"464";"11466000,00";"2024";"21/07/2026 15:43:18"
"4114351";"1737,00";"2010";"2770,00";"2022";"78196000,00";"2022";"3";"0";"0,00";"2024";"21/07/2026 15:43:18"
"4114401";"8508,00";"2010";"16603,00";"2022";"1719811000,00";"2022";"8";"184";"4533000,00";"2024";"21/07/2026 15:43:18"
"4114500";"7716,00";"2010";"14240,00";"2022";"633793000,00";"2022";"13";"128";"3053000,00";"2024";"21/07/2026 15:43:18"
"4114609";"27560,00";"2010";"55836,00";"2022";"3631244000,00";"2022";"9";"186";"8544000,00";"2024";"21/07/2026 15:43:18"
"4114708";"3158,00";"2010";"5865,00";"2022";"138584000,00";"2022";"4";"19";"410000,00";"2024";"21/07/2026 15:43:18"
"4114807";"17889,00";"2010";"41851,00";"2022";"2758390000,00";"2022";"20";"473";"13143000,00";"2024";"21/07/2026 15:43:18"
"4114906";"4345,00";"2010";"8677,00";"2022";"494280000,00";"2022";"4";"35";"610000,00";"2024";"21/07/2026 15:43:18"
"4115002";"3500,00";"2010";"7253,00";"2022";"210882000,00";"2022";"4";"23";"409000,00";"2024";"21/07/2026 15:43:18"
"4115101";"4621,00";"2010";"9847,00";"2022";"257423000,00";"2022";"3";"27";"788000,00";"2024";"21/07/2026 15:43:18"
"4115200";"204301,00";"2010";"409657,00";"2022";"26668372000,00";"2022";"80";"10127";"340536000,00";"2024";"21/07/2026 15:43:18"
"4115309";"3385,00";"2010";"6371,00";"2022";"630785000,00";"2022";"3";"29";"805000,00";"2024";"21/07/2026 15:43:18"
"4115358";"3590,00";"2010";"6555,00";"2022";"373085000,00";"2022";"4";"30";"796000,00";"2024";"21/07/2026 15:43:18"
"4115408";"8333,00";"2010";"15901,00";"2022";"644726000,00";"2022";"6";"42";"1042000,00";"2024";"21/07/2026 15:43:18"
"4115457";"3004,00";"2010";"4504,00";"2022";"126058000,00";"2022";"4";"0";"0,00";"2024";"21/07/2026 15:43:18"
"4115507";"2766,00";"2010";"4699,00";"2022";"108802000,00";"2022";"1";"0";"0,00";"2024";"21/07/2026 15:43:18"
"4115606";"9008,00";"2010";"18450,00";"2022";"1288278000,00";"2022";"6";"121";"3415000,00";"2024";"21/07/2026 15:43:18"
"4115705";"15009,00";"2010";"39259,00";"2022";"1000498000,00";"2022";"21";"510";"12818000,00";"2024";"21/07/2026 15:43:18"
"4115739";"2271,00";"2010";"3267,00";"2022";"131491000,00";"2022";"1";"0";"0,00";"2024";"21/07/2026 15:43:18"
"4115754";"3908,00";"2010";"9383,00";"2022";"544205000,00";"2022";"2";"0";"0,00";"2024";"21/07/2026 15:43:18"
"4115804";"24774,00";"2010";"54369,00";"2022";"2644510000,00";"2022";"12";"159";"4308000,00";"2024";"21/07/2026 15:43:18"
"4115853";"2990,00";"2010";"5931,00";"2022";"262524000,00";"2022";"2";"0";"0,00";"2024";"21/07/2026 15:43:18"
"4115903";"949,00";"2010";"2238,00";"2022";"125967000,00";"2022";"1";"0";"0,00";"2024";"21/07/2026 15:43:18"
"4116000";"992,00";"2010";"1966,00";"2022";"61314000,00";"2022";"1";"0";"0,00";"2024";"21/07/2026 15:43:18"
"4116059";"5714,00";"2010";"11064,00";"2022";"431521000,00";"2022";"10";"70";"1382000,00";"2024";"21/07/2026 15:43:18"
"4116109";"6094,00";"2010";"11175,00";"2022";"271903000,00";"2022";"5";"0";"0,00";"2024";"21/07/2026 15:43:18"
"4116208";"7644,00";"2010";"18309,00";"2022";"415709000,00";"2022";"3";"0";"0,00";"2024";"21/07/2026 15:43:18"
"4116307";"2030,00";"2010";"3951,00";"2022";"147725000,00";"2022";"0";"0";"0,00";"";"21/07/2026 15:43:18"
"4116406";"1903,00";"2010";"3669,00";"2022";"103727000,00";"2022";"5";"15";"144000,00";"2024";"21/07/2026 15:43:18"
"4116505";"724,00";"2010";"1323,00";"2022";"51328000,00";"2022";"1";"0";"0,00";"2024";"21/07/2026 15:43:18"
"4116604";"1704,00";"2010";"3280,00";"2022";"102392000,00";"2022";"1";"0";"0,00";"2024";"21/07/2026 15:43:18"
"4116703";"6006,00";"2010";"13765,00";"2022";"851560000,00";"2022";"7";"123";"3010000,00";"2024";"21/07/2026 15:43:18"
"4116802";"3738,00";"2010";"6790,00";"2022";"334807000,00";"2022";"3";"23";"487000,00";"2024";"21/07/2026 15:43:18"
"4116901";"14515,00";"2010";"26585,00";"2022";"1085730000,00";"2022";"8";"174";"5714000,00";"2024";"21/07/2026 15:43:18"
"4116950";"3207,00";"2010";"5597,00";"2022";"165004000,00";"2022";"1";"0";"0,00";"2024";"21/07/2026 15:43:18"
"4117008";"4095,00";"2010";"7225,00";"2022";"356355000,00";"2022";"6";"27";"113000,00";"2024";"21/07/2026 15:43:18"
"4117057";"5795,00";"2010";"12074,00";"2022";"317367000,00";"2022";"1";"0";"0,00";"2024";"21/07/2026 15:43:18"
"4117107";"7161,00";"2010";"12923,00";"2022";"597028000,00";"2022";"10";"195";"5834000,00";"2024";"21/07/2026 15:43:18"
"4117206";"3140,00";"2010";"5833,00";"2022";"111831000,00";"2022";"1";"0";"0,00";"2024";"21/07/2026 15:43:18"
"4117214";"1812,00";"2010";"4184,00";"2022";"128119000,00";"2022";"3";"24";"600000,00";"2024";"21/07/2026 15:43:18"
"4117222";"4959,00";"2010";"8322,00";"2022";"371317000,00";"2022";"2";"0";"0,00";"2024";"21/07/2026 15:43:18"
"4117255";"6411,00";"2010";"12699,00";"2022";"413699000,00";"2022";"3";"0";"0,00";"2024";"21/07/2026 15:43:18"
"4117271";"3918,00";"2010";"6848,00";"2022";"220519000,00";"2022";"3";"7";"57000,00";"2024";"21/07/2026 15:43:18"
"4117297";"1570,00";"2010";"3125,00";"2022";"102121000,00";"2022";"1";"0";"0,00";"2024";"21/07/2026 15:43:18"
"4117305";"12110,00";"2010";"24192,00";"2022";"3104325000,00";"2022";"4";"0";"0,00";"2024";"21/07/2026 15:43:18"
"4117404";"1875,00";"2010";"3187,00";"2022";"134871000,00";"2022";"2";"0";"0,00";"2024";"21/07/2026 15:43:19"
"4117453";"2890,00";"2010";"6785,00";"2022";"237412000,00";"2022";"2";"0";"0,00";"2024";"21/07/2026 15:43:19"
"4117503";"19751,00";"2010";"45962,00";"2022";"1183331000,00";"2022";"10";"0";"0,00";"2024";"21/07/2026 15:43:19"
"4117602";"19666,00";"2010";"48247,00";"2022";"1621299000,00";"2022";"12";"264";"7590000,00";"2024";"21/07/2026 15:43:19"
"4117701";"15858,00";"2010";"33855,00";"2022";"1964611000,00";"2022";"23";"192";"4904000,00";"2024";"21/07/2026 15:43:19"
"4117800";"7850,00";"2010";"13033,00";"2022";"377302000,00";"2022";"9";"21";"504000,00";"2024";"21/07/2026 15:43:19"
"4117909";"17355,00";"2010";"35011,00";"2022";"3109764000,00";"2022";"14";"0";"0,00";"2024";"21/07/2026 15:43:19"
"4118006";"6546,00";"2010";"13245,00";"2022";"406284000,00";"2022";"4";"30";"1347000,00";"2024";"21/07/2026 15:43:19"
"4118105";"5175,00";"2010";"9557,00";"2022";"361505000,00";"2022";"5";"64";"1564000,00";"2024";"21/07/2026 15:43:19"
"4118204";"66849,00";"2010";"145829,00";"2022";"16367622000,00";"2022";"24";"1233";"23693000,00";"2024";"21/07/2026 15:43:19"
"4118303";"1409,00";"2010";"2398,00";"2022";"79481000,00";"2022";"2";"0";"0,00";"2024";"21/07/2026 15:43:19"
"4118402";"43835,00";"2010";"92001,00";"2022";"3471737000,00";"2022";"20";"695";"19463000,00";"2024";"21/07/2026 15:43:19"
"4118451";"2978,00";"2010";"5733,00";"2022";"223322000,00";"2022";"2";"0";"0,00";"2024";"21/07/2026 15:43:19"
"4118501";"39966,00";"2010";"91836,00";"2022";"5444892000,00";"2022";"17";"863";"24601000,00";"2024";"21/07/2026 15:43:19"
"4118600";"2381,00";"2010";"5666,00";"2022";"503282000,00";"2022";"1";"0";"0,00";"2024";"21/07/2026 15:43:19"
"4118709";"3821,00";"2010";"6343,00";"2022";"462028000,00";"2022";"4";"34";"1222000,00";"2024";"21/07/2026 15:43:19"
"4118808";"6640,00";"2010";"13346,00";"2022";"372908000,00";"2022";"6";"76";"1608000,00";"2024";"21/07/2026 15:43:19"
"4118857";"2922,00";"2010";"7189,00";"2022";"242963000,00";"2022";"1";"0";"0,00";"2024";"21/07/2026 15:43:19"
"4118907";"6014,00";"2010";"11878,00";"2022";"322090000,00";"2022";"9";"42";"611000,00";"2024";"21/07/2026 15:43:19"
"4119004";"4189,00";"2010";"6221,00";"2022";"175470000,00";"2022";"8";"0";"0,00";"2024";"21/07/2026 15:43:19"
"4119103";"6319,00";"2010";"13655,00";"2022";"922346000,00";"2022";"10";"51";"924000,00";"2024";"21/07/2026 15:43:19"
"4119152";"61598,00";"2010";"127019,00";"2022";"8558771000,00";"2022";"19";"137";"2734000,00";"2024";"21/07/2026 15:43:19"
"4119202";"3309,00";"2010";"6566,00";"2022";"280516000,00";"2022";"6";"33";"584000,00";"2024";"21/07/2026 15:43:19"
"4119251";"1578,00";"2010";"2761,00";"2022";"62528000,00";"2022";"0";"0";"0,00";"";"21/07/2026 15:43:19"
"4119301";"15892,00";"2010";"29886,00";"2022";"1799285000,00";"2022";"10";"129";"3598000,00";"2024";"21/07/2026 15:43:19"
"4119400";"9796,00";"2010";"23651,00";"2022";"1368119000,00";"2022";"4";"83";"2350000,00";"2024";"21/07/2026 15:43:19"
"4119509";"44585,00";"2010";"118730,00";"2022";"1691359000,00";"2022";"32";"381";"10406000,00";"2024";"21/07/2026 15:43:19"
"4119608";"18210,00";"2010";"33567,00";"2022";"1371478000,00";"2022";"16";"160";"3886000,00";"2024";"21/07/2026 15:43:19"
"4119657";"1568,00";"2010";"3046,00";"2022";"154662000,00";"2022";"3";"0";"0,00";"2024";"21/07/2026 15:43:19"
"4119707";"2155,00";"2010";"4070,00";"2022";"115960000,00";"2022";"5";"36";"723000,00";"2024";"21/07/2026 15:43:19"
"4119806";"8716,00";"2010";"14374,00";"2022";"407895000,00";"2022";"5";"38";"738000,00";"2024";"21/07/2026 15:43:19"
"4119905";"149288,00";"2010";"358371,00";"2022";"23292221000,00";"2022";"55";"2162";"64172000,00";"2024";"21/07/2026 15:43:19"
"4119954";"10140,00";"2010";"30425,00";"2022";"713238000,00";"2022";"24";"400";"9005000,00";"2024";"21/07/2026 15:43:19"
"4120002";"7362,00";"2010";"11624,00";"2022";"679024000,00";"2022";"3";"10";"152000,00";"2024";"21/07/2026 15:43:19"
"4120101";"2374,00";"2010";"4098,00";"2022";"243728000,00";"2022";"3";"0";"0,00";"2024";"21/07/2026 15:43:19"
"4120150";"2391,00";"2010";"3110,00";"2022";"184228000,00";"2022";"0";"0";"0,00";"";"21/07/2026 15:43:19"
"4120200";"1344,00";"2010";"3182,00";"2022";"118585000,00";"2022";"3";"17";"488000,00";"2024";"21/07/2026 15:43:19"
"4120309";"2087,00";"2010";"3562,00";"2022";"91362000,00";"2022";"1";"0";"0,00";"2024";"21/07/2026 15:43:19"
"4120333";"1734,00";"2010";"3709,00";"2022";"198240000,00";"2022";"0";"0";"0,00";"";"21/07/2026 15:43:19"
"4120358";"3448,00";"2010";"5737,00";"2022";"279159000,00";"2022";"4";"61";"1649000,00";"2024";"21/07/2026 15:43:19"
"4120408";"2429,00";"2010";"4336,00";"2022";"184906000,00";"2022";"2";"0";"0,00";"2024";"21/07/2026 15:43:19"
"4120507";"5044,00";"2010";"10082,00";"2022";"460931000,00";"2022";"4";"3";"0,00";"2024";"21/07/2026 15:43:19"
"4120606";"28892,00";"2010";"49393,00";"2022";"1617598000,00";"2022";"12";"753";"19204000,00";"2024";"21/07/2026 15:43:19"
"4120655";"2361,00";"2010";"4201,00";"2022";"265756000,00";"2022";"2";"0";"0,00";"2024";"21/07/2026 15:43:19"
"4120705";"3608,00";"2010";"8099,00";"2022";"232832000,00";"2022";"3";"26";"535000,00";"2024";"21/07/2026 15:43:19"
"4120804";"10538,00";"2010";"24191,00";"2022";"2083796000,00";"2022";"9";"0";"0,00";"2024";"21/07/2026 15:43:19"
"4120853";"2282,00";"2010";"4480,00";"2022";"253122000,00";"2022";"2";"0";"0,00";"2024";"21/07/2026 15:43:19"
"4120903";"16131,00";"2010";"30738,00";"2022";"1682535000,00";"2022";"10";"143";"4900000,00";"2024";"21/07/2026 15:43:19"
"4121000";"6513,00";"2010";"10685,00";"2022";"250310000,00";"2022";"2";"0";"0,00";"2024";"21/07/2026 15:43:19"
"4121109";"2763,00";"2010";"5001,00";"2022";"225786000,00";"2022";"1";"0";"0,00";"2024";"21/07/2026 15:43:19"
"4121208";"7944,00";"2010";"18398,00";"2022";"561246000,00";"2022";"6";"53";"1037000,00";"2024";"21/07/2026 15:43:19"
"4121257";"1860,00";"2010";"4221,00";"2022";"98712000,00";"2022";"0";"0";"0,00";"";"21/07/2026 15:43:19"
"4121307";"1975,00";"2010";"3512,00";"2022";"174360000,00";"2022";"3";"23";"458000,00";"2024";"21/07/2026 15:43:19"
"4121356";"1349,00";"2010";"2618,00";"2022";"179423000,00";"2022";"0";"0";"0,00";"";"21/07/2026 15:43:19"
"4121406";"9579,00";"2010";"19247,00";"2022";"748454000,00";"2022";"6";"50";"1396000,00";"2024";"21/07/2026 15:43:19"
"4121505";"6887,00";"2010";"14514,00";"2022";"540782000,00";"2022";"3";"45";"982000,00";"2024";"21/07/2026 15:43:19"
"4121604";"4204,00";"2010";"6845,00";"2022";"347095000,00";"2022";"3";"54";"968000,00";"2024";"21/07/2026 15:43:19"
"4121703";"11721,00";"2010";"24573,00";"2022";"779993000,00";"2022";"18";"405";"11373000,00";"2024";"21/07/2026 15:43:19"
"4121752";"3262,00";"2010";"6553,00";"2022";"263341000,00";"2022";"6";"34";"762000,00";"2024";"21/07/2026 15:43:19"
"4121802";"5039,00";"2010";"12364,00";"2022";"496128000,00";"2022";"13";"181";"5159000,00";"2024";"21/07/2026 15:43:19"
"4121901";"6714,00";"2010";"13060,00";"2022";"459244000,00";"2022";"3";"5";"0,00";"2024";"21/07/2026 15:43:19"
"4122008";"8122,00";"2010";"14025,00";"2022";"948932000,00";"2022";"4";"287";"6627000,00";"2024";"21/07/2026 15:43:19"
"4122107";"1531,00";"2010";"3197,00";"2022";"115586000,00";"2022";"1";"0";"0,00";"2024";"21/07/2026 15:43:19"
"4122156";"8337,00";"2010";"13929,00";"2022";"507374000,00";"2022";"8";"44";"761000,00";"2024";"21/07/2026 15:43:19"
"4122172";"1867,00";"2010";"3808,00";"2022";"151108000,00";"2022";"4";"25";"465000,00";"2024";"21/07/2026 15:43:19"
"4122206";"14312,00";"2010";"37558,00";"2022";"1649518000,00";"2022";"10";"83";"1500000,00";"2024";"21/07/2026 15:43:19"
"4122305";"15946,00";"2010";"31324,00";"2022";"1363742000,00";"2022";"10";"76";"2037000,00";"2024";"21/07/2026 15:43:19"
"4122404";"32457,00";"2010";"71670,00";"2022";"4186826000,00";"2022";"28";"737";"23411000,00";"2024";"21/07/2026 15:43:19"
"4122503";"6042,00";"2010";"11251,00";"2022";"632270000,00";"2022";"4";"58";"1300000,00";"2024";"21/07/2026 15:43:19"
"4122602";"5147,00";"2010";"9097,00";"2022";"402506000,00";"2022";"4";"18";"274000,00";"2024";"21/07/2026 15:43:19"
"4122651";"2772,00";"2010";"5435,00";"2022";"142135000,00";"2022";"1";"0";"0,00";"2024";"21/07/2026 15:43:19"
"4122701";"3527,00";"2010";"8822,00";"2022";"692580000,00";"2022";"2";"0";"0,00";"2024";"21/07/2026 15:43:19"
"4122800";"2588,00";"2010";"4075,00";"2022";"124468000,00";"2022";"6";"30";"407000,00";"2024";"21/07/2026 15:43:19"
"4122909";"2836,00";"2010";"5192,00";"2022";"112749000,00";"2022";"3";"10";"219000,00";"2024";"21/07/2026 15:43:19"
"4123006";"7835,00";"2010";"15223,00";"2022";"489076000,00";"2022";"5";"648";"22583000,00";"2024";"21/07/2026 15:43:19"
"4123105";"1892,00";"2010";"3394,00";"2022";"118787000,00";"2022";"0";"0";"0,00";"";"21/07/2026 15:43:19"
"4123204";"1823,00";"2010";"3365,00";"2022";"185039000,00";"2022";"3";"0";"0,00";"2024";"21/07/2026 15:43:19"
"4123303";"4819,00";"2010";"8613,00";"2022";"354601000,00";"2022";"3";"11";"291000,00";"2024";"21/07/2026 15:43:19"
"4123402";"5968,00";"2010";"11378,00";"2022";"354483000,00";"2022";"6";"91";"2659000,00";"2024";"21/07/2026 15:43:19"
"4123501";"13557,00";"2010";"25492,00";"2022";"1560603000,00";"2022";"7";"0";"0,00";"2024";"21/07/2026 15:43:19"
"4123600";"878,00";"2010";"1748,00";"2022";"58924000,00";"2022";"1";"0";"0,00";"2024";"21/07/2026 15:43:19"
"4123709";"4692,00";"2010";"8912,00";"2022";"255764000,00";"2022";"5";"22";"486000,00";"2024";"21/07/2026 15:43:19"
"4123808";"6382,00";"2010";"14070,00";"2022";"398553000,00";"2022";"6";"41";"789000,00";"2024";"21/07/2026 15:43:19"
"4123824";"2129,00";"2010";"3644,00";"2022";"156573000,00";"2022";"3";"0";"0,00";"2024";"21/07/2026 15:43:19"
"4123857";"5710,00";"2010";"9934,00";"2022";"326165000,00";"2022";"3";"8";"107000,00";"2024";"21/07/2026 15:43:19"
"4123907";"6057,00";"2010";"11066,00";"2022";"461617000,00";"2022";"3";"21";"560000,00";"2024";"21/07/2026 15:43:19"
"4123956";"1903,00";"2010";"3356,00";"2022";"90776000,00";"2022";"0";"0";"0,00";"";"21/07/2026 15:43:19"
"4124004";"2274,00";"2010";"5514,00";"2022";"195898000,00";"2022";"3";"5";"35000,00";"2024";"21/07/2026 15:43:19"
"4124020";"5145,00";"2010";"13174,00";"2022";"678677000,00";"2022";"6";"54";"1689000,00";"2024";"21/07/2026 15:43:19"
"4124053";"10842,00";"2010";"24262,00";"2022";"696657000,00";"2022";"9";"160";"4213000,00";"2024";"21/07/2026 15:43:19"
"4124103";"22269,00";"2010";"44369,00";"2022";"1780116000,00";"2022";"25";"0";"0,00";"2024";"21/07/2026 15:43:19"
"4124202";"1204,00";"2010";"2493,00";"2022";"58266000,00";"2022";"3";"17";"351000,00";"2024";"21/07/2026 15:43:19"
"4124301";"1101,00";"2010";"2125,00";"2022";"123393000,00";"2022";"3";"17";"286000,00";"2024";"21/07/2026 15:43:19"
"4124400";"9682,00";"2010";"23673,00";"2022";"665500000,00";"2022";"9";"58";"1580000,00";"2024";"21/07/2026 15:43:19"
"4124509";"2855,00";"2010";"6181,00";"2022";"698440000,00";"2022";"1";"0";"0,00";"2024";"21/07/2026 15:43:19"
"4124608";"3227,00";"2010";"6587,00";"2022";"442768000,00";"2022";"2";"0";"0,00";"2024";"21/07/2026 15:43:19"
"4124707";"4976,00";"2010";"10830,00";"2022";"370263000,00";"2022";"3";"5";"0,00";"2024";"21/07/2026 15:43:19"
"4124806";"5649,00";"2010";"11886,00";"2022";"1081146000,00";"2022";"4";"0";"0,00";"2024";"21/07/2026 15:43:19"
"4124905";"2745,00";"2010";"5586,00";"2022";"142944000,00";"2022";"3";"17";"503000,00";"2024";"21/07/2026 15:43:19"
"4125001";"5715,00";"2010";"10667,00";"2022";"351358000,00";"2022";"7";"0";"0,00";"2024";"21/07/2026 15:43:19"
"4125100";"7010,00";"2010";"13726,00";"2022";"729208000,00";"2022";"13";"76";"1755000,00";"2024";"21/07/2026 15:43:19"
"4125209";"5291,00";"2010";"9378,00";"2022";"446317000,00";"2022";"2";"0";"0,00";"2024";"21/07/2026 15:43:19"
"4125308";"2955,00";"2010";"5168,00";"2022";"321717000,00";"2022";"3";"22";"520000,00";"2024";"21/07/2026 15:43:19"
"4125357";"3737,00";"2010";"6504,00";"2022";"171595000,00";"2022";"7";"27";"179000,00";"2024";"21/07/2026 15:43:19"
"4125407";"3391,00";"2010";"6040,00";"2022";"259601000,00";"2022";"2";"0";"0,00";"2024";"21/07/2026 15:43:19"
"4125456";"1942,00";"2010";"3957,00";"2022";"89393000,00";"2022";"2";"0";"0,00";"2024";"21/07/2026 15:43:19"
"4125506";"146612,00";"2010";"329628,00";"2022";"31479079000,00";"2022";"51";"3366";"101032000,00";"2024";"21/07/2026 15:43:19"
"4125555";"1186,00";"2010";"2138,00";"2022";"66192000,00";"2022";"0";"0";"0,00";"";"21/07/2026 15:43:19"
"4125605";"21508,00";"2010";"42366,00";"2022";"1853493000,00";"2022";"12";"139";"2810000,00";"2024";"21/07/2026 15:43:19"
"4125704";"13370,00";"2010";"29122,00";"2022";"1416054000,00";"2022";"14";"177";"4279000,00";"2024";"21/07/2026 15:43:19"
"4125753";"3376,00";"2010";"5784,00";"2022";"226386000,00";"2022";"2";"0";"0,00";"2024";"21/07/2026 15:43:19"
"4125803";"5671,00";"2010";"8690,00";"2022";"406100000,00";"2022";"2";"0";"0,00";"2024";"21/07/2026 15:43:19"
"4125902";"1230,00";"2010";"2661,00";"2022";"90698000,00";"2022";"0";"0";"0,00";"";"21/07/2026 15:43:19"
"4126009";"4222,00";"2010";"8063,00";"2022";"310711000,00";"2022";"3";"164";"2653000,00";"2024";"21/07/2026 15:43:19"
"4126108";"2861,00";"2010";"5232,00";"2022";"179457000,00";"2022";"4";"0";"0,00";"2024";"21/07/2026 15:43:19"
"4126207";"3612,00";"2010";"6695,00";"2022";"157606000,00";"2022";"6";"12";"54000,00";"2024";"21/07/2026 15:43:19"
"4126256";"42712,00";"2010";"118455,00";"2022";"2260729000,00";"2022";"21";"2457";"77422000,00";"2024";"21/07/2026 15:43:19"
"4126272";"2849,00";"2010";"6108,00";"2022";"1161786000,00";"2022";"4";"20";"465000,00";"2024";"21/07/2026 15:43:19"
"4126306";"7901,00";"2010";"17270,00";"2022";"652555000,00";"2022";"6";"18";"311000,00";"2024";"21/07/2026 15:43:19"
"4126355";"3052,00";"2010";"5007,00";"2022";"226888000,00";"2022";"2";"0";"0,00";"2024";"21/07/2026 15:43:19"
"4126405";"2912,00";"2010";"5616,00";"2022";"371953000,00";"2022";"3";"13";"185000,00";"2024";"21/07/2026 15:43:19"
"4126504";"8341,00";"2010";"15930,00";"2022";"895877000,00";"2022";"8";"22";"318000,00";"2024";"21/07/2026 15:43:19"
"4126603";"9487,00";"2010";"22811,00";"2022";"791100000,00";"2022";"16";"42";"1159000,00";"2024";"21/07/2026 15:43:19"
"4126652";"1655,00";"2010";"3440,00";"2022";"168631000,00";"2022";"0";"0";"0,00";"";"21/07/2026 15:43:19"
"4126678";"5787,00";"2010";"10707,00";"2022";"442629000,00";"2022";"1";"0";"0,00";"2024";"21/07/2026 15:43:19"
"4126702";"2420,00";"2010";"4880,00";"2022";"146799000,00";"2022";"1";"0";"0,00";"2024";"21/07/2026 15:43:19"
"4126801";"7043,00";"2010";"15869,00";"2022";"541077000,00";"2022";"4";"0";"0,00";"2024";"21/07/2026 15:43:19"
"4126900";"3320,00";"2010";"5745,00";"2022";"155538000,00";"2022";"5";"28";"826000,00";"2024";"21/07/2026 15:43:19"
"4127007";"5216,00";"2010";"9547,00";"2022";"595237000,00";"2022";"3";"15";"215000,00";"2024";"21/07/2026 15:43:19"
"4127106";"32418,00";"2010";"75042,00";"2022";"5066785000,00";"2022";"16";"107";"4849000,00";"2024";"21/07/2026 15:43:19"
"4127205";"8899,00";"2010";"17568,00";"2022";"614114000,00";"2022";"3";"0";"0,00";"2024";"21/07/2026 15:43:19"
"4127304";"7896,00";"2010";"14842,00";"2022";"408197000,00";"2022";"7";"44";"2706000,00";"2024";"21/07/2026 15:43:19"
"4127403";"9866,00";"2010";"18119,00";"2022";"734804000,00";"2022";"11";"34";"742000,00";"2024";"21/07/2026 15:43:19"
"4127502";"8298,00";"2010";"19961,00";"2022";"1683339000,00";"2022";"8";"213";"5901000,00";"2024";"21/07/2026 15:43:19"
"4127601";"7597,00";"2010";"17621,00";"2022";"636633000,00";"2022";"3";"112";"3637000,00";"2024";"21/07/2026 15:43:19"
"4127700";"70248,00";"2010";"150470,00";"2022";"8435404000,00";"2022";"37";"872";"23252000,00";"2024";"21/07/2026 15:43:19"
"4127809";"4586,00";"2010";"8426,00";"2022";"370416000,00";"2022";"1";"0";"0,00";"2024";"21/07/2026 15:43:19"
"4127858";"6782,00";"2010";"11135,00";"2022";"454472000,00";"2022";"9";"69";"1314000,00";"2024";"21/07/2026 15:43:19"
"4127882";"2542,00";"2010";"6219,00";"2022";"132829000,00";"2022";"3";"90";"1747000,00";"2024";"21/07/2026 15:43:19"
"4127908";"4147,00";"2010";"8067,00";"2022";"238953000,00";"2022";"1";"0";"0,00";"2024";"21/07/2026 15:43:19"
"4127957";"4491,00";"2010";"8077,00";"2022";"441147000,00";"2022";"3";"43";"1194000,00";"2024";"21/07/2026 15:43:19"
"4127965";"6837,00";"2010";"14231,00";"2022";"633524000,00";"2022";"11";"39";"667000,00";"2024";"21/07/2026 15:43:19"
"4128005";"10703,00";"2010";"24749,00";"2022";"1740504000,00";"2022";"6";"138";"4367000,00";"2024";"21/07/2026 15:43:19"
"4128104";"55922,00";"2010";"117095,00";"2022";"4402397000,00";"2022";"24";"1013";"33295000,00";"2024";"21/07/2026 15:43:19"
"4128203";"26136,00";"2010";"55033,00";"2022";"1976996000,00";"2022";"10";"271";"6202000,00";"2024";"21/07/2026 15:43:19"
"4128302";"1351,00";"2010";"2136,00";"2022";"103628000,00";"2022";"2";"0";"0,00";"2024";"21/07/2026 15:43:19"
"4128401";"5935,00";"2010";"10406,00";"2022";"346336000,00";"2022";"3";"40";"1432000,00";"2024";"21/07/2026 15:43:19"
"4128500";"9433,00";"2010";"19188,00";"2022";"845345000,00";"2022";"8";"72";"2169000,00";"2024";"21/07/2026 15:43:19"
"4128534";"4537,00";"2010";"9681,00";"2022";"397255000,00";"2022";"4";"7";"18000,00";"2024";"21/07/2026 15:43:19"
"4128559";"4314,00";"2010";"8215,00";"2022";"290769000,00";"2022";"2";"0";"0,00";"2024";"21/07/2026 15:43:19"
"4128609";"4614,00";"2010";"7932,00";"2022";"535582000,00";"2022";"5";"50";"660000,00";"2024";"21/07/2026 15:43:19"
"4128625";"1196,00";"2010";"3055,00";"2022";"118377000,00";"2022";"0";"0";"0,00";"";"21/07/2026 15:43:19"
"4128633";"2439,00";"2010";"5697,00";"2022";"98491000,00";"2022";"0";"0";"0,00";"";"21/07/2026 15:43:19"
"4128658";"2322,00";"2010";"3811,00";"2022";"203542000,00";"2022";"3";"0";"0,00";"2024";"21/07/2026 15:43:19"
"4128708";"3415,00";"2010";"9706,00";"2022";"520196000,00";"2022";"2";"0";"0,00";"2024";"21/07/2026 15:43:19"
"4128807";"2906,00";"2010";"5798,00";"2022";"110373000,00";"2022";"3";"9";"171000,00";"2024";"21/07/2026 15:43:19"
"4200051";"1116,00";"2010";"2598,00";"2022";"110319000,00";"2022";"1";"0";"0,00";"2024";"21/07/2026 15:43:19"
"4200101";"9013,00";"2010";"17392,00";"2022";"1018506000,00";"2022";"7";"24";"373000,00";"2024";"21/07/2026 15:43:19"
"4200200";"5720,00";"2010";"10990,00";"2022";"450052000,00";"2022";"4";"71";"1791000,00";"2024";"21/07/2026 15:43:19"
"4200309";"3069,00";"2010";"6055,00";"2022";"234769000,00";"2022";"2";"0";"0,00";"2024";"21/07/2026 15:43:19"
"4200408";"3866,00";"2010";"6508,00";"2022";"755267000,00";"2022";"6";"30";"713000,00";"2024";"21/07/2026 15:43:19"
"4200507";"3514,00";"2010";"6036,00";"2022";"159833000,00";"2022";"3";"20";"409000,00";"2024";"21/07/2026 15:43:20"
"4200556";"1465,00";"2010";"2839,00";"2022";"206975000,00";"2022";"1";"0";"0,00";"2024";"21/07/2026 15:43:20"
"4200606";"3766,00";"2010";"6743,00";"2022";"211416000,00";"2022";"0";"0";"0,00";"";"21/07/2026 15:43:20"
"4200705";"5366,00";"2010";"10481,00";"2022";"352093000,00";"2022";"3";"0";"0,00";"2024";"21/07/2026 15:43:20"
"4200754";"1271,00";"2010";"1856,00";"2022";"82057000,00";"2022";"0";"0";"0,00";"";"21/07/2026 15:43:20"
"4200804";"3965,00";"2010";"5943,00";"2022";"221545000,00";"2022";"5";"22";"414000,00";"2024";"21/07/2026 15:43:20"
"4200903";"3121,00";"2010";"5358,00";"2022";"147479000,00";"2022";"2";"0";"0,00";"2024";"21/07/2026 15:43:20"
"4201000";"4768,00";"2010";"8285,00";"2022";"214198000,00";"2022";"3";"43";"1303000,00";"2024";"21/07/2026 15:43:20"
"4201109";"1990,00";"2010";"3593,00";"2022";"94170000,00";"2022";"1";"0";"0,00";"2024";"21/07/2026 15:43:20"
"4201208";"4269,00";"2010";"11224,00";"2022";"818937000,00";"2022";"3";"115";"3419000,00";"2024";"21/07/2026 15:43:20"
"4201257";"6189,00";"2010";"9811,00";"2022";"483695000,00";"2022";"4";"93";"2887000,00";"2024";"21/07/2026 15:43:20"
"4201273";"3016,00";"2010";"4378,00";"2022";"346774000,00";"2022";"1";"0";"0,00";"2024";"21/07/2026 15:43:20"
"4201307";"12664,00";"2010";"45283,00";"2022";"7985862000,00";"2022";"6";"72";"2378000,00";"2024";"21/07/2026 15:43:20"
"4201406";"34772,00";"2010";"71922,00";"2022";"2693789000,00";"2022";"10";"100";"3052000,00";"2024";"21/07/2026 15:43:20"
"4201505";"4751,00";"2010";"8834,00";"2022";"286198000,00";"2022";"7";"91";"2816000,00";"2024";"21/07/2026 15:43:20"
"4201604";"2222,00";"2010";"3556,00";"2022";"137049000,00";"2022";"2";"0";"0,00";"2024";"21/07/2026 15:43:20"
"4201653";"1623,00";"2010";"2510,00";"2022";"184169000,00";"2022";"1";"0";"0,00";"2024";"21/07/2026 15:43:20"
"4201703";"4281,00";"2010";"8319,00";"2022";"275531000,00";"2022";"2";"0";"0,00";"2024";"21/07/2026 15:43:20"
"4201802";"2113,00";"2010";"3227,00";"2022";"140200000,00";"2022";"2";"0";"0,00";"2024";"21/07/2026 15:43:20"
"4201901";"3485,00";"2010";"6780,00";"2022";"408304000,00";"2022";"5";"50";"1789000,00";"2024";"21/07/2026 15:43:20"
"4201950";"4584,00";"2010";"15820,00";"2022";"251898000,00";"2022";"6";"145";"1787000,00";"2024";"21/07/2026 15:43:20"
"4202008";"64171,00";"2010";"139155,00";"2022";"7981315000,00";"2022";"13";"1027";"38377000,00";"2024";"21/07/2026 15:43:20"
"4202057";"3534,00";"2010";"14912,00";"2022";"282156000,00";"2022";"6";"0";"0,00";"2024";"21/07/2026 15:43:20"
"4202073";"4112,00";"2010";"15669,00";"2022";"258904000,00";"2022";"4";"34";"875000,00";"2024";"21/07/2026 15:43:20"
"4202081";"1650,00";"2010";"3144,00";"2022";"108416000,00";"2022";"1";"0";"0,00";"2024";"21/07/2026 15:43:20"
"4202099";"1166,00";"2010";"1668,00";"2022";"55813000,00";"2022";"1";"0";"0,00";"2024";"21/07/2026 15:43:20"
"4202107";"10909,00";"2010";"45369,00";"2022";"2554304000,00";"2022";"8";"254";"6121000,00";"2024";"21/07/2026 15:43:20"
"4202131";"2981,00";"2010";"5872,00";"2022";"211494000,00";"2022";"0";"0";"0,00";"";"21/07/2026 15:43:20"
"4202156";"1694,00";"2010";"2658,00";"2022";"73719000,00";"2022";"0";"0";"0,00";"";"21/07/2026 15:43:20"
"4202206";"5990,00";"2010";"10520,00";"2022";"462700000,00";"2022";"3";"0";"0,00";"2024";"21/07/2026 15:43:20"
"4202305";"30758,00";"2010";"76773,00";"2022";"2970824000,00";"2022";"7";"1176";"42511000,00";"2024";"21/07/2026 15:43:20"
"4202404";"186036,00";"2010";"361261,00";"2022";"22791289000,00";"2022";"61";"5543";"197161000,00";"2024";"21/07/2026 15:43:20"
"4202438";"1551,00";"2010";"3515,00";"2022";"131812000,00";"2022";"2";"0";"0,00";"2024";"21/07/2026 15:43:20"
"4202453";"7793,00";"2010";"25058,00";"2022";"965946000,00";"2022";"15";"683";"20778000,00";"2024";"21/07/2026 15:43:20"
"4202503";"2059,00";"2010";"4026,00";"2022";"270769000,00";"2022";"0";"0";"0,00";"";"21/07/2026 15:43:20"
"4202537";"1317,00";"2010";"2777,00";"2022";"180265000,00";"2022";"6";"21";"279000,00";"2024";"21/07/2026 15:43:20"
"4202578";"1520,00";"2010";"2187,00";"2022";"83783000,00";"2022";"2";"0";"0,00";"2024";"21/07/2026 15:43:20"
"4202602";"4906,00";"2010";"8418,00";"2022";"417365000,00";"2022";"1";"0";"0,00";"2024";"21/07/2026 15:43:20"
"4202701";"2913,00";"2010";"5363,00";"2022";"464900000,00";"2022";"8";"45";"1259000,00";"2024";"21/07/2026 15:43:20"
"4202800";"17511,00";"2010";"33773,00";"2022";"1962656000,00";"2022";"10";"1554";"42245000,00";"2024";"21/07/2026 15:43:20"
"4202859";"2210,00";"2010";"4026,00";"2022";"259027000,00";"2022";"2";"0";"0,00";"2024";"21/07/2026 15:43:20"
"4202875";"1507,00";"2010";"2489,00";"2022";"113026000,00";"2022";"0";"0";"0,00";"";"21/07/2026 15:43:20"
"4202909";"64471,00";"2010";"141385,00";"2022";"9919247000,00";"2022";"17";"1253";"44243000,00";"2024";"21/07/2026 15:43:20"
"4203006";"35889,00";"2010";"73720,00";"2022";"4922086000,00";"2022";"35";"183";"6069000,00";"2024";"21/07/2026 15:43:20"
"4203105";"4078,00";"2010";"6304,00";"2022";"339319000,00";"2022";"4";"30";"1018000,00";"2024";"21/07/2026 15:43:20"
"4203154";"1606,00";"2010";"3443,00";"2022";"105794000,00";"2022";"1";"0";"0,00";"2024";"21/07/2026 15:43:20"
"4203204";"33946,00";"2010";"103074,00";"2022";"2560909000,00";"2022";"8";"39";"209000,00";"2024";"21/07/2026 15:43:20"
"4203253";"1500,00";"2010";"2625,00";"2022";"194684000,00";"2022";"0";"0";"0,00";"";"21/07/2026 15:43:20"
"4203303";"6431,00";"2010";"12501,00";"2022";"770692000,00";"2022";"7";"69";"2103000,00";"2024";"21/07/2026 15:43:20"
"4203402";"3966,00";"2010";"7257,00";"2022";"304909000,00";"2022";"3";"23";"633000,00";"2024";"21/07/2026 15:43:20"
"4203501";"5203,00";"2010";"9623,00";"2022";"487077000,00";"2022";"2";"0";"0,00";"2024";"21/07/2026 15:43:20"
"4203600";"17003,00";"2010";"36932,00";"2022";"3229123000,00";"2022";"5";"146";"4058000,00";"2024";"21/07/2026 15:43:20"
"4203709";"4918,00";"2010";"12821,00";"2022";"363977000,00";"2022";"1";"0";"0,00";"2024";"21/07/2026 15:43:20"
"4203808";"26055,00";"2010";"55016,00";"2022";"2418105000,00";"2022";"19";"936";"25985000,00";"2024";"21/07/2026 15:43:20"
"4203907";"11584,00";"2010";"23314,00";"2022";"1280648000,00";"2022";"4";"0";"0,00";"2024";"21/07/2026 15:43:20"
"4203956";"11301,00";"2010";"23975,00";"2022";"592015000,00";"2022";"2";"0";"0,00";"2024";"21/07/2026 15:43:20"
"4204004";"4952,00";"2010";"10566,00";"2022";"625628000,00";"2022";"7";"37";"1802000,00";"2024";"21/07/2026 15:43:20"
"4204103";"2922,00";"2010";"4614,00";"2022";"213041000,00";"2022";"0";"0";"0,00";"";"21/07/2026 15:43:20"
"4204152";"1395,00";"2010";"2805,00";"2022";"83431000,00";"2022";"0";"0";"0,00";"";"21/07/2026 15:43:20"
"4204178";"1945,00";"2010";"3317,00";"2022";"106660000,00";"2022";"3";"0";"0,00";"2024";"21/07/2026 15:43:20"
"4204194";"1779,00";"2010";"2950,00";"2022";"111051000,00";"2022";"0";"0";"0,00";"";"21/07/2026 15:43:20"
"4204202";"109785,00";"2010";"254785,00";"2022";"15615664000,00";"2022";"78";"2249";"88103000,00";"2024";"21/07/2026 15:43:20"
"4204251";"8506,00";"2010";"17240,00";"2022";"999973000,00";"2022";"0";"0";"0,00";"";"21/07/2026 15:43:20"
"4204301";"41857,00";"2010";"81646,00";"2022";"5116747000,00";"2022";"25";"4846";"159291000,00";"2024";"21/07/2026 15:43:20"
"4204350";"2310,00";"2010";"4781,00";"2022";"449635000,00";"2022";"2";"0";"0,00";"2024";"21/07/2026 15:43:20"
"4204400";"6146,00";"2010";"10388,00";"2022";"407480000,00";"2022";"2";"0";"0,00";"2024";"21/07/2026 15:43:20"
"4204459";"1259,00";"2010";"2065,00";"2022";"54428000,00";"2022";"0";"0";"0,00";"";"21/07/2026 15:43:20"
"4204509";"7777,00";"2010";"15267,00";"2022";"838130000,00";"2022";"4";"118";"5228000,00";"2024";"21/07/2026 15:43:20"
"4204558";"6860,00";"2010";"15727,00";"2022";"649992000,00";"2022";"7";"143";"3401000,00";"2024";"21/07/2026 15:43:20"
"4204608";"108120,00";"2010";"214493,00";"2022";"11211117000,00";"2022";"14";"10967";"394466000,00";"2024";"21/07/2026 15:43:20"
"4204707";"7223,00";"2010";"10953,00";"2022";"1013554000,00";"2022";"10";"71";"1569000,00";"2024";"21/07/2026 15:43:20"
"4204756";"1376,00";"2010";"1968,00";"2022";"79176000,00";"2022";"2";"0";"0,00";"2024";"21/07/2026 15:43:20"
"4204806";"17840,00";"2010";"40045,00";"2022";"2004550000,00";"2022";"16";"537";"15112000,00";"2024";"21/07/2026 15:43:20"
"4204905";"5991,00";"2010";"8530,00";"2022";"328520000,00";"2022";"5";"31";"639000,00";"2024";"21/07/2026 15:43:20"
"4205001";"7006,00";"2010";"15008,00";"2022";"585416000,00";"2022";"11";"58";"911000,00";"2024";"21/07/2026 15:43:20"
"4205100";"2558,00";"2010";"4221,00";"2022";"176689000,00";"2022";"3";"15";"272000,00";"2024";"21/07/2026 15:43:20"
"4205159";"1964,00";"2010";"3637,00";"2022";"165112000,00";"2022";"0";"0";"0,00";"";"21/07/2026 15:43:20"
"4205175";"1473,00";"2010";"3402,00";"2022";"67857000,00";"2022";"1";"0";"0,00";"2024";"21/07/2026 15:43:20"
"4205191";"1229,00";"2010";"2269,00";"2022";"180978000,00";"2022";"1";"0";"0,00";"2024";"21/07/2026 15:43:20"
"4205209";"2234,00";"2010";"4885,00";"2022";"239100000,00";"2022";"0";"0";"0,00";"";"21/07/2026 15:43:20"
"4205308";"5741,00";"2010";"11192,00";"2022";"802803000,00";"2022";"7";"72";"1927000,00";"2024";"21/07/2026 15:43:20"
"4205357";"1108,00";"2010";"1783,00";"2022";"79686000,00";"2022";"0";"0";"0,00";"";"21/07/2026 15:43:20"
"4205407";"241131,00";"2010";"537211,00";"2022";"26552426000,00";"2022";"57";"2658";"88667000,00";"2024";"21/07/2026 15:43:20"
"4205431";"1420,00";"2010";"2682,00";"2022";"87118000,00";"2022";"0";"0";"0,00";"";"21/07/2026 15:43:20"
"4205456";"13324,00";"2010";"31431,00";"2022";"1338682000,00";"2022";"4";"113";"3195000,00";"2024";"21/07/2026 15:43:20"
"4205506";"16821,00";"2010";"33481,00";"2022";"1386572000,00";"2022";"12";"231";"3729000,00";"2024";"21/07/2026 15:43:20"
"4205555";"1181,00";"2010";"2411,00";"2022";"96981000,00";"2022";"3";"3";"28000,00";"2024";"21/07/2026 15:43:20"
"4205605";"1863,00";"2010";"3210,00";"2022";"123185000,00";"2022";"2";"0";"0,00";"2024";"21/07/2026 15:43:20"
"4205704";"9463,00";"2010";"29959,00";"2022";"863321000,00";"2022";"2";"0";"0,00";"2024";"21/07/2026 15:43:20"
"4205803";"7890,00";"2010";"18545,00";"2022";"1767665000,00";"2022";"11";"236";"7266000,00";"2024";"21/07/2026 15:43:20"
"4205902";"34185,00";"2010";"72570,00";"2022";"4963887000,00";"2022";"10";"92";"2479000,00";"2024";"21/07/2026 15:43:20"
"4206009";"7037,00";"2010";"16915,00";"2022";"554946000,00";"2022";"1";"0";"0,00";"2024";"21/07/2026 15:43:20"
"4206108";"4195,00";"2010";"6277,00";"2022";"355167000,00";"2022";"3";"18";"352000,00";"2024";"21/07/2026 15:43:20"
"4206207";"5720,00";"2010";"12435,00";"2022";"390451000,00";"2022";"3";"46";"1574000,00";"2024";"21/07/2026 15:43:20"
"4206306";"10719,00";"2010";"24543,00";"2022";"1328997000,00";"2022";"5";"831";"26108000,00";"2024";"21/07/2026 15:43:20"
"4206405";"7203,00";"2010";"10796,00";"2022";"509034000,00";"2022";"4";"180";"6031000,00";"2024";"21/07/2026 15:43:20"
"4206504";"18658,00";"2010";"46711,00";"2022";"2908383000,00";"2022";"7";"168";"5072000,00";"2024";"21/07/2026 15:43:20"
"4206603";"2953,00";"2010";"4829,00";"2022";"224031000,00";"2022";"3";"16";"352000,00";"2024";"21/07/2026 15:43:20"
"4206652";"2527,00";"2010";"8425,00";"2022";"475208000,00";"2022";"1";"0";"0,00";"2024";"21/07/2026 15:43:20"
"4206702";"11438,00";"2010";"21724,00";"2022";"664735000,00";"2022";"3";"0";"0,00";"2024";"21/07/2026 15:43:20"
"4206751";"1172,00";"2010";"2008,00";"2022";"74451000,00";"2022";"2";"0";"0,00";"2024";"21/07/2026 15:43:20"
"4206801";"1880,00";"2010";"3269,00";"2022";"155012000,00";"2022";"2";"0";"0,00";"2024";"21/07/2026 15:43:20"
"4206900";"10364,00";"2010";"19862,00";"2022";"680121000,00";"2022";"8";"121";"6069000,00";"2024";"21/07/2026 15:43:20"
"4207007";"31703,00";"2010";"59035,00";"2022";"4331901000,00";"2022";"7";"7835";"271055000,00";"2024";"21/07/2026 15:43:20"
"4207106";"6936,00";"2010";"17046,00";"2022";"1237649000,00";"2022";"4";"14";"136000,00";"2024";"21/07/2026 15:43:20"
"4207205";"4717,00";"2010";"11881,00";"2022";"279512000,00";"2022";"0";"0";"0,00";"";"21/07/2026 15:43:20"
"4207304";"19511,00";"2010";"52579,00";"2022";"2831614000,00";"2022";"2";"0";"0,00";"2024";"21/07/2026 15:43:20"
"4207403";"3265,00";"2010";"5982,00";"2022";"291402000,00";"2022";"3";"41";"1154000,00";"2024";"21/07/2026 15:43:20"
"4207502";"34292,00";"2010";"71549,00";"2022";"4043553000,00";"2022";"4";"102";"2562000,00";"2024";"21/07/2026 15:43:20"
"4207577";"1654,00";"2010";"2877,00";"2022";"276144000,00";"2022";"2";"0";"0,00";"2024";"21/07/2026 15:43:20"
"4207601";"2999,00";"2010";"4578,00";"2022";"117758000,00";"2022";"0";"0";"0,00";"";"21/07/2026 15:43:20"
"4207650";"5661,00";"2010";"9335,00";"2022";"409313000,00";"2022";"0";"0";"0,00";"";"21/07/2026 15:43:20"
"4207684";"2731,00";"2010";"7730,00";"2022";"378147000,00";"2022";"2";"0";"0,00";"2024";"21/07/2026 15:43:20"
"4207700";"4462,00";"2010";"7816,00";"2022";"518696000,00";"2022";"4";"29";"678000,00";"2024";"21/07/2026 15:43:20"
"4207759";"2852,00";"2010";"3986,00";"2022";"196841000,00";"2022";"1";"0";"0,00";"2024";"21/07/2026 15:43:20"
"4207809";"5514,00";"2010";"10195,00";"2022";"311688000,00";"2022";"6";"231";"5853000,00";"2024";"21/07/2026 15:43:20"
"4207858";"1062,00";"2010";"2069,00";"2022";"66801000,00";"2022";"1";"0";"0,00";"2024";"21/07/2026 15:43:20"
"4207908";"5718,00";"2010";"10285,00";"2022";"532410000,00";"2022";"3";"23";"1477000,00";"2024";"21/07/2026 15:43:20"
"4208005";"3918,00";"2010";"7067,00";"2022";"487919000,00";"2022";"4";"14";"336000,00";"2024";"21/07/2026 15:43:20"
"4208104";"11257,00";"2010";"22051,00";"2022";"1173581000,00";"2022";"6";"0";"0,00";"2024";"21/07/2026 15:43:20"
"4208203";"103677,00";"2010";"264054,00";"2022";"50816696000,00";"2022";"34";"472";"13227000,00";"2024";"21/07/2026 15:43:20"
"4208302";"24598,00";"2010";"75940,00";"2022";"3214850000,00";"2022";"26";"223";"7065000,00";"2024";"21/07/2026 15:43:20"
"4208401";"9424,00";"2010";"16638,00";"2022";"1229483000,00";"2022";"3";"43";"1597000,00";"2024";"21/07/2026 15:43:20"
"4208450";"7555,00";"2010";"30750,00";"2022";"1976757000,00";"2022";"16";"98";"1532000,00";"2024";"21/07/2026 15:43:20"
"4208500";"13881,00";"2010";"26525,00";"2022";"1400352000,00";"2022";"10";"70";"1771000,00";"2024";"21/07/2026 15:43:20"
"4208609";"2502,00";"2010";"4310,00";"2022";"211114000,00";"2022";"3";"24";"469000,00";"2024";"21/07/2026 15:43:20"
"4208708";"6136,00";"2010";"10624,00";"2022";"598807000,00";"2022";"1";"0";"0,00";"2024";"21/07/2026 15:43:20"
"4208807";"9240,00";"2010";"20375,00";"2022";"815250000,00";"2022";"8";"0";"0,00";"2024";"21/07/2026 15:43:20"
"4208906";"88325,00";"2010";"182660,00";"2022";"13778060000,00";"2022";"18";"118";"3492000,00";"2024";"21/07/2026 15:43:20"
"4208955";"1112,00";"2010";"1776,00";"2022";"71751000,00";"2022";"3";"0";"0,00";"2024";"21/07/2026 15:43:20"
"4209003";"16637,00";"2010";"30146,00";"2022";"2588135000,00";"2022";"4";"144";"4885000,00";"2024";"21/07/2026 15:43:20"
"4209102";"291435,00";"2010";"616317,00";"2022";"45511051000,00";"2022";"78";"1231";"56793000,00";"2024";"21/07/2026 15:43:20"
"4209151";"2567,00";"2010";"5985,00";"2022";"140264000,00";"2022";"3";"16";"366000,00";"2024";"21/07/2026 15:43:20"
"4209177";"1117,00";"2010";"2555,00";"2022";"96075000,00";"2022";"1";"0";"0,00";"2024";"21/07/2026 15:43:20"
"4209201";"1351,00";"2010";"2248,00";"2022";"161858000,00";"2022";"0";"0";"0,00";"";"21/07/2026 15:43:20"
"4209300";"77757,00";"2010";"164981,00";"2022";"7540244000,00";"2022";"26";"1331";"35738000,00";"2024";"21/07/2026 15:43:20"
"4209409";"24479,00";"2010";"42785,00";"2022";"1181764000,00";"2022";"14";"107";"1291000,00";"2024";"21/07/2026 15:43:20"
"4209458";"821,00";"2010";"1702,00";"2022";"82294000,00";"2022";"0";"0";"0,00";"";"21/07/2026 15:43:20"
"4209508";"3745,00";"2010";"7932,00";"2022";"524621000,00";"2022";"2";"0";"0,00";"2024";"21/07/2026 15:43:20"
"4209607";"6893,00";"2010";"14381,00";"2022";"417062000,00";"2022";"3";"63";"1590000,00";"2024";"21/07/2026 15:43:20"
"4209706";"5605,00";"2010";"11472,00";"2022";"375557000,00";"2022";"6";"38";"939000,00";"2024";"21/07/2026 15:43:20"
"4209805";"1996,00";"2010";"3330,00";"2022";"153711000,00";"2022";"3";"25";"439000,00";"2024";"21/07/2026 15:43:20"
"4209854";"2860,00";"2010";"4549,00";"2022";"162696000,00";"2022";"4";"10";"161000,00";"2024";"21/07/2026 15:43:20"
"4209904";"6186,00";"2010";"12873,00";"2022";"528412000,00";"2022";"3";"109";"3807000,00";"2024";"21/07/2026 15:43:20"
"4210001";"6314,00";"2010";"11684,00";"2022";"937509000,00";"2022";"6";"258";"10634000,00";"2024";"21/07/2026 15:43:20"
"4210035";"3229,00";"2010";"5794,00";"2022";"325563000,00";"2022";"2";"0";"0,00";"2024";"21/07/2026 15:43:20"
"4210050";"958,00";"2010";"1778,00";"2022";"67238000,00";"2022";"0";"0";"0,00";"";"21/07/2026 15:43:20"
"4210100";"29258,00";"2010";"55286,00";"2022";"3025376000,00";"2022";"14";"1014";"41702000,00";"2024";"21/07/2026 15:43:20"
"4210209";"1909,00";"2010";"3214,00";"2022";"73674000,00";"2022";"1";"0";"0,00";"2024";"21/07/2026 15:43:20"
"4210308";"3584,00";"2010";"7425,00";"2022";"352565000,00";"2022";"5";"37";"700000,00";"2024";"21/07/2026 15:43:20"
"4210407";"3597,00";"2010";"7815,00";"2022";"319264000,00";"2022";"1";"0";"0,00";"2024";"21/07/2026 15:43:20"
"4210506";"13539,00";"2010";"28251,00";"2022";"2250308000,00";"2022";"11";"365";"10371000,00";"2024";"21/07/2026 15:43:20"
"4210555";"1282,00";"2010";"2184,00";"2022";"100177000,00";"2022";"0";"0";"0,00";"";"21/07/2026 15:43:20"
"4210605";"9304,00";"2010";"17162,00";"2022";"870023000,00";"2022";"7";"109";"3677000,00";"2024";"21/07/2026 15:43:20"
"4210704";"1496,00";"2010";"2761,00";"2022";"66968000,00";"2022";"2";"0";"0,00";"2024";"21/07/2026 15:43:20"
"4210803";"4130,00";"2010";"7006,00";"2022";"377837000,00";"2022";"3";"35";"1232000,00";"2024";"21/07/2026 15:43:20"
"4210852";"1387,00";"2010";"2511,00";"2022";"96430000,00";"2022";"0";"0";"0,00";"";"21/07/2026 15:43:20"
"4210902";"2602,00";"2010";"4080,00";"2022";"179835000,00";"2022";"3";"23";"352000,00";"2024";"21/07/2026 15:43:20"
"4211009";"6838,00";"2010";"10066,00";"2022";"1131737000,00";"2022";"5";"48";"1364000,00";"2024";"21/07/2026 15:43:20"
"4211058";"4123,00";"2010";"9117,00";"2022";"249273000,00";"2022";"4";"0";"0,00";"2024";"21/07/2026 15:43:20"
"4211108";"3942,00";"2010";"7736,00";"2022";"262775000,00";"2022";"1";"0";"0,00";"2024";"21/07/2026 15:43:20"
"4211207";"9017,00";"2010";"18537,00";"2022";"919663000,00";"2022";"9";"74";"1791000,00";"2024";"21/07/2026 15:43:20"
"4211256";"1802,00";"2010";"3010,00";"2022";"174039000,00";"2022";"2";"0";"0,00";"2024";"21/07/2026 15:43:20"
"4211306";"30475,00";"2010";"86401,00";"2022";"7166303000,00";"2022";"13";"125";"4185000,00";"2024";"21/07/2026 15:43:20"
"4211405";"2884,00";"2010";"5155,00";"2022";"255484000,00";"2022";"3";"31";"806000,00";"2024";"21/07/2026 15:43:20"
"4211454";"2382,00";"2010";"4536,00";"2022";"167423000,00";"2022";"2";"0";"0,00";"2024";"21/07/2026 15:43:20"
"4211504";"7502,00";"2010";"13727,00";"2022";"826324000,00";"2022";"1";"0";"0,00";"2024";"21/07/2026 15:43:20"
"4211603";"7354,00";"2010";"13664,00";"2022";"1165147000,00";"2022";"4";"5061";"162296000,00";"2024";"21/07/2026 15:43:20"
"4211652";"2065,00";"2010";"2643,00";"2022";"140228000,00";"2022";"1";"0";"0,00";"2024";"21/07/2026 15:43:20"
"4211702";"11778,00";"2010";"23661,00";"2022";"1273949000,00";"2022";"12";"53";"1181000,00";"2024";"21/07/2026 15:43:20"
"4211751";"8182,00";"2010";"17312,00";"2022";"1107127000,00";"2022";"11";"30";"320000,00";"2024";"21/07/2026 15:43:20"
"4211801";"4690,00";"2010";"7032,00";"2022";"261035000,00";"2022";"3";"0";"0,00";"2024";"21/07/2026 15:43:20"
"4211850";"859,00";"2010";"2181,00";"2022";"177248000,00";"2022";"4";"15";"271000,00";"2024";"21/07/2026 15:43:20"
"4211876";"1116,00";"2010";"1927,00";"2022";"74424000,00";"2022";"0";"0";"0,00";"";"21/07/2026 15:43:20"
"4211892";"1210,00";"2010";"2215,00";"2022";"93594000,00";"2022";"1";"0";"0,00";"2024";"21/07/2026 15:43:20"
"4211900";"77958,00";"2010";"222598,00";"2022";"9105304000,00";"2022";"32";"4764";"182127000,00";"2024";"21/07/2026 15:43:21"
"4212007";"4670,00";"2010";"7605,00";"2022";"330780000,00";"2022";"7";"55";"1001000,00";"2024";"21/07/2026 15:43:21"
"4212056";"1256,00";"2010";"2561,00";"2022";"181020000,00";"2022";"1";"0";"0,00";"2024";"21/07/2026 15:43:21"
"4212106";"9858,00";"2010";"15626,00";"2022";"1021332000,00";"2022";"5";"102";"2754000,00";"2024";"21/07/2026 15:43:21"
"4212205";"10445,00";"2010";"19150,00";"2022";"1048777000,00";"2022";"3";"44";"1826000,00";"2024";"21/07/2026 15:43:21"
"4212239";"2569,00";"2010";"4267,00";"2022";"184626000,00";"2022";"3";"0";"0,00";"2024";"21/07/2026 15:43:21"
"4212254";"3443,00";"2010";"12897,00";"2022";"274891000,00";"2022";"1";"0";"0,00";"2024";"21/07/2026 15:43:21"
"4212270";"2470,00";"2010";"4034,00";"2022";"175428000,00";"2022";"2";"0";"0,00";"2024";"21/07/2026 15:43:21"
"4212304";"3082,00";"2010";"9063,00";"2022";"299199000,00";"2022";"8";"129";"3571000,00";"2024";"21/07/2026 15:43:21"
"4212403";"2312,00";"2010";"4245,00";"2022";"286004000,00";"2022";"3";"16";"330000,00";"2024";"21/07/2026 15:43:21"
"4212502";"12738,00";"2010";"33663,00";"2022";"1147220000,00";"2022";"3";"65";"2153000,00";"2024";"21/07/2026 15:43:21"
"4212601";"2040,00";"2010";"2992,00";"2022";"145412000,00";"2022";"2";"0";"0,00";"2024";"21/07/2026 15:43:21"
"4212650";"0,00";"2010";"10190,00";"2022";"138525000,00";"2022";"0";"0";"0,00";"";"21/07/2026 15:43:21"
"4212700";"4071,00";"2010";"6716,00";"2022";"247126000,00";"2022";"4";"69";"2530000,00";"2024";"21/07/2026 15:43:21"
"4212809";"8847,00";"2010";"27127,00";"2022";"1587686000,00";"2022";"3";"42";"720000,00";"2024";"21/07/2026 15:43:21"
"4212908";"10410,00";"2010";"21972,00";"2022";"1738799000,00";"2022";"9";"85";"2022000,00";"2024";"21/07/2026 15:43:21"
"4213005";"2140,00";"2010";"3473,00";"2022";"241833000,00";"2022";"4";"0";"0,00";"2024";"21/07/2026 15:43:21"
"4213104";"2861,00";"2010";"5769,00";"2022";"419814000,00";"2022";"5";"45";"1154000,00";"2024";"21/07/2026 15:43:21"
"4213153";"1690,00";"2010";"2946,00";"2022";"152930000,00";"2022";"2";"0";"0,00";"2024";"21/07/2026 15:43:21"
"4213203";"17288,00";"2010";"34289,00";"2022";"2964120000,00";"2022";"5";"100";"2932000,00";"2024";"21/07/2026 15:43:21"
"4213302";"2115,00";"2010";"4437,00";"2022";"171155000,00";"2022";"4";"45";"1047000,00";"2024";"21/07/2026 15:43:21"
"4213351";"1476,00";"2010";"3210,00";"2022";"153410000,00";"2022";"3";"0";"0,00";"2024";"21/07/2026 15:43:21"
"4213401";"5544,00";"2010";"10649,00";"2022";"322645000,00";"2022";"6";"46";"937000,00";"2024";"21/07/2026 15:43:21"
"4213500";"8559,00";"2010";"27688,00";"2022";"1721134000,00";"2022";"2";"0";"0,00";"2024";"21/07/2026 15:43:21"
"4213609";"17626,00";"2010";"32970,00";"2022";"1347344000,00";"2022";"8";"249";"6472000,00";"2024";"21/07/2026 15:43:21"
"4213708";"8667,00";"2010";"17123,00";"2022";"813932000,00";"2022";"5";"134";"4415000,00";"2024";"21/07/2026 15:43:21"
"4213807";"4045,00";"2010";"8270,00";"2022";"239795000,00";"2022";"0";"0";"0,00";"";"21/07/2026 15:43:21"
"4213906";"1281,00";"2010";"1689,00";"2022";"81851000,00";"2022";"0";"0";"0,00";"";"21/07/2026 15:43:21"
"4214003";"9422,00";"2010";"20010,00";"2022";"1001043000,00";"2022";"2";"0";"0,00";"2024";"21/07/2026 15:43:21"
"4214102";"1559,00";"2010";"2301,00";"2022";"71753000,00";"2022";"3";"12";"229000,00";"2024";"21/07/2026 15:43:21"
"4214151";"1749,00";"2010";"2964,00";"2022";"158482000,00";"2022";"1";"0";"0,00";"2024";"21/07/2026 15:43:21"
"4214201";"6438,00";"2010";"11022,00";"2022";"581417000,00";"2022";"4";"14";"173000,00";"2024";"21/07/2026 15:43:21"
"4214300";"1725,00";"2010";"3279,00";"2022";"166662000,00";"2022";"2";"0";"0,00";"2024";"21/07/2026 15:43:21"
"4214409";"3505,00";"2010";"6253,00";"2022";"300067000,00";"2022";"0";"0";"0,00";"";"21/07/2026 15:43:21"
"4214508";"3983,00";"2010";"6452,00";"2022";"240772000,00";"2022";"3";"31";"867000,00";"2024";"21/07/2026 15:43:21"
"4214607";"4208,00";"2010";"7747,00";"2022";"296743000,00";"2022";"4";"44";"1179000,00";"2024";"21/07/2026 15:43:21"
"4214706";"6100,00";"2010";"10865,00";"2022";"506214000,00";"2022";"3";"412";"12309000,00";"2024";"21/07/2026 15:43:21"
"4214805";"35979,00";"2010";"72587,00";"2022";"4306891000,00";"2022";"13";"736";"23753000,00";"2024";"21/07/2026 15:43:21"
"4214904";"3311,00";"2010";"4847,00";"2022";"315110000,00";"2022";"3";"18";"429000,00";"2024";"21/07/2026 15:43:21"
"4215000";"20838,00";"2010";"39261,00";"2022";"1709159000,00";"2022";"16";"0";"0,00";"2024";"21/07/2026 15:43:21"
"4215059";"1319,00";"2010";"2397,00";"2022";"86405000,00";"2022";"1";"0";"0,00";"2024";"21/07/2026 15:43:21"
"4215075";"3111,00";"2010";"4768,00";"2022";"169648000,00";"2022";"2";"0";"0,00";"2024";"21/07/2026 15:43:21"
"4215109";"6387,00";"2010";"12757,00";"2022";"452502000,00";"2022";"4";"19";"357000,00";"2024";"21/07/2026 15:43:21"
"4215208";"3332,00";"2010";"4823,00";"2022";"112804000,00";"2022";"2";"0";"0,00";"2024";"21/07/2026 15:43:21"
"4215307";"4649,00";"2010";"7489,00";"2022";"343522000,00";"2022";"5";"7";"88000,00";"2024";"21/07/2026 15:43:21"
"4215356";"2392,00";"2010";"3632,00";"2022";"99146000,00";"2022";"2";"0";"0,00";"2024";"21/07/2026 15:43:21"
"4215406";"2438,00";"2010";"4390,00";"2022";"307001000,00";"2022";"6";"0";"0,00";"2024";"21/07/2026 15:43:21"
"4215455";"5857,00";"2010";"12882,00";"2022";"569974000,00";"2022";"4";"11";"188000,00";"2024";"21/07/2026 15:43:21"
"4215505";"7128,00";"2010";"15546,00";"2022";"678194000,00";"2022";"12";"0";"0,00";"2024";"21/07/2026 15:43:21"
"4215554";"1799,00";"2010";"2425,00";"2022";"121919000,00";"2022";"2";"0";"0,00";"2024";"21/07/2026 15:43:21"
"4215604";"1533,00";"2010";"2088,00";"2022";"89003000,00";"2022";"4";"10";"180000,00";"2024";"21/07/2026 15:43:21"
"4215653";"4781,00";"2010";"9792,00";"2022";"229214000,00";"2022";"3";"21";"624000,00";"2024";"21/07/2026 15:43:21"
"4215679";"4447,00";"2010";"8066,00";"2022";"268999000,00";"2022";"5";"0";"0,00";"2024";"21/07/2026 15:43:21"
"4215687";"1830,00";"2010";"2576,00";"2022";"92260000,00";"2022";"0";"0";"0,00";"";"21/07/2026 15:43:21"
"4215695";"827,00";"2010";"1651,00";"2022";"52160000,00";"2022";"1";"0";"0,00";"2024";"21/07/2026 15:43:21"
"4215703";"11500,00";"2010";"27272,00";"2022";"1377650000,00";"2022";"5";"0";"0,00";"2024";"21/07/2026 15:43:21"
"4215752";"1608,00";"2010";"2684,00";"2022";"101831000,00";"2022";"1";"0";"0,00";"2024";"21/07/2026 15:43:21"
"4215802";"41846,00";"2010";"83277,00";"2022";"4807396000,00";"2022";"21";"168";"3898000,00";"2024";"21/07/2026 15:43:21"
"4215901";"2097,00";"2010";"2946,00";"2022";"228605000,00";"2022";"0";"0";"0,00";"";"21/07/2026 15:43:21"
"4216008";"6604,00";"2010";"10282,00";"2022";"655148000,00";"2022";"6";"49";"940000,00";"2024";"21/07/2026 15:43:21"
"4216057";"2041,00";"2010";"6084,00";"2022";"188146000,00";"2022";"3";"0";"0,00";"2024";"21/07/2026 15:43:21"
"4216107";"5495,00";"2010";"9226,00";"2022";"501291000,00";"2022";"9";"50";"1503000,00";"2024";"21/07/2026 15:43:21"
"4216206";"20503,00";"2010";"52674,00";"2022";"7730885000,00";"2022";"15";"166";"3340000,00";"2024";"21/07/2026 15:43:21"
"4216255";"4538,00";"2010";"6295,00";"2022";"407938000,00";"2022";"2";"0";"0,00";"2024";"21/07/2026 15:43:21"
"4216305";"16265,00";"2010";"32687,00";"2022";"1258895000,00";"2022";"8";"246";"7064000,00";"2024";"21/07/2026 15:43:21"
"4216354";"1882,00";"2010";"4463,00";"2022";"397289000,00";"2022";"1";"0";"0,00";"2024";"21/07/2026 15:43:21"
"4216404";"4097,00";"2010";"8668,00";"2022";"321117000,00";"2022";"1";"0";"0,00";"2024";"21/07/2026 15:43:21"
"4216503";"12825,00";"2010";"25939,00";"2022";"1186502000,00";"2022";"8";"180";"4782000,00";"2024";"21/07/2026 15:43:21"
"4216602";"122446,00";"2010";"270299,00";"2022";"14466881000,00";"2022";"19";"89";"2023000,00";"2024";"21/07/2026 15:43:21"
"4216701";"8433,00";"2010";"14167,00";"2022";"594284000,00";"2022";"8";"21";"143000,00";"2024";"21/07/2026 15:43:21"
"4216800";"4538,00";"2010";"8708,00";"2022";"290139000,00";"2022";"1";"0";"0,00";"2024";"21/07/2026 15:43:21"
"4216909";"13650,00";"2010";"24791,00";"2022";"1556978000,00";"2022";"15";"301";"9277000,00";"2024";"21/07/2026 15:43:21"
"4217006";"6781,00";"2010";"13509,00";"2022";"1048991000,00";"2022";"5";"421";"12041000,00";"2024";"21/07/2026 15:43:21"
"4217105";"2260,00";"2010";"3405,00";"2022";"125067000,00";"2022";"3";"26";"816000,00";"2024";"21/07/2026 15:43:21"
"4217154";"1358,00";"2010";"1781,00";"2022";"52062000,00";"2022";"1";"0";"0,00";"2024";"21/07/2026 15:43:21"
"4217204";"22876,00";"2010";"44330,00";"2022";"2534987000,00";"2022";"7";"151";"4938000,00";"2024";"21/07/2026 15:43:21"
"4217253";"2427,00";"2010";"5776,00";"2022";"112863000,00";"2022";"1";"0";"0,00";"2024";"21/07/2026 15:43:21"
"4217303";"6127,00";"2010";"10265,00";"2022";"610269000,00";"2022";"5";"30";"490000,00";"2024";"21/07/2026 15:43:21"
"4217402";"9402,00";"2010";"20061,00";"2022";"821542000,00";"2022";"5";"581";"19313000,00";"2024";"21/07/2026 15:43:21"
"4217501";"11184,00";"2010";"18620,00";"2022";"1304973000,00";"2022";"10";"805";"20244000,00";"2024";"21/07/2026 15:43:21"
"4217550";"2267,00";"2010";"3303,00";"2022";"125603000,00";"2022";"3";"0";"0,00";"2024";"21/07/2026 15:43:21"
"4217600";"7261,00";"2010";"13714,00";"2022";"701826000,00";"2022";"1";"0";"0,00";"2024";"21/07/2026 15:43:21"
"4217709";"15502,00";"2010";"29991,00";"2022";"1077546000,00";"2022";"4";"77";"2255000,00";"2024";"21/07/2026 15:43:21"
"4217758";"1829,00";"2010";"2832,00";"2022";"95898000,00";"2022";"1";"0";"0,00";"2024";"21/07/2026 15:43:21"
"4217808";"10787,00";"2010";"18310,00";"2022";"935847000,00";"2022";"3";"74";"2285000,00";"2024";"21/07/2026 15:43:21"
"4217907";"5330,00";"2010";"8143,00";"2022";"622902000,00";"2022";"4";"36";"1327000,00";"2024";"21/07/2026 15:43:21"
"4217956";"1108,00";"2010";"2329,00";"2022";"78720000,00";"2022";"0";"0";"0,00";"";"21/07/2026 15:43:21"
"4218004";"16075,00";"2010";"51592,00";"2022";"2976677000,00";"2022";"9";"12530";"422863000,00";"2024";"21/07/2026 15:43:21"
"4218103";"2983,00";"2010";"5386,00";"2022";"156049000,00";"2022";"3";"0";"0,00";"2024";"21/07/2026 15:43:21"
"4218202";"22628,00";"2010";"46099,00";"2022";"2594452000,00";"2022";"7";"554";"17744000,00";"2024";"21/07/2026 15:43:21"
"4218251";"3450,00";"2010";"7342,00";"2022";"276658000,00";"2022";"10";"0";"0,00";"2024";"21/07/2026 15:43:21"
"4218301";"8058,00";"2010";"19746,00";"2022";"1799356000,00";"2022";"6";"63";"1604000,00";"2024";"21/07/2026 15:43:21"
"4218350";"1716,00";"2010";"3782,00";"2022";"179963000,00";"2022";"1";"0";"0,00";"2024";"21/07/2026 15:43:21"
"4218400";"4168,00";"2010";"7362,00";"2022";"229973000,00";"2022";"2";"0";"0,00";"2024";"21/07/2026 15:43:21"
"4218509";"3830,00";"2010";"8787,00";"2022";"983841000,00";"2022";"5";"24";"425000,00";"2024";"21/07/2026 15:43:21"
"4218608";"3824,00";"2010";"7274,00";"2022";"416086000,00";"2022";"2";"0";"0,00";"2024";"21/07/2026 15:43:21"
"4218707";"52920,00";"2010";"110088,00";"2022";"5336571000,00";"2022";"6";"177";"4796000,00";"2024";"21/07/2026 15:43:21"
"4218756";"3253,00";"2010";"4916,00";"2022";"190289000,00";"2022";"3";"35";"1002000,00";"2024";"21/07/2026 15:43:21"
"4218806";"7181,00";"2010";"13043,00";"2022";"820536000,00";"2022";"6";"18";"292000,00";"2024";"21/07/2026 15:43:21"
"4218855";"1629,00";"2010";"2774,00";"2022";"102218000,00";"2022";"2";"0";"0,00";"2024";"21/07/2026 15:43:21"
"4218905";"5826,00";"2010";"10834,00";"2022";"389362000,00";"2022";"2";"0";"0,00";"2024";"21/07/2026 15:43:21"
"4218954";"1170,00";"2010";"2656,00";"2022";"85176000,00";"2022";"0";"0";"0,00";"";"21/07/2026 15:43:21"
"4219002";"11442,00";"2010";"20919,00";"2022";"1279369000,00";"2022";"4";"17";"38000,00";"2024";"21/07/2026 15:43:21"
"4219101";"1904,00";"2010";"3634,00";"2022";"257605000,00";"2022";"6";"107";"2592000,00";"2024";"21/07/2026 15:43:21"
"4219150";"1062,00";"2010";"2627,00";"2022";"86743000,00";"2022";"0";"0";"0,00";"";"21/07/2026 15:43:21"
"4219176";"2422,00";"2010";"4576,00";"2022";"598895000,00";"2022";"2";"0";"0,00";"2024";"21/07/2026 15:43:21"
"4219200";"3851,00";"2010";"6189,00";"2022";"360332000,00";"2022";"7";"24";"659000,00";"2024";"21/07/2026 15:43:21"
"4219309";"27672,00";"2010";"55466,00";"2022";"3846541000,00";"2022";"10";"1561";"54236000,00";"2024";"21/07/2026 15:43:21"
"4219358";"3063,00";"2010";"5370,00";"2022";"163976000,00";"2022";"5";"170";"4622000,00";"2024";"21/07/2026 15:43:21"
"4219408";"2298,00";"2010";"4255,00";"2022";"188824000,00";"2022";"2";"0";"0,00";"2024";"21/07/2026 15:43:21"
"4219507";"23929,00";"2010";"51607,00";"2022";"2885926000,00";"2022";"17";"528";"17716000,00";"2024";"21/07/2026 15:43:21"
"4219606";"3067,00";"2010";"3653,00";"2022";"204112000,00";"2022";"1";"0";"0,00";"2024";"21/07/2026 15:43:21"
"4219705";"15188,00";"2010";"31918,00";"2022";"1563335000,00";"2022";"10";"239";"7836000,00";"2024";"21/07/2026 15:43:21"
"4219853";"1952,00";"2010";"3930,00";"2022";"140182000,00";"2022";"0";"0";"0,00";"";"21/07/2026 15:43:21"
"4220000";"0,00";"2010";"15981,00";"2022";"354557000,00";"2022";"6";"680";"14414000,00";"2024";"21/07/2026 15:43:21"
"4300034";"2190,00";"2010";"4170,00";"2022";"291051000,00";"2022";"1";"0";"0,00";"2024";"21/07/2026 15:43:21"
"4300059";"2412,00";"2010";"3912,00";"2022";"480668000,00";"2022";"1";"0";"0,00";"2024";"21/07/2026 15:43:21"
"4300109";"10301,00";"2010";"16041,00";"2022";"648342000,00";"2022";"6";"337";"14162000,00";"2024";"21/07/2026 15:43:21"
"4300208";"4604,00";"2010";"6720,00";"2022";"379622000,00";"2022";"5";"38";"807000,00";"2024";"21/07/2026 15:43:21"
"4300307";"4065,00";"2010";"6123,00";"2022";"137865000,00";"2022";"3";"27";"690000,00";"2024";"21/07/2026 15:43:21"
"4300406";"37861,00";"2010";"72409,00";"2022";"2620665000,00";"2022";"8";"60";"836000,00";"2024";"21/07/2026 15:43:21"
"4300455";"2758,00";"2010";"3651,00";"2022";"119787000,00";"2022";"2";"0";"0,00";"2024";"21/07/2026 15:43:21"
"4300471";"1248,00";"2010";"1969,00";"2022";"267475000,00";"2022";"0";"0";"0,00";"";"21/07/2026 15:43:21"
"4300505";"5662,00";"2010";"7117,00";"2022";"256624000,00";"2022";"1";"0";"0,00";"2024";"21/07/2026 15:43:21"
"4300554";"1209,00";"2010";"1800,00";"2022";"67859000,00";"2022";"0";"0";"0,00";"";"21/07/2026 15:43:21"
"4300570";"2168,00";"2010";"3072,00";"2022";"174454000,00";"2022";"2";"0";"0,00";"2024";"21/07/2026 15:43:21"
"4300604";"98383,00";"2010";"187315,00";"2022";"3529384000,00";"2022";"28";"1770";"48141000,00";"2024";"21/07/2026 15:43:21"
"4300638";"3501,00";"2010";"5310,00";"2022";"147333000,00";"2022";"3";"11";"136000,00";"2024";"21/07/2026 15:43:21"
"4300646";"4289,00";"2010";"7650,00";"2022";"181655000,00";"2022";"1";"0";"0,00";"2024";"21/07/2026 15:43:21"
"4300661";"691,00";"2010";"1135,00";"2022";"105228000,00";"2022";"1";"0";"0,00";"2024";"21/07/2026 15:43:21"
"4300703";"4174,00";"2010";"5957,00";"2022";"295481000,00";"2022";"3";"10";"198000,00";"2024";"21/07/2026 15:43:21"
"4300802";"8583,00";"2010";"13045,00";"2022";"821732000,00";"2022";"8";"87";"1743000,00";"2024";"21/07/2026 15:43:21"
"4300851";"1520,00";"2010";"4112,00";"2022";"233907000,00";"2022";"5";"0";"0,00";"2024";"21/07/2026 15:43:21"
"4300877";"2698,00";"2010";"8525,00";"2022";"289317000,00";"2022";"1";"0";"0,00";"2024";"21/07/2026 15:43:21"
"4300901";"4213,00";"2010";"6483,00";"2022";"1178832000,00";"2022";"2";"0";"0,00";"2024";"21/07/2026 15:43:21"
"4301008";"12407,00";"2010";"21958,00";"2022";"1781076000,00";"2022";"7";"0";"0,00";"2024";"21/07/2026 15:43:21"
"4301057";"3944,00";"2010";"11057,00";"2022";"308206000,00";"2022";"8";"200";"5631000,00";"2024";"21/07/2026 15:43:21"
"4301073";"1558,00";"2010";"2599,00";"2022";"79174000,00";"2022";"1";"0";"0,00";"2024";"21/07/2026 15:43:21"
"4301107";"6531,00";"2010";"14601,00";"2022";"358088000,00";"2022";"5";"129";"4009000,00";"2024";"21/07/2026 15:43:21"
"4301206";"8938,00";"2010";"12058,00";"2022";"403055000,00";"2022";"6";"107";"2776000,00";"2024";"21/07/2026 15:43:21"
"4301305";"7984,00";"2010";"17558,00";"2022";"1005950000,00";"2022";"6";"105";"2926000,00";"2024";"21/07/2026 15:43:21"
"4301404";"6056,00";"2010";"10322,00";"2022";"346014000,00";"2022";"5";"34";"628000,00";"2024";"21/07/2026 15:43:21"
"4301503";"4330,00";"2010";"7149,00";"2022";"343697000,00";"2022";"4";"0";"0,00";"2024";"21/07/2026 15:43:21"
"4301552";"1977,00";"2010";"3396,00";"2022";"155195000,00";"2022";"4";"18";"339000,00";"2024";"21/07/2026 15:43:21"
"4301602";"54786,00";"2010";"117938,00";"2022";"4135744000,00";"2022";"23";"5481";"142013000,00";"2024";"21/07/2026 15:43:21"
"4301636";"4259,00";"2010";"14955,00";"2022";"332682000,00";"2022";"3";"257";"4219000,00";"2024";"21/07/2026 15:43:21"
"4301651";"4014,00";"2010";"6461,00";"2022";"319647000,00";"2022";"1";"0";"0,00";"2024";"21/07/2026 15:43:21"
"4301701";"4176,00";"2010";"7144,00";"2022";"303206000,00";"2022";"3";"0";"0,00";"2024";"21/07/2026 15:43:21"
"4301750";"3594,00";"2010";"5889,00";"2022";"157244000,00";"2022";"3";"40";"860000,00";"2024";"21/07/2026 15:43:21"
"4301800";"2573,00";"2010";"4831,00";"2022";"253630000,00";"2022";"2";"0";"0,00";"2024";"21/07/2026 15:43:21"
"4301859";"1843,00";"2010";"3161,00";"2022";"50753000,00";"2022";"0";"0";"0,00";"";"21/07/2026 15:43:21"
"4301875";"1604,00";"2010";"4241,00";"2022";"231623000,00";"2022";"3";"0";"0,00";"2024";"21/07/2026 15:43:21"
"4301909";"5802,00";"2010";"12225,00";"2022";"489178000,00";"2022";"1";"0";"0,00";"2024";"21/07/2026 15:43:21"
"4301925";"1414,00";"2010";"1696,00";"2022";"70523000,00";"2022";"2";"0";"0,00";"2024";"21/07/2026 15:43:21"
"4301958";"1548,00";"2010";"2498,00";"2022";"158839000,00";"2022";"0";"0";"0,00";"";"21/07/2026 15:43:21"
"4302006";"6479,00";"2010";"9296,00";"2022";"222739000,00";"2022";"6";"54";"1452000,00";"2024";"21/07/2026 15:43:21"
"4302055";"1183,00";"2010";"2082,00";"2022";"45886000,00";"2022";"0";"0";"0,00";"";"21/07/2026 15:43:21"
"4302105";"66005,00";"2010";"123151,00";"2022";"7759739000,00";"2022";"29";"1222";"39682000,00";"2024";"21/07/2026 15:43:22"
"4302154";"1058,00";"2010";"1933,00";"2022";"162523000,00";"2022";"1";"0";"0,00";"2024";"21/07/2026 15:43:22"
"4302204";"4119,00";"2010";"6966,00";"2022";"313737000,00";"2022";"5";"30";"457000,00";"2024";"21/07/2026 15:43:22"
"4302220";"1313,00";"2010";"2229,00";"2022";"230224000,00";"2022";"1";"0";"0,00";"2024";"21/07/2026 15:43:22"
"4302238";"1343,00";"2010";"2271,00";"2022";"194651000,00";"2022";"0";"0";"0,00";"";"21/07/2026 15:43:22"
"4302253";"1738,00";"2010";"2779,00";"2022";"128282000,00";"2022";"1";"0";"0,00";"2024";"21/07/2026 15:43:22"
"4302303";"5276,00";"2010";"11202,00";"2022";"432191000,00";"2022";"6";"59";"1130000,00";"2024";"21/07/2026 15:43:22"
"4302352";"7605,00";"2010";"13142,00";"2022";"865227000,00";"2022";"5";"101";"3159000,00";"2024";"21/07/2026 15:43:22"
"4302378";"988,00";"2010";"2096,00";"2022";"64873000,00";"2022";"1";"0";"0,00";"2024";"21/07/2026 15:43:22"
"4302402";"6815,00";"2010";"12294,00";"2022";"435053000,00";"2022";"13";"99";"2792000,00";"2024";"21/07/2026 15:43:22"
"4302451";"5018,00";"2010";"6247,00";"2022";"153756000,00";"2022";"3";"24";"467000,00";"2024";"21/07/2026 15:43:22"
"4302501";"3562,00";"2010";"5890,00";"2022";"260907000,00";"2022";"2";"0";"0,00";"2024";"21/07/2026 15:43:22"
"4302584";"1695,00";"2010";"2151,00";"2022";"133110000,00";"2022";"0";"0";"0,00";"";"21/07/2026 15:43:22"
"4302600";"1922,00";"2010";"3268,00";"2022";"96634000,00";"2022";"2";"0";"0,00";"2024";"21/07/2026 15:43:22"
"4302659";"3055,00";"2010";"4966,00";"2022";"113651000,00";"2022";"2";"0";"0,00";"2024";"21/07/2026 15:43:22"
"4302709";"8837,00";"2010";"19084,00";"2022";"545590000,00";"2022";"9";"180";"4971000,00";"2024";"21/07/2026 15:43:22"
"4302808";"16678,00";"2010";"32515,00";"2022";"1071098000,00";"2022";"15";"110";"2979000,00";"2024";"21/07/2026 15:43:22"
"4302907";"5756,00";"2010";"11157,00";"2022";"417324000,00";"2022";"3";"142";"4363000,00";"2024";"21/07/2026 15:43:22"
"4303004";"41929,00";"2010";"80070,00";"2022";"3408150000,00";"2022";"9";"591";"15271000,00";"2024";"21/07/2026 15:43:22"
"4303103";"62953,00";"2010";"136258,00";"2022";"7094390000,00";"2022";"24";"270";"6829000,00";"2024";"21/07/2026 15:43:22"
"4303202";"2497,00";"2010";"4603,00";"2022";"135720000,00";"2022";"4";"0";"0,00";"2024";"21/07/2026 15:43:22"
"4303301";"2530,00";"2010";"4704,00";"2022";"178309000,00";"2022";"5";"0";"0,00";"2024";"21/07/2026 15:43:22"
"4303400";"3482,00";"2010";"4836,00";"2022";"123647000,00";"2022";"0";"0";"0,00";"";"21/07/2026 15:43:22"
"4303509";"31403,00";"2010";"62200,00";"2022";"2849114000,00";"2022";"20";"624";"14153000,00";"2024";"21/07/2026 15:43:22"
"4303558";"1505,00";"2010";"2981,00";"2022";"605446000,00";"2022";"2";"0";"0,00";"2024";"21/07/2026 15:43:22"
"4303608";"3366,00";"2010";"6361,00";"2022";"248069000,00";"2022";"2";"0";"0,00";"2024";"21/07/2026 15:43:22"
"4303673";"1999,00";"2010";"3242,00";"2022";"184639000,00";"2022";"1";"0";"0,00";"2024";"21/07/2026 15:43:22"
"4303707";"4025,00";"2010";"5882,00";"2022";"174021000,00";"2022";"2";"0";"0,00";"2024";"21/07/2026 15:43:22"
"4303806";"3301,00";"2010";"5284,00";"2022";"330121000,00";"2022";"4";"17";"324000,00";"2024";"21/07/2026 15:43:22"
"4303905";"35330,00";"2010";"62886,00";"2022";"3896595000,00";"2022";"22";"124";"2756000,00";"2024";"21/07/2026 15:43:22"
"4304002";"2494,00";"2010";"4975,00";"2022";"262943000,00";"2022";"5";"39";"851000,00";"2024";"21/07/2026 15:43:22"
"4304101";"2005,00";"2010";"3613,00";"2022";"103163000,00";"2022";"2";"0";"0,00";"2024";"21/07/2026 15:43:22"
"4304200";"17988,00";"2010";"28906,00";"2022";"1106858000,00";"2022";"8";"578";"17290000,00";"2024";"21/07/2026 15:43:22"
"4304309";"4484,00";"2010";"6294,00";"2022";"329600000,00";"2022";"3";"15";"466000,00";"2024";"21/07/2026 15:43:22"
"4304358";"4276,00";"2010";"10710,00";"2022";"2165914000,00";"2022";"2";"0";"0,00";"2024";"21/07/2026 15:43:22"
"4304408";"20738,00";"2010";"48946,00";"2022";"1782781000,00";"2022";"10";"234";"7620000,00";"2024";"21/07/2026 15:43:22"
"4304507";"31335,00";"2010";"49680,00";"2022";"1653207000,00";"2022";"11";"235";"5200000,00";"2024";"21/07/2026 15:43:22"
"4304606";"167981,00";"2010";"347657,00";"2022";"28818823000,00";"2022";"36";"1061";"30605000,00";"2024";"21/07/2026 15:43:22"
"4304614";"1286,00";"2010";"1656,00";"2022";"55372000,00";"2022";"0";"0";"0,00";"";"21/07/2026 15:43:22"
"4304622";"680,00";"2010";"1733,00";"2022";"233000000,00";"2022";"0";"0";"0,00";"";"21/07/2026 15:43:22"
"4304630";"21775,00";"2010";"63594,00";"2022";"2132260000,00";"2022";"36";"1133";"31980000,00";"2024";"21/07/2026 15:43:22"
"4304655";"1573,00";"2010";"3119,00";"2022";"276462000,00";"2022";"0";"0";"0,00";"";"21/07/2026 15:43:22"
"4304663";"10775,00";"2010";"26487,00";"2022";"784508000,00";"2022";"4";"27";"510000,00";"2024";"21/07/2026 15:43:22"
"4304671";"2004,00";"2010";"3991,00";"2022";"392772000,00";"2022";"3";"34";"1106000,00";"2024";"21/07/2026 15:43:22"
"4304689";"6088,00";"2010";"11159,00";"2022";"275620000,00";"2022";"4";"0";"0,00";"2024";"21/07/2026 15:43:22"
"4304697";"1862,00";"2010";"2921,00";"2022";"83791000,00";"2022";"0";"0";"0,00";"";"21/07/2026 15:43:22"
"4304705";"30193,00";"2010";"61804,00";"2022";"4263664000,00";"2022";"14";"741";"37857000,00";"2024";"21/07/2026 15:43:22"
"4304713";"3694,00";"2010";"7394,00";"2022";"132727000,00";"2022";"0";"0";"0,00";"";"21/07/2026 15:43:22"
"4304804";"17585,00";"2010";"30420,00";"2022";"3384038000,00";"2022";"4";"51";"1541000,00";"2024";"21/07/2026 15:43:22"
"4304853";"1146,00";"2010";"1368,00";"2022";"54403000,00";"2022";"0";"0";"0,00";"";"21/07/2026 15:43:22"
"4304903";"5850,00";"2010";"9465,00";"2022";"747423000,00";"2022";"2";"0";"0,00";"2024";"21/07/2026 15:43:22"
"4304952";"1566,00";"2010";"3000,00";"2022";"165299000,00";"2022";"0";"0";"0,00";"";"21/07/2026 15:43:22"
"4305009";"5290,00";"2010";"8674,00";"2022";"425148000,00";"2022";"4";"85";"2794000,00";"2024";"21/07/2026 15:43:22"
"4305108";"255993,00";"2010";"463501,00";"2022";"34342097000,00";"2022";"67";"4334";"129711000,00";"2024";"21/07/2026 15:43:22"
"4305116";"1922,00";"2010";"2721,00";"2022";"96416000,00";"2022";"1";"0";"0,00";"2024";"21/07/2026 15:43:22"
"4305124";"3204,00";"2010";"5808,00";"2022";"158653000,00";"2022";"0";"0";"0,00";"";"21/07/2026 15:43:22"
"4305132";"2741,00";"2010";"3802,00";"2022";"87040000,00";"2022";"1";"0";"0,00";"2024";"21/07/2026 15:43:22"
"4305157";"1571,00";"2010";"2379,00";"2022";"65563000,00";"2022";"0";"0";"0,00";"";"21/07/2026 15:43:22"
"4305173";"5748,00";"2010";"9178,00";"2022";"217108000,00";"2022";"3";"259";"8649000,00";"2024";"21/07/2026 15:43:22"
"4305207";"7947,00";"2010";"13705,00";"2022";"784742000,00";"2022";"5";"148";"3995000,00";"2024";"21/07/2026 15:43:22"
"4305306";"6161,00";"2010";"9540,00";"2022";"618858000,00";"2022";"3";"21";"347000,00";"2024";"21/07/2026 15:43:22"
"4305355";"16551,00";"2010";"35012,00";"2022";"1828634000,00";"2022";"3";"84";"2171000,00";"2024";"21/07/2026 15:43:22"
"4305371";"2058,00";"2010";"2768,00";"2022";"127993000,00";"2022";"1";"0";"0,00";"2024";"21/07/2026 15:43:22"
"4305405";"1992,00";"2010";"3913,00";"2022";"241092000,00";"2022";"0";"0";"0,00";"";"21/07/2026 15:43:22"
"4305439";"3020,00";"2010";"6262,00";"2022";"422834000,00";"2022";"24";"450";"11381000,00";"2024";"21/07/2026 15:43:22"
"4305447";"3109,00";"2010";"4597,00";"2022";"142420000,00";"2022";"0";"0";"0,00";"";"21/07/2026 15:43:22"
"4305454";"5441,00";"2010";"17071,00";"2022";"364733000,00";"2022";"4";"43";"845000,00";"2024";"21/07/2026 15:43:22"
"4305504";"3295,00";"2010";"4149,00";"2022";"225964000,00";"2022";"2";"0";"0,00";"2024";"21/07/2026 15:43:22"
"4305587";"1579,00";"2010";"2423,00";"2022";"76751000,00";"2022";"1";"0";"0,00";"2024";"21/07/2026 15:43:22"
"4305603";"2137,00";"2010";"3258,00";"2022";"241830000,00";"2022";"0";"0";"0,00";"";"21/07/2026 15:43:22"
"4305702";"3738,00";"2010";"6406,00";"2022";"503407000,00";"2022";"2";"0";"0,00";"2024";"21/07/2026 15:43:22"
"4305801";"5881,00";"2010";"10385,00";"2022";"442901000,00";"2022";"5";"0";"0,00";"2024";"21/07/2026 15:43:22"
"4305835";"826,00";"2010";"1290,00";"2022";"46505000,00";"2022";"1";"0";"0,00";"2024";"21/07/2026 15:43:22"
"4305850";"1798,00";"2010";"2211,00";"2022";"154516000,00";"2022";"0";"0";"0,00";"";"21/07/2026 15:43:22"
"4305871";"1653,00";"2010";"2822,00";"2022";"181360000,00";"2022";"1";"0";"0,00";"2024";"21/07/2026 15:43:22"
"4305900";"3773,00";"2010";"6144,00";"2022";"359354000,00";"2022";"2";"0";"0,00";"2024";"21/07/2026 15:43:22"
"4305934";"1414,00";"2010";"1607,00";"2022";"45945000,00";"2022";"0";"0";"0,00";"";"21/07/2026 15:43:22"
"4305959";"2828,00";"2010";"3846,00";"2022";"167746000,00";"2022";"3";"0";"0,00";"2024";"21/07/2026 15:43:22"
"4305975";"1304,00";"2010";"2667,00";"2022";"299358000,00";"2022";"1";"0";"0,00";"2024";"21/07/2026 15:43:22"
"4306007";"8965,00";"2010";"12886,00";"2022";"493119000,00";"2022";"2";"0";"0,00";"2024";"21/07/2026 15:43:22"
"4306056";"3663,00";"2010";"7299,00";"2022";"332136000,00";"2022";"2";"0";"0,00";"2024";"21/07/2026 15:43:22"
"4306072";"1944,00";"2010";"2692,00";"2022";"85680000,00";"2022";"1";"0";"0,00";"2024";"21/07/2026 15:43:22"
"4306106";"32260,00";"2010";"58913,00";"2022";"4121143000,00";"2022";"26";"493";"19872000,00";"2024";"21/07/2026 15:43:22"
"4306130";"1347,00";"2010";"1635,00";"2022";"106378000,00";"2022";"1";"0";"0,00";"2024";"21/07/2026 15:43:22"
"4306205";"7982,00";"2010";"11600,00";"2022";"663727000,00";"2022";"3";"4";"23000,00";"2024";"21/07/2026 15:43:22"
"4306304";"2744,00";"2010";"4321,00";"2022";"193222000,00";"2022";"0";"0";"0,00";"";"21/07/2026 15:43:22"
"4306320";"1685,00";"2010";"2751,00";"2022";"104476000,00";"2022";"1";"0";"0,00";"2024";"21/07/2026 15:43:22"
"4306353";"1624,00";"2010";"2507,00";"2022";"48711000,00";"2022";"0";"0";"0,00";"";"21/07/2026 15:43:22"
"4306379";"1359,00";"2010";"2806,00";"2022";"180078000,00";"2022";"0";"0";"0,00";"";"21/07/2026 15:43:22"
"4306403";"18093,00";"2010";"30709,00";"2022";"2502141000,00";"2022";"9";"148";"5803000,00";"2024";"21/07/2026 15:43:22"
"4306429";"1011,00";"2010";"2090,00";"2022";"126527000,00";"2022";"1";"0";"0,00";"2024";"21/07/2026 15:43:22"
"4306452";"2401,00";"2010";"3097,00";"2022";"157966000,00";"2022";"3";"20";"334000,00";"2024";"21/07/2026 15:43:22"
"4306502";"7438,00";"2010";"13051,00";"2022";"341143000,00";"2022";"11";"116";"2360000,00";"2024";"21/07/2026 15:43:22"
"4306551";"1438,00";"2010";"2562,00";"2022";"70196000,00";"2022";"0";"0";"0,00";"";"21/07/2026 15:43:22"
"4306601";"18608,00";"2010";"36981,00";"2022";"2000958000,00";"2022";"3";"0";"0,00";"2024";"21/07/2026 15:43:22"
"4306700";"1946,00";"2010";"3079,00";"2022";"90196000,00";"2022";"1";"0";"0,00";"2024";"21/07/2026 15:43:22"
"4306734";"3249,00";"2010";"4470,00";"2022";"236103000,00";"2022";"3";"27";"511000,00";"2024";"21/07/2026 15:43:22"
"4306759";"1481,00";"2010";"1888,00";"2022";"75699000,00";"2022";"2";"0";"0,00";"2024";"21/07/2026 15:43:22"
"4306767";"18594,00";"2010";"39559,00";"2022";"2442465000,00";"2022";"7";"346";"9529000,00";"2024";"21/07/2026 15:43:22"
"4306809";"13005,00";"2010";"22962,00";"2022";"1230651000,00";"2022";"6";"140";"3512000,00";"2024";"21/07/2026 15:43:22"
"4306908";"12377,00";"2010";"23819,00";"2022";"1103751000,00";"2022";"10";"0";"0,00";"2024";"21/07/2026 15:43:22"
"4306924";"895,00";"2010";"1296,00";"2022";"54280000,00";"2022";"0";"0";"0,00";"";"21/07/2026 15:43:22"
"4306932";"4853,00";"2010";"9158,00";"2022";"487687000,00";"2022";"2";"0";"0,00";"2024";"21/07/2026 15:43:22"
"4306957";"1664,00";"2010";"2685,00";"2022";"212453000,00";"2022";"1";"0";"0,00";"2024";"21/07/2026 15:43:22"
"4306973";"1482,00";"2010";"3054,00";"2022";"202452000,00";"2022";"3";"10";"310000,00";"2024";"21/07/2026 15:43:22"
"4307005";"53008,00";"2010";"105705,00";"2022";"7683907000,00";"2022";"21";"3052";"109140000,00";"2024";"21/07/2026 15:43:22"
"4307054";"1421,00";"2010";"3034,00";"2022";"184106000,00";"2022";"3";"0";"0,00";"2024";"21/07/2026 15:43:22"
"4307104";"3468,00";"2010";"6191,00";"2022";"198899000,00";"2022";"2";"0";"0,00";"2024";"21/07/2026 15:43:22"
"4307203";"3185,00";"2010";"4930,00";"2022";"151708000,00";"2022";"2";"0";"0,00";"2024";"21/07/2026 15:43:22"
"4307302";"4304,00";"2010";"6787,00";"2022";"273787000,00";"2022";"2";"0";"0,00";"2024";"21/07/2026 15:43:22"
"4307401";"1773,00";"2010";"3195,00";"2022";"298732000,00";"2022";"1";"0";"0,00";"2024";"21/07/2026 15:43:22"
"4307450";"2152,00";"2010";"3226,00";"2022";"92398000,00";"2022";"3";"16";"388000,00";"2024";"21/07/2026 15:43:22"
"4307500";"8953,00";"2010";"15173,00";"2022";"881529000,00";"2022";"3";"6";"84000,00";"2024";"21/07/2026 15:43:22"
"4307559";"3487,00";"2010";"5582,00";"2022";"434148000,00";"2022";"4";"12";"240000,00";"2024";"21/07/2026 15:43:22"
"4307609";"25381,00";"2010";"47924,00";"2022";"1991877000,00";"2022";"7";"43";"973000,00";"2024";"21/07/2026 15:43:22"
"4307708";"41433,00";"2010";"76137,00";"2022";"4301275000,00";"2022";"12";"7324";"239787000,00";"2024";"21/07/2026 15:43:22"
"4307807";"19247,00";"2010";"32183,00";"2022";"2197232000,00";"2022";"8";"0";"0,00";"2024";"21/07/2026 15:43:22"
"4307815";"2090,00";"2010";"3070,00";"2022";"135369000,00";"2022";"1";"0";"0,00";"2024";"21/07/2026 15:43:22"
"4307831";"1462,00";"2010";"2633,00";"2022";"244029000,00";"2022";"1";"0";"0,00";"2024";"21/07/2026 15:43:22"
"4307864";"1809,00";"2010";"2566,00";"2022";"176739000,00";"2022";"2";"0";"0,00";"2024";"21/07/2026 15:43:22"
"4307906";"39774,00";"2010";"70286,00";"2022";"4580129000,00";"2022";"15";"193";"5642000,00";"2024";"21/07/2026 15:43:22"
"4308003";"3975,00";"2010";"6702,00";"2022";"252775000,00";"2022";"5";"70";"2147000,00";"2024";"21/07/2026 15:43:22"
"4308052";"1175,00";"2010";"2520,00";"2022";"79769000,00";"2022";"3";"16";"320000,00";"2024";"21/07/2026 15:43:22"
"4308078";"2341,00";"2010";"4291,00";"2022";"126583000,00";"2022";"1";"0";"0,00";"2024";"21/07/2026 15:43:22"
"4308102";"7894,00";"2010";"13764,00";"2022";"589303000,00";"2022";"3";"70";"6306000,00";"2024";"21/07/2026 15:43:22"
"4308201";"17820,00";"2010";"30892,00";"2022";"2843723000,00";"2022";"9";"147";"4086000,00";"2024";"21/07/2026 15:43:22"
"4308250";"1428,00";"2010";"1668,00";"2022";"83641000,00";"2022";"1";"0";"0,00";"2024";"21/07/2026 15:43:22"
"4308300";"5666,00";"2010";"9550,00";"2022";"229958000,00";"2022";"4";"0";"0,00";"2024";"21/07/2026 15:43:22"
"4308409";"3397,00";"2010";"6413,00";"2022";"223399000,00";"2022";"1";"0";"0,00";"2024";"21/07/2026 15:43:22"
"4308433";"1840,00";"2010";"2393,00";"2022";"53273000,00";"2022";"0";"0";"0,00";"";"21/07/2026 15:43:22"
"4308458";"2377,00";"2010";"4477,00";"2022";"335874000,00";"2022";"1";"0";"0,00";"2024";"21/07/2026 15:43:22"
"4308508";"16966,00";"2010";"32627,00";"2022";"1568643000,00";"2022";"13";"327";"9434000,00";"2024";"21/07/2026 15:43:22"
"4308607";"19463,00";"2010";"34335,00";"2022";"3135769000,00";"2022";"6";"289";"15246000,00";"2024";"21/07/2026 15:43:22"
"4308656";"1710,00";"2010";"2688,00";"2022";"128027000,00";"2022";"0";"0";"0,00";"";"21/07/2026 15:43:22"
"4308706";"3599,00";"2010";"5665,00";"2022";"297937000,00";"2022";"3";"16";"468000,00";"2024";"21/07/2026 15:43:22"
"4308805";"3893,00";"2010";"7612,00";"2022";"230188000,00";"2022";"0";"0";"0,00";"";"21/07/2026 15:43:22"
"4308854";"1123,00";"2010";"1744,00";"2022";"144754000,00";"2022";"1";"0";"0,00";"2024";"21/07/2026 15:43:22"
"4308904";"9178,00";"2010";"16602,00";"2022";"817985000,00";"2022";"5";"116";"3403000,00";"2024";"21/07/2026 15:43:22"
"4309001";"8131,00";"2010";"16013,00";"2022";"939756000,00";"2022";"2";"0";"0,00";"2024";"21/07/2026 15:43:22"
"4309050";"3571,00";"2010";"7658,00";"2022";"389247000,00";"2022";"1";"0";"0,00";"2024";"21/07/2026 15:43:22"
"4309100";"19730,00";"2010";"40134,00";"2022";"3140827000,00";"2022";"8";"128";"4384000,00";"2024";"21/07/2026 15:43:22"
"4309126";"1210,00";"2010";"2014,00";"2022";"67782000,00";"2022";"1";"0";"0,00";"2024";"21/07/2026 15:43:22"
"4309159";"2395,00";"2010";"3304,00";"2022";"108557000,00";"2022";"2";"0";"0,00";"2024";"21/07/2026 15:43:22"
"4309209";"129593,00";"2010";"265074,00";"2022";"13005577000,00";"2022";"45";"4772";"151995000,00";"2024";"21/07/2026 15:43:22"
"4309258";"1104,00";"2010";"1417,00";"2022";"93574000,00";"2022";"0";"0";"0,00";"";"21/07/2026 15:43:22"
"4309308";"48349,00";"2010";"92924,00";"2022";"8316851000,00";"2022";"18";"607";"19488000,00";"2024";"21/07/2026 15:43:22"
"4309407";"14981,00";"2010";"25268,00";"2022";"1123503000,00";"2022";"11";"216";"8572000,00";"2024";"21/07/2026 15:43:22"
"4309506";"4734,00";"2010";"7415,00";"2022";"284710000,00";"2022";"8";"72";"1606000,00";"2024";"21/07/2026 15:43:22"
"4309555";"2661,00";"2010";"5378,00";"2022";"260997000,00";"2022";"0";"0";"0,00";"";"21/07/2026 15:43:22"
"4309571";"1701,00";"2010";"2565,00";"2022";"63386000,00";"2022";"3";"14";"322000,00";"2024";"21/07/2026 15:43:22"
"4309605";"11207,00";"2010";"18851,00";"2022";"3718636000,00";"2022";"10";"221";"6219000,00";"2024";"21/07/2026 15:43:22"
"4309654";"3154,00";"2010";"5976,00";"2022";"230214000,00";"2022";"0";"0";"0,00";"";"21/07/2026 15:43:22"
"4309704";"3094,00";"2010";"4681,00";"2022";"198250000,00";"2022";"0";"0";"0,00";"";"21/07/2026 15:43:22"
"4309753";"2795,00";"2010";"3732,00";"2022";"99944000,00";"2022";"3";"22";"441000,00";"2024";"21/07/2026 15:43:22"
"4309803";"3117,00";"2010";"4527,00";"2022";"244156000,00";"2022";"3";"0";"0,00";"2024";"21/07/2026 15:43:22"
"4309902";"4686,00";"2010";"6776,00";"2022";"346200000,00";"2022";"1";"0";"0,00";"2024";"21/07/2026 15:43:22"
"4309951";"1507,00";"2010";"3723,00";"2022";"169674000,00";"2022";"2";"0";"0,00";"2024";"21/07/2026 15:43:22"
"4310009";"11901,00";"2010";"21583,00";"2022";"1721332000,00";"2022";"7";"142";"7019000,00";"2024";"21/07/2026 15:43:22"
"4310108";"20149,00";"2010";"32808,00";"2022";"2189301000,00";"2022";"12";"144";"4312000,00";"2024";"21/07/2026 15:43:22"
"4310207";"42774,00";"2010";"84780,00";"2022";"5484608000,00";"2022";"27";"1229";"32223000,00";"2024";"21/07/2026 15:43:22"
"4310306";"2907,00";"2010";"4157,00";"2022";"129559000,00";"2022";"6";"0";"0,00";"2024";"21/07/2026 15:43:22"
"4310330";"8282,00";"2010";"26824,00";"2022";"670989000,00";"2022";"9";"348";"8402000,00";"2024";"21/07/2026 15:43:22"
"4310363";"2049,00";"2010";"3080,00";"2022";"651739000,00";"2022";"1";"0";"0,00";"2024";"21/07/2026 15:43:22"
"4310405";"3947,00";"2010";"6427,00";"2022";"386702000,00";"2022";"1";"0";"0,00";"2024";"21/07/2026 15:43:23"
"4310413";"1265,00";"2010";"2014,00";"2022";"73658000,00";"2022";"0";"0";"0,00";"";"21/07/2026 15:43:23"
"4310439";"4094,00";"2010";"5399,00";"2022";"244511000,00";"2022";"4";"18";"206000,00";"2024";"21/07/2026 15:43:23"
"4310462";"1408,00";"2010";"1720,00";"2022";"168815000,00";"2022";"3";"8";"105000,00";"2024";"21/07/2026 15:43:23"
"4310504";"4088,00";"2010";"7482,00";"2022";"239122000,00";"2022";"1";"0";"0,00";"2024";"21/07/2026 15:43:23"
"4310538";"2503,00";"2010";"5572,00";"2022";"268604000,00";"2022";"1";"0";"0,00";"2024";"21/07/2026 15:43:23"
"4310553";"1483,00";"2010";"2995,00";"2022";"90323000,00";"2022";"0";"0";"0,00";"";"21/07/2026 15:43:23"
"4310579";"1868,00";"2010";"1937,00";"2022";"89665000,00";"2022";"0";"0";"0,00";"";"21/07/2026 15:43:23"
"4310603";"17253,00";"2010";"35768,00";"2022";"1751877000,00";"2022";"3";"0";"0,00";"2024";"21/07/2026 15:43:23"
"4310652";"1419,00";"2010";"2638,00";"2022";"83433000,00";"2022";"1";"0";"0,00";"2024";"21/07/2026 15:43:23"
"4310702";"2389,00";"2010";"3208,00";"2022";"73188000,00";"2022";"5";"13";"72000,00";"2024";"21/07/2026 15:43:23"
"4310751";"1362,00";"2010";"1929,00";"2022";"48523000,00";"2022";"2";"0";"0,00";"2024";"21/07/2026 15:43:23"
"4310801";"12608,00";"2010";"22983,00";"2022";"1361667000,00";"2022";"4";"403";"11137000,00";"2024";"21/07/2026 15:43:23"
"4310850";"1695,00";"2010";"3779,00";"2022";"117256000,00";"2022";"3";"80";"3275000,00";"2024";"21/07/2026 15:43:23"
"4310876";"1561,00";"2010";"2040,00";"2022";"113790000,00";"2022";"0";"0";"0,00";"";"21/07/2026 15:43:23"
"4310900";"2059,00";"2010";"3338,00";"2022";"224850000,00";"2022";"5";"33";"609000,00";"2024";"21/07/2026 15:43:23"
"4311007";"12743,00";"2010";"26603,00";"2022";"954110000,00";"2022";"13";"448";"13405000,00";"2024";"21/07/2026 15:43:23"
"4311106";"6849,00";"2010";"10579,00";"2022";"293650000,00";"2022";"9";"64";"1562000,00";"2024";"21/07/2026 15:43:23"
"4311122";"1932,00";"2010";"3690,00";"2022";"84089000,00";"2022";"2";"0";"0,00";"2024";"21/07/2026 15:43:23"
"4311130";"2211,00";"2010";"3349,00";"2022";"239812000,00";"2022";"1";"0";"0,00";"2024";"21/07/2026 15:43:23"
"4311155";"4496,00";"2010";"7184,00";"2022";"453632000,00";"2022";"2";"0";"0,00";"2024";"21/07/2026 15:43:23"
"4311205";"9445,00";"2010";"18226,00";"2022";"1411167000,00";"2022";"5";"0";"0,00";"2024";"21/07/2026 15:43:23"
"4311239";"2000,00";"2010";"2251,00";"2022";"61445000,00";"2022";"1";"0";"0,00";"2024";"21/07/2026 15:43:23"
"4311254";"3687,00";"2010";"5341,00";"2022";"115219000,00";"2022";"3";"8";"158000,00";"2024";"21/07/2026 15:43:23"
"4311270";"1099,00";"2010";"1738,00";"2022";"94630000,00";"2022";"0";"0";"0,00";"";"21/07/2026 15:43:23"
"4311304";"14405,00";"2010";"27659,00";"2022";"1508707000,00";"2022";"11";"113";"2724000,00";"2024";"21/07/2026 15:43:23"
"4311403";"44417,00";"2010";"93646,00";"2022";"6109235000,00";"2022";"14";"3926";"126646000,00";"2024";"21/07/2026 15:43:23"
"4311429";"1467,00";"2010";"2601,00";"2022";"59389000,00";"2022";"0";"0";"0,00";"";"21/07/2026 15:43:23"
"4311502";"3694,00";"2010";"7157,00";"2022";"382168000,00";"2022";"7";"40";"699000,00";"2024";"21/07/2026 15:43:23"
"4311601";"3648,00";"2010";"4781,00";"2022";"137100000,00";"2022";"2";"0";"0,00";"2024";"21/07/2026 15:43:23"
"4311627";"3074,00";"2010";"6248,00";"2022";"324204000,00";"2022";"0";"0";"0,00";"";"21/07/2026 15:43:23"
"4311643";"1146,00";"2010";"1683,00";"2022";"65804000,00";"2022";"0";"0";"0,00";"";"21/07/2026 15:43:23"
"4311700";"2896,00";"2010";"5735,00";"2022";"252364000,00";"2022";"4";"0";"0,00";"2024";"21/07/2026 15:43:23"
"4311718";"2222,00";"2010";"4425,00";"2022";"282138000,00";"2022";"1";"0";"0,00";"2024";"21/07/2026 15:43:23"
"4311734";"1641,00";"2010";"3131,00";"2022";"79330000,00";"2022";"3";"9";"127000,00";"2024";"21/07/2026 15:43:23"
"4311759";"3402,00";"2010";"6801,00";"2022";"350110000,00";"2022";"3";"0";"0,00";"2024";"21/07/2026 15:43:23"
"4311775";"3863,00";"2010";"7418,00";"2022";"200382000,00";"2022";"2";"0";"0,00";"2024";"21/07/2026 15:43:23"
"4311791";"1764,00";"2010";"2470,00";"2022";"77023000,00";"2022";"1";"0";"0,00";"2024";"21/07/2026 15:43:23"
"4311809";"22925,00";"2010";"45124,00";"2022";"3393311000,00";"2022";"15";"184";"6789000,00";"2024";"21/07/2026 15:43:23"
"4311908";"3260,00";"2010";"4320,00";"2022";"161880000,00";"2022";"2";"0";"0,00";"2024";"21/07/2026 15:43:23"
"4311981";"2144,00";"2010";"3916,00";"2022";"91983000,00";"2022";"0";"0";"0,00";"";"21/07/2026 15:43:23"
"4312005";"1325,00";"2010";"1858,00";"2022";"67225000,00";"2022";"3";"13";"177000,00";"2024";"21/07/2026 15:43:23"
"4312054";"2738,00";"2010";"3969,00";"2022";"123507000,00";"2022";"0";"0";"0,00";"";"21/07/2026 15:43:23"
"4312104";"2594,00";"2010";"4698,00";"2022";"147193000,00";"2022";"1";"0";"0,00";"2024";"21/07/2026 15:43:23"
"4312138";"1152,00";"2010";"2553,00";"2022";"111974000,00";"2022";"0";"0";"0,00";"";"21/07/2026 15:43:23"
"4312153";"2419,00";"2010";"4859,00";"2022";"226173000,00";"2022";"1";"0";"0,00";"2024";"21/07/2026 15:43:23"
"4312179";"840,00";"2010";"1795,00";"2022";"57922000,00";"2022";"1";"0";"0,00";"2024";"21/07/2026 15:43:23"
"4312203";"2646,00";"2010";"4191,00";"2022";"154825000,00";"2022";"4";"45";"951000,00";"2024";"21/07/2026 15:43:23"
"4312252";"3100,00";"2010";"7505,00";"2022";"257253000,00";"2022";"5";"21";"188000,00";"2024";"21/07/2026 15:43:23"
"4312302";"2744,00";"2010";"4427,00";"2022";"186921000,00";"2022";"2";"0";"0,00";"2024";"21/07/2026 15:43:23"
"4312351";"1079,00";"2010";"1499,00";"2022";"60169000,00";"2022";"1";"0";"0,00";"2024";"21/07/2026 15:43:23"
"4312377";"1227,00";"2010";"3180,00";"2022";"90049000,00";"2022";"1";"0";"0,00";"2024";"21/07/2026 15:43:23"
"4312385";"1620,00";"2010";"2557,00";"2022";"97829000,00";"2022";"1";"0";"0,00";"2024";"21/07/2026 15:43:23"
"4312401";"32524,00";"2010";"64322,00";"2022";"6467582000,00";"2022";"9";"323";"7792000,00";"2024";"21/07/2026 15:43:23"
"4312427";"1490,00";"2010";"2756,00";"2022";"113863000,00";"2022";"0";"0";"0,00";"";"21/07/2026 15:43:23"
"4312443";"2065,00";"2010";"3071,00";"2022";"82697000,00";"2022";"0";"0";"0,00";"";"21/07/2026 15:43:23"
"4312450";"3343,00";"2010";"6046,00";"2022";"145055000,00";"2022";"1";"0";"0,00";"2024";"21/07/2026 15:43:23"
"4312476";"3778,00";"2010";"6029,00";"2022";"277916000,00";"2022";"1";"0";"0,00";"2024";"21/07/2026 15:43:23"
"4312500";"6118,00";"2010";"12090,00";"2022";"497283000,00";"2022";"0";"0";"0,00";"";"21/07/2026 15:43:23"
"4312609";"3188,00";"2010";"4601,00";"2022";"269146000,00";"2022";"3";"0";"0,00";"2024";"21/07/2026 15:43:23"
"4312617";"1707,00";"2010";"2879,00";"2022";"851698000,00";"2022";"2";"0";"0,00";"2024";"21/07/2026 15:43:23"
"4312625";"1115,00";"2010";"1721,00";"2022";"51791000,00";"2022";"0";"0";"0,00";"";"21/07/2026 15:43:23"
"4312658";"9413,00";"2010";"17898,00";"2022";"2758225000,00";"2022";"2";"0";"0,00";"2024";"21/07/2026 15:43:23"
"4312674";"921,00";"2010";"1932,00";"2022";"100510000,00";"2022";"2";"0";"0,00";"2024";"21/07/2026 15:43:23"
"4312708";"6347,00";"2010";"13719,00";"2022";"513799000,00";"2022";"4";"142";"4242000,00";"2024";"21/07/2026 15:43:23"
"4312757";"2162,00";"2010";"3163,00";"2022";"199830000,00";"2022";"0";"0";"0,00";"";"21/07/2026 15:43:23"
"4312807";"2697,00";"2010";"4954,00";"2022";"345621000,00";"2022";"1";"0";"0,00";"2024";"21/07/2026 15:43:23"
"4312906";"5376,00";"2010";"9649,00";"2022";"809140000,00";"2022";"2";"0";"0,00";"2024";"21/07/2026 15:43:23"
"4312955";"1232,00";"2010";"2042,00";"2022";"139367000,00";"2022";"1";"0";"0,00";"2024";"21/07/2026 15:43:23"
"4313003";"2082,00";"2010";"3044,00";"2022";"127414000,00";"2022";"4";"29";"491000,00";"2024";"21/07/2026 15:43:23"
"4313011";"2019,00";"2010";"3061,00";"2022";"197087000,00";"2022";"0";"0";"0,00";"";"21/07/2026 15:43:23"
"4313037";"2830,00";"2010";"4865,00";"2022";"133014000,00";"2022";"0";"0";"0,00";"";"21/07/2026 15:43:23"
"4313060";"10753,00";"2010";"20088,00";"2022";"894687000,00";"2022";"5";"0";"0,00";"2024";"21/07/2026 15:43:23"
"4313086";"1813,00";"2010";"2343,00";"2022";"95083000,00";"2022";"0";"0";"0,00";"";"21/07/2026 15:43:23"
"4313102";"3789,00";"2010";"5586,00";"2022";"307920000,00";"2022";"0";"0";"0,00";"";"21/07/2026 15:43:23"
"4313201";"12530,00";"2010";"23300,00";"2022";"1044949000,00";"2022";"8";"118";"4201000,00";"2024";"21/07/2026 15:43:23"
"4313300";"14230,00";"2010";"25692,00";"2022";"1449630000,00";"2022";"19";"245";"6505000,00";"2024";"21/07/2026 15:43:23"
"4313334";"1499,00";"2010";"2163,00";"2022";"199441000,00";"2022";"0";"0";"0,00";"";"21/07/2026 15:43:23"
"4313359";"2420,00";"2010";"3466,00";"2022";"177535000,00";"2022";"0";"0";"0,00";"";"21/07/2026 15:43:23"
"4313375";"11986,00";"2010";"29024,00";"2022";"2758042000,00";"2022";"7";"57";"1637000,00";"2024";"21/07/2026 15:43:23"
"4313391";"2608,00";"2010";"3568,00";"2022";"131086000,00";"2022";"0";"0";"0,00";"";"21/07/2026 15:43:23"
"4313409";"133509,00";"2010";"227646,00";"2022";"10915915000,00";"2022";"61";"603";"16794000,00";"2024";"21/07/2026 15:43:23"
"4313425";"2432,00";"2010";"3198,00";"2022";"143698000,00";"2022";"0";"0";"0,00";"";"21/07/2026 15:43:23"
"4313441";"1496,00";"2010";"2146,00";"2022";"65769000,00";"2022";"0";"0";"0,00";"";"21/07/2026 15:43:23"
"4313466";"1275,00";"2010";"1646,00";"2022";"65005000,00";"2022";"1";"0";"0,00";"2024";"21/07/2026 15:43:23"
"4313490";"2568,00";"2010";"4272,00";"2022";"114368000,00";"2022";"1";"0";"0,00";"2024";"21/07/2026 15:43:23"
"4313508";"21741,00";"2010";"47396,00";"2022";"1992123000,00";"2022";"7";"292";"10385000,00";"2024";"21/07/2026 15:43:23"
"4313607";"3021,00";"2010";"3629,00";"2022";"138641000,00";"2022";"6";"0";"0,00";"2024";"21/07/2026 15:43:23"
"4313656";"5015,00";"2010";"12844,00";"2022";"666940000,00";"2022";"5";"0";"0,00";"2024";"21/07/2026 15:43:23"
"4313706";"17648,00";"2010";"33216,00";"2022";"1808605000,00";"2022";"19";"211";"7405000,00";"2024";"21/07/2026 15:43:23"
"4313805";"4421,00";"2010";"7839,00";"2022";"233999000,00";"2022";"7";"0";"0,00";"2024";"21/07/2026 15:43:23"
"4313904";"21376,00";"2010";"43515,00";"2022";"3651828000,00";"2022";"7";"38";"791000,00";"2024";"21/07/2026 15:43:23"
"4313953";"4228,00";"2010";"10212,00";"2022";"552950000,00";"2022";"3";"0";"0,00";"2024";"21/07/2026 15:43:23"
"4314001";"4447,00";"2010";"7194,00";"2022";"412317000,00";"2022";"3";"21";"442000,00";"2024";"21/07/2026 15:43:23"
"4314027";"4865,00";"2010";"6519,00";"2022";"185970000,00";"2022";"2";"0";"0,00";"2024";"21/07/2026 15:43:23"
"4314035";"2044,00";"2010";"4319,00";"2022";"134709000,00";"2022";"0";"0";"0,00";"";"21/07/2026 15:43:23"
"4314050";"29132,00";"2010";"52058,00";"2022";"1497395000,00";"2022";"18";"125";"2660000,00";"2024";"21/07/2026 15:43:23"
"4314068";"3274,00";"2010";"3983,00";"2022";"115484000,00";"2022";"2";"0";"0,00";"2024";"21/07/2026 15:43:23"
"4314076";"4039,00";"2010";"6025,00";"2022";"253072000,00";"2022";"3";"28";"794000,00";"2024";"21/07/2026 15:43:23"
"4314100";"99673,00";"2010";"206215,00";"2022";"13619806000,00";"2022";"69";"7714";"216988000,00";"2024";"21/07/2026 15:43:23"
"4314134";"1481,00";"2010";"2144,00";"2022";"197857000,00";"2022";"0";"0";"0,00";"";"21/07/2026 15:43:23"
"4314159";"5287,00";"2010";"7978,00";"2022";"261231000,00";"2022";"2";"0";"0,00";"2024";"21/07/2026 15:43:23"
"4314175";"1275,00";"2010";"2061,00";"2022";"358700000,00";"2022";"0";"0";"0,00";"";"21/07/2026 15:43:23"
"4314209";"3312,00";"2010";"7484,00";"2022";"245042000,00";"2022";"2";"0";"0,00";"2024";"21/07/2026 15:43:23"
"4314308";"2185,00";"2010";"3745,00";"2022";"294044000,00";"2022";"2";"0";"0,00";"2024";"21/07/2026 15:43:23"
"4314407";"161707,00";"2010";"325685,00";"2022";"11740930000,00";"2022";"30";"1245";"37641000,00";"2024";"21/07/2026 15:43:23"
"4314423";"3492,00";"2010";"5351,00";"2022";"382226000,00";"2022";"1";"0";"0,00";"2024";"21/07/2026 15:43:23"
"4314456";"1594,00";"2010";"2959,00";"2022";"133617000,00";"2022";"1";"0";"0,00";"2024";"21/07/2026 15:43:23"
"4314464";"776,00";"2010";"2248,00";"2022";"285484000,00";"2022";"0";"0";"0,00";"";"21/07/2026 15:43:23"
"4314472";"2483,00";"2010";"3805,00";"2022";"727915000,00";"2022";"0";"0";"0,00";"";"21/07/2026 15:43:23"
"4314498";"2760,00";"2010";"4540,00";"2022";"114032000,00";"2022";"3";"15";"188000,00";"2024";"21/07/2026 15:43:23"
"4314506";"6163,00";"2010";"11214,00";"2022";"340024000,00";"2022";"1";"0";"0,00";"2024";"21/07/2026 15:43:23"
"4314548";"0,00";"2010";"2723,00";"2022";"69200000,00";"2022";"0";"0";"0,00";"";"21/07/2026 15:43:23"
"4314555";"1710,00";"2010";"2260,00";"2022";"60885000,00";"2022";"0";"0";"0,00";"";"21/07/2026 15:43:23"
"4314605";"10484,00";"2010";"17504,00";"2022";"806429000,00";"2022";"3";"94";"2558000,00";"2024";"21/07/2026 15:43:23"
"4314704";"6291,00";"2010";"10406,00";"2022";"279420000,00";"2022";"6";"41";"900000,00";"2024";"21/07/2026 15:43:23"
"4314753";"1297,00";"2010";"2171,00";"2022";"154362000,00";"2022";"1";"0";"0,00";"2024";"21/07/2026 15:43:23"
"4314779";"2192,00";"2010";"3296,00";"2022";"297879000,00";"2022";"1";"0";"0,00";"2024";"21/07/2026 15:43:23"
"4314787";"1152,00";"2010";"1575,00";"2022";"70210000,00";"2022";"2";"0";"0,00";"2024";"21/07/2026 15:43:23"
"4314803";"16355,00";"2010";"34071,00";"2022";"1543414000,00";"2022";"4";"34";"760000,00";"2024";"21/07/2026 15:43:23"
"4314902";"771005,00";"2010";"1332845,00";"2022";"90214952000,00";"2022";"202";"21577";"1784831000,00";"2024";"21/07/2026 15:43:23"
"4315008";"3336,00";"2010";"4360,00";"2022";"114413000,00";"2022";"2";"0";"0,00";"2024";"21/07/2026 15:43:23"
"4315057";"1616,00";"2010";"2142,00";"2022";"69658000,00";"2022";"1";"0";"0,00";"2024";"21/07/2026 15:43:23"
"4315073";"1059,00";"2010";"1560,00";"2022";"40675000,00";"2022";"1";"0";"0,00";"2024";"21/07/2026 15:43:23"
"4315107";"5705,00";"2010";"9938,00";"2022";"204759000,00";"2022";"2";"0";"0,00";"2024";"21/07/2026 15:43:23"
"4315131";"1240,00";"2010";"1739,00";"2022";"51514000,00";"2022";"0";"0";"0,00";"";"21/07/2026 15:43:23"
"4315149";"1697,00";"2010";"3077,00";"2022";"294672000,00";"2022";"1";"0";"0,00";"2024";"21/07/2026 15:43:23"
"4315156";"4252,00";"2010";"5340,00";"2022";"155899000,00";"2022";"1";"0";"0,00";"2024";"21/07/2026 15:43:23"
"4315172";"1117,00";"2010";"2025,00";"2022";"85918000,00";"2022";"0";"0";"0,00";"";"21/07/2026 15:43:23"
"4315206";"2842,00";"2010";"3747,00";"2022";"124597000,00";"2022";"2";"0";"0,00";"2024";"21/07/2026 15:43:23"
"4315305";"10366,00";"2010";"23500,00";"2022";"588978000,00";"2022";"14";"26";"280000,00";"2024";"21/07/2026 15:43:23"
"4315313";"987,00";"2010";"1552,00";"2022";"145778000,00";"2022";"1";"0";"0,00";"2024";"21/07/2026 15:43:23"
"4315321";"1570,00";"2010";"2507,00";"2022";"189793000,00";"2022";"0";"0";"0,00";"";"21/07/2026 15:43:23"
"4315354";"2436,00";"2010";"3910,00";"2022";"161878000,00";"2022";"3";"16";"262000,00";"2024";"21/07/2026 15:43:23"
"4315404";"3939,00";"2010";"9738,00";"2022";"186012000,00";"2022";"1";"0";"0,00";"2024";"21/07/2026 15:43:23"
"4315453";"1371,00";"2010";"1796,00";"2022";"62683000,00";"2022";"2";"0";"0,00";"2024";"21/07/2026 15:43:23"
"4315503";"7767,00";"2010";"14939,00";"2022";"562183000,00";"2022";"5";"127";"2864000,00";"2024";"21/07/2026 15:43:23"
"4315552";"1868,00";"2010";"2835,00";"2022";"112293000,00";"2022";"0";"0";"0,00";"";"21/07/2026 15:43:23"
"4315602";"90004,00";"2010";"191900,00";"2022";"13059825000,00";"2022";"17";"2964";"84890000,00";"2024";"21/07/2026 15:43:23"
"4315701";"17173,00";"2010";"34654,00";"2022";"1460422000,00";"2022";"9";"112";"2692000,00";"2024";"21/07/2026 15:43:23"
"4315750";"2792,00";"2010";"4473,00";"2022";"147174000,00";"2022";"2";"0";"0,00";"2024";"21/07/2026 15:43:23"
"4315800";"6760,00";"2010";"10418,00";"2022";"563916000,00";"2022";"3";"10";"78000,00";"2024";"21/07/2026 15:43:23"
"4315909";"3489,00";"2010";"6654,00";"2022";"258614000,00";"2022";"2";"0";"0,00";"2024";"21/07/2026 15:43:23"
"4315958";"1771,00";"2010";"2291,00";"2022";"90148000,00";"2022";"0";"0";"0,00";"";"21/07/2026 15:43:23"
"4316006";"12310,00";"2010";"21253,00";"2022";"822059000,00";"2022";"9";"268";"7703000,00";"2024";"21/07/2026 15:43:23"
"4316105";"5438,00";"2010";"9777,00";"2022";"431808000,00";"2022";"1";"0";"0,00";"2024";"21/07/2026 15:43:23"
"4316204";"3624,00";"2010";"4991,00";"2022";"233572000,00";"2022";"1";"0";"0,00";"2024";"21/07/2026 15:43:23"
"4316303";"3974,00";"2010";"6576,00";"2022";"410044000,00";"2022";"1";"0";"0,00";"2024";"21/07/2026 15:43:23"
"4316402";"17951,00";"2010";"36630,00";"2022";"1155785000,00";"2022";"12";"25";"197000,00";"2024";"21/07/2026 15:43:23"
"4316428";"1446,00";"2010";"2480,00";"2022";"63227000,00";"2022";"2";"0";"0,00";"2024";"21/07/2026 15:43:23"
"4316436";"1836,00";"2010";"2575,00";"2022";"174883000,00";"2022";"2";"0";"0,00";"2024";"21/07/2026 15:43:23"
"4316451";"5493,00";"2010";"10203,00";"2022";"844872000,00";"2022";"2";"0";"0,00";"2024";"21/07/2026 15:43:23"
"4316477";"1655,00";"2010";"2877,00";"2022";"149878000,00";"2022";"3";"232";"11278000,00";"2024";"21/07/2026 15:43:23"
"4316501";"4588,00";"2010";"6879,00";"2022";"322724000,00";"2022";"8";"0";"0,00";"2024";"21/07/2026 15:43:23"
"4316600";"9991,00";"2010";"16399,00";"2022";"827816000,00";"2022";"2";"0";"0,00";"2024";"21/07/2026 15:43:23"
"4316709";"4213,00";"2010";"8122,00";"2022";"981525000,00";"2022";"3";"23";"299000,00";"2024";"21/07/2026 15:43:23"
"4316733";"1049,00";"2010";"1674,00";"2022";"103168000,00";"2022";"1";"0";"0,00";"2024";"21/07/2026 15:43:23"
"4316758";"3833,00";"2010";"6887,00";"2022";"360575000,00";"2022";"0";"0";"0,00";"";"21/07/2026 15:43:23"
"4316808";"67964,00";"2010";"133230,00";"2022";"11189591000,00";"2022";"33";"653";"24261000,00";"2024";"21/07/2026 15:43:23"
"4316907";"131628,00";"2010";"271735,00";"2022";"9799721000,00";"2022";"60";"4048";"118259000,00";"2024";"21/07/2026 15:43:23"
"4316956";"4334,00";"2010";"6340,00";"2022";"263463000,00";"2022";"2";"0";"0,00";"2024";"21/07/2026 15:43:23"
"4316972";"1032,00";"2010";"2596,00";"2022";"248130000,00";"2022";"0";"0";"0,00";"";"21/07/2026 15:43:23"
"4317004";"3433,00";"2010";"7024,00";"2022";"307802000,00";"2022";"1";"0";"0,00";"2024";"21/07/2026 15:43:23"
"4317103";"40927,00";"2010";"84421,00";"2022";"2819394000,00";"2022";"24";"2407";"65782000,00";"2024";"21/07/2026 15:43:23"
"4317202";"38463,00";"2010";"76963,00";"2022";"4050230000,00";"2022";"12";"178";"5058000,00";"2024";"21/07/2026 15:43:23"
"4317251";"1198,00";"2010";"1505,00";"2022";"45553000,00";"2022";"1";"0";"0,00";"2024";"21/07/2026 15:43:24"
"4317301";"14447,00";"2010";"30983,00";"2022";"1602179000,00";"2022";"16";"225";"6018000,00";"2024";"21/07/2026 15:43:24"
"4317400";"25469,00";"2010";"48938,00";"2022";"1758687000,00";"2022";"9";"509";"11547000,00";"2024";"21/07/2026 15:43:24"
"4317509";"40607,00";"2010";"76917,00";"2022";"3062173000,00";"2022";"19";"483";"12605000,00";"2024";"21/07/2026 15:43:24"
"4317558";"1553,00";"2010";"2091,00";"2022";"99140000,00";"2022";"1";"0";"0,00";"2024";"21/07/2026 15:43:24"
"4317608";"22403,00";"2010";"42947,00";"2022";"1909247000,00";"2022";"8";"238";"7023000,00";"2024";"21/07/2026 15:43:24"
"4317707";"6460,00";"2010";"10300,00";"2022";"374216000,00";"2022";"2";"0";"0,00";"2024";"21/07/2026 15:43:24"
"4317756";"1087,00";"2010";"2089,00";"2022";"167164000,00";"2022";"0";"0";"0,00";"";"21/07/2026 15:43:24"
"4317806";"8029,00";"2010";"13902,00";"2022";"705694000,00";"2022";"7";"159";"3627000,00";"2024";"21/07/2026 15:43:24"
"4317905";"9686,00";"2010";"15320,00";"2022";"690813000,00";"2022";"3";"41";"1447000,00";"2024";"21/07/2026 15:43:24"
"4317954";"1556,00";"2010";"2349,00";"2022";"97434000,00";"2022";"0";"0";"0,00";"";"21/07/2026 15:43:24"
"4318002";"28724,00";"2010";"59676,00";"2022";"2355191000,00";"2022";"13";"104";"1829000,00";"2024";"21/07/2026 15:43:24"
"4318051";"1852,00";"2010";"2754,00";"2022";"114439000,00";"2022";"1";"0";"0,00";"2024";"21/07/2026 15:43:24"
"4318101";"9582,00";"2010";"17618,00";"2022";"487080000,00";"2022";"3";"76";"1122000,00";"2024";"21/07/2026 15:43:24"
"4318200";"10826,00";"2010";"21893,00";"2022";"1035535000,00";"2022";"3";"104";"3902000,00";"2024";"21/07/2026 15:43:24"
"4318309";"28780,00";"2010";"58487,00";"2022";"2430983000,00";"2022";"7";"490";"12321000,00";"2024";"21/07/2026 15:43:24"
"4318408";"11273,00";"2010";"21028,00";"2022";"658232000,00";"2022";"2";"0";"0,00";"2024";"21/07/2026 15:43:24"
"4318424";"3061,00";"2010";"4461,00";"2022";"156461000,00";"2022";"5";"51";"1653000,00";"2024";"21/07/2026 15:43:24"
"4318432";"1569,00";"2010";"2649,00";"2022";"100561000,00";"2022";"0";"0";"0,00";"";"21/07/2026 15:43:24"
"4318440";"1891,00";"2010";"2912,00";"2022";"105496000,00";"2022";"1";"0";"0,00";"2024";"21/07/2026 15:43:24"
"4318457";"1568,00";"2010";"2362,00";"2022";"71926000,00";"2022";"0";"0";"0,00";"";"21/07/2026 15:43:24"
"4318465";"918,00";"2010";"1902,00";"2022";"52579000,00";"2022";"1";"0";"0,00";"2024";"21/07/2026 15:43:24"
"4318481";"2589,00";"2010";"4447,00";"2022";"125768000,00";"2022";"1";"0";"0,00";"2024";"21/07/2026 15:43:24"
"4318499";"1519,00";"2010";"2406,00";"2022";"185265000,00";"2022";"0";"0";"0,00";"";"21/07/2026 15:43:24"
"4318507";"12286,00";"2010";"25443,00";"2022";"651593000,00";"2022";"2";"0";"0,00";"2024";"21/07/2026 15:43:24"
"4318606";"4196,00";"2010";"6834,00";"2022";"422709000,00";"2022";"3";"81";"1487000,00";"2024";"21/07/2026 15:43:24"
"4318614";"1390,00";"2010";"2380,00";"2022";"92819000,00";"2022";"0";"0";"0,00";"";"21/07/2026 15:43:24"
"4318622";"1579,00";"2010";"4172,00";"2022";"150167000,00";"2022";"0";"0";"0,00";"";"21/07/2026 15:43:24"
"4318705";"113840,00";"2010";"217409,00";"2022";"11108700000,00";"2022";"30";"254";"6667000,00";"2024";"21/07/2026 15:43:24"
"4318804";"25677,00";"2010";"41989,00";"2022";"1625159000,00";"2022";"11";"0";"0,00";"2024";"21/07/2026 15:43:24"
"4318903";"17010,00";"2010";"34752,00";"2022";"1735290000,00";"2022";"14";"275";"7271000,00";"2024";"21/07/2026 15:43:24"
"4319000";"12091,00";"2010";"21084,00";"2022";"1215871000,00";"2022";"5";"209";"7659000,00";"2024";"21/07/2026 15:43:24"
"4319109";"3525,00";"2010";"5481,00";"2022";"294725000,00";"2022";"5";"28";"432000,00";"2024";"21/07/2026 15:43:24"
"4319125";"1416,00";"2010";"2860,00";"2022";"248748000,00";"2022";"0";"0";"0,00";"";"21/07/2026 15:43:24"
"4319158";"4066,00";"2010";"7056,00";"2022";"512975000,00";"2022";"5";"41";"893000,00";"2024";"21/07/2026 15:43:24"
"4319208";"3291,00";"2010";"5118,00";"2022";"171473000,00";"2022";"1";"0";"0,00";"2024";"21/07/2026 15:43:24"
"4319307";"4253,00";"2010";"5846,00";"2022";"181060000,00";"2022";"1";"0";"0,00";"2024";"21/07/2026 15:43:24"
"4319356";"2125,00";"2010";"3548,00";"2022";"104627000,00";"2022";"0";"0";"0,00";"";"21/07/2026 15:43:24"
"4319364";"1022,00";"2010";"1757,00";"2022";"102131000,00";"2022";"1";"0";"0,00";"2024";"21/07/2026 15:43:24"
"4319372";"1667,00";"2010";"3070,00";"2022";"128336000,00";"2022";"2";"0";"0,00";"2024";"21/07/2026 15:43:24"
"4319406";"8631,00";"2010";"15577,00";"2022";"457770000,00";"2022";"4";"108";"3805000,00";"2024";"21/07/2026 15:43:24"
"4319505";"12131,00";"2010";"24428,00";"2022";"988053000,00";"2022";"7";"188";"5384000,00";"2024";"21/07/2026 15:43:24"
"4319604";"11801,00";"2010";"21219,00";"2022";"895943000,00";"2022";"8";"0";"0,00";"2024";"21/07/2026 15:43:24"
"4319703";"2332,00";"2010";"3264,00";"2022";"117333000,00";"2022";"4";"38";"951000,00";"2024";"21/07/2026 15:43:24"
"4319711";"1456,00";"2010";"2207,00";"2022";"77019000,00";"2022";"0";"0";"0,00";"";"21/07/2026 15:43:24"
"4319737";"1456,00";"2010";"2543,00";"2022";"56571000,00";"2022";"0";"0";"0,00";"";"21/07/2026 15:43:24"
"4319752";"1383,00";"2010";"2251,00";"2022";"89106000,00";"2022";"1";"0";"0,00";"2024";"21/07/2026 15:43:24"
"4319802";"4218,00";"2010";"8097,00";"2022";"646468000,00";"2022";"0";"0";"0,00";"";"21/07/2026 15:43:24"
"4319901";"42921,00";"2010";"75648,00";"2022";"3686148000,00";"2022";"16";"202";"5883000,00";"2024";"21/07/2026 15:43:24"
"4320008";"65638,00";"2010";"132107,00";"2022";"4378885000,00";"2022";"16";"149";"7694000,00";"2024";"21/07/2026 15:43:24"
"4320107";"12776,00";"2010";"22851,00";"2022";"1388514000,00";"2022";"4";"197";"5077000,00";"2024";"21/07/2026 15:43:24"
"4320206";"6626,00";"2010";"11950,00";"2022";"653026000,00";"2022";"10";"46";"846000,00";"2024";"21/07/2026 15:43:24"
"4320230";"1744,00";"2010";"2704,00";"2022";"112472000,00";"2022";"1";"0";"0,00";"2024";"21/07/2026 15:43:24"
"4320263";"4214,00";"2010";"6009,00";"2022";"131665000,00";"2022";"2";"0";"0,00";"2024";"21/07/2026 15:43:24"
"4320305";"3384,00";"2010";"5107,00";"2022";"315597000,00";"2022";"4";"104";"2698000,00";"2024";"21/07/2026 15:43:24"
"4320321";"1708,00";"2010";"2673,00";"2022";"108603000,00";"2022";"1";"0";"0,00";"2024";"21/07/2026 15:43:24"
"4320354";"2853,00";"2010";"5306,00";"2022";"150052000,00";"2022";"2";"0";"0,00";"2024";"21/07/2026 15:43:24"
"4320404";"8842,00";"2010";"16961,00";"2022";"830136000,00";"2022";"13";"241";"5414000,00";"2024";"21/07/2026 15:43:24"
"4320453";"1670,00";"2010";"1941,00";"2022";"58838000,00";"2022";"0";"0";"0,00";"";"21/07/2026 15:43:24"
"4320503";"3517,00";"2010";"5541,00";"2022";"397349000,00";"2022";"3";"15";"261000,00";"2024";"21/07/2026 15:43:24"
"4320552";"3269,00";"2010";"5863,00";"2022";"338547000,00";"2022";"1";"0";"0,00";"2024";"21/07/2026 15:43:24"
"4320578";"1183,00";"2010";"1830,00";"2022";"61049000,00";"2022";"1";"0";"0,00";"2024";"21/07/2026 15:43:24"
"4320602";"2721,00";"2010";"3406,00";"2022";"126366000,00";"2022";"2";"0";"0,00";"2024";"21/07/2026 15:43:24"
"4320651";"1444,00";"2010";"2028,00";"2022";"69071000,00";"2022";"2";"0";"0,00";"2024";"21/07/2026 15:43:24"
"4320677";"6395,00";"2010";"8578,00";"2022";"197557000,00";"2022";"8";"28";"345000,00";"2024";"21/07/2026 15:43:24"
"4320701";"8366,00";"2010";"14226,00";"2022";"472340000,00";"2022";"3";"188";"5068000,00";"2024";"21/07/2026 15:43:24"
"4320800";"15772,00";"2010";"29991,00";"2022";"1218858000,00";"2022";"12";"165";"4547000,00";"2024";"21/07/2026 15:43:24"
"4320859";"2174,00";"2010";"4461,00";"2022";"157892000,00";"2022";"4";"0";"0,00";"2024";"21/07/2026 15:43:24"
"4320909";"12096,00";"2010";"24557,00";"2022";"1690648000,00";"2022";"11";"367";"12174000,00";"2024";"21/07/2026 15:43:24"
"4321006";"6042,00";"2010";"10592,00";"2022";"588432000,00";"2022";"2";"0";"0,00";"2024";"21/07/2026 15:43:24"
"4321105";"7917,00";"2010";"14695,00";"2022";"550850000,00";"2022";"9";"61";"1606000,00";"2024";"21/07/2026 15:43:24"
"4321204";"30309,00";"2010";"53242,00";"2022";"1650288000,00";"2022";"9";"289";"7202000,00";"2024";"21/07/2026 15:43:24"
"4321303";"13060,00";"2010";"25198,00";"2022";"1018376000,00";"2022";"9";"0";"0,00";"2024";"21/07/2026 15:43:24"
"4321329";"2071,00";"2010";"3119,00";"2022";"172598000,00";"2022";"3";"14";"278000,00";"2024";"21/07/2026 15:43:24"
"4321352";"3199,00";"2010";"5212,00";"2022";"123165000,00";"2022";"1";"0";"0,00";"2024";"21/07/2026 15:43:24"
"4321402";"6876,00";"2010";"14497,00";"2022";"531864000,00";"2022";"5";"85";"2079000,00";"2024";"21/07/2026 15:43:24"
"4321436";"5169,00";"2010";"10334,00";"2022";"317410000,00";"2022";"4";"70";"3100000,00";"2024";"21/07/2026 15:43:24"
"4321451";"18234,00";"2010";"32797,00";"2022";"1779423000,00";"2022";"11";"244";"6751000,00";"2024";"21/07/2026 15:43:24"
"4321469";"1602,00";"2010";"3267,00";"2022";"186236000,00";"2022";"2";"0";"0,00";"2024";"21/07/2026 15:43:24"
"4321477";"3899,00";"2010";"5129,00";"2022";"156601000,00";"2022";"1";"0";"0,00";"2024";"21/07/2026 15:43:24"
"4321493";"2198,00";"2010";"2554,00";"2022";"75078000,00";"2022";"0";"0";"0,00";"";"21/07/2026 15:43:24"
"4321501";"18510,00";"2010";"41751,00";"2022";"1544810000,00";"2022";"22";"252";"6601000,00";"2024";"21/07/2026 15:43:24"
"4321600";"19394,00";"2010";"54387,00";"2022";"1329519000,00";"2022";"18";"169";"3264000,00";"2024";"21/07/2026 15:43:24"
"4321626";"1568,00";"2010";"2152,00";"2022";"75526000,00";"2022";"0";"0";"0,00";"";"21/07/2026 15:43:24"
"4321634";"2149,00";"2010";"2591,00";"2022";"122485000,00";"2022";"4";"8";"116000,00";"2024";"21/07/2026 15:43:24"
"4321667";"5904,00";"2010";"10962,00";"2022";"337654000,00";"2022";"8";"0";"0,00";"2024";"21/07/2026 15:43:24"
"4321709";"14736,00";"2010";"24425,00";"2022";"940955000,00";"2022";"12";"50";"955000,00";"2024";"21/07/2026 15:43:24"
"4321808";"14125,00";"2010";"24916,00";"2022";"1382580000,00";"2022";"3";"218";"5476000,00";"2024";"21/07/2026 15:43:24"
"4321832";"1507,00";"2010";"2760,00";"2022";"65535000,00";"2022";"2";"0";"0,00";"2024";"21/07/2026 15:43:24"
"4321857";"2477,00";"2010";"4716,00";"2022";"167221000,00";"2022";"1";"0";"0,00";"2024";"21/07/2026 15:43:24"
"4321907";"14243,00";"2010";"25436,00";"2022";"1042891000,00";"2022";"13";"92";"2028000,00";"2024";"21/07/2026 15:43:24"
"4321956";"3135,00";"2010";"7556,00";"2022";"350216000,00";"2022";"3";"0";"0,00";"2024";"21/07/2026 15:43:24"
"4322004";"13814,00";"2010";"27498,00";"2022";"8100073000,00";"2022";"2";"0";"0,00";"2024";"21/07/2026 15:43:24"
"4322103";"3511,00";"2010";"5542,00";"2022";"231816000,00";"2022";"2";"0";"0,00";"2024";"21/07/2026 15:43:24"
"4322152";"2734,00";"2010";"3681,00";"2022";"94230000,00";"2022";"2";"0";"0,00";"2024";"21/07/2026 15:43:24"
"4322186";"1077,00";"2010";"1374,00";"2022";"69335000,00";"2022";"0";"0";"0,00";"";"21/07/2026 15:43:24"
"4322202";"11448,00";"2010";"20005,00";"2022";"1376719000,00";"2022";"8";"164";"4524000,00";"2024";"21/07/2026 15:43:24"
"4322251";"2690,00";"2010";"5029,00";"2022";"492126000,00";"2022";"4";"43";"1101000,00";"2024";"21/07/2026 15:43:24"
"4322301";"4583,00";"2010";"8363,00";"2022";"337680000,00";"2022";"0";"0";"0,00";"";"21/07/2026 15:43:24"
"4322327";"1836,00";"2010";"3419,00";"2022";"155553000,00";"2022";"0";"0";"0,00";"";"21/07/2026 15:43:24"
"4322343";"1762,00";"2010";"1994,00";"2022";"66301000,00";"2022";"2";"0";"0,00";"2024";"21/07/2026 15:43:24"
"4322350";"1110,00";"2010";"1170,00";"2022";"61154000,00";"2022";"0";"0";"0,00";"";"21/07/2026 15:43:24"
"4322376";"1092,00";"2010";"1995,00";"2022";"72706000,00";"2022";"0";"0";"0,00";"";"21/07/2026 15:43:24"
"4322400";"59352,00";"2010";"117210,00";"2022";"3458296000,00";"2022";"21";"2070";"60158000,00";"2024";"21/07/2026 15:43:24"
"4322509";"31059,00";"2010";"64197,00";"2022";"3123585000,00";"2022";"35";"503";"12078000,00";"2024";"21/07/2026 15:43:24"
"4322525";"1689,00";"2010";"3150,00";"2022";"124468000,00";"2022";"1";"0";"0,00";"2024";"21/07/2026 15:43:24"
"4322533";"6750,00";"2010";"9897,00";"2022";"308990000,00";"2022";"3";"26";"516000,00";"2024";"21/07/2026 15:43:24"
"4322541";"3436,00";"2010";"6058,00";"2022";"236643000,00";"2022";"1";"0";"0,00";"2024";"21/07/2026 15:43:24"
"4322558";"1260,00";"2010";"2004,00";"2022";"66961000,00";"2022";"1";"0";"0,00";"2024";"21/07/2026 15:43:24"
"4322608";"40087,00";"2010";"68763,00";"2022";"3876145000,00";"2022";"22";"637";"14225000,00";"2024";"21/07/2026 15:43:24"
"4322707";"14070,00";"2010";"26710,00";"2022";"879952000,00";"2022";"10";"324";"8907000,00";"2024";"21/07/2026 15:43:24"
"4322806";"13758,00";"2010";"24021,00";"2022";"2153389000,00";"2022";"14";"185";"5896000,00";"2024";"21/07/2026 15:43:24"
"4322855";"1507,00";"2010";"1818,00";"2022";"96635000,00";"2022";"1";"0";"0,00";"2024";"21/07/2026 15:43:24"
"4322905";"3321,00";"2010";"4769,00";"2022";"180273000,00";"2022";"6";"44";"1100000,00";"2024";"21/07/2026 15:43:24"
"4323002";"122792,00";"2010";"224112,00";"2022";"4647664000,00";"2022";"41";"1495";"46495000,00";"2024";"21/07/2026 15:43:24"
"4323101";"2841,00";"2010";"4665,00";"2022";"116895000,00";"2022";"0";"0";"0,00";"";"21/07/2026 15:43:24"
"4323200";"1978,00";"2010";"2780,00";"2022";"183147000,00";"2022";"2";"0";"0,00";"2024";"21/07/2026 15:43:24"
"4323309";"1896,00";"2010";"3646,00";"2022";"331034000,00";"2022";"3";"0";"0,00";"2024";"21/07/2026 15:43:24"
"4323358";"1468,00";"2010";"2079,00";"2022";"159764000,00";"2022";"0";"0";"0,00";"";"21/07/2026 15:43:24"
"4323408";"3088,00";"2010";"4413,00";"2022";"326670000,00";"2022";"1";"0";"0,00";"2024";"21/07/2026 15:43:24"
"4323457";"1607,00";"2010";"3863,00";"2022";"158884000,00";"2022";"2";"0";"0,00";"2024";"21/07/2026 15:43:24"
"4323507";"1858,00";"2010";"2660,00";"2022";"120420000,00";"2022";"4";"19";"332000,00";"2024";"21/07/2026 15:43:24"
"4323606";"1108,00";"2010";"1590,00";"2022";"74432000,00";"2022";"3";"0";"0,00";"2024";"21/07/2026 15:43:24"
"4323705";"1785,00";"2010";"2783,00";"2022";"87315000,00";"2022";"1";"0";"0,00";"2024";"21/07/2026 15:43:24"
"4323754";"2139,00";"2010";"3260,00";"2022";"80087000,00";"2022";"4";"18";"400000,00";"2024";"21/07/2026 15:43:24"
"4323770";"2052,00";"2010";"3098,00";"2022";"255847000,00";"2022";"1";"0";"0,00";"2024";"21/07/2026 15:43:24"
"4323804";"6736,00";"2010";"16463,00";"2022";"790855000,00";"2022";"2";"0";"0,00";"2024";"21/07/2026 15:43:24"
"5000203";"7484,00";"2010";"16741,00";"2022";"1718478000,00";"2022";"5";"295";"9139000,00";"2024";"21/07/2026 15:43:24"
"5000252";"2485,00";"2010";"4537,00";"2022";"291926000,00";"2022";"3";"32";"453000,00";"2024";"21/07/2026 15:43:24"
"5000609";"15845,00";"2010";"39325,00";"2022";"2107401000,00";"2022";"7";"70";"1761000,00";"2024";"21/07/2026 15:43:24"
"5000708";"11555,00";"2010";"24114,00";"2022";"964115000,00";"2022";"4";"110";"3413000,00";"2024";"21/07/2026 15:43:24"
"5000807";"3879,00";"2010";"7653,00";"2022";"438853000,00";"2022";"4";"27";"597000,00";"2024";"21/07/2026 15:43:24"
"5000856";"4740,00";"2010";"10729,00";"2022";"1013830000,00";"2022";"3";"89";"2124000,00";"2024";"21/07/2026 15:43:24"
"5000906";"3690,00";"2010";"9303,00";"2022";"917075000,00";"2022";"13";"51";"627000,00";"2024";"21/07/2026 15:43:24"
"5001003";"11567,00";"2010";"27674,00";"2022";"2245279000,00";"2022";"9";"40";"638000,00";"2024";"21/07/2026 15:43:24"
"5001102";"19864,00";"2010";"46803,00";"2022";"1341941000,00";"2022";"13";"223";"7082000,00";"2024";"21/07/2026 15:43:24"
"5001243";"4447,00";"2010";"10748,00";"2022";"1184828000,00";"2022";"5";"24";"564000,00";"2024";"21/07/2026 15:43:24"
"5001508";"3299,00";"2010";"7940,00";"2022";"1076855000,00";"2022";"3";"6";"48000,00";"2024";"21/07/2026 15:43:24"
"5001904";"10401,00";"2010";"23031,00";"2022";"1403352000,00";"2022";"4";"28";"761000,00";"2024";"21/07/2026 15:43:24"
"5002001";"5192,00";"2010";"10712,00";"2022";"637225000,00";"2022";"10";"51";"1114000,00";"2024";"21/07/2026 15:43:24"
"5002100";"11037,00";"2010";"21613,00";"2022";"1098991000,00";"2022";"6";"0";"0,00";"2024";"21/07/2026 15:43:24"
"5002159";"3920,00";"2010";"8567,00";"2022";"511355000,00";"2022";"4";"87";"2413000,00";"2024";"21/07/2026 15:43:24"
"5002209";"10417,00";"2010";"23659,00";"2022";"1312946000,00";"2022";"8";"118";"5266000,00";"2024";"21/07/2026 15:43:24"
"5002308";"6325,00";"2010";"11579,00";"2022";"1056555000,00";"2022";"2";"0";"0,00";"2024";"21/07/2026 15:43:24"
"5002407";"12348,00";"2010";"30612,00";"2022";"2000420000,00";"2022";"3";"13";"204000,00";"2024";"21/07/2026 15:43:24"
"5002605";"7040,00";"2010";"13583,00";"2022";"774336000,00";"2022";"2";"0";"0,00";"2024";"21/07/2026 15:43:24"
"5002704";"435728,00";"2010";"898100,00";"2022";"40478598000,00";"2022";"130";"3951";"125620000,00";"2024";"21/07/2026 15:43:24"
"5002803";"2538,00";"2010";"5036,00";"2022";"218740000,00";"2022";"2";"0";"0,00";"2024";"21/07/2026 15:43:24"
"5002902";"10968,00";"2010";"20988,00";"2022";"1000068000,00";"2022";"16";"98";"2256000,00";"2024";"21/07/2026 15:43:24"
"5002951";"11243,00";"2010";"30993,00";"2022";"3540874000,00";"2022";"7";"95";"3559000,00";"2024";"21/07/2026 15:43:24"
"5003108";"2407,00";"2010";"4783,00";"2022";"139570000,00";"2022";"4";"29";"2578000,00";"2024";"21/07/2026 15:43:24"
"5003157";"5325,00";"2010";"14289,00";"2022";"361039000,00";"2022";"11";"55";"979000,00";"2024";"21/07/2026 15:43:24"
"5003207";"48451,00";"2010";"96268,00";"2022";"3858947000,00";"2022";"12";"444";"10532000,00";"2024";"21/07/2026 15:43:24"
"5003256";"10730,00";"2010";"26037,00";"2022";"3569032000,00";"2022";"10";"1031";"33396000,00";"2024";"21/07/2026 15:43:24"
"5003306";"16638,00";"2010";"32151,00";"2022";"1273342000,00";"2022";"22";"317";"8284000,00";"2024";"21/07/2026 15:43:24"
"5003454";"5951,00";"2010";"13663,00";"2022";"576103000,00";"2022";"2";"0";"0,00";"2024";"21/07/2026 15:43:24"
"5003488";"4075,00";"2010";"11100,00";"2022";"375901000,00";"2022";"1";"0";"0,00";"2024";"21/07/2026 15:43:24"
"5003504";"2502,00";"2010";"5578,00";"2022";"221684000,00";"2022";"1";"0";"0,00";"2024";"21/07/2026 15:43:24"
"5003702";"101905,00";"2010";"243367,00";"2022";"17441798000,00";"2022";"47";"2028";"49652000,00";"2024";"21/07/2026 15:43:24"
"5003751";"5893,00";"2010";"11386,00";"2022";"558800000,00";"2022";"1";"0";"0,00";"2024";"21/07/2026 15:43:24"
"5003801";"9569,00";"2010";"20609,00";"2022";"730287000,00";"2022";"8";"50";"1396000,00";"2024";"21/07/2026 15:43:24"
"5003900";"1453,00";"2010";"3539,00";"2022";"161690000,00";"2022";"3";"0";"0,00";"2024";"21/07/2026 15:43:24"
"5004007";"4961,00";"2010";"10444,00";"2022";"332847000,00";"2022";"6";"67";"2176000,00";"2024";"21/07/2026 15:43:24"
"5004106";"4480,00";"2010";"9940,00";"2022";"360936000,00";"2022";"4";"15";"400000,00";"2024";"21/07/2026 15:43:25"
"5004304";"6924,00";"2010";"13808,00";"2022";"756246000,00";"2022";"4";"48";"1064000,00";"2024";"21/07/2026 15:43:25"
"5004403";"3821,00";"2010";"8404,00";"2022";"474388000,00";"2022";"1";"0";"0,00";"2024";"21/07/2026 15:43:25"
"5004502";"9452,00";"2010";"24137,00";"2022";"1340706000,00";"2022";"1";"0";"0,00";"2024";"21/07/2026 15:43:25"
"5004601";"8393,00";"2010";"19423,00";"2022";"1232966000,00";"2022";"7";"39";"771000,00";"2024";"21/07/2026 15:43:25"
"5004700";"11679,00";"2010";"27821,00";"2022";"1561569000,00";"2022";"20";"86";"2509000,00";"2024";"21/07/2026 15:43:25"
"5004809";"2256,00";"2010";"8148,00";"2022";"191238000,00";"2022";"0";"0";"0,00";"";"21/07/2026 15:43:25"
"5004908";"3646,00";"2010";"7139,00";"2022";"777136000,00";"2022";"1";"0";"0,00";"2024";"21/07/2026 15:43:25"
"5005004";"11821,00";"2010";"23981,00";"2022";"1067857000,00";"2022";"15";"74";"1225000,00";"2024";"21/07/2026 15:43:25"
"5005103";"1825,00";"2010";"3586,00";"2022";"389893000,00";"2022";"3";"16";"340000,00";"2024";"21/07/2026 15:43:25"
"5005152";"2250,00";"2010";"6729,00";"2022";"388258000,00";"2022";"4";"0";"0,00";"2024";"21/07/2026 15:43:25"
"5005202";"7978,00";"2010";"21522,00";"2022";"385976000,00";"2022";"2";"0";"0,00";"2024";"21/07/2026 15:43:25"
"5005251";"2982,00";"2010";"6799,00";"2022";"895138000,00";"2022";"2";"0";"0,00";"2024";"21/07/2026 15:43:25"
"5005400";"18949,00";"2010";"45047,00";"2022";"5775525000,00";"2022";"12";"87";"2874000,00";"2024";"21/07/2026 15:43:25"
"5005608";"10746,00";"2010";"25536,00";"2022";"673147000,00";"2022";"5";"0";"0,00";"2024";"21/07/2026 15:43:25"
"5005681";"8647,00";"2010";"19193,00";"2022";"838514000,00";"2022";"9";"85";"2379000,00";"2024";"21/07/2026 15:43:25"
"5005707";"24416,00";"2010";"50457,00";"2022";"2882132000,00";"2022";"18";"230";"18649000,00";"2024";"21/07/2026 15:43:25"
"5005806";"6801,00";"2010";"13220,00";"2022";"541179000,00";"2022";"5";"87";"1455000,00";"2024";"21/07/2026 15:43:25"
"5006002";"8483,00";"2010";"21822,00";"2022";"2485637000,00";"2022";"7";"61";"3370000,00";"2024";"21/07/2026 15:43:25"
"5006200";"24525,00";"2010";"48563,00";"2022";"3205466000,00";"2022";"29";"383";"8609000,00";"2024";"21/07/2026 15:43:25"
"5006259";"2636,00";"2010";"4721,00";"2022";"267858000,00";"2022";"3";"14";"581000,00";"2024";"21/07/2026 15:43:25"
"5006275";"0,00";"2010";"5510,00";"2022";"1545566000,00";"2022";"3";"10";"186000,00";"2024";"21/07/2026 15:43:25"
"5006309";"21354,00";"2010";"40957,00";"2022";"1606751000,00";"2022";"14";"271";"7599000,00";"2024";"21/07/2026 15:43:25"
"5006358";"3541,00";"2010";"12921,00";"2022";"241040000,00";"2022";"6";"30";"739000,00";"2024";"21/07/2026 15:43:25"
"5006408";"3914,00";"2010";"6941,00";"2022";"390021000,00";"2022";"3";"0";"0,00";"2024";"21/07/2026 15:43:25"
"5006606";"38807,00";"2010";"92017,00";"2022";"4682122000,00";"2022";"23";"495";"11425000,00";"2024";"21/07/2026 15:43:25"
"5006903";"6638,00";"2010";"12859,00";"2022";"452838000,00";"2022";"5";"0";"0,00";"2024";"21/07/2026 15:43:25"
"5007109";"11078,00";"2010";"23150,00";"2022";"2220978000,00";"2022";"6";"166";"9246000,00";"2024";"21/07/2026 15:43:25"
"5007208";"16058,00";"2010";"37601,00";"2022";"3253727000,00";"2022";"8";"56";"1375000,00";"2024";"21/07/2026 15:43:25"
"5007307";"2490,00";"2010";"4841,00";"2022";"157675000,00";"2022";"1";"0";"0,00";"2024";"21/07/2026 15:43:25"
"5007406";"10223,00";"2010";"19818,00";"2022";"843881000,00";"2022";"8";"94";"2975000,00";"2024";"21/07/2026 15:43:25"
"5007505";"2564,00";"2010";"5199,00";"2022";"373746000,00";"2022";"1";"0";"0,00";"2024";"21/07/2026 15:43:25"
"5007554";"3613,00";"2010";"7027,00";"2022";"414091000,00";"2022";"2";"0";"0,00";"2024";"21/07/2026 15:43:25"
"5007695";"12419,00";"2010";"29579,00";"2022";"3210185000,00";"2022";"5";"265";"9228000,00";"2024";"21/07/2026 15:43:25"
"5007703";"4890,00";"2010";"10994,00";"2022";"408989000,00";"2022";"3";"34";"673000,00";"2024";"21/07/2026 15:43:25"
"5007802";"2907,00";"2010";"8142,00";"2022";"2961878000,00";"2022";"1";"0";"0,00";"2024";"21/07/2026 15:43:25"
"5007901";"22281,00";"2010";"47118,00";"2022";"3961554000,00";"2022";"12";"220";"4914000,00";"2024";"21/07/2026 15:43:25"
"5007935";"7537,00";"2010";"14516,00";"2022";"1492717000,00";"2022";"7";"139";"3971000,00";"2024";"21/07/2026 15:43:25"
"5007950";"3562,00";"2010";"10808,00";"2022";"299109000,00";"2022";"5";"26";"581000,00";"2024";"21/07/2026 15:43:25"
"5007976";"1756,00";"2010";"3625,00";"2022";"165127000,00";"2022";"2";"0";"0,00";"2024";"21/07/2026 15:43:25"
"5008008";"7385,00";"2010";"17652,00";"2022";"934248000,00";"2022";"4";"78";"2272000,00";"2024";"21/07/2026 15:43:25"
"5008305";"54280,00";"2010";"132152,00";"2022";"13045271000,00";"2022";"21";"1107";"36876000,00";"2024";"21/07/2026 15:43:25"
"5008404";"2830,00";"2010";"6336,00";"2022";"318971000,00";"2022";"4";"11";"248000,00";"2024";"21/07/2026 15:43:25"
"5100102";"1843,00";"2010";"5014,00";"2022";"143255000,00";"2022";"1";"0";"0,00";"2024";"21/07/2026 15:43:25"
"5100201";"10071,00";"2010";"29219,00";"2022";"2559709000,00";"2022";"18";"159";"5370000,00";"2024";"21/07/2026 15:43:25"
"5100250";"25554,00";"2010";"58613,00";"2022";"2570691000,00";"2022";"23";"3339";"128091000,00";"2024";"21/07/2026 15:43:25"
"5100300";"8399,00";"2010";"17193,00";"2022";"1820876000,00";"2022";"10";"149";"3533000,00";"2024";"21/07/2026 15:43:25"
"5100359";"2126,00";"2010";"5715,00";"2022";"321152000,00";"2022";"7";"0";"0,00";"2024";"21/07/2026 15:43:25"
"5100409";"5443,00";"2010";"13052,00";"2022";"1382832000,00";"2022";"4";"40";"778000,00";"2024";"21/07/2026 15:43:25"
"5100508";"3493,00";"2010";"8009,00";"2022";"155562000,00";"2022";"2";"0";"0,00";"2024";"21/07/2026 15:43:25"
"5100607";"4319,00";"2010";"10904,00";"2022";"1516366000,00";"2022";"10";"66";"920000,00";"2024";"21/07/2026 15:43:25"
"5100805";"4675,00";"2010";"8590,00";"2022";"256494000,00";"2022";"3";"22";"492000,00";"2024";"21/07/2026 15:43:25"
"5101001";"1548,00";"2010";"3795,00";"2022";"172514000,00";"2022";"6";"12";"72000,00";"2024";"21/07/2026 15:43:25"
"5101209";"525,00";"2010";"1010,00";"2022";"31669000,00";"2022";"1";"0";"0,00";"2024";"21/07/2026 15:43:25"
"5101258";"7829,00";"2010";"14786,00";"2022";"707293000,00";"2022";"7";"98";"2810000,00";"2024";"21/07/2026 15:43:25"
"5101308";"5491,00";"2010";"10576,00";"2022";"270202000,00";"2022";"8";"46";"973000,00";"2024";"21/07/2026 15:43:25"
"5101407";"7362,00";"2010";"24626,00";"2022";"1397041000,00";"2022";"20";"259";"7446000,00";"2024";"21/07/2026 15:43:25"
"5101605";"2536,00";"2010";"7253,00";"2022";"121806000,00";"2022";"0";"0";"0,00";"";"21/07/2026 15:43:25"
"5101704";"15131,00";"2010";"29403,00";"2022";"1774307000,00";"2022";"10";"149";"4143000,00";"2024";"21/07/2026 15:43:25"
"5101803";"26107,00";"2010";"69210,00";"2022";"3208206000,00";"2022";"27";"1310";"40597000,00";"2024";"21/07/2026 15:43:25"
"5101852";"2581,00";"2010";"7280,00";"2022";"1178321000,00";"2022";"14";"53";"1150000,00";"2024";"21/07/2026 15:43:25"
"5101902";"8105,00";"2010";"17004,00";"2022";"2458070000,00";"2022";"6";"82";"2453000,00";"2024";"21/07/2026 15:43:25"
"5102504";"40295,00";"2010";"89681,00";"2022";"2349227000,00";"2022";"28";"265";"5010000,00";"2024";"21/07/2026 15:43:25"
"5102603";"4506,00";"2010";"15347,00";"2022";"498545000,00";"2022";"9";"38";"478000,00";"2024";"21/07/2026 15:43:25"
"5102637";"14568,00";"2010";"45899,00";"2022";"7304671000,00";"2022";"9";"494";"20742000,00";"2024";"21/07/2026 15:43:25"
"5102678";"17724,00";"2010";"44585,00";"2022";"5239952000,00";"2022";"12";"243";"8739000,00";"2024";"21/07/2026 15:43:25"
"5102686";"2678,00";"2010";"8822,00";"2022";"2919960000,00";"2022";"5";"155";"4818000,00";"2024";"21/07/2026 15:43:25"
"5102694";"2236,00";"2010";"4485,00";"2022";"299805000,00";"2022";"5";"18";"327000,00";"2024";"21/07/2026 15:43:25"
"5102702";"9735,00";"2010";"25858,00";"2022";"3111500000,00";"2022";"26";"276";"5717000,00";"2024";"21/07/2026 15:43:25"
"5102793";"5655,00";"2010";"10332,00";"2022";"373988000,00";"2022";"6";"89";"2341000,00";"2024";"21/07/2026 15:43:25"
"5102850";"4106,00";"2010";"7506,00";"2022";"217319000,00";"2022";"6";"31";"883000,00";"2024";"21/07/2026 15:43:25"
"5103007";"8282,00";"2010";"18990,00";"2022";"1386948000,00";"2022";"16";"73";"2264000,00";"2024";"21/07/2026 15:43:25"
"5103056";"5807,00";"2010";"9593,00";"2022";"1189669000,00";"2022";"3";"45";"1293000,00";"2024";"21/07/2026 15:43:25"
"5103106";"2840,00";"2010";"6220,00";"2022";"348086000,00";"2022";"4";"0";"0,00";"2024";"21/07/2026 15:43:25"
"5103205";"16523,00";"2010";"31370,00";"2022";"1544915000,00";"2022";"12";"1280";"45077000,00";"2024";"21/07/2026 15:43:25"
"5103254";"13634,00";"2010";"25766,00";"2022";"781097000,00";"2022";"9";"0";"0,00";"2024";"21/07/2026 15:43:25"
"5103304";"8467,00";"2010";"18238,00";"2022";"1123199000,00";"2022";"9";"211";"6626000,00";"2024";"21/07/2026 15:43:25"
"5103353";"10980,00";"2010";"35075,00";"2022";"1746499000,00";"2022";"37";"180";"6656000,00";"2024";"21/07/2026 15:43:25"
"5103361";"1699,00";"2010";"3760,00";"2022";"157866000,00";"2022";"2";"0";"0,00";"2024";"21/07/2026 15:43:25"
"5103379";"7216,00";"2010";"11011,00";"2022";"271309000,00";"2022";"2";"0";"0,00";"2024";"21/07/2026 15:43:25"
"5103403";"302735,00";"2010";"650877,00";"2022";"34153881000,00";"2022";"154";"2992";"66108000,00";"2024";"21/07/2026 15:43:25"
"5103437";"2227,00";"2010";"4903,00";"2022";"136476000,00";"2022";"0";"0";"0,00";"";"21/07/2026 15:43:25"
"5103452";"4093,00";"2010";"7014,00";"2022";"503915000,00";"2022";"4";"13";"436000,00";"2024";"21/07/2026 15:43:25"
"5103502";"11411,00";"2010";"21941,00";"2022";"5401805000,00";"2022";"12";"84";"1850000,00";"2024";"21/07/2026 15:43:25"
"5103601";"3642,00";"2010";"7872,00";"2022";"739336000,00";"2022";"3";"11";"154000,00";"2024";"21/07/2026 15:43:25"
"5103700";"5458,00";"2010";"10521,00";"2022";"1209071000,00";"2022";"4";"57";"1363000,00";"2024";"21/07/2026 15:43:25"
"5103809";"1842,00";"2010";"3187,00";"2022";"90431000,00";"2022";"7";"24";"349000,00";"2024";"21/07/2026 15:43:25"
"5103858";"2169,00";"2010";"8642,00";"2022";"1447641000,00";"2022";"5";"96";"2235000,00";"2024";"21/07/2026 15:43:25"
"5103908";"2102,00";"2010";"6037,00";"2022";"595399000,00";"2022";"4";"14";"146000,00";"2024";"21/07/2026 15:43:25"
"5103957";"1448,00";"2010";"2905,00";"2022";"89134000,00";"2022";"1";"0";"0,00";"2024";"21/07/2026 15:43:25"
"5104104";"17398,00";"2010";"31024,00";"2022";"1082920000,00";"2022";"11";"33";"518000,00";"2024";"21/07/2026 15:43:25"
"5104203";"6721,00";"2010";"10966,00";"2022";"748424000,00";"2022";"6";"44";"1380000,00";"2024";"21/07/2026 15:43:25"
"5104500";"979,00";"2010";"2213,00";"2022";"105729000,00";"2022";"3";"17";"378000,00";"2024";"21/07/2026 15:43:25"
"5104526";"2863,00";"2010";"7815,00";"2022";"2182478000,00";"2022";"3";"36";"1236000,00";"2024";"21/07/2026 15:43:25"
"5104542";"2576,00";"2010";"7539,00";"2022";"816015000,00";"2022";"3";"21";"453000,00";"2024";"21/07/2026 15:43:25"
"5104559";"2175,00";"2010";"5020,00";"2022";"596681000,00";"2022";"1";"0";"0,00";"2024";"21/07/2026 15:43:25"
"5104609";"5641,00";"2010";"12236,00";"2022";"2231710000,00";"2022";"9";"53";"1346000,00";"2024";"21/07/2026 15:43:25"
"5104807";"12889,00";"2010";"28569,00";"2022";"1401159000,00";"2022";"12";"323";"8451000,00";"2024";"21/07/2026 15:43:25"
"5104906";"2392,00";"2010";"7426,00";"2022";"182481000,00";"2022";"1";"0";"0,00";"2024";"21/07/2026 15:43:25"
"5105002";"3826,00";"2010";"8367,00";"2022";"330596000,00";"2022";"3";"0";"0,00";"2024";"21/07/2026 15:43:25"
"5105101";"16537,00";"2010";"34906,00";"2022";"1555633000,00";"2022";"17";"189";"4364000,00";"2024";"21/07/2026 15:43:25"
"5105150";"19868,00";"2010";"45869,00";"2022";"1538462000,00";"2022";"12";"468";"14212000,00";"2024";"21/07/2026 15:43:25"
"5105176";"5679,00";"2010";"10213,00";"2022";"304752000,00";"2022";"13";"209";"6039000,00";"2024";"21/07/2026 15:43:25"
"5105200";"5532,00";"2010";"11480,00";"2022";"554939000,00";"2022";"2";"0";"0,00";"2024";"21/07/2026 15:43:25"
"5105234";"2483,00";"2010";"4790,00";"2022";"272835000,00";"2022";"3";"14";"216000,00";"2024";"21/07/2026 15:43:25"
"5105259";"25967,00";"2010";"83798,00";"2022";"8003926000,00";"2022";"28";"614";"23601000,00";"2024";"21/07/2026 15:43:25"
"5105309";"840,00";"2010";"2509,00";"2022";"54686000,00";"2022";"6";"21";"200000,00";"2024";"21/07/2026 15:43:25"
"5105507";"5429,00";"2010";"16774,00";"2022";"733512000,00";"2022";"6";"94";"1701000,00";"2024";"21/07/2026 15:43:25"
"5105580";"6076,00";"2010";"11396,00";"2022";"949768000,00";"2022";"15";"110";"2837000,00";"2024";"21/07/2026 15:43:25"
"5105606";"7403,00";"2010";"20091,00";"2022";"1625932000,00";"2022";"6";"755";"25155000,00";"2024";"21/07/2026 15:43:25"
"5105622";"12889,00";"2010";"26785,00";"2022";"1025802000,00";"2022";"14";"121";"3236000,00";"2024";"21/07/2026 15:43:25"
"5105903";"6990,00";"2010";"15492,00";"2022";"1181391000,00";"2022";"10";"77";"1571000,00";"2024";"21/07/2026 15:43:25"
"5106000";"3124,00";"2010";"5956,00";"2022";"344518000,00";"2022";"3";"10";"215000,00";"2024";"21/07/2026 15:43:25"
"5106109";"4979,00";"2010";"12940,00";"2022";"375822000,00";"2022";"2";"0";"0,00";"2024";"21/07/2026 15:43:25"
"5106158";"4960,00";"2010";"13635,00";"2022";"404641000,00";"2022";"12";"83";"1848000,00";"2024";"21/07/2026 15:43:25"
"5106174";"1064,00";"2010";"4200,00";"2022";"182489000,00";"2022";"3";"3";"0,00";"2024";"21/07/2026 15:43:25"
"5106182";"2449,00";"2010";"6670,00";"2022";"390805000,00";"2022";"5";"96";"3782000,00";"2024";"21/07/2026 15:43:25"
"5106190";"1734,00";"2010";"4239,00";"2022";"446336000,00";"2022";"3";"0";"0,00";"2024";"21/07/2026 15:43:25"
"5106208";"1676,00";"2010";"3932,00";"2022";"150092000,00";"2022";"0";"0";"0,00";"";"21/07/2026 15:43:25"
"5106216";"6203,00";"2010";"11707,00";"2022";"972702000,00";"2022";"4";"67";"1570000,00";"2024";"21/07/2026 15:43:25"
"5106224";"18600,00";"2010";"55839,00";"2022";"7464906000,00";"2022";"14";"347";"11703000,00";"2024";"21/07/2026 15:43:25"
"5106232";"8586,00";"2010";"16352,00";"2022";"925054000,00";"2022";"9";"20";"282000,00";"2024";"21/07/2026 15:43:25"
"5106240";"4823,00";"2010";"11530,00";"2022";"3432071000,00";"2022";"6";"11";"12000,00";"2024";"21/07/2026 15:43:25"
"5106257";"10122,00";"2010";"24345,00";"2022";"1029677000,00";"2022";"12";"134";"3121000,00";"2024";"21/07/2026 15:43:25"
"5106265";"3628,00";"2010";"6520,00";"2022";"593945000,00";"2022";"4";"41";"902000,00";"2024";"21/07/2026 15:43:25"
"5106273";"2078,00";"2010";"3349,00";"2022";"97561000,00";"2022";"2";"0";"0,00";"2024";"21/07/2026 15:43:25"
"5106281";"2824,00";"2010";"6919,00";"2022";"1070882000,00";"2022";"4";"37";"1264000,00";"2024";"21/07/2026 15:43:25"
"5106299";"5515,00";"2010";"11671,00";"2022";"756270000,00";"2022";"1";"0";"0,00";"2024";"21/07/2026 15:43:25"
"5106307";"8790,00";"2010";"26423,00";"2022";"2601146000,00";"2022";"20";"170";"3631000,00";"2024";"21/07/2026 15:43:25"
"5106315";"905,00";"2010";"2015,00";"2022";"64419000,00";"2022";"4";"8";"80000,00";"2024";"21/07/2026 15:43:25"
"5106372";"7367,00";"2010";"18066,00";"2022";"1462613000,00";"2022";"10";"71";"1430000,00";"2024";"21/07/2026 15:43:25"
"5106422";"15167,00";"2010";"32714,00";"2022";"995051000,00";"2022";"9";"101";"6582000,00";"2024";"21/07/2026 15:43:25"
"5106455";"1092,00";"2010";"3166,00";"2022";"314834000,00";"2022";"2";"0";"0,00";"2024";"21/07/2026 15:43:25"
"5106505";"13185,00";"2010";"31217,00";"2022";"814582000,00";"2022";"12";"64";"935000,00";"2024";"21/07/2026 15:43:25"
"5106653";"2772,00";"2010";"6932,00";"2022";"135251000,00";"2022";"5";"15";"189000,00";"2024";"21/07/2026 15:43:25"
"5106703";"804,00";"2010";"2008,00";"2022";"38418000,00";"2022";"0";"0";"0,00";"";"21/07/2026 15:43:25"
"5106752";"20657,00";"2010";"52018,00";"2022";"2278640000,00";"2022";"19";"443";"20349000,00";"2024";"21/07/2026 15:43:25"
"5106778";"4996,00";"2010";"12127,00";"2022";"655065000,00";"2022";"9";"31";"590000,00";"2024";"21/07/2026 15:43:25"
"5106802";"2613,00";"2010";"5593,00";"2022";"1550521000,00";"2022";"3";"31";"750000,00";"2024";"21/07/2026 15:43:25"
"5106828";"4626,00";"2010";"10204,00";"2022";"273513000,00";"2022";"5";"62";"1719000,00";"2024";"21/07/2026 15:43:25"
"5106851";"1082,00";"2010";"3224,00";"2022";"87760000,00";"2022";"2";"0";"0,00";"2024";"21/07/2026 15:43:25"
"5107008";"7140,00";"2010";"23283,00";"2022";"1203312000,00";"2022";"2";"0";"0,00";"2024";"21/07/2026 15:43:25"
"5107040";"28552,00";"2010";"85146,00";"2022";"7988769000,00";"2022";"45";"556";"22967000,00";"2024";"21/07/2026 15:43:25"
"5107065";"7151,00";"2010";"26769,00";"2022";"3909820000,00";"2022";"13";"229";"5763000,00";"2024";"21/07/2026 15:43:25"
"5107107";"9157,00";"2010";"17849,00";"2022";"471805000,00";"2022";"9";"173";"4607000,00";"2024";"21/07/2026 15:43:25"
"5107156";"1282,00";"2010";"2122,00";"2022";"46372000,00";"2022";"1";"0";"0,00";"2024";"21/07/2026 15:43:25"
"5107180";"4183,00";"2010";"10089,00";"2022";"801786000,00";"2022";"13";"41";"548000,00";"2024";"21/07/2026 15:43:25"
"5107198";"1122,00";"2010";"2593,00";"2022";"199828000,00";"2022";"0";"0";"0,00";"";"21/07/2026 15:43:25"
"5107206";"2537,00";"2010";"4535,00";"2022";"110387000,00";"2022";"1";"0";"0,00";"2024";"21/07/2026 15:43:25"
"5107248";"2024,00";"2010";"5374,00";"2022";"1176355000,00";"2022";"2";"0";"0,00";"2024";"21/07/2026 15:43:25"
"5107263";"1344,00";"2010";"2519,00";"2022";"169627000,00";"2022";"1";"0";"0,00";"2024";"21/07/2026 15:43:25"
"5107297";"1397,00";"2010";"2875,00";"2022";"62482000,00";"2022";"0";"0";"0,00";"";"21/07/2026 15:43:25"
"5107305";"9000,00";"2010";"14911,00";"2022";"1634358000,00";"2022";"4";"90";"3809000,00";"2024";"21/07/2026 15:43:25"
"5107354";"2395,00";"2010";"5964,00";"2022";"1039023000,00";"2022";"10";"49";"1286000,00";"2024";"21/07/2026 15:43:25"
"5107404";"1915,00";"2010";"4191,00";"2022";"77884000,00";"2022";"1";"0";"0,00";"2024";"21/07/2026 15:43:25"
"5107578";"1699,00";"2010";"3505,00";"2022";"126018000,00";"2022";"1";"0";"0,00";"2024";"21/07/2026 15:43:25"
"5107602";"105121,00";"2010";"244911,00";"2022";"15869902000,00";"2022";"67";"478";"8656000,00";"2024";"21/07/2026 15:43:25"
"5107701";"8642,00";"2010";"15453,00";"2022";"568250000,00";"2022";"6";"43";"992000,00";"2024";"21/07/2026 15:43:25"
"5107743";"1013,00";"2010";"2661,00";"2022";"334645000,00";"2022";"3";"11";"240000,00";"2024";"21/07/2026 15:43:25"
"5107750";"1731,00";"2010";"3679,00";"2022";"100560000,00";"2022";"1";"0";"0,00";"2024";"21/07/2026 15:43:26"
"5107768";"1352,00";"2010";"3276,00";"2022";"1409325000,00";"2022";"2";"0";"0,00";"2024";"21/07/2026 15:43:26"
"5107776";"3011,00";"2010";"7596,00";"2022";"320970000,00";"2022";"9";"31";"487000,00";"2024";"21/07/2026 15:43:26"
"5107792";"1518,00";"2010";"4099,00";"2022";"1165372000,00";"2022";"4";"11";"52000,00";"2024";"21/07/2026 15:43:26"
"5107800";"7648,00";"2010";"15246,00";"2022";"803332000,00";"2022";"4";"6";"29000,00";"2024";"21/07/2026 15:43:26"
"5107859";"4464,00";"2010";"13621,00";"2022";"2172963000,00";"2022";"33";"104";"1342000,00";"2024";"21/07/2026 15:43:26"
"5107875";"9825,00";"2010";"28944,00";"2022";"5842523000,00";"2022";"13";"444";"14932000,00";"2024";"21/07/2026 15:43:26"
"5107883";"638,00";"2010";"1800,00";"2022";"127712000,00";"2022";"5";"0";"0,00";"2024";"21/07/2026 15:43:26"
"5107909";"62799,00";"2010";"196312,00";"2022";"11650411000,00";"2022";"16";"1790";"63613000,00";"2024";"21/07/2026 15:43:26"
"5107925";"36021,00";"2010";"110635,00";"2022";"14387658000,00";"2022";"38";"434";"10782000,00";"2024";"21/07/2026 15:43:26"
"5107941";"5028,00";"2010";"9818,00";"2022";"1660090000,00";"2022";"9";"55";"1088000,00";"2024";"21/07/2026 15:43:26"
"5107958";"43774,00";"2010";"106434,00";"2022";"4811646000,00";"2022";"29";"1961";"55477000,00";"2024";"21/07/2026 15:43:26"
"5108006";"5167,00";"2010";"14370,00";"2022";"2367328000,00";"2022";"7";"74";"1824000,00";"2024";"21/07/2026 15:43:26"
"5108055";"6708,00";"2010";"10616,00";"2022";"526159000,00";"2022";"7";"8";"29000,00";"2024";"21/07/2026 15:43:26"
"5108105";"1386,00";"2010";"3025,00";"2022";"329492000,00";"2022";"0";"0";"0,00";"";"21/07/2026 15:43:26"
"5108204";"1786,00";"2010";"4164,00";"2022";"275071000,00";"2022";"0";"0";"0,00";"";"21/07/2026 15:43:26"
"5108303";"1849,00";"2010";"3838,00";"2022";"611917000,00";"2022";"3";"34";"1160000,00";"2024";"21/07/2026 15:43:26"
"5108352";"1265,00";"2010";"2904,00";"2022";"102217000,00";"2022";"4";"0";"0,00";"2024";"21/07/2026 15:43:26"
"5108402";"129751,00";"2010";"300078,00";"2022";"11559596000,00";"2022";"98";"1681";"52088000,00";"2024";"21/07/2026 15:43:26"
"5108501";"4902,00";"2010";"12800,00";"2022";"1476865000,00";"2022";"8";"59";"1212000,00";"2024";"21/07/2026 15:43:26"
"5108600";"10593,00";"2010";"19888,00";"2022";"889825000,00";"2022";"24";"177";"6041000,00";"2024";"21/07/2026 15:43:26"
"5108808";"2505,00";"2010";"4590,00";"2022";"202283000,00";"2022";"4";"12";"179000,00";"2024";"21/07/2026 15:43:26"
"5108857";"1652,00";"2010";"3529,00";"2022";"651212000,00";"2022";"1";"0";"0,00";"2024";"21/07/2026 15:43:26"
"5108907";"3347,00";"2010";"5846,00";"2022";"1256418000,00";"2022";"6";"71";"3101000,00";"2024";"21/07/2026 15:43:26"
"5108956";"4336,00";"2010";"8313,00";"2022";"368307000,00";"2022";"8";"56";"1186000,00";"2024";"21/07/2026 15:43:26"
"5200050";"3679,00";"2010";"19128,00";"2022";"405353000,00";"2022";"11";"0";"0,00";"2024";"21/07/2026 15:43:26"
"5200100";"7652,00";"2010";"17232,00";"2022";"544312000,00";"2022";"12";"86";"1627000,00";"2024";"21/07/2026 15:43:26"
"5200134";"10655,00";"2010";"21568,00";"2022";"1456803000,00";"2022";"7";"109";"9700000,00";"2024";"21/07/2026 15:43:26"
"5200159";"1286,00";"2010";"2297,00";"2022";"53664000,00";"2022";"0";"0";"0,00";"";"21/07/2026 15:43:26"
"5200175";"2458,00";"2010";"4954,00";"2022";"616437000,00";"2022";"2";"0";"0,00";"2024";"21/07/2026 15:43:26"
"5200209";"951,00";"2010";"1858,00";"2022";"66332000,00";"2022";"5";"6";"26000,00";"2024";"21/07/2026 15:43:26"
"5200258";"77174,00";"2010";"225693,00";"2022";"2814337000,00";"2022";"55";"164";"2150000,00";"2024";"21/07/2026 15:43:26"
"5200308";"10926,00";"2010";"27008,00";"2022";"1493905000,00";"2022";"12";"27";"311000,00";"2024";"21/07/2026 15:43:26"
"5200506";"1047,00";"2010";"1973,00";"2022";"78701000,00";"2022";"1";"0";"0,00";"2024";"21/07/2026 15:43:26"
"5200555";"2262,00";"2010";"6072,00";"2022";"737308000,00";"2022";"7";"15";"142000,00";"2024";"21/07/2026 15:43:26"
"5200605";"3908,00";"2010";"10306,00";"2022";"402805000,00";"2022";"13";"39";"667000,00";"2024";"21/07/2026 15:43:26"
"5200803";"4108,00";"2010";"8446,00";"2022";"209335000,00";"2022";"13";"0";"0,00";"2024";"21/07/2026 15:43:26"
"5200829";"1431,00";"2010";"3268,00";"2022";"110398000,00";"2022";"1";"0";"0,00";"2024";"21/07/2026 15:43:26"
"5200852";"2749,00";"2010";"5259,00";"2022";"97738000,00";"2022";"2";"0";"0,00";"2024";"21/07/2026 15:43:26"
"5200902";"1831,00";"2010";"3007,00";"2022";"130087000,00";"2022";"5";"17";"358000,00";"2024";"21/07/2026 15:43:26"
"5201108";"172283,00";"2010";"398869,00";"2022";"19393187000,00";"2022";"99";"1677";"39910000,00";"2024";"21/07/2026 15:43:26"
"5201207";"573,00";"2010";"924,00";"2022";"23037000,00";"2022";"0";"0";"0,00";"";"21/07/2026 15:43:26"
"5201306";"9834,00";"2010";"18503,00";"2022";"729133000,00";"2022";"10";"26";"574000,00";"2024";"21/07/2026 15:43:26"
"5201405";"248591,00";"2010";"527796,00";"2022";"19197776000,00";"2022";"247";"1178";"20032000,00";"2024";"21/07/2026 15:43:26"
"5201454";"1106,00";"2010";"2907,00";"2022";"133888000,00";"2022";"5";"16";"228000,00";"2024";"21/07/2026 15:43:26"
"5201504";"2021,00";"2010";"4325,00";"2022";"574539000,00";"2022";"5";"28";"334000,00";"2024";"21/07/2026 15:43:26"
"5201603";"1618,00";"2010";"3799,00";"2022";"79947000,00";"2022";"3";"7";"105000,00";"2024";"21/07/2026 15:43:26"
"5201702";"8946,00";"2010";"18390,00";"2022";"316671000,00";"2022";"6";"22";"378000,00";"2024";"21/07/2026 15:43:26"
"5201801";"4464,00";"2010";"11890,00";"2022";"215373000,00";"2022";"6";"12";"59000,00";"2024";"21/07/2026 15:43:26"
"5202155";"3961,00";"2010";"7153,00";"2022";"220784000,00";"2022";"6";"0";"0,00";"2024";"21/07/2026 15:43:26"
"5202353";"2134,00";"2010";"2946,00";"2022";"244357000,00";"2022";"2";"0";"0,00";"2024";"21/07/2026 15:43:26"
"5202502";"3929,00";"2010";"8300,00";"2022";"353549000,00";"2022";"6";"29";"314000,00";"2024";"21/07/2026 15:43:26"
"5202601";"1841,00";"2010";"3284,00";"2022";"88517000,00";"2022";"1";"0";"0,00";"2024";"21/07/2026 15:43:26"
"5202809";"861,00";"2010";"2868,00";"2022";"86600000,00";"2022";"5";"18";"210000,00";"2024";"21/07/2026 15:43:26"
"5203104";"1682,00";"2010";"3351,00";"2022";"140014000,00";"2022";"1";"0";"0,00";"2024";"21/07/2026 15:43:26"
"5203203";"4633,00";"2010";"10371,00";"2022";"2308283000,00";"2022";"13";"62";"843000,00";"2024";"21/07/2026 15:43:26"
"5203302";"13218,00";"2010";"34445,00";"2022";"1776808000,00";"2022";"26";"349";"9794000,00";"2024";"21/07/2026 15:43:26"
"5203401";"3685,00";"2010";"7826,00";"2022";"370231000,00";"2022";"14";"22";"103000,00";"2024";"21/07/2026 15:43:26"
"5203500";"10008,00";"2010";"23958,00";"2022";"1694252000,00";"2022";"15";"89";"1966000,00";"2024";"21/07/2026 15:43:26"
"5203559";"3831,00";"2010";"10296,00";"2022";"135489000,00";"2022";"3";"0";"0,00";"2024";"21/07/2026 15:43:26"
"5203575";"1661,00";"2010";"3299,00";"2022";"320198000,00";"2022";"4";"0";"0,00";"2024";"21/07/2026 15:43:26"
"5203609";"1654,00";"2010";"3992,00";"2022";"100987000,00";"2022";"3";"0";"0,00";"2024";"21/07/2026 15:43:26"
"5203807";"2736,00";"2010";"5695,00";"2022";"249704000,00";"2022";"11";"39";"582000,00";"2024";"21/07/2026 15:43:26"
"5203906";"4823,00";"2010";"10495,00";"2022";"543167000,00";"2022";"6";"10";"30000,00";"2024";"21/07/2026 15:43:26"
"5203939";"1264,00";"2010";"2732,00";"2022";"63515000,00";"2022";"3";"9";"111000,00";"2024";"21/07/2026 15:43:26"
"5203962";"1416,00";"2010";"3145,00";"2022";"87658000,00";"2022";"0";"0";"0,00";"";"21/07/2026 15:43:26"
"5204003";"3217,00";"2010";"7560,00";"2022";"582979000,00";"2022";"11";"17";"149000,00";"2024";"21/07/2026 15:43:26"
"5204102";"6450,00";"2010";"11513,00";"2022";"336768000,00";"2022";"11";"37";"509000,00";"2024";"21/07/2026 15:43:26"
"5204201";"718,00";"2010";"1405,00";"2022";"40830000,00";"2022";"0";"0";"0,00";"";"21/07/2026 15:43:26"
"5204250";"3992,00";"2010";"7782,00";"2022";"987682000,00";"2022";"5";"0";"0,00";"2024";"21/07/2026 15:43:26"
"5204300";"7250,00";"2010";"13774,00";"2022";"997750000,00";"2022";"16";"75";"1300000,00";"2024";"21/07/2026 15:43:26"
"5204409";"8652,00";"2010";"16513,00";"2022";"1026342000,00";"2022";"25";"140";"2271000,00";"2024";"21/07/2026 15:43:26"
"5204508";"37910,00";"2010";"98622,00";"2022";"3407345000,00";"2022";"67";"352";"6102000,00";"2024";"21/07/2026 15:43:26"
"5204557";"1693,00";"2010";"4507,00";"2022";"93321000,00";"2022";"2";"0";"0,00";"2024";"21/07/2026 15:43:26"
"5204607";"1472,00";"2010";"3755,00";"2022";"78141000,00";"2022";"2";"0";"0,00";"2024";"21/07/2026 15:43:26"
"5204656";"1620,00";"2010";"3708,00";"2022";"122480000,00";"2022";"3";"12";"145000,00";"2024";"21/07/2026 15:43:26"
"5204706";"5272,00";"2010";"12510,00";"2022";"402543000,00";"2022";"11";"134";"3165000,00";"2024";"21/07/2026 15:43:26"
"5204805";"3229,00";"2010";"7422,00";"2022";"898585000,00";"2022";"5";"72";"1056000,00";"2024";"21/07/2026 15:43:26"
"5204854";"3050,00";"2010";"8081,00";"2022";"190040000,00";"2022";"0";"0";"0,00";"";"21/07/2026 15:43:26"
"5204904";"8409,00";"2010";"18108,00";"2022";"365495000,00";"2022";"13";"256";"6358000,00";"2024";"21/07/2026 15:43:26"
"5204953";"2194,00";"2010";"4005,00";"2022";"71228000,00";"2022";"6";"6";"0,00";"2024";"21/07/2026 15:43:26"
"5205000";"4439,00";"2010";"9710,00";"2022";"656878000,00";"2022";"7";"13";"354000,00";"2024";"21/07/2026 15:43:26"
"5205059";"1895,00";"2010";"2985,00";"2022";"111743000,00";"2022";"5";"0";"0,00";"2024";"21/07/2026 15:43:26"
"5205109";"48652,00";"2010";"114427,00";"2022";"11139337000,00";"2022";"36";"448";"10803000,00";"2024";"21/07/2026 15:43:26"
"5205208";"2424,00";"2010";"5184,00";"2022";"109160000,00";"2022";"5";"26";"486000,00";"2024";"21/07/2026 15:43:26"
"5205307";"3294,00";"2010";"9583,00";"2022";"368132000,00";"2022";"2";"0";"0,00";"2024";"21/07/2026 15:43:26"
"5205406";"11351,00";"2010";"22046,00";"2022";"846104000,00";"2022";"14";"247";"6311000,00";"2024";"21/07/2026 15:43:26"
"5205455";"3604,00";"2010";"8090,00";"2022";"529151000,00";"2022";"4";"0";"0,00";"2024";"21/07/2026 15:43:26"
"5205471";"3966,00";"2010";"12870,00";"2022";"3144083000,00";"2022";"14";"138";"4349000,00";"2024";"21/07/2026 15:43:26"
"5205497";"28548,00";"2010";"91767,00";"2022";"1207175000,00";"2022";"16";"136";"3198000,00";"2024";"21/07/2026 15:43:26"
"5205513";"7623,00";"2010";"25016,00";"2022";"500549000,00";"2022";"7";"62";"1034000,00";"2024";"21/07/2026 15:43:26"
"5205521";"1594,00";"2010";"4030,00";"2022";"87147000,00";"2022";"3";"7";"89000,00";"2024";"21/07/2026 15:43:26"
"5205703";"1409,00";"2010";"2454,00";"2022";"77066000,00";"2022";"0";"0";"0,00";"";"21/07/2026 15:43:26"
"5205802";"5259,00";"2010";"10562,00";"2022";"281209000,00";"2022";"2";"0";"0,00";"2024";"21/07/2026 15:43:26"
"5205901";"4095,00";"2010";"9164,00";"2022";"864716000,00";"2022";"7";"21";"303000,00";"2024";"21/07/2026 15:43:26"
"5206206";"23300,00";"2010";"62337,00";"2022";"5747946000,00";"2022";"28";"354";"7528000,00";"2024";"21/07/2026 15:43:26"
"5206305";"1386,00";"2010";"3504,00";"2022";"134766000,00";"2022";"6";"0";"0,00";"2024";"21/07/2026 15:43:26"
"5206404";"7277,00";"2010";"17065,00";"2022";"613757000,00";"2022";"18";"144";"3218000,00";"2024";"21/07/2026 15:43:26"
"5206503";"1523,00";"2010";"3883,00";"2022";"130555000,00";"2022";"8";"25";"582000,00";"2024";"21/07/2026 15:43:26"
"5206602";"1374,00";"2010";"2927,00";"2022";"100192000,00";"2022";"0";"0";"0,00";"";"21/07/2026 15:43:26"
"5206701";"1730,00";"2010";"3770,00";"2022";"51962000,00";"2022";"1";"0";"0,00";"2024";"21/07/2026 15:43:26"
"5206800";"1426,00";"2010";"2724,00";"2022";"54856000,00";"2022";"2";"0";"0,00";"2024";"21/07/2026 15:43:26"
"5206909";"1298,00";"2010";"1902,00";"2022";"484725000,00";"2022";"0";"0";"0,00";"";"21/07/2026 15:43:26"
"5207105";"1414,00";"2010";"2062,00";"2022";"128987000,00";"2022";"1";"0";"0,00";"2024";"21/07/2026 15:43:26"
"5207253";"4160,00";"2010";"6956,00";"2022";"452890000,00";"2022";"7";"30";"556000,00";"2024";"21/07/2026 15:43:26"
"5207352";"2035,00";"2010";"4001,00";"2022";"532335000,00";"2022";"1";"0";"0,00";"2024";"21/07/2026 15:43:26"
"5207402";"6427,00";"2010";"11747,00";"2022";"1197314000,00";"2022";"7";"67";"1483000,00";"2024";"21/07/2026 15:43:26"
"5207501";"1769,00";"2010";"3205,00";"2022";"85989000,00";"2022";"3";"7";"88000,00";"2024";"21/07/2026 15:43:26"
"5207535";"3528,00";"2010";"7070,00";"2022";"184745000,00";"2022";"4";"7";"100000,00";"2024";"21/07/2026 15:43:26"
"5207600";"3005,00";"2010";"5877,00";"2022";"184039000,00";"2022";"1";"0";"0,00";"2024";"21/07/2026 15:43:26"
"5207808";"5449,00";"2010";"10419,00";"2022";"321738000,00";"2022";"8";"0";"0,00";"2024";"21/07/2026 15:43:26"
"5207907";"4625,00";"2010";"13744,00";"2022";"257902000,00";"2022";"1";"0";"0,00";"2024";"21/07/2026 15:43:26"
"5208004";"52358,00";"2010";"115901,00";"2022";"3836842000,00";"2022";"36";"646";"17172000,00";"2024";"21/07/2026 15:43:26"
"5208103";"2070,00";"2010";"4660,00";"2022";"121775000,00";"2022";"7";"26";"359000,00";"2024";"21/07/2026 15:43:26"
"5208152";"1791,00";"2010";"3456,00";"2022";"327275000,00";"2022";"2";"0";"0,00";"2024";"21/07/2026 15:43:26"
"5208301";"1765,00";"2010";"4457,00";"2022";"105752000,00";"2022";"1";"0";"0,00";"2024";"21/07/2026 15:43:26"
"5208400";"5266,00";"2010";"13967,00";"2022";"338710000,00";"2022";"6";"12";"172000,00";"2024";"21/07/2026 15:43:26"
"5208509";"2593,00";"2010";"4973,00";"2022";"185999000,00";"2022";"4";"8";"41000,00";"2024";"21/07/2026 15:43:26"
"5208608";"32504,00";"2010";"73707,00";"2022";"2340499000,00";"2022";"33";"577";"15591000,00";"2024";"21/07/2026 15:43:26"
"5208707";"748569,00";"2010";"1437366,00";"2022";"66273858000,00";"2022";"487";"13266";"337911000,00";"2024";"21/07/2026 15:43:26"
"5208806";"17778,00";"2010";"71916,00";"2022";"1465103000,00";"2022";"39";"189";"4115000,00";"2024";"21/07/2026 15:43:26"
"5208905";"12283,00";"2010";"24071,00";"2022";"760982000,00";"2022";"12";"114";"2622000,00";"2024";"21/07/2026 15:43:26"
"5209101";"17577,00";"2010";"35664,00";"2022";"2732049000,00";"2022";"13";"0";"0,00";"2024";"21/07/2026 15:43:26"
"5209150";"2581,00";"2010";"4390,00";"2022";"283453000,00";"2022";"3";"0";"0,00";"2024";"21/07/2026 15:43:26"
"5209200";"6948,00";"2010";"19545,00";"2022";"448765000,00";"2022";"7";"0";"0,00";"2024";"21/07/2026 15:43:26"
"5209291";"1122,00";"2010";"2188,00";"2022";"55038000,00";"2022";"1";"0";"0,00";"2024";"21/07/2026 15:43:26"
"5209408";"1758,00";"2010";"4085,00";"2022";"91931000,00";"2022";"0";"0";"0,00";"";"21/07/2026 15:43:26"
"5209457";"1113,00";"2010";"2161,00";"2022";"72419000,00";"2022";"0";"0";"0,00";"";"21/07/2026 15:43:26"
"5209606";"1613,00";"2010";"3354,00";"2022";"85602000,00";"2022";"3";"22";"415000,00";"2024";"21/07/2026 15:43:26"
"5209705";"9155,00";"2010";"27742,00";"2022";"1479825000,00";"2022";"12";"86";"1157000,00";"2024";"21/07/2026 15:43:26"
"5209804";"1882,00";"2010";"3545,00";"2022";"102503000,00";"2022";"3";"15";"176000,00";"2024";"21/07/2026 15:43:26"
"5209903";"5280,00";"2010";"10584,00";"2022";"230099000,00";"2022";"7";"30";"503000,00";"2024";"21/07/2026 15:43:26"
"5209937";"2769,00";"2010";"5954,00";"2022";"404147000,00";"2022";"5";"10";"0,00";"2024";"21/07/2026 15:43:26"
"5209952";"6776,00";"2010";"17061,00";"2022";"782637000,00";"2022";"2";"0";"0,00";"2024";"21/07/2026 15:43:26"
"5210000";"25969,00";"2010";"52204,00";"2022";"1717480000,00";"2022";"28";"219";"3932000,00";"2024";"21/07/2026 15:43:26"
"5210109";"11938,00";"2010";"25548,00";"2022";"2858914000,00";"2022";"13";"287";"6256000,00";"2024";"21/07/2026 15:43:26"
"5210158";"1525,00";"2010";"2919,00";"2022";"95534000,00";"2022";"6";"0";"0,00";"2024";"21/07/2026 15:43:26"
"5210208";"16429,00";"2010";"35684,00";"2022";"1098898000,00";"2022";"26";"94";"1157000,00";"2024";"21/07/2026 15:43:26"
"5210307";"1455,00";"2010";"2560,00";"2022";"82656000,00";"2022";"0";"0";"0,00";"";"21/07/2026 15:43:26"
"5210406";"19248,00";"2010";"44734,00";"2022";"2164544000,00";"2022";"28";"520";"12884000,00";"2024";"21/07/2026 15:43:26"
"5210562";"2618,00";"2010";"4963,00";"2022";"121329000,00";"2022";"5";"41";"367000,00";"2024";"21/07/2026 15:43:26"
"5210604";"2745,00";"2010";"4904,00";"2022";"110284000,00";"2022";"8";"22";"423000,00";"2024";"21/07/2026 15:43:26"
"5210802";"2675,00";"2010";"4380,00";"2022";"139352000,00";"2022";"3";"0";"0,00";"2024";"21/07/2026 15:43:26"
"5210901";"9194,00";"2010";"21087,00";"2022";"631234000,00";"2022";"18";"111";"1969000,00";"2024";"21/07/2026 15:43:26"
"5211008";"3886,00";"2010";"8007,00";"2022";"274553000,00";"2022";"6";"0";"0,00";"2024";"21/07/2026 15:43:26"
"5211206";"13471,00";"2010";"26113,00";"2022";"670131000,00";"2022";"16";"175";"2901000,00";"2024";"21/07/2026 15:43:26"
"5211305";"3523,00";"2010";"6101,00";"2022";"365933000,00";"2022";"6";"28";"663000,00";"2024";"21/07/2026 15:43:26"
"5211404";"4647,00";"2010";"7736,00";"2022";"301871000,00";"2022";"2";"0";"0,00";"2024";"21/07/2026 15:43:26"
"5211503";"49613,00";"2010";"107970,00";"2022";"6509933000,00";"2022";"39";"2874";"66795000,00";"2024";"21/07/2026 15:43:26"
"5211602";"1284,00";"2010";"2693,00";"2022";"151243000,00";"2022";"3";"3";"0,00";"2024";"21/07/2026 15:43:26"
"5211701";"3218,00";"2010";"6272,00";"2022";"502063000,00";"2022";"5";"10";"151000,00";"2024";"21/07/2026 15:43:26"
"5211800";"22356,00";"2010";"45223,00";"2022";"1067821000,00";"2022";"27";"46";"398000,00";"2024";"21/07/2026 15:43:26"
"5211909";"46586,00";"2010";"105729,00";"2022";"10563395000,00";"2022";"42";"1133";"30936000,00";"2024";"21/07/2026 15:43:26"
"5212006";"1498,00";"2010";"2924,00";"2022";"105008000,00";"2022";"2";"0";"0,00";"2024";"21/07/2026 15:43:26"
"5212055";"1009,00";"2010";"2123,00";"2022";"44294000,00";"2022";"0";"0";"0,00";"";"21/07/2026 15:43:26"
"5212105";"3897,00";"2010";"7159,00";"2022";"462962000,00";"2022";"11";"22";"216000,00";"2024";"21/07/2026 15:43:26"
"5212204";"10037,00";"2010";"19620,00";"2022";"838117000,00";"2022";"18";"0";"0,00";"2024";"21/07/2026 15:43:26"
"5212253";"651,00";"2010";"1390,00";"2022";"58209000,00";"2022";"1";"0";"0,00";"2024";"21/07/2026 15:43:26"
"5212303";"3804,00";"2010";"8745,00";"2022";"380977000,00";"2022";"5";"48";"1039000,00";"2024";"21/07/2026 15:43:26"
"5212501";"85753,00";"2010";"209129,00";"2022";"6279119000,00";"2022";"57";"1052";"19077000,00";"2024";"21/07/2026 15:43:26"
"5212600";"1126,00";"2010";"2561,00";"2022";"96454000,00";"2022";"0";"0";"0,00";"";"21/07/2026 15:43:26"
"5212709";"2673,00";"2010";"8124,00";"2022";"124921000,00";"2022";"7";"46";"229000,00";"2024";"21/07/2026 15:43:26"
"5212808";"5425,00";"2010";"10700,00";"2022";"344860000,00";"2022";"5";"73";"2347000,00";"2024";"21/07/2026 15:43:26"
"5212907";"1025,00";"2010";"2758,00";"2022";"73425000,00";"2022";"3";"9";"128000,00";"2024";"21/07/2026 15:43:27"
"5212956";"2287,00";"2010";"4042,00";"2022";"210835000,00";"2022";"5";"31";"459000,00";"2024";"21/07/2026 15:43:27"
"5213004";"5816,00";"2010";"10304,00";"2022";"367298000,00";"2022";"8";"0";"0,00";"2024";"21/07/2026 15:43:27"
"5213053";"1067,00";"2010";"2614,00";"2022";"252300000,00";"2022";"0";"0";"0,00";"";"21/07/2026 15:43:27"
"5213087";"14444,00";"2010";"27075,00";"2022";"1104594000,00";"2022";"19";"193";"4367000,00";"2024";"21/07/2026 15:43:27"
"5213103";"29208,00";"2010";"70081,00";"2022";"4410757000,00";"2022";"40";"492";"11647000,00";"2024";"21/07/2026 15:43:27"
"5213400";"809,00";"2010";"1685,00";"2022";"56828000,00";"2022";"2";"0";"0,00";"2024";"21/07/2026 15:43:27"
"5213509";"3031,00";"2010";"6692,00";"2022";"132508000,00";"2022";"4";"36";"607000,00";"2024";"21/07/2026 15:43:27"
"5213707";"4617,00";"2010";"8756,00";"2022";"791211000,00";"2022";"16";"41";"814000,00";"2024";"21/07/2026 15:43:27"
"5213756";"5921,00";"2010";"12521,00";"2022";"1836670000,00";"2022";"12";"74";"1526000,00";"2024";"21/07/2026 15:43:27"
"5213772";"1337,00";"2010";"3779,00";"2022";"119245000,00";"2022";"7";"17";"281000,00";"2024";"21/07/2026 15:43:27"
"5213806";"22351,00";"2010";"51351,00";"2022";"2416416000,00";"2022";"13";"361";"8731000,00";"2024";"21/07/2026 15:43:27"
"5213855";"1287,00";"2010";"2456,00";"2022";"62113000,00";"2022";"3";"9";"97000,00";"2024";"21/07/2026 15:43:27"
"5213905";"2210,00";"2010";"4654,00";"2022";"176663000,00";"2022";"6";"14";"165000,00";"2024";"21/07/2026 15:43:27"
"5214002";"6885,00";"2010";"14750,00";"2022";"948329000,00";"2022";"12";"39";"630000,00";"2024";"21/07/2026 15:43:27"
"5214051";"3462,00";"2010";"6189,00";"2022";"218704000,00";"2022";"5";"15";"108000,00";"2024";"21/07/2026 15:43:27"
"5214101";"1762,00";"2010";"3564,00";"2022";"92786000,00";"2022";"3";"4";"0,00";"2024";"21/07/2026 15:43:27"
"5214408";"4042,00";"2010";"8189,00";"2022";"338764000,00";"2022";"7";"21";"232000,00";"2024";"21/07/2026 15:43:27"
"5214507";"12584,00";"2010";"31932,00";"2022";"1268863000,00";"2022";"15";"62";"913000,00";"2024";"21/07/2026 15:43:27"
"5214606";"19587,00";"2010";"34964,00";"2022";"1345074000,00";"2022";"23";"272";"6868000,00";"2024";"21/07/2026 15:43:27"
"5214705";"1185,00";"2010";"2337,00";"2022";"57608000,00";"2022";"2";"0";"0,00";"2024";"21/07/2026 15:43:27"
"5214804";"1099,00";"2010";"2101,00";"2022";"61260000,00";"2022";"1";"0";"0,00";"2024";"21/07/2026 15:43:27"
"5214838";"5800,00";"2010";"12815,00";"2022";"837462000,00";"2022";"3";"0";"0,00";"2024";"21/07/2026 15:43:27"
"5214861";"3614,00";"2010";"8310,00";"2022";"211783000,00";"2022";"7";"54";"913000,00";"2024";"21/07/2026 15:43:27"
"5214879";"1575,00";"2010";"3010,00";"2022";"63644000,00";"2022";"6";"0";"0,00";"2024";"21/07/2026 15:43:27"
"5214903";"1607,00";"2010";"3076,00";"2022";"71051000,00";"2022";"0";"0";"0,00";"";"21/07/2026 15:43:27"
"5215009";"4455,00";"2010";"9481,00";"2022";"225168000,00";"2022";"3";"13";"247000,00";"2024";"21/07/2026 15:43:27"
"5215207";"1848,00";"2010";"3527,00";"2022";"91492000,00";"2022";"1";"0";"0,00";"2024";"21/07/2026 15:43:27"
"5215231";"44531,00";"2010";"103804,00";"2022";"1225873000,00";"2022";"35";"162";"1670000,00";"2024";"21/07/2026 15:43:27"
"5215256";"1946,00";"2010";"3716,00";"2022";"218000000,00";"2022";"2";"0";"0,00";"2024";"21/07/2026 15:43:27"
"5215306";"8677,00";"2010";"16399,00";"2022";"1078348000,00";"2022";"6";"0";"0,00";"2024";"21/07/2026 15:43:27"
"5215405";"2013,00";"2010";"4057,00";"2022";"143083000,00";"2022";"1";"0";"0,00";"2024";"21/07/2026 15:43:27"
"5215504";"2715,00";"2010";"7200,00";"2022";"547735000,00";"2022";"2";"0";"0,00";"2024";"21/07/2026 15:43:27"
"5215603";"12495,00";"2010";"34967,00";"2022";"1268685000,00";"2022";"6";"0";"0,00";"2024";"21/07/2026 15:43:27"
"5215652";"1590,00";"2010";"3132,00";"2022";"194266000,00";"2022";"4";"7";"76000,00";"2024";"21/07/2026 15:43:27"
"5215702";"13549,00";"2010";"31858,00";"2022";"2058423000,00";"2022";"26";"149";"3148000,00";"2024";"21/07/2026 15:43:27"
"5215801";"1173,00";"2010";"2259,00";"2022";"61057000,00";"2022";"1";"0";"0,00";"2024";"21/07/2026 15:43:27"
"5215900";"1839,00";"2010";"3851,00";"2022";"226657000,00";"2022";"5";"9";"93000,00";"2024";"21/07/2026 15:43:27"
"5216007";"1400,00";"2010";"2455,00";"2022";"162077000,00";"2022";"1";"0";"0,00";"2024";"21/07/2026 15:43:27"
"5216304";"4747,00";"2010";"7607,00";"2022";"303870000,00";"2022";"5";"48";"445000,00";"2024";"21/07/2026 15:43:27"
"5216403";"5529,00";"2010";"10659,00";"2022";"2257148000,00";"2022";"10";"51";"762000,00";"2024";"21/07/2026 15:43:27"
"5216452";"1519,00";"2010";"2964,00";"2022";"806454000,00";"2022";"2";"0";"0,00";"2024";"21/07/2026 15:43:27"
"5216809";"5135,00";"2010";"9573,00";"2022";"196907000,00";"2022";"3";"5";"0,00";"2024";"21/07/2026 15:43:27"
"5216908";"1275,00";"2010";"2328,00";"2022";"150442000,00";"2022";"0";"0";"0,00";"";"21/07/2026 15:43:27"
"5217104";"12564,00";"2010";"24883,00";"2022";"1553630000,00";"2022";"12";"241";"5015000,00";"2024";"21/07/2026 15:43:27"
"5217203";"5782,00";"2010";"11712,00";"2022";"867467000,00";"2022";"8";"40";"689000,00";"2024";"21/07/2026 15:43:27"
"5217302";"12072,00";"2010";"26690,00";"2022";"723535000,00";"2022";"17";"103";"1179000,00";"2024";"21/07/2026 15:43:27"
"5217401";"14845,00";"2010";"32373,00";"2022";"1665448000,00";"2022";"14";"222";"6298000,00";"2024";"21/07/2026 15:43:27"
"5217609";"39240,00";"2010";"105031,00";"2022";"1847269000,00";"2022";"31";"350";"6814000,00";"2024";"21/07/2026 15:43:27"
"5217708";"8997,00";"2010";"18309,00";"2022";"825564000,00";"2022";"8";"13";"70000,00";"2024";"21/07/2026 15:43:27"
"5218003";"20112,00";"2010";"44317,00";"2022";"2114319000,00";"2022";"20";"106";"1755000,00";"2024";"21/07/2026 15:43:27"
"5218052";"1742,00";"2010";"4070,00";"2022";"432393000,00";"2022";"3";"0";"0,00";"2024";"21/07/2026 15:43:27"
"5218102";"1822,00";"2010";"3280,00";"2022";"419210000,00";"2022";"3";"0";"0,00";"2024";"21/07/2026 15:43:27"
"5218300";"14402,00";"2010";"34914,00";"2022";"848353000,00";"2022";"22";"408";"8320000,00";"2024";"21/07/2026 15:43:27"
"5218391";"1566,00";"2010";"3649,00";"2022";"79956000,00";"2022";"1";"0";"0,00";"2024";"21/07/2026 15:43:27"
"5218508";"23371,00";"2010";"48447,00";"2022";"2849824000,00";"2022";"24";"257";"5234000,00";"2024";"21/07/2026 15:43:27"
"5218607";"5266,00";"2010";"12165,00";"2022";"377773000,00";"2022";"5";"88";"1827000,00";"2024";"21/07/2026 15:43:27"
"5218706";"2242,00";"2010";"3980,00";"2022";"100217000,00";"2022";"3";"0";"0,00";"2024";"21/07/2026 15:43:27"
"5218789";"1955,00";"2010";"3864,00";"2022";"444584000,00";"2022";"3";"9";"127000,00";"2024";"21/07/2026 15:43:27"
"5218805";"96492,00";"2010";"225696,00";"2022";"21534362000,00";"2022";"73";"1613";"42491000,00";"2024";"21/07/2026 15:43:27"
"5218904";"8946,00";"2010";"19788,00";"2022";"716389000,00";"2022";"13";"185";"3932000,00";"2024";"21/07/2026 15:43:27"
"5219001";"3896,00";"2010";"7918,00";"2022";"280545000,00";"2022";"5";"47";"965000,00";"2024";"21/07/2026 15:43:27"
"5219100";"2921,00";"2010";"6149,00";"2022";"178423000,00";"2022";"10";"26";"459000,00";"2024";"21/07/2026 15:43:27"
"5219209";"1836,00";"2010";"3002,00";"2022";"320517000,00";"2022";"3";"3";"55000,00";"2024";"21/07/2026 15:43:27"
"5219258";"2631,00";"2010";"4951,00";"2022";"336798000,00";"2022";"2";"0";"0,00";"2024";"21/07/2026 15:43:27"
"5219308";"19658,00";"2010";"38492,00";"2022";"2215720000,00";"2022";"23";"225";"5769000,00";"2024";"21/07/2026 15:43:27"
"5219357";"1657,00";"2010";"3538,00";"2022";"157238000,00";"2022";"2";"0";"0,00";"2024";"21/07/2026 15:43:27"
"5219407";"3484,00";"2010";"5924,00";"2022";"191289000,00";"2022";"2";"0";"0,00";"2024";"21/07/2026 15:43:27"
"5219456";"1412,00";"2010";"2689,00";"2022";"185962000,00";"2022";"0";"0";"0,00";"";"21/07/2026 15:43:27"
"5219506";"1300,00";"2010";"2820,00";"2022";"73250000,00";"2022";"1";"0";"0,00";"2024";"21/07/2026 15:43:27"
"5219605";"1497,00";"2010";"3293,00";"2022";"109190000,00";"2022";"1";"0";"0,00";"2024";"21/07/2026 15:43:27"
"5219704";"4869,00";"2010";"10645,00";"2022";"216146000,00";"2022";"15";"0";"0,00";"2024";"21/07/2026 15:43:27"
"5219712";"1973,00";"2010";"4267,00";"2022";"348988000,00";"2022";"1";"0";"0,00";"2024";"21/07/2026 15:43:27"
"5219738";"2571,00";"2010";"7386,00";"2022";"161394000,00";"2022";"7";"36";"518000,00";"2024";"21/07/2026 15:43:27"
"5219753";"29015,00";"2010";"72127,00";"2022";"887443000,00";"2022";"21";"0";"0,00";"2024";"21/07/2026 15:43:27"
"5219803";"3626,00";"2010";"9711,00";"2022";"203081000,00";"2022";"4";"49";"642000,00";"2024";"21/07/2026 15:43:27"
"5219902";"3244,00";"2010";"6378,00";"2022";"142562000,00";"2022";"2";"0";"0,00";"2024";"21/07/2026 15:43:27"
"5220009";"5583,00";"2010";"14041,00";"2022";"681974000,00";"2022";"6";"54";"1228000,00";"2024";"21/07/2026 15:43:27"
"5220058";"781,00";"2010";"1774,00";"2022";"158221000,00";"2022";"3";"3";"0,00";"2024";"21/07/2026 15:43:27"
"5220108";"15911,00";"2010";"33852,00";"2022";"1887337000,00";"2022";"12";"157";"2258000,00";"2024";"21/07/2026 15:43:27"
"5220157";"2339,00";"2010";"4837,00";"2022";"207648000,00";"2022";"5";"24";"335000,00";"2024";"21/07/2026 15:43:27"
"5220207";"10623,00";"2010";"21900,00";"2022";"782339000,00";"2022";"16";"98";"2340000,00";"2024";"21/07/2026 15:43:27"
"5220264";"1876,00";"2010";"4464,00";"2022";"360021000,00";"2022";"6";"32";"486000,00";"2024";"21/07/2026 15:43:27"
"5220280";"926,00";"2010";"2143,00";"2022";"60326000,00";"2022";"1";"0";"0,00";"2024";"21/07/2026 15:43:27"
"5220405";"9038,00";"2010";"17020,00";"2022";"1477387000,00";"2022";"16";"154";"2222000,00";"2024";"21/07/2026 15:43:27"
"5220454";"45803,00";"2010";"155635,00";"2022";"5809312000,00";"2022";"59";"386";"6259000,00";"2024";"21/07/2026 15:43:27"
"5220504";"3831,00";"2010";"8027,00";"2022";"832893000,00";"2022";"3";"0";"0,00";"2024";"21/07/2026 15:43:27"
"5220603";"10465,00";"2010";"22245,00";"2022";"1548586000,00";"2022";"10";"0";"0,00";"2024";"21/07/2026 15:43:27"
"5220686";"2824,00";"2010";"5742,00";"2022";"232071000,00";"2022";"5";"6";"0,00";"2024";"21/07/2026 15:43:27"
"5220702";"1282,00";"2010";"2927,00";"2022";"106619000,00";"2022";"1";"0";"0,00";"2024";"21/07/2026 15:43:27"
"5221007";"2089,00";"2010";"4026,00";"2022";"97546000,00";"2022";"2";"0";"0,00";"2024";"21/07/2026 15:43:27"
"5221080";"1336,00";"2010";"2701,00";"2022";"41892000,00";"2022";"0";"0";"0,00";"";"21/07/2026 15:43:27"
"5221197";"3370,00";"2010";"7944,00";"2022";"236518000,00";"2022";"2";"0";"0,00";"2024";"21/07/2026 15:43:27"
"5221304";"1533,00";"2010";"2921,00";"2022";"71371000,00";"2022";"2";"0";"0,00";"2024";"21/07/2026 15:43:27"
"5221403";"53532,00";"2010";"142431,00";"2022";"3228071000,00";"2022";"76";"516";"12447000,00";"2024";"21/07/2026 15:43:27"
"5221452";"1725,00";"2010";"3120,00";"2022";"72683000,00";"2022";"3";"4";"39000,00";"2024";"21/07/2026 15:43:27"
"5221502";"2131,00";"2010";"4480,00";"2022";"371443000,00";"2022";"1";"0";"0,00";"2024";"21/07/2026 15:43:27"
"5221551";"2285,00";"2010";"4985,00";"2022";"810935000,00";"2022";"4";"0";"0,00";"2024";"21/07/2026 15:43:27"
"5221577";"1304,00";"2010";"2798,00";"2022";"78044000,00";"2022";"2";"0";"0,00";"2024";"21/07/2026 15:43:27"
"5221601";"19416,00";"2010";"42546,00";"2022";"1495649000,00";"2022";"36";"262";"5121000,00";"2024";"21/07/2026 15:43:27"
"5221700";"6700,00";"2010";"13729,00";"2022";"350885000,00";"2022";"5";"7";"158000,00";"2024";"21/07/2026 15:43:27"
"5221809";"1586,00";"2010";"3553,00";"2022";"165093000,00";"2022";"5";"23";"347000,00";"2024";"21/07/2026 15:43:27"
"5221858";"67466,00";"2010";"198861,00";"2022";"3278279000,00";"2022";"44";"333";"6873000,00";"2024";"21/07/2026 15:43:27"
"5221908";"2004,00";"2010";"3716,00";"2022";"117653000,00";"2022";"6";"16";"118000,00";"2024";"21/07/2026 15:43:27"
"5222005";"6636,00";"2010";"14956,00";"2022";"960672000,00";"2022";"12";"43";"781000,00";"2024";"21/07/2026 15:43:27"
"5222054";"3919,00";"2010";"8768,00";"2022";"720444000,00";"2022";"3";"3";"0,00";"2024";"21/07/2026 15:43:27"
"5222203";"1998,00";"2010";"4215,00";"2022";"194803000,00";"2022";"3";"16";"322000,00";"2024";"21/07/2026 15:43:27"
"5222302";"2197,00";"2010";"5815,00";"2022";"457512000,00";"2022";"4";"25";"473000,00";"2024";"21/07/2026 15:43:27"
"5300108";"1402349,00";"2010";"2817381,00";"2022";"328789563000,00";"2022";"791";"22174";"517848000,00";"2024";"21/07/2026 15:43:27"
