"id";"COD_VENDEDOR";"ano";"mes";"tipo";"valor_meta";"data_criacao";"data_atualizacao"
"133";"000332";"2026";"1";"faturamento";"0,00";"13/02/2026 09:35:42";"17/06/2026 15:16:06"
"134";"000332";"2026";"2";"faturamento";"0,00";"13/02/2026 09:35:42";"17/06/2026 15:16:06"
"135";"000332";"2026";"3";"faturamento";"0,00";"13/02/2026 09:35:42";"17/06/2026 15:16:06"
"136";"000332";"2026";"4";"faturamento";"0,00";"13/02/2026 09:35:42";"17/06/2026 15:16:06"
"137";"000332";"2026";"5";"faturamento";"0,00";"13/02/2026 09:35:42";"17/06/2026 15:16:06"
"138";"000332";"2026";"6";"faturamento";"0,00";"13/02/2026 09:35:42";"17/06/2026 15:16:06"
"139";"000332";"2026";"7";"faturamento";"0,00";"13/02/2026 09:35:42";"17/06/2026 15:16:06"
"140";"000332";"2026";"8";"faturamento";"0,00";"13/02/2026 09:35:42";"17/06/2026 15:16:06"
"141";"000332";"2026";"9";"faturamento";"0,00";"13/02/2026 09:35:42";"17/06/2026 15:16:06"
"142";"000332";"2026";"10";"faturamento";"0,00";"13/02/2026 09:35:42";"17/06/2026 15:16:06"
"143";"000332";"2026";"11";"faturamento";"0,00";"13/02/2026 09:35:42";"17/06/2026 15:16:06"
"144";"000332";"2026";"12";"faturamento";"0,00";"13/02/2026 09:35:42";"17/06/2026 15:16:06"
"157";"000380";"2026";"1";"faturamento";"0,00";"13/02/2026 09:35:42";"17/06/2026 15:16:06"
"158";"000380";"2026";"2";"faturamento";"0,00";"13/02/2026 09:35:42";"17/06/2026 15:16:06"
"159";"000380";"2026";"3";"faturamento";"0,00";"13/02/2026 09:35:42";"17/06/2026 15:16:06"
"160";"000380";"2026";"4";"faturamento";"0,00";"13/02/2026 09:35:42";"17/06/2026 15:16:06"
"161";"000380";"2026";"5";"faturamento";"0,00";"13/02/2026 09:35:42";"17/06/2026 15:16:06"
"162";"000380";"2026";"6";"faturamento";"0,00";"13/02/2026 09:35:42";"17/06/2026 15:16:06"
"163";"000380";"2026";"7";"faturamento";"0,00";"13/02/2026 09:35:42";"17/06/2026 15:16:06"
"164";"000380";"2026";"8";"faturamento";"0,00";"13/02/2026 09:35:42";"17/06/2026 15:16:06"
"165";"000380";"2026";"9";"faturamento";"0,00";"13/02/2026 09:35:42";"17/06/2026 15:16:06"
"166";"000380";"2026";"10";"faturamento";"0,00";"13/02/2026 09:35:42";"17/06/2026 15:16:06"
"167";"000380";"2026";"11";"faturamento";"0,00";"13/02/2026 09:35:42";"17/06/2026 15:16:06"
"168";"000380";"2026";"12";"faturamento";"0,00";"13/02/2026 09:35:42";"17/06/2026 15:16:06"
"181";"010001";"2026";"1";"faturamento";"0,00";"13/02/2026 09:35:42";"17/06/2026 15:16:06"
"182";"010001";"2026";"2";"faturamento";"0,00";"13/02/2026 09:35:42";"17/06/2026 15:16:06"
"183";"010001";"2026";"3";"faturamento";"0,00";"13/02/2026 09:35:42";"17/06/2026 15:16:06"
"184";"010001";"2026";"4";"faturamento";"0,00";"13/02/2026 09:35:42";"17/06/2026 15:16:06"
"185";"010001";"2026";"5";"faturamento";"0,00";"13/02/2026 09:35:42";"17/06/2026 15:16:06"
"186";"010001";"2026";"6";"faturamento";"0,00";"13/02/2026 09:35:42";"17/06/2026 15:16:06"
"187";"010001";"2026";"7";"faturamento";"0,00";"13/02/2026 09:35:42";"17/06/2026 15:16:06"
"188";"010001";"2026";"8";"faturamento";"0,00";"13/02/2026 09:35:42";"17/06/2026 15:16:06"
"189";"010001";"2026";"9";"faturamento";"0,00";"13/02/2026 09:35:42";"17/06/2026 15:16:06"
"190";"010001";"2026";"10";"faturamento";"0,00";"13/02/2026 09:35:42";"17/06/2026 15:16:06"
"191";"010001";"2026";"11";"faturamento";"0,00";"13/02/2026 09:35:42";"17/06/2026 15:16:06"
"192";"010001";"2026";"12";"faturamento";"0,00";"13/02/2026 09:35:42";"17/06/2026 15:16:06"
"217";"010038";"2026";"1";"faturamento";"0,00";"13/02/2026 09:35:43";"17/06/2026 15:16:06"
"218";"010038";"2026";"2";"faturamento";"0,00";"13/02/2026 09:35:43";"17/06/2026 15:16:06"
"219";"010038";"2026";"3";"faturamento";"0,00";"13/02/2026 09:35:43";"17/06/2026 15:16:06"
"220";"010038";"2026";"4";"faturamento";"0,00";"13/02/2026 09:35:43";"17/06/2026 15:16:06"
"221";"010038";"2026";"5";"faturamento";"0,00";"13/02/2026 09:35:43";"17/06/2026 15:16:06"
"222";"010038";"2026";"6";"faturamento";"0,00";"13/02/2026 09:35:43";"17/06/2026 15:16:06"
"223";"010038";"2026";"7";"faturamento";"0,00";"13/02/2026 09:35:43";"17/06/2026 15:16:06"
"224";"010038";"2026";"8";"faturamento";"0,00";"13/02/2026 09:35:43";"17/06/2026 15:16:06"
"225";"010038";"2026";"9";"faturamento";"0,00";"13/02/2026 09:35:43";"17/06/2026 15:16:06"
"226";"010038";"2026";"10";"faturamento";"0,00";"13/02/2026 09:35:43";"17/06/2026 15:16:06"
"227";"010038";"2026";"11";"faturamento";"0,00";"13/02/2026 09:35:43";"17/06/2026 15:16:06"
"228";"010038";"2026";"12";"faturamento";"0,00";"13/02/2026 09:35:43";"17/06/2026 15:16:06"
"289";"010178";"2026";"1";"faturamento";"0,00";"13/02/2026 09:35:43";"17/06/2026 15:16:06"
"290";"010178";"2026";"2";"faturamento";"0,00";"13/02/2026 09:35:43";"17/06/2026 15:16:06"
"291";"010178";"2026";"3";"faturamento";"0,00";"13/02/2026 09:35:43";"17/06/2026 15:16:06"
"292";"010178";"2026";"4";"faturamento";"0,00";"13/02/2026 09:35:43";"17/06/2026 15:16:06"
"293";"010178";"2026";"5";"faturamento";"0,00";"13/02/2026 09:35:43";"17/06/2026 15:16:06"
"294";"010178";"2026";"6";"faturamento";"0,00";"13/02/2026 09:35:43";"17/06/2026 15:16:06"
"295";"010178";"2026";"7";"faturamento";"0,00";"13/02/2026 09:35:43";"17/06/2026 15:16:06"
"296";"010178";"2026";"8";"faturamento";"0,00";"13/02/2026 09:35:43";"17/06/2026 15:16:06"
"297";"010178";"2026";"9";"faturamento";"0,00";"13/02/2026 09:35:43";"17/06/2026 15:16:06"
"298";"010178";"2026";"10";"faturamento";"0,00";"13/02/2026 09:35:43";"17/06/2026 15:16:06"
"299";"010178";"2026";"11";"faturamento";"0,00";"13/02/2026 09:35:43";"17/06/2026 15:16:06"
"300";"010178";"2026";"12";"faturamento";"0,00";"13/02/2026 09:35:43";"17/06/2026 15:16:06"
"325";"010192";"2026";"1";"faturamento";"0,00";"13/02/2026 09:35:43";"18/05/2026 16:36:00"
"326";"010192";"2026";"2";"faturamento";"0,00";"13/02/2026 09:35:43";"18/05/2026 16:36:00"
"327";"010192";"2026";"3";"faturamento";"0,00";"13/02/2026 09:35:43";"18/05/2026 16:36:00"
"328";"010192";"2026";"4";"faturamento";"0,00";"13/02/2026 09:35:43";"18/05/2026 16:36:00"
"329";"010192";"2026";"5";"faturamento";"0,00";"13/02/2026 09:35:43";"18/05/2026 16:36:00"
"330";"010192";"2026";"6";"faturamento";"0,00";"13/02/2026 09:35:43";"18/05/2026 16:36:00"
"331";"010192";"2026";"7";"faturamento";"0,00";"13/02/2026 09:35:43";"18/05/2026 16:36:00"
"332";"010192";"2026";"8";"faturamento";"0,00";"13/02/2026 09:35:43";"18/05/2026 16:36:00"
"333";"010192";"2026";"9";"faturamento";"0,00";"13/02/2026 09:35:43";"18/05/2026 16:36:00"
"334";"010192";"2026";"10";"faturamento";"0,00";"13/02/2026 09:35:43";"18/05/2026 16:36:00"
"335";"010192";"2026";"11";"faturamento";"0,00";"13/02/2026 09:35:43";"18/05/2026 16:36:00"
"336";"010192";"2026";"12";"faturamento";"0,00";"13/02/2026 09:35:43";"18/05/2026 16:36:00"
"362";"010217";"2026";"2";"faturamento";"20000,00";"13/02/2026 09:35:43";"05/08/2026 10:28:31"
"364";"010217";"2026";"4";"faturamento";"20000,00";"13/02/2026 09:35:43";"05/08/2026 10:28:33"
"365";"010217";"2026";"5";"faturamento";"20000,00";"13/02/2026 09:35:43";"05/08/2026 10:28:34"
"366";"010217";"2026";"6";"faturamento";"20000,00";"13/02/2026 09:35:43";"05/08/2026 10:28:35"
"367";"010217";"2026";"7";"faturamento";"20000,00";"13/02/2026 09:35:43";"29/07/2026 20:22:04"
"368";"010217";"2026";"8";"faturamento";"0,00";"13/02/2026 09:35:43";"01/09/2026 10:04:04"
"369";"010217";"2026";"9";"faturamento";"20000,00";"13/02/2026 09:35:43";"05/08/2026 10:28:38"
"370";"010217";"2026";"10";"faturamento";"20000,00";"13/02/2026 09:35:43";"05/08/2026 10:28:39"
"371";"010217";"2026";"11";"faturamento";"20000,00";"13/02/2026 09:35:43";"05/08/2026 10:28:41"
"372";"010217";"2026";"12";"faturamento";"20000,00";"13/02/2026 09:35:43";"05/08/2026 10:28:43"
"445";"010266";"2026";"1";"faturamento";"5648,00";"13/02/2026 09:35:44";"19/05/2026 10:54:41"
"446";"010266";"2026";"2";"faturamento";"6435,00";"13/02/2026 09:35:44";"13/02/2026 09:35:44"
"448";"010266";"2026";"4";"faturamento";"80000,00";"13/02/2026 09:35:44";"07/04/2026 12:25:28"
"530";"010326";"2026";"2";"faturamento";"5604,00";"13/02/2026 09:35:44";"19/05/2026 10:54:41"
"532";"010326";"2026";"4";"faturamento";"80000,00";"13/02/2026 09:35:44";"07/04/2026 12:25:28"
"565";"010358";"2026";"1";"faturamento";"0,00";"13/02/2026 09:35:45";"17/06/2026 15:16:08"
"566";"010358";"2026";"2";"faturamento";"0,00";"13/02/2026 09:35:45";"17/06/2026 15:16:08"
"567";"010358";"2026";"3";"faturamento";"0,00";"13/02/2026 09:35:45";"17/06/2026 15:16:08"
"568";"010358";"2026";"4";"faturamento";"0,00";"13/02/2026 09:35:45";"17/06/2026 15:16:08"
"569";"010358";"2026";"5";"faturamento";"0,00";"13/02/2026 09:35:45";"17/06/2026 15:16:08"
"570";"010358";"2026";"6";"faturamento";"0,00";"13/02/2026 09:35:45";"17/06/2026 15:16:08"
"571";"010358";"2026";"7";"faturamento";"0,00";"13/02/2026 09:35:45";"17/06/2026 15:16:08"
"572";"010358";"2026";"8";"faturamento";"0,00";"13/02/2026 09:35:45";"17/06/2026 15:16:08"
"573";"010358";"2026";"9";"faturamento";"0,00";"13/02/2026 09:35:45";"17/06/2026 15:16:08"
"574";"010358";"2026";"10";"faturamento";"0,00";"13/02/2026 09:35:45";"17/06/2026 15:16:08"
"575";"010358";"2026";"11";"faturamento";"0,00";"13/02/2026 09:35:45";"17/06/2026 15:16:08"
"576";"010358";"2026";"12";"faturamento";"0,00";"13/02/2026 09:35:45";"17/06/2026 15:16:08"
"601";"010371";"2026";"1";"faturamento";"0,00";"13/02/2026 09:35:45";"17/06/2026 15:16:08"
"602";"010371";"2026";"2";"faturamento";"0,00";"13/02/2026 09:35:45";"17/06/2026 15:16:08"
"603";"010371";"2026";"3";"faturamento";"0,00";"13/02/2026 09:35:45";"17/06/2026 15:16:08"
"604";"010371";"2026";"4";"faturamento";"0,00";"13/02/2026 09:35:45";"17/06/2026 15:16:08"
"605";"010371";"2026";"5";"faturamento";"0,00";"13/02/2026 09:35:45";"17/06/2026 15:16:08"
"606";"010371";"2026";"6";"faturamento";"0,00";"13/02/2026 09:35:45";"17/06/2026 15:16:08"
"607";"010371";"2026";"7";"faturamento";"0,00";"13/02/2026 09:35:45";"17/06/2026 15:16:08"
"608";"010371";"2026";"8";"faturamento";"0,00";"13/02/2026 09:35:45";"17/06/2026 15:16:08"
"609";"010371";"2026";"9";"faturamento";"0,00";"13/02/2026 09:35:45";"17/06/2026 15:16:08"
"610";"010371";"2026";"10";"faturamento";"0,00";"13/02/2026 09:35:45";"17/06/2026 15:16:08"
"611";"010371";"2026";"11";"faturamento";"0,00";"13/02/2026 09:35:45";"17/06/2026 15:16:08"
"612";"010371";"2026";"12";"faturamento";"0,00";"13/02/2026 09:35:45";"17/06/2026 15:16:08"
"625";"010381";"2026";"1";"faturamento";"0,00";"13/02/2026 09:35:45";"18/05/2026 16:36:00"
"626";"010381";"2026";"2";"faturamento";"0,00";"13/02/2026 09:35:45";"18/05/2026 16:36:00"
"627";"010381";"2026";"3";"faturamento";"0,00";"13/02/2026 09:35:45";"18/05/2026 16:36:00"
"628";"010381";"2026";"4";"faturamento";"0,00";"13/02/2026 09:35:45";"18/05/2026 16:36:00"
"629";"010381";"2026";"5";"faturamento";"0,00";"13/02/2026 09:35:45";"18/05/2026 16:36:00"
"630";"010381";"2026";"6";"faturamento";"0,00";"13/02/2026 09:35:45";"18/05/2026 16:36:00"
"631";"010381";"2026";"7";"faturamento";"0,00";"13/02/2026 09:35:45";"18/05/2026 16:36:00"
"632";"010381";"2026";"8";"faturamento";"0,00";"13/02/2026 09:35:45";"18/05/2026 16:36:00"
"633";"010381";"2026";"9";"faturamento";"0,00";"13/02/2026 09:35:45";"18/05/2026 16:36:00"
"634";"010381";"2026";"10";"faturamento";"0,00";"13/02/2026 09:35:45";"18/05/2026 16:36:00"
"635";"010381";"2026";"11";"faturamento";"0,00";"13/02/2026 09:35:45";"18/05/2026 16:36:00"
"636";"010381";"2026";"12";"faturamento";"0,00";"13/02/2026 09:35:45";"18/05/2026 16:36:00"
"649";"010389";"2026";"1";"faturamento";"20000,00";"13/02/2026 09:35:45";"06/03/2026 09:44:18"
"650";"010389";"2026";"2";"faturamento";"20000,00";"13/02/2026 09:35:45";"06/03/2026 09:44:18"
"651";"010389";"2026";"3";"faturamento";"20000,00";"13/02/2026 09:35:45";"06/03/2026 09:44:18"
"652";"010389";"2026";"4";"faturamento";"20000,00";"13/02/2026 09:35:45";"06/03/2026 09:44:18"
"653";"010389";"2026";"5";"faturamento";"60000,00";"13/02/2026 09:35:45";"17/06/2026 15:16:08"
"654";"010389";"2026";"6";"faturamento";"320000,00";"13/02/2026 09:35:45";"17/06/2026 16:17:21"
"655";"010389";"2026";"7";"faturamento";"60000,00";"13/02/2026 09:35:45";"17/06/2026 15:16:08"
"656";"010389";"2026";"8";"faturamento";"60000,00";"13/02/2026 09:35:45";"17/06/2026 15:16:08"
"657";"010389";"2026";"9";"faturamento";"60000,00";"13/02/2026 09:35:45";"17/06/2026 15:16:08"
"658";"010389";"2026";"10";"faturamento";"60000,00";"13/02/2026 09:35:45";"17/06/2026 15:16:08"
"659";"010389";"2026";"11";"faturamento";"60000,00";"13/02/2026 09:35:45";"17/06/2026 15:16:08"
"660";"010389";"2026";"12";"faturamento";"60000,00";"13/02/2026 09:35:45";"17/06/2026 15:16:08"
"723";"010413";"2026";"3";"faturamento";"20000,00";"13/02/2026 09:35:46";"19/05/2026 10:54:40"
"724";"010413";"2026";"4";"faturamento";"20000,00";"13/02/2026 09:35:46";"19/05/2026 10:54:40"
"725";"010413";"2026";"5";"faturamento";"20000,00";"13/02/2026 09:35:46";"19/05/2026 10:54:40"
"726";"010413";"2026";"6";"faturamento";"20000,00";"13/02/2026 09:35:46";"17/06/2026 15:50:47"
"727";"010413";"2026";"7";"faturamento";"20000,00";"13/02/2026 09:35:46";"19/05/2026 10:54:40"
"728";"010413";"2026";"8";"faturamento";"18611,75";"13/02/2026 09:35:46";"03/08/2026 16:06:54"
"729";"010413";"2026";"9";"faturamento";"20000,00";"13/02/2026 09:35:46";"19/05/2026 10:54:40"
"730";"010413";"2026";"10";"faturamento";"20000,00";"13/02/2026 09:35:46";"19/05/2026 10:54:40"
"731";"010413";"2026";"11";"faturamento";"20000,00";"13/02/2026 09:35:46";"19/05/2026 10:54:40"
"732";"010413";"2026";"12";"faturamento";"20000,00";"13/02/2026 09:35:46";"19/05/2026 10:54:40"
"796";"010439";"2026";"4";"faturamento";"0,00";"13/02/2026 09:35:46";"05/08/2026 10:28:33"
"889";"010475";"2026";"1";"faturamento";"0,00";"13/02/2026 09:35:46";"13/02/2026 09:35:46"
"890";"010475";"2026";"2";"faturamento";"0,00";"13/02/2026 09:35:46";"13/02/2026 09:35:46"
"891";"010475";"2026";"3";"faturamento";"0,00";"13/02/2026 09:35:46";"13/02/2026 09:35:46"
"892";"010475";"2026";"4";"faturamento";"0,00";"13/02/2026 09:35:46";"13/02/2026 09:35:46"
"893";"010475";"2026";"5";"faturamento";"0,00";"13/02/2026 09:35:46";"13/02/2026 09:35:46"
"894";"010475";"2026";"6";"faturamento";"0,00";"13/02/2026 09:35:47";"13/02/2026 09:35:47"
"895";"010475";"2026";"7";"faturamento";"0,00";"13/02/2026 09:35:47";"13/02/2026 09:35:47"
"896";"010475";"2026";"8";"faturamento";"0,00";"13/02/2026 09:35:47";"13/02/2026 09:35:47"
"897";"010475";"2026";"9";"faturamento";"0,00";"13/02/2026 09:35:47";"13/02/2026 09:35:47"
"898";"010475";"2026";"10";"faturamento";"0,00";"13/02/2026 09:35:47";"13/02/2026 09:35:47"
"899";"010475";"2026";"11";"faturamento";"0,00";"13/02/2026 09:35:47";"13/02/2026 09:35:47"
"900";"010475";"2026";"12";"faturamento";"0,00";"13/02/2026 09:35:47";"13/02/2026 09:35:47"
"901";"010476";"2026";"1";"faturamento";"4316,00";"13/02/2026 09:35:47";"19/05/2026 10:54:42"
"902";"010476";"2026";"2";"faturamento";"3924,00";"13/02/2026 09:35:47";"13/02/2026 09:35:47"
"903";"010476";"2026";"3";"faturamento";"3924,00";"13/02/2026 09:35:47";"13/02/2026 09:35:47"
"904";"010476";"2026";"4";"faturamento";"80000,00";"13/02/2026 09:35:47";"07/04/2026 12:25:28"
"925";"010492";"2026";"1";"faturamento";"0,00";"13/02/2026 09:35:47";"18/05/2026 16:36:00"
"926";"010492";"2026";"2";"faturamento";"0,00";"13/02/2026 09:35:47";"18/05/2026 16:36:00"
"927";"010492";"2026";"3";"faturamento";"0,00";"13/02/2026 09:35:47";"18/05/2026 16:36:00"
"928";"010492";"2026";"4";"faturamento";"0,00";"13/02/2026 09:35:47";"18/05/2026 16:36:00"
"929";"010492";"2026";"5";"faturamento";"0,00";"13/02/2026 09:35:47";"18/05/2026 16:36:00"
"930";"010492";"2026";"6";"faturamento";"0,00";"13/02/2026 09:35:47";"18/05/2026 16:36:00"
"931";"010492";"2026";"7";"faturamento";"0,00";"13/02/2026 09:35:47";"18/05/2026 16:36:00"
"932";"010492";"2026";"8";"faturamento";"0,00";"13/02/2026 09:35:47";"18/05/2026 16:36:00"
"933";"010492";"2026";"9";"faturamento";"0,00";"13/02/2026 09:35:47";"18/05/2026 16:36:00"
"934";"010492";"2026";"10";"faturamento";"0,00";"13/02/2026 09:35:47";"18/05/2026 16:36:00"
"935";"010492";"2026";"11";"faturamento";"0,00";"13/02/2026 09:35:47";"18/05/2026 16:36:00"
"936";"010492";"2026";"12";"faturamento";"0,00";"13/02/2026 09:35:47";"18/05/2026 16:36:00"
"949";"010504";"2026";"1";"faturamento";"0,00";"13/02/2026 09:35:47";"17/06/2026 15:16:09"
"950";"010504";"2026";"2";"faturamento";"0,00";"13/02/2026 09:35:47";"17/06/2026 15:16:09"
"951";"010504";"2026";"3";"faturamento";"0,00";"13/02/2026 09:35:47";"17/06/2026 15:16:09"
"952";"010504";"2026";"4";"faturamento";"0,00";"13/02/2026 09:35:47";"17/06/2026 15:16:09"
"953";"010504";"2026";"5";"faturamento";"0,00";"13/02/2026 09:35:47";"17/06/2026 15:16:09"
"954";"010504";"2026";"6";"faturamento";"0,00";"13/02/2026 09:35:47";"17/06/2026 15:16:09"
"955";"010504";"2026";"7";"faturamento";"0,00";"13/02/2026 09:35:47";"17/06/2026 15:16:09"
"956";"010504";"2026";"8";"faturamento";"0,00";"13/02/2026 09:35:47";"17/06/2026 15:16:09"
"957";"010504";"2026";"9";"faturamento";"0,00";"13/02/2026 09:35:47";"17/06/2026 15:16:09"
"958";"010504";"2026";"10";"faturamento";"0,00";"13/02/2026 09:35:47";"17/06/2026 15:16:09"
"959";"010504";"2026";"11";"faturamento";"0,00";"13/02/2026 09:35:47";"17/06/2026 15:16:09"
"960";"010504";"2026";"12";"faturamento";"0,00";"13/02/2026 09:35:47";"17/06/2026 15:16:09"
"1021";"010534";"2026";"1";"faturamento";"0,00";"13/02/2026 09:35:47";"05/08/2026 10:28:30"
"1022";"010534";"2026";"2";"faturamento";"0,00";"13/02/2026 09:35:47";"05/08/2026 10:28:31"
"1024";"010534";"2026";"4";"faturamento";"0,00";"13/02/2026 09:35:47";"05/08/2026 10:28:33"
"1083";"010556";"2026";"3";"faturamento";"20000,00";"13/02/2026 09:35:48";"05/08/2026 10:28:33"
"1084";"010556";"2026";"4";"faturamento";"20000,00";"13/02/2026 09:35:48";"05/08/2026 10:28:33"
"1105";"10564";"2026";"1";"faturamento";"4493,00";"13/02/2026 09:35:48";"19/05/2026 10:54:42"
"1106";"10564";"2026";"2";"faturamento";"4493,00";"13/02/2026 09:35:48";"19/05/2026 10:54:42"
"1107";"10564";"2026";"3";"faturamento";"4493,00";"13/02/2026 09:35:48";"19/05/2026 10:54:42"
"1108";"10564";"2026";"4";"faturamento";"80000,00";"13/02/2026 09:35:48";"19/05/2026 10:39:14"
"1120";"010568";"2026";"4";"faturamento";"0,00";"13/02/2026 09:35:48";"05/08/2026 10:28:33"
"1129";"010570";"2026";"1";"faturamento";"0,00";"13/02/2026 09:35:48";"05/08/2026 10:28:31"
"1132";"010570";"2026";"4";"faturamento";"0,00";"13/02/2026 09:35:48";"05/08/2026 10:28:33"
"1153";"010584";"2026";"1";"faturamento";"14309,24";"13/02/2026 09:35:48";"13/02/2026 09:35:48"
"1154";"010584";"2026";"2";"faturamento";"17135,05";"13/02/2026 09:35:48";"13/02/2026 09:35:48"
"1155";"010584";"2026";"3";"faturamento";"14292,86";"13/02/2026 09:35:48";"13/02/2026 09:35:48"
"1156";"010584";"2026";"4";"faturamento";"120000,00";"13/02/2026 09:35:48";"07/04/2026 12:25:28"
"1157";"010584";"2026";"5";"faturamento";"120000,00";"13/02/2026 09:35:48";"07/04/2026 12:25:28"
"1158";"010584";"2026";"6";"faturamento";"120000,00";"13/02/2026 09:35:48";"07/04/2026 12:25:28"
"1159";"010584";"2026";"7";"faturamento";"120000,00";"13/02/2026 09:35:48";"07/04/2026 12:25:28"
"1160";"010584";"2026";"8";"faturamento";"120000,00";"13/02/2026 09:35:48";"07/04/2026 12:25:28"
"1161";"010584";"2026";"9";"faturamento";"120000,00";"13/02/2026 09:35:48";"07/04/2026 12:25:28"
"1162";"010584";"2026";"10";"faturamento";"120000,00";"13/02/2026 09:35:48";"07/04/2026 12:25:28"
"1163";"010584";"2026";"11";"faturamento";"120000,00";"13/02/2026 09:35:48";"07/04/2026 12:25:28"
"1164";"010584";"2026";"12";"faturamento";"120000,00";"13/02/2026 09:35:48";"07/04/2026 12:25:28"
"1249";"010610";"2026";"1";"faturamento";"20000,00";"13/02/2026 09:35:48";"05/08/2026 10:28:30"
"1250";"010610";"2026";"2";"faturamento";"20000,00";"13/02/2026 09:35:48";"05/08/2026 10:28:31"
"1251";"010610";"2026";"3";"faturamento";"20000,00";"13/02/2026 09:35:48";"05/08/2026 10:28:32"
"1252";"010610";"2026";"4";"faturamento";"20000,00";"13/02/2026 09:35:48";"05/08/2026 10:28:33"
"1285";"010623";"2026";"1";"faturamento";"146370,00";"13/02/2026 09:35:49";"13/02/2026 09:35:49"
"1286";"010623";"2026";"2";"faturamento";"161007,00";"13/02/2026 09:35:49";"13/02/2026 09:35:49"
"1287";"010623";"2026";"3";"faturamento";"146370,00";"13/02/2026 09:35:49";"13/02/2026 09:35:49"
"1288";"010623";"2026";"4";"faturamento";"146370,00";"13/02/2026 09:35:49";"13/02/2026 09:35:49"
"1289";"010623";"2026";"5";"faturamento";"150000,00";"13/02/2026 09:35:49";"17/06/2026 15:16:09"
"1290";"010623";"2026";"6";"faturamento";"155000,00";"13/02/2026 09:35:49";"17/06/2026 15:50:48"
"1291";"010623";"2026";"7";"faturamento";"155000,00";"13/02/2026 09:35:49";"17/06/2026 15:16:09"
"1292";"010623";"2026";"8";"faturamento";"155000,00";"13/02/2026 09:35:49";"17/06/2026 15:16:09"
"1293";"010623";"2026";"9";"faturamento";"155000,00";"13/02/2026 09:35:49";"17/06/2026 15:16:09"
"1294";"010623";"2026";"10";"faturamento";"155000,00";"13/02/2026 09:35:49";"17/06/2026 15:16:09"
"1295";"010623";"2026";"11";"faturamento";"155000,00";"13/02/2026 09:35:49";"17/06/2026 15:16:09"
"1296";"010623";"2026";"12";"faturamento";"155000,00";"13/02/2026 09:35:49";"17/06/2026 15:16:09"
"1297";"010631";"2026";"1";"faturamento";"0,00";"13/02/2026 09:35:49";"17/06/2026 15:16:09"
"1298";"010631";"2026";"2";"faturamento";"0,00";"13/02/2026 09:35:49";"17/06/2026 15:16:09"
"1299";"010631";"2026";"3";"faturamento";"0,00";"13/02/2026 09:35:49";"17/06/2026 15:16:09"
"1300";"010631";"2026";"4";"faturamento";"0,00";"13/02/2026 09:35:49";"17/06/2026 15:16:09"
"1301";"010631";"2026";"5";"faturamento";"0,00";"13/02/2026 09:35:49";"17/06/2026 15:16:09"
"1302";"010631";"2026";"6";"faturamento";"0,00";"13/02/2026 09:35:49";"17/06/2026 15:16:09"
"1303";"010631";"2026";"7";"faturamento";"0,00";"13/02/2026 09:35:49";"17/06/2026 15:16:09"
"1304";"010631";"2026";"8";"faturamento";"0,00";"13/02/2026 09:35:49";"17/06/2026 15:16:09"
"1305";"010631";"2026";"9";"faturamento";"0,00";"13/02/2026 09:35:49";"17/06/2026 15:16:09"
"1306";"010631";"2026";"10";"faturamento";"0,00";"13/02/2026 09:35:49";"17/06/2026 15:16:09"
"1307";"010631";"2026";"11";"faturamento";"0,00";"13/02/2026 09:35:49";"17/06/2026 15:16:09"
"1308";"010631";"2026";"12";"faturamento";"0,00";"13/02/2026 09:35:49";"17/06/2026 15:16:09"
"1345";"10653";"2026";"1";"faturamento";"5186,00";"13/02/2026 09:35:49";"19/05/2026 10:54:42"
"1346";"10653";"2026";"2";"faturamento";"5186,00";"13/02/2026 09:35:49";"19/05/2026 10:54:42"
"1347";"10653";"2026";"3";"faturamento";"5186,00";"13/02/2026 09:35:49";"19/05/2026 10:54:42"
"1348";"10653";"2026";"4";"faturamento";"80000,00";"13/02/2026 09:35:49";"19/05/2026 10:39:14"
"1383";"010659";"2026";"3";"faturamento";"895,00";"13/02/2026 09:35:49";"18/05/2026 16:36:02"
"1489";"010685";"2026";"1";"faturamento";"5394,00";"13/02/2026 09:35:50";"19/05/2026 10:54:41"
"1490";"010685";"2026";"2";"faturamento";"5394,00";"13/02/2026 09:35:50";"19/05/2026 10:54:41"
"1492";"010685";"2026";"4";"faturamento";"80000,00";"13/02/2026 09:35:50";"07/04/2026 12:25:28"
"1600";"010706";"2026";"4";"faturamento";"30000,00";"13/02/2026 09:35:51";"05/08/2026 10:28:33"
"1693";"010723";"2026";"1";"faturamento";"450000,00";"13/02/2026 09:35:52";"19/05/2026 10:54:34"
"1694";"010723";"2026";"2";"faturamento";"450000,00";"13/02/2026 09:35:52";"19/05/2026 10:54:34"
"1695";"010723";"2026";"3";"faturamento";"450000,00";"13/02/2026 09:35:52";"19/05/2026 10:54:34"
"1696";"010723";"2026";"4";"faturamento";"450000,00";"13/02/2026 09:35:52";"19/05/2026 10:54:34"
"1697";"010723";"2026";"5";"faturamento";"450000,00";"13/02/2026 09:35:52";"19/05/2026 10:54:34"
"1698";"010723";"2026";"6";"faturamento";"400000,00";"13/02/2026 09:35:52";"19/06/2026 10:27:26"
"1699";"010723";"2026";"7";"faturamento";"450000,00";"13/02/2026 09:35:52";"19/05/2026 10:54:34"
"1700";"010723";"2026";"8";"faturamento";"400000,00";"13/02/2026 09:35:52";"10/08/2026 17:03:16"
"1701";"010723";"2026";"9";"faturamento";"450000,00";"13/02/2026 09:35:52";"19/05/2026 10:54:34"
"1702";"010723";"2026";"10";"faturamento";"450000,00";"13/02/2026 09:35:52";"19/05/2026 10:54:34"
"1703";"010723";"2026";"11";"faturamento";"450000,00";"13/02/2026 09:35:52";"19/05/2026 10:54:34"
"1704";"010723";"2026";"12";"faturamento";"450000,00";"13/02/2026 09:35:52";"19/05/2026 10:54:34"
"1729";"010729";"2026";"1";"faturamento";"20000,00";"13/02/2026 09:35:52";"05/08/2026 10:28:31"
"1730";"010729";"2026";"2";"faturamento";"20000,00";"13/02/2026 09:35:52";"05/08/2026 10:28:32"
"1731";"010729";"2026";"3";"faturamento";"20000,00";"13/02/2026 09:35:52";"05/08/2026 10:28:33"
"1732";"010729";"2026";"4";"faturamento";"20000,00";"13/02/2026 09:35:52";"05/08/2026 10:28:34"
"1741";"010731";"2026";"1";"faturamento";"0,00";"13/02/2026 09:35:52";"13/02/2026 09:35:52"
"1742";"010731";"2026";"2";"faturamento";"0,00";"13/02/2026 09:35:52";"13/02/2026 09:35:52"
"1743";"010731";"2026";"3";"faturamento";"0,00";"13/02/2026 09:35:52";"13/02/2026 09:35:52"
"1744";"010731";"2026";"4";"faturamento";"0,00";"13/02/2026 09:35:52";"13/02/2026 09:35:52"
"1745";"010731";"2026";"5";"faturamento";"0,00";"13/02/2026 09:35:52";"13/02/2026 09:35:52"
"1746";"010731";"2026";"6";"faturamento";"0,00";"13/02/2026 09:35:52";"13/02/2026 09:35:52"
"1747";"010731";"2026";"7";"faturamento";"0,00";"13/02/2026 09:35:52";"13/02/2026 09:35:52"
"1748";"010731";"2026";"8";"faturamento";"0,00";"13/02/2026 09:35:52";"13/02/2026 09:35:52"
"1749";"010731";"2026";"9";"faturamento";"0,00";"13/02/2026 09:35:52";"13/02/2026 09:35:52"
"1750";"010731";"2026";"10";"faturamento";"0,00";"13/02/2026 09:35:52";"13/02/2026 09:35:52"
"1751";"010731";"2026";"11";"faturamento";"0,00";"13/02/2026 09:35:52";"13/02/2026 09:35:52"
"1752";"010731";"2026";"12";"faturamento";"0,00";"13/02/2026 09:35:52";"13/02/2026 09:35:52"
"1803";"010743";"2026";"3";"faturamento";"0,00";"13/02/2026 09:35:53";"05/08/2026 10:28:33"
"1804";"010743";"2026";"4";"faturamento";"0,00";"13/02/2026 09:35:53";"05/08/2026 10:28:33"
"1825";"010745";"2026";"1";"faturamento";"20000,00";"13/02/2026 09:35:53";"05/08/2026 10:28:31"
"1849";"010749";"2026";"1";"faturamento";"0,00";"13/02/2026 09:35:53";"17/06/2026 15:16:10"
"1850";"010749";"2026";"2";"faturamento";"0,00";"13/02/2026 09:35:53";"17/06/2026 15:16:10"
"1851";"010749";"2026";"3";"faturamento";"0,00";"13/02/2026 09:35:53";"17/06/2026 15:16:10"
"1852";"010749";"2026";"4";"faturamento";"0,00";"13/02/2026 09:35:53";"17/06/2026 15:16:10"
"1853";"010749";"2026";"5";"faturamento";"0,00";"13/02/2026 09:35:53";"17/06/2026 15:16:10"
"1854";"010749";"2026";"6";"faturamento";"0,00";"13/02/2026 09:35:53";"17/06/2026 15:16:10"
"1855";"010749";"2026";"7";"faturamento";"0,00";"13/02/2026 09:35:53";"17/06/2026 15:16:10"
"1856";"010749";"2026";"8";"faturamento";"0,00";"13/02/2026 09:35:53";"17/06/2026 15:16:10"
"1857";"010749";"2026";"9";"faturamento";"0,00";"13/02/2026 09:35:53";"17/06/2026 15:16:10"
"1858";"010749";"2026";"10";"faturamento";"0,00";"13/02/2026 09:35:53";"17/06/2026 15:16:10"
"1859";"010749";"2026";"11";"faturamento";"0,00";"13/02/2026 09:35:53";"17/06/2026 15:16:10"
"1860";"010749";"2026";"12";"faturamento";"0,00";"13/02/2026 09:35:53";"17/06/2026 15:16:10"
"1861";"010750";"2026";"1";"faturamento";"4431,00";"13/02/2026 09:35:53";"19/05/2026 10:54:42"
"1862";"010750";"2026";"2";"faturamento";"4874,00";"13/02/2026 09:35:53";"19/05/2026 10:54:42"
"1863";"010750";"2026";"3";"faturamento";"4431,00";"13/02/2026 09:35:53";"19/05/2026 10:54:42"
"1864";"010750";"2026";"4";"faturamento";"80000,00";"13/02/2026 09:35:53";"07/04/2026 12:25:28"
"1873";"010752";"2026";"1";"faturamento";"46497,00";"13/02/2026 09:35:53";"19/05/2026 10:54:40"
"1874";"010752";"2026";"2";"faturamento";"25320,00";"13/02/2026 09:35:53";"19/05/2026 10:54:40"
"1875";"010752";"2026";"3";"faturamento";"9207,00";"13/02/2026 09:35:53";"13/02/2026 09:35:53"
"1876";"010752";"2026";"4";"faturamento";"80000,00";"13/02/2026 09:35:53";"07/04/2026 12:25:28"
"1887";"010753";"2026";"3";"faturamento";"5217,00";"13/02/2026 09:35:54";"19/05/2026 10:54:41"
"1888";"010753";"2026";"4";"faturamento";"80000,00";"13/02/2026 09:35:54";"07/04/2026 12:25:28"
"1921";"010756";"2026";"1";"faturamento";"1227,00";"13/02/2026 09:35:54";"19/05/2026 10:54:42"
"1923";"010756";"2026";"3";"faturamento";"1227,00";"13/02/2026 09:35:54";"19/05/2026 10:54:42"
"1924";"010756";"2026";"4";"faturamento";"80000,00";"13/02/2026 09:35:54";"07/04/2026 12:25:28"
"1933";"010757";"2026";"1";"faturamento";"0,00";"13/02/2026 09:35:54";"18/05/2026 16:36:00"
"1934";"010757";"2026";"2";"faturamento";"0,00";"13/02/2026 09:35:54";"18/05/2026 16:36:00"
"1935";"010757";"2026";"3";"faturamento";"0,00";"13/02/2026 09:35:54";"18/05/2026 16:36:00"
"1936";"010757";"2026";"4";"faturamento";"0,00";"13/02/2026 09:35:54";"18/05/2026 16:36:00"
"1937";"010757";"2026";"5";"faturamento";"0,00";"13/02/2026 09:35:54";"18/05/2026 16:36:00"
"1938";"010757";"2026";"6";"faturamento";"0,00";"13/02/2026 09:35:54";"18/05/2026 16:36:00"
"1939";"010757";"2026";"7";"faturamento";"0,00";"13/02/2026 09:35:54";"18/05/2026 16:36:00"
"1940";"010757";"2026";"8";"faturamento";"0,00";"13/02/2026 09:35:54";"18/05/2026 16:36:00"
"1941";"010757";"2026";"9";"faturamento";"0,00";"13/02/2026 09:35:54";"18/05/2026 16:36:00"
"1942";"010757";"2026";"10";"faturamento";"0,00";"13/02/2026 09:35:54";"18/05/2026 16:36:00"
"1943";"010757";"2026";"11";"faturamento";"0,00";"13/02/2026 09:35:54";"18/05/2026 16:36:00"
"1944";"010757";"2026";"12";"faturamento";"0,00";"13/02/2026 09:35:54";"18/05/2026 16:36:00"
"1957";"10759";"2026";"1";"faturamento";"50000,00";"13/02/2026 09:35:54";"19/05/2026 10:39:11"
"1958";"10759";"2026";"2";"faturamento";"50000,00";"13/02/2026 09:35:54";"19/05/2026 10:39:12"
"1959";"10759";"2026";"3";"faturamento";"50000,00";"13/02/2026 09:35:54";"19/05/2026 10:39:13"
"1960";"10759";"2026";"4";"faturamento";"120000,00";"13/02/2026 09:35:54";"19/05/2026 10:39:14"
"1961";"10759";"2026";"5";"faturamento";"120000,00";"13/02/2026 09:35:54";"19/05/2026 10:39:15"
"1962";"10759";"2026";"6";"faturamento";"120000,00";"13/02/2026 09:35:54";"17/06/2026 15:50:49"
"1963";"10759";"2026";"7";"faturamento";"120000,00";"13/02/2026 09:35:54";"19/05/2026 10:39:16"
"1964";"10759";"2026";"8";"faturamento";"120000,00";"13/02/2026 09:35:54";"19/05/2026 10:39:17"
"1965";"10759";"2026";"9";"faturamento";"120000,00";"13/02/2026 09:35:54";"19/05/2026 10:39:18"
"1966";"10759";"2026";"10";"faturamento";"120000,00";"13/02/2026 09:35:54";"19/05/2026 10:39:19"
"1967";"10759";"2026";"11";"faturamento";"120000,00";"13/02/2026 09:35:54";"19/05/2026 10:39:19"
"1968";"10759";"2026";"12";"faturamento";"120000,00";"13/02/2026 09:35:54";"19/05/2026 10:39:21"
"1969";"010762";"2026";"1";"faturamento";"9580,00";"13/02/2026 09:35:54";"19/05/2026 10:54:41"
"1970";"010762";"2026";"2";"faturamento";"9580,00";"13/02/2026 09:35:54";"19/05/2026 10:54:41"
"1971";"010762";"2026";"3";"faturamento";"9580,00";"13/02/2026 09:35:54";"19/05/2026 10:54:41"
"1972";"010762";"2026";"4";"faturamento";"80000,00";"13/02/2026 09:35:54";"07/04/2026 12:25:28"
"1981";"010763";"2026";"1";"faturamento";"0,00";"13/02/2026 09:35:54";"05/08/2026 10:28:31"
"1982";"010763";"2026";"2";"faturamento";"0,00";"13/02/2026 09:35:54";"05/08/2026 10:28:32"
"1983";"010763";"2026";"3";"faturamento";"0,00";"13/02/2026 09:35:54";"05/08/2026 10:28:33"
"1984";"010763";"2026";"4";"faturamento";"0,00";"13/02/2026 09:35:54";"05/08/2026 10:28:33"
"1996";"010764";"2026";"4";"faturamento";"100000,00";"13/02/2026 09:35:54";"05/08/2026 10:28:33"
"1997";"010764";"2026";"5";"faturamento";"100000,00";"13/02/2026 09:35:54";"05/08/2026 10:28:34"
"1998";"010764";"2026";"6";"faturamento";"100000,00";"13/02/2026 09:35:54";"05/08/2026 10:28:35"
"1999";"010764";"2026";"7";"faturamento";"100000,00";"13/02/2026 09:35:54";"29/07/2026 19:49:49"
"2000";"010764";"2026";"8";"faturamento";"100000,00";"13/02/2026 09:35:54";"05/08/2026 10:28:37"
"2001";"010764";"2026";"9";"faturamento";"100000,00";"13/02/2026 09:35:54";"05/08/2026 10:28:38"
"2002";"010764";"2026";"10";"faturamento";"100000,00";"13/02/2026 09:35:54";"05/08/2026 10:28:39"
"2003";"010764";"2026";"11";"faturamento";"100000,00";"13/02/2026 09:35:54";"05/08/2026 10:28:41"
"2004";"010764";"2026";"12";"faturamento";"100000,00";"13/02/2026 09:35:54";"05/08/2026 10:28:43"
"2017";"010766";"2026";"1";"faturamento";"50000,00";"13/02/2026 09:35:54";"13/03/2026 10:38:55"
"2018";"010766";"2026";"2";"faturamento";"50000,00";"13/02/2026 09:35:54";"13/03/2026 10:38:55"
"2019";"010766";"2026";"3";"faturamento";"50000,00";"13/02/2026 09:35:54";"13/03/2026 10:38:55"
"2020";"010766";"2026";"4";"faturamento";"50000,00";"13/02/2026 09:35:54";"13/03/2026 10:38:55"
"2029";"010767";"2026";"1";"faturamento";"50000,00";"13/02/2026 09:35:55";"13/03/2026 10:38:55"
"2030";"010767";"2026";"2";"faturamento";"50000,00";"13/02/2026 09:35:55";"13/03/2026 10:38:55"
"2031";"010767";"2026";"3";"faturamento";"50000,00";"13/02/2026 09:35:55";"13/03/2026 10:38:55"
"2032";"010767";"2026";"4";"faturamento";"120000,00";"13/02/2026 09:35:55";"07/04/2026 12:25:28"
"2033";"010767";"2026";"5";"faturamento";"120000,00";"13/02/2026 09:35:55";"07/04/2026 12:25:28"
"2034";"010767";"2026";"6";"faturamento";"120000,00";"13/02/2026 09:35:55";"17/06/2026 15:50:49"
"2035";"010767";"2026";"7";"faturamento";"120000,00";"13/02/2026 09:35:55";"07/04/2026 12:25:28"
"2036";"010767";"2026";"8";"faturamento";"70327,50";"13/02/2026 09:35:55";"03/08/2026 16:06:54"
"2037";"010767";"2026";"9";"faturamento";"120000,00";"13/02/2026 09:35:55";"07/04/2026 12:25:28"
"2038";"010767";"2026";"10";"faturamento";"120000,00";"13/02/2026 09:35:55";"07/04/2026 12:25:28"
"2039";"010767";"2026";"11";"faturamento";"120000,00";"13/02/2026 09:35:55";"07/04/2026 12:25:28"
"2040";"010767";"2026";"12";"faturamento";"120000,00";"13/02/2026 09:35:55";"07/04/2026 12:25:28"
"2041";"010770";"2026";"1";"faturamento";"30000,00";"13/02/2026 09:35:55";"05/08/2026 10:28:31"
"2042";"010770";"2026";"2";"faturamento";"30000,00";"13/02/2026 09:35:55";"05/08/2026 10:28:32"
"2043";"010770";"2026";"3";"faturamento";"30000,00";"13/02/2026 09:35:55";"05/08/2026 10:28:33"
"2044";"010770";"2026";"4";"faturamento";"30000,00";"13/02/2026 09:35:55";"05/08/2026 10:28:33"
"2045";"010770";"2026";"5";"faturamento";"30000,00";"13/02/2026 09:35:55";"05/08/2026 10:28:34"
"2046";"010770";"2026";"6";"faturamento";"30000,00";"13/02/2026 09:35:55";"05/08/2026 10:28:35"
"2047";"010770";"2026";"7";"faturamento";"30000,00";"13/02/2026 09:35:55";"29/07/2026 20:04:14"
"2048";"010770";"2026";"8";"faturamento";"30000,00";"13/02/2026 09:35:55";"05/08/2026 10:28:37"
"2049";"010770";"2026";"9";"faturamento";"30000,00";"13/02/2026 09:35:55";"05/08/2026 10:28:38"
"2050";"010770";"2026";"10";"faturamento";"30000,00";"13/02/2026 09:35:55";"05/08/2026 10:28:39"
"2051";"010770";"2026";"11";"faturamento";"30000,00";"13/02/2026 09:35:55";"05/08/2026 10:28:42"
"2052";"010770";"2026";"12";"faturamento";"30000,00";"13/02/2026 09:35:55";"05/08/2026 10:28:43"
"2053";"010771";"2026";"1";"faturamento";"468,00";"13/02/2026 09:35:55";"13/02/2026 09:35:55"
"2054";"010771";"2026";"2";"faturamento";"468,00";"13/02/2026 09:35:55";"13/02/2026 09:35:55"
"2055";"010771";"2026";"3";"faturamento";"468,00";"13/02/2026 09:35:55";"13/02/2026 09:35:55"
"2056";"010771";"2026";"4";"faturamento";"80000,00";"13/02/2026 09:35:55";"07/04/2026 12:25:28"
"2065";"010774";"2026";"1";"faturamento";"61624,00";"13/02/2026 09:35:55";"17/06/2026 15:16:10"
"2066";"010774";"2026";"2";"faturamento";"61624,00";"13/02/2026 09:35:55";"17/06/2026 15:16:10"
"2067";"010774";"2026";"3";"faturamento";"61624,00";"13/02/2026 09:35:55";"17/06/2026 15:16:10"
"2068";"010774";"2026";"4";"faturamento";"120000,00";"13/02/2026 09:35:55";"07/04/2026 12:25:28"
"2069";"010774";"2026";"5";"faturamento";"120000,00";"13/02/2026 09:35:55";"07/04/2026 12:25:28"
"2070";"010774";"2026";"6";"faturamento";"120000,00";"13/02/2026 09:35:55";"17/06/2026 15:50:49"
"2071";"010774";"2026";"7";"faturamento";"120000,00";"13/02/2026 09:35:55";"07/04/2026 12:25:28"
"2072";"010774";"2026";"8";"faturamento";"20000,00";"13/02/2026 09:35:55";"05/08/2026 10:24:55"
"2073";"010774";"2026";"9";"faturamento";"120000,00";"13/02/2026 09:35:55";"07/04/2026 12:25:28"
"2074";"010774";"2026";"10";"faturamento";"120000,00";"13/02/2026 09:35:55";"07/04/2026 12:25:28"
"2075";"010774";"2026";"11";"faturamento";"120000,00";"13/02/2026 09:35:55";"07/04/2026 12:25:28"
"2076";"010774";"2026";"12";"faturamento";"120000,00";"13/02/2026 09:35:55";"07/04/2026 12:25:28"
"2077";"010775";"2026";"1";"faturamento";"5000000,00";"13/02/2026 09:35:55";"13/02/2026 09:35:55"
"2078";"010775";"2026";"2";"faturamento";"5000000,00";"13/02/2026 09:35:55";"13/02/2026 09:35:55"
"2079";"010775";"2026";"3";"faturamento";"5000000,00";"13/02/2026 09:35:55";"13/02/2026 09:35:55"
"2080";"010775";"2026";"4";"faturamento";"5000000,00";"13/02/2026 09:35:55";"13/02/2026 09:35:55"
"2081";"010775";"2026";"5";"faturamento";"5000000,00";"13/02/2026 09:35:55";"13/02/2026 09:35:55"
"2082";"010775";"2026";"6";"faturamento";"8000000,00";"13/02/2026 09:35:55";"17/06/2026 16:17:25"
"2083";"010775";"2026";"7";"faturamento";"5000000,00";"13/02/2026 09:35:55";"13/02/2026 09:35:55"
"2084";"010775";"2026";"8";"faturamento";"5000000,00";"13/02/2026 09:35:55";"13/02/2026 09:35:55"
"2085";"010775";"2026";"9";"faturamento";"5000000,00";"13/02/2026 09:35:55";"13/02/2026 09:35:55"
"2086";"010775";"2026";"10";"faturamento";"5000000,00";"13/02/2026 09:35:55";"13/02/2026 09:35:55"
"2087";"010775";"2026";"11";"faturamento";"5000000,00";"13/02/2026 09:35:55";"13/02/2026 09:35:55"
"2088";"010775";"2026";"12";"faturamento";"5000000,00";"13/02/2026 09:35:55";"13/02/2026 09:35:55"
"2089";"010776";"2026";"1";"faturamento";"3000000,00";"13/02/2026 09:35:55";"13/02/2026 09:35:55"
"2090";"010776";"2026";"2";"faturamento";"3000000,00";"13/02/2026 09:35:55";"13/02/2026 09:35:55"
"2091";"010776";"2026";"3";"faturamento";"3000000,00";"13/02/2026 09:35:55";"13/02/2026 09:35:55"
"2092";"010776";"2026";"4";"faturamento";"3000000,00";"13/02/2026 09:35:55";"13/02/2026 09:35:55"
"2093";"010776";"2026";"5";"faturamento";"3000000,00";"13/02/2026 09:35:55";"13/02/2026 09:35:55"
"2094";"010776";"2026";"6";"faturamento";"3000000,00";"13/02/2026 09:35:55";"17/06/2026 15:50:49"
"2095";"010776";"2026";"7";"faturamento";"3000000,00";"13/02/2026 09:35:55";"13/02/2026 09:35:55"
"2096";"010776";"2026";"8";"faturamento";"3000000,00";"13/02/2026 09:35:55";"13/02/2026 09:35:55"
"2097";"010776";"2026";"9";"faturamento";"3000000,00";"13/02/2026 09:35:55";"13/02/2026 09:35:55"
"2098";"010776";"2026";"10";"faturamento";"3000000,00";"13/02/2026 09:35:55";"13/02/2026 09:35:55"
"2099";"010776";"2026";"11";"faturamento";"3000000,00";"13/02/2026 09:35:55";"13/02/2026 09:35:55"
"2100";"010776";"2026";"12";"faturamento";"3000000,00";"13/02/2026 09:35:55";"13/02/2026 09:35:55"
"14701";"000006";"2026";"1";"faturamento";"1350000,00";"31/03/2026 09:20:55";"05/08/2026 10:28:30"
"14702";"000006";"2026";"2";"faturamento";"1350000,00";"31/03/2026 09:20:55";"05/08/2026 10:28:31"
"14703";"000006";"2026";"3";"faturamento";"1350000,00";"31/03/2026 09:20:55";"05/08/2026 10:28:32"
"14704";"000006";"2026";"4";"faturamento";"1350000,00";"31/03/2026 09:20:55";"05/08/2026 10:28:33"
"14705";"000006";"2026";"5";"faturamento";"1350000,00";"31/03/2026 09:20:55";"05/08/2026 10:28:34"
"14706";"000006";"2026";"6";"faturamento";"1350000,00";"31/03/2026 09:20:55";"05/08/2026 10:28:35"
"14707";"000006";"2026";"7";"faturamento";"1350000,00";"31/03/2026 09:20:55";"29/07/2026 20:34:01"
"14708";"000006";"2026";"8";"faturamento";"1350000,00";"31/03/2026 09:20:55";"05/08/2026 10:28:36"
"14709";"000006";"2026";"9";"faturamento";"1350000,00";"31/03/2026 09:20:55";"05/08/2026 10:28:38"
"14710";"000006";"2026";"10";"faturamento";"1350000,00";"31/03/2026 09:20:55";"05/08/2026 10:28:39"
"14711";"000006";"2026";"11";"faturamento";"1350000,00";"31/03/2026 09:20:55";"05/08/2026 10:28:41"
"14712";"000006";"2026";"12";"faturamento";"1350000,00";"31/03/2026 09:20:55";"05/08/2026 10:28:43"
"14713";"000010";"2026";"1";"faturamento";"10782,00";"31/03/2026 09:20:55";"19/05/2026 10:39:10"
"14714";"000010";"2026";"2";"faturamento";"19258,00";"31/03/2026 09:20:55";"19/05/2026 10:39:12"
"14715";"000010";"2026";"3";"faturamento";"14790,00";"31/03/2026 09:20:55";"19/05/2026 10:39:12"
"14716";"000010";"2026";"4";"faturamento";"16917,00";"31/03/2026 09:20:55";"19/05/2026 10:39:13"
"14717";"000010";"2026";"5";"faturamento";"60000,00";"31/03/2026 09:20:55";"19/05/2026 10:39:14"
"14718";"000010";"2026";"6";"faturamento";"73579,80";"31/03/2026 09:20:55";"17/06/2026 15:16:05"
"14719";"000010";"2026";"7";"faturamento";"60000,00";"31/03/2026 09:20:55";"19/05/2026 10:39:16"
"14720";"000010";"2026";"8";"faturamento";"60000,00";"31/03/2026 09:20:55";"19/05/2026 10:39:16"
"14721";"000010";"2026";"9";"faturamento";"60000,00";"31/03/2026 09:20:55";"19/05/2026 10:39:17"
"14722";"000010";"2026";"10";"faturamento";"60000,00";"31/03/2026 09:20:55";"19/05/2026 10:39:18"
"14723";"000010";"2026";"11";"faturamento";"60000,00";"31/03/2026 09:20:55";"19/05/2026 10:39:19"
"14724";"000010";"2026";"12";"faturamento";"60000,00";"31/03/2026 09:20:55";"19/05/2026 10:39:20"
"14725";"000044";"2026";"1";"faturamento";"18665,00";"31/03/2026 09:20:55";"19/05/2026 10:39:10"
"14726";"000044";"2026";"2";"faturamento";"15276,00";"31/03/2026 09:20:55";"19/05/2026 10:39:12"
"14727";"000044";"2026";"3";"faturamento";"16227,00";"31/03/2026 09:20:55";"19/05/2026 10:39:12"
"14728";"000044";"2026";"4";"faturamento";"17242,00";"31/03/2026 09:20:55";"19/05/2026 10:39:13"
"14729";"000044";"2026";"5";"faturamento";"60000,00";"31/03/2026 09:20:55";"19/05/2026 10:39:14"
"14730";"000044";"2026";"6";"faturamento";"65139,48";"31/03/2026 09:20:55";"17/06/2026 15:16:05"
"14731";"000044";"2026";"7";"faturamento";"60000,00";"31/03/2026 09:20:55";"19/05/2026 10:39:16"
"14732";"000044";"2026";"8";"faturamento";"60000,00";"31/03/2026 09:20:55";"19/05/2026 10:39:16"
"14733";"000044";"2026";"9";"faturamento";"60000,00";"31/03/2026 09:20:55";"19/05/2026 10:39:17"
"14734";"000044";"2026";"10";"faturamento";"60000,00";"31/03/2026 09:20:55";"19/05/2026 10:39:18"
"14735";"000044";"2026";"11";"faturamento";"60000,00";"31/03/2026 09:20:55";"19/05/2026 10:39:19"
"14736";"000044";"2026";"12";"faturamento";"60000,00";"31/03/2026 09:20:55";"19/05/2026 10:39:20"
"14737";"000048";"2026";"1";"faturamento";"155870,00";"31/03/2026 09:20:55";"19/05/2026 10:39:10"
"14738";"000048";"2026";"2";"faturamento";"60865,00";"31/03/2026 09:20:55";"19/05/2026 10:39:12"
"14739";"000048";"2026";"3";"faturamento";"152008,00";"31/03/2026 09:20:55";"19/05/2026 10:39:12"
"14740";"000048";"2026";"4";"faturamento";"200902,00";"31/03/2026 09:20:55";"19/05/2026 10:39:13"
"14741";"000048";"2026";"5";"faturamento";"130000,00";"31/03/2026 09:20:55";"19/05/2026 10:39:14"
"14742";"000048";"2026";"6";"faturamento";"210000,00";"31/03/2026 09:20:55";"17/06/2026 15:50:47"
"14743";"000048";"2026";"7";"faturamento";"200000,00";"31/03/2026 09:20:55";"19/05/2026 10:39:16"
"14744";"000048";"2026";"8";"faturamento";"225000,00";"31/03/2026 09:20:55";"19/05/2026 10:39:16"
"14745";"000048";"2026";"9";"faturamento";"225000,00";"31/03/2026 09:20:55";"19/05/2026 10:39:17"
"14746";"000048";"2026";"10";"faturamento";"175000,00";"31/03/2026 09:20:55";"19/05/2026 10:39:18"
"14747";"000048";"2026";"11";"faturamento";"140000,00";"31/03/2026 09:20:55";"19/05/2026 10:39:19"
"14748";"000048";"2026";"12";"faturamento";"340000,00";"31/03/2026 09:20:55";"19/05/2026 10:39:20"
"14749";"000054";"2026";"1";"faturamento";"2523303,00";"31/03/2026 09:20:55";"19/05/2026 10:39:10"
"14750";"000054";"2026";"2";"faturamento";"2211121,00";"31/03/2026 09:20:55";"19/05/2026 10:39:12"
"14751";"000054";"2026";"3";"faturamento";"2409042,00";"31/03/2026 09:20:55";"19/05/2026 10:39:12"
"14752";"000054";"2026";"4";"faturamento";"2084006,00";"31/03/2026 09:20:55";"19/05/2026 10:39:13"
"14753";"000054";"2026";"5";"faturamento";"2100000,00";"31/03/2026 09:20:55";"19/05/2026 10:39:14"
"14754";"000054";"2026";"6";"faturamento";"1900000,00";"31/03/2026 09:20:55";"19/05/2026 10:39:15"
"14755";"000054";"2026";"7";"faturamento";"2150000,00";"31/03/2026 09:20:55";"19/05/2026 10:39:16"
"14756";"000054";"2026";"8";"faturamento";"2050000,00";"31/03/2026 09:20:55";"19/05/2026 10:39:16"
"14757";"000054";"2026";"9";"faturamento";"2300000,00";"31/03/2026 09:20:55";"19/05/2026 10:39:17"
"14758";"000054";"2026";"10";"faturamento";"2080000,00";"31/03/2026 09:20:55";"19/05/2026 10:39:18"
"14759";"000054";"2026";"11";"faturamento";"2715000,00";"31/03/2026 09:20:55";"19/05/2026 10:39:19"
"14760";"000054";"2026";"12";"faturamento";"3400000,00";"31/03/2026 09:20:55";"19/05/2026 10:39:20"
"14761";"000062";"2026";"1";"faturamento";"24224,00";"31/03/2026 09:20:55";"19/05/2026 10:39:10"
"14762";"000062";"2026";"2";"faturamento";"7128,00";"31/03/2026 09:20:55";"19/05/2026 10:39:12"
"14763";"000062";"2026";"3";"faturamento";"23595,00";"31/03/2026 09:20:55";"19/05/2026 10:39:12"
"14764";"000062";"2026";"4";"faturamento";"120000,00";"31/03/2026 09:20:55";"19/05/2026 10:39:13"
"14765";"000062";"2026";"5";"faturamento";"120000,00";"31/03/2026 09:20:55";"19/05/2026 10:39:14"
"14766";"000062";"2026";"6";"faturamento";"120000,00";"31/03/2026 09:20:55";"17/06/2026 15:50:47"
"14767";"000062";"2026";"7";"faturamento";"120000,00";"31/03/2026 09:20:55";"19/05/2026 10:39:16"
"14768";"000062";"2026";"8";"faturamento";"120000,00";"31/03/2026 09:20:55";"19/05/2026 10:39:16"
"14769";"000062";"2026";"9";"faturamento";"120000,00";"31/03/2026 09:20:55";"19/05/2026 10:39:17"
"14770";"000062";"2026";"10";"faturamento";"120000,00";"31/03/2026 09:20:55";"19/05/2026 10:39:18"
"14771";"000062";"2026";"11";"faturamento";"120000,00";"31/03/2026 09:20:55";"19/05/2026 10:39:19"
"14772";"000062";"2026";"12";"faturamento";"120000,00";"31/03/2026 09:20:55";"19/05/2026 10:39:20"
"14773";"000115";"2026";"1";"faturamento";"340870,00";"31/03/2026 09:20:55";"19/05/2026 10:39:10"
"14774";"000115";"2026";"2";"faturamento";"343809,00";"31/03/2026 09:20:55";"19/05/2026 10:39:12"
"14775";"000115";"2026";"3";"faturamento";"664016,00";"31/03/2026 09:20:55";"19/05/2026 10:39:12"
"14776";"000115";"2026";"4";"faturamento";"800000,00";"31/03/2026 09:20:55";"19/05/2026 10:39:13"
"14777";"000115";"2026";"5";"faturamento";"800000,00";"31/03/2026 09:20:55";"19/05/2026 10:39:14"
"14778";"000115";"2026";"6";"faturamento";"1215840,00";"31/03/2026 09:20:55";"17/06/2026 15:16:05"
"14779";"000115";"2026";"7";"faturamento";"1050000,00";"31/03/2026 09:20:55";"19/05/2026 10:39:16"
"14780";"000115";"2026";"8";"faturamento";"700000,00";"31/03/2026 09:20:55";"10/08/2026 17:05:55"
"14781";"000115";"2026";"9";"faturamento";"1050000,00";"31/03/2026 09:20:55";"19/05/2026 10:39:17"
"14782";"000115";"2026";"10";"faturamento";"1400000,00";"31/03/2026 09:20:55";"19/05/2026 10:39:18"
"14783";"000115";"2026";"11";"faturamento";"1050000,00";"31/03/2026 09:20:55";"19/05/2026 10:39:19"
"14784";"000115";"2026";"12";"faturamento";"1550000,00";"31/03/2026 09:20:55";"19/05/2026 10:39:20"
"14785";"000178";"2026";"1";"faturamento";"20000,00";"31/03/2026 09:20:55";"05/08/2026 10:28:31"
"14786";"000178";"2026";"2";"faturamento";"20000,00";"31/03/2026 09:20:55";"05/08/2026 10:28:32"
"14787";"000178";"2026";"3";"faturamento";"20000,00";"31/03/2026 09:20:55";"05/08/2026 10:28:32"
"14788";"000178";"2026";"4";"faturamento";"20000,00";"31/03/2026 09:20:55";"05/08/2026 10:28:33"
"14789";"000178";"2026";"5";"faturamento";"20000,00";"31/03/2026 09:20:55";"05/08/2026 10:28:34"
"14790";"000178";"2026";"6";"faturamento";"20000,00";"31/03/2026 09:20:55";"05/08/2026 10:28:35"
"14791";"000178";"2026";"7";"faturamento";"20000,00";"31/03/2026 09:20:55";"29/07/2026 20:22:32"
"14792";"000178";"2026";"8";"faturamento";"20000,00";"31/03/2026 09:20:55";"05/08/2026 10:28:37"
"14793";"000178";"2026";"9";"faturamento";"20000,00";"31/03/2026 09:20:55";"05/08/2026 10:28:38"
"14794";"000178";"2026";"10";"faturamento";"20000,00";"31/03/2026 09:20:55";"05/08/2026 10:28:39"
"14795";"000178";"2026";"11";"faturamento";"20000,00";"31/03/2026 09:20:55";"05/08/2026 10:28:42"
"14796";"000178";"2026";"12";"faturamento";"20000,00";"31/03/2026 09:20:55";"05/08/2026 10:28:43"
"14797";"000197";"2026";"1";"faturamento";"7208472,00";"31/03/2026 09:20:55";"19/05/2026 10:39:10"
"14798";"000197";"2026";"2";"faturamento";"6363661,00";"31/03/2026 09:20:55";"19/05/2026 10:39:12"
"14799";"000197";"2026";"3";"faturamento";"6507850,00";"31/03/2026 09:20:55";"19/05/2026 10:39:12"
"14800";"000197";"2026";"4";"faturamento";"7191996,00";"31/03/2026 09:20:55";"19/05/2026 10:39:13"
"14801";"000197";"2026";"5";"faturamento";"7000000,00";"31/03/2026 09:20:55";"19/05/2026 10:39:14"
"14802";"000197";"2026";"6";"faturamento";"7439455,76";"31/03/2026 09:20:55";"17/06/2026 15:16:05"
"14803";"000197";"2026";"7";"faturamento";"7000000,00";"31/03/2026 09:20:55";"19/05/2026 10:39:16"
"14804";"000197";"2026";"8";"faturamento";"5200000,00";"31/03/2026 09:20:55";"19/05/2026 10:39:16"
"14805";"000197";"2026";"9";"faturamento";"5000000,00";"31/03/2026 09:20:55";"19/05/2026 10:39:17"
"14806";"000197";"2026";"10";"faturamento";"6300000,00";"31/03/2026 09:20:55";"19/05/2026 10:39:18"
"14807";"000197";"2026";"11";"faturamento";"6400000,00";"31/03/2026 09:20:55";"19/05/2026 10:39:19"
"14808";"000197";"2026";"12";"faturamento";"7350000,00";"31/03/2026 09:20:55";"19/05/2026 10:39:20"
"14809";"000304";"2026";"1";"faturamento";"150000,00";"31/03/2026 09:20:55";"05/08/2026 10:28:31"
"14810";"000304";"2026";"2";"faturamento";"150000,00";"31/03/2026 09:20:55";"05/08/2026 10:28:32"
"14811";"000304";"2026";"3";"faturamento";"150000,00";"31/03/2026 09:20:55";"05/08/2026 10:28:33"
"14812";"000304";"2026";"4";"faturamento";"150000,00";"31/03/2026 09:20:55";"05/08/2026 10:28:33"
"14813";"000304";"2026";"5";"faturamento";"150000,00";"31/03/2026 09:20:55";"05/08/2026 10:28:34"
"14814";"000304";"2026";"6";"faturamento";"150000,00";"31/03/2026 09:20:55";"05/08/2026 10:28:35"
"14815";"000304";"2026";"7";"faturamento";"150000,00";"31/03/2026 09:20:55";"29/07/2026 20:06:18"
"14816";"000304";"2026";"8";"faturamento";"150000,00";"31/03/2026 09:20:55";"05/08/2026 10:28:37"
"14817";"000304";"2026";"9";"faturamento";"150000,00";"31/03/2026 09:20:55";"05/08/2026 10:28:38"
"14818";"000304";"2026";"10";"faturamento";"150000,00";"31/03/2026 09:20:55";"05/08/2026 10:28:40"
"14819";"000304";"2026";"11";"faturamento";"150000,00";"31/03/2026 09:20:55";"05/08/2026 10:28:42"
"14820";"000304";"2026";"12";"faturamento";"150000,00";"31/03/2026 09:20:55";"05/08/2026 10:28:43"
"14821";"000324";"2026";"1";"faturamento";"30000,00";"31/03/2026 09:20:55";"05/08/2026 10:28:30"
"14822";"000324";"2026";"2";"faturamento";"30000,00";"31/03/2026 09:20:55";"05/08/2026 10:28:31"
"14823";"000324";"2026";"3";"faturamento";"30000,00";"31/03/2026 09:20:55";"05/08/2026 10:28:32"
"14824";"000324";"2026";"4";"faturamento";"30000,00";"31/03/2026 09:20:55";"05/08/2026 10:28:33"
"14825";"000324";"2026";"5";"faturamento";"30000,00";"31/03/2026 09:20:55";"05/08/2026 10:28:34"
"14826";"000324";"2026";"6";"faturamento";"30000,00";"31/03/2026 09:20:55";"05/08/2026 10:28:34"
"14827";"000324";"2026";"7";"faturamento";"30000,00";"31/03/2026 09:20:55";"29/07/2026 20:30:13"
"14828";"000324";"2026";"8";"faturamento";"30000,00";"31/03/2026 09:20:55";"05/08/2026 10:28:36"
"14829";"000324";"2026";"9";"faturamento";"20000,00";"31/03/2026 09:20:55";"15/09/2026 10:05:51"
"14830";"000324";"2026";"10";"faturamento";"30000,00";"31/03/2026 09:20:55";"05/08/2026 10:28:39"
"14831";"000324";"2026";"11";"faturamento";"30000,00";"31/03/2026 09:20:55";"05/08/2026 10:28:40"
"14832";"000324";"2026";"12";"faturamento";"30000,00";"31/03/2026 09:20:55";"05/08/2026 10:28:43"
"14833";"000359";"2026";"1";"faturamento";"320000,00";"31/03/2026 09:20:55";"05/08/2026 10:28:30"
"14834";"000359";"2026";"2";"faturamento";"320000,00";"31/03/2026 09:20:55";"05/08/2026 10:28:31"
"14835";"000359";"2026";"3";"faturamento";"320000,00";"31/03/2026 09:20:55";"05/08/2026 10:28:32"
"14836";"000359";"2026";"4";"faturamento";"320000,00";"31/03/2026 09:20:55";"05/08/2026 10:28:33"
"14837";"000359";"2026";"5";"faturamento";"320000,00";"31/03/2026 09:20:55";"05/08/2026 10:28:34"
"14838";"000359";"2026";"6";"faturamento";"320000,00";"31/03/2026 09:20:55";"05/08/2026 10:28:34"
"14839";"000359";"2026";"7";"faturamento";"320000,00";"31/03/2026 09:20:55";"29/07/2026 20:31:07"
"14840";"000359";"2026";"8";"faturamento";"320000,00";"31/03/2026 09:20:55";"05/08/2026 10:28:36"
"14841";"000359";"2026";"9";"faturamento";"320000,00";"31/03/2026 09:20:55";"05/08/2026 10:28:37"
"14842";"000359";"2026";"10";"faturamento";"320000,00";"31/03/2026 09:20:55";"05/08/2026 10:28:39"
"14843";"000359";"2026";"11";"faturamento";"320000,00";"31/03/2026 09:20:55";"19/05/2026 10:39:19"
"14844";"000359";"2026";"12";"faturamento";"320000,00";"31/03/2026 09:20:55";"05/08/2026 10:28:43"
"14845";"000385";"2026";"1";"faturamento";"100000,00";"31/03/2026 09:20:55";"05/08/2026 10:28:31"
"14846";"000385";"2026";"2";"faturamento";"100000,00";"31/03/2026 09:20:55";"05/08/2026 10:28:32"
"14847";"000385";"2026";"3";"faturamento";"100000,00";"31/03/2026 09:20:55";"05/08/2026 10:28:33"
"14848";"000385";"2026";"4";"faturamento";"100000,00";"31/03/2026 09:20:55";"05/08/2026 10:28:33"
"14849";"000385";"2026";"5";"faturamento";"100000,00";"31/03/2026 09:20:55";"05/08/2026 10:28:34"
"14850";"000385";"2026";"6";"faturamento";"100000,00";"31/03/2026 09:20:55";"05/08/2026 10:28:35"
"14851";"000385";"2026";"7";"faturamento";"100000,00";"31/03/2026 09:20:55";"29/07/2026 19:39:03"
"14852";"000385";"2026";"8";"faturamento";"100000,00";"31/03/2026 09:20:55";"05/08/2026 10:28:37"
"14853";"000385";"2026";"9";"faturamento";"80000,00";"31/03/2026 09:20:55";"15/09/2026 10:06:49"
"14854";"000385";"2026";"10";"faturamento";"100000,00";"31/03/2026 09:20:55";"05/08/2026 10:28:40"
"14855";"000385";"2026";"11";"faturamento";"100000,00";"31/03/2026 09:20:55";"05/08/2026 10:28:42"
"14856";"000385";"2026";"12";"faturamento";"100000,00";"31/03/2026 09:20:55";"19/05/2026 10:39:20"
"14857";"010002";"2026";"1";"faturamento";"16693791,00";"31/03/2026 09:20:55";"19/05/2026 10:39:10"
"14858";"010002";"2026";"2";"faturamento";"14647527,00";"31/03/2026 09:20:55";"19/05/2026 10:39:12"
"14859";"010002";"2026";"3";"faturamento";"17669689,00";"31/03/2026 09:20:55";"19/05/2026 10:39:12"
"14860";"010002";"2026";"4";"faturamento";"15490076,00";"31/03/2026 09:20:55";"19/05/2026 10:39:13"
"14861";"010002";"2026";"5";"faturamento";"17000000,00";"31/03/2026 09:20:55";"19/05/2026 10:39:14"
"14862";"010002";"2026";"6";"faturamento";"18375658,83";"31/03/2026 09:20:55";"17/06/2026 15:16:06"
"14863";"010002";"2026";"7";"faturamento";"16600000,00";"31/03/2026 09:20:55";"19/05/2026 10:39:16"
"14864";"010002";"2026";"8";"faturamento";"16800000,00";"31/03/2026 09:20:55";"19/05/2026 10:39:16"
"14865";"010002";"2026";"9";"faturamento";"19520000,00";"31/03/2026 09:20:55";"19/05/2026 10:39:17"
"14866";"010002";"2026";"10";"faturamento";"27500000,00";"31/03/2026 09:20:55";"19/05/2026 10:39:18"
"14867";"010002";"2026";"11";"faturamento";"27500000,00";"31/03/2026 09:20:55";"19/05/2026 10:39:19"
"14868";"010002";"2026";"12";"faturamento";"23100000,00";"31/03/2026 09:20:55";"19/05/2026 10:39:20"
"14869";"010018";"2026";"1";"faturamento";"28362,00";"31/03/2026 09:20:55";"19/05/2026 10:39:10"
"14870";"010018";"2026";"2";"faturamento";"24021,00";"31/03/2026 09:20:55";"19/05/2026 10:39:12"
"14871";"010018";"2026";"3";"faturamento";"19556,00";"31/03/2026 09:20:55";"19/05/2026 10:39:12"
"14872";"010018";"2026";"4";"faturamento";"120000,00";"31/03/2026 09:20:55";"19/05/2026 10:39:13"
"14873";"010018";"2026";"5";"faturamento";"120000,00";"31/03/2026 09:20:55";"19/05/2026 10:39:14"
"14874";"010018";"2026";"6";"faturamento";"120000,00";"31/03/2026 09:20:55";"17/06/2026 15:50:47"
"14875";"010018";"2026";"7";"faturamento";"120000,00";"31/03/2026 09:20:55";"19/05/2026 10:39:16"
"14876";"010018";"2026";"8";"faturamento";"120000,00";"31/03/2026 09:20:55";"19/05/2026 10:39:16"
"14877";"010018";"2026";"9";"faturamento";"120000,00";"31/03/2026 09:20:55";"19/05/2026 10:39:17"
"14878";"010018";"2026";"10";"faturamento";"120000,00";"31/03/2026 09:20:55";"19/05/2026 10:39:18"
"14879";"010018";"2026";"11";"faturamento";"120000,00";"31/03/2026 09:20:55";"19/05/2026 10:39:19"
"14880";"010018";"2026";"12";"faturamento";"120000,00";"31/03/2026 09:20:55";"19/05/2026 10:39:20"
"14881";"010086";"2026";"1";"faturamento";"436296,00";"31/03/2026 09:20:55";"19/05/2026 10:39:10"
"14882";"010086";"2026";"2";"faturamento";"302244,00";"31/03/2026 09:20:55";"19/05/2026 10:39:12"
"14883";"010086";"2026";"3";"faturamento";"351967,00";"31/03/2026 09:20:55";"19/05/2026 10:39:12"
"14884";"010086";"2026";"4";"faturamento";"442896,00";"31/03/2026 09:20:55";"19/05/2026 10:39:13"
"14885";"010086";"2026";"5";"faturamento";"280000,00";"31/03/2026 09:20:55";"19/05/2026 10:39:14"
"14886";"010086";"2026";"6";"faturamento";"598394,20";"31/03/2026 09:20:55";"17/06/2026 15:16:06"
"14887";"010086";"2026";"7";"faturamento";"690000,00";"31/03/2026 09:20:55";"19/05/2026 10:39:16"
"14888";"010086";"2026";"8";"faturamento";"600000,00";"31/03/2026 09:20:55";"19/05/2026 10:39:16"
"14889";"010086";"2026";"9";"faturamento";"400000,00";"31/03/2026 09:20:55";"19/05/2026 10:39:17"
"14890";"010086";"2026";"10";"faturamento";"350000,00";"31/03/2026 09:20:55";"19/05/2026 10:39:18"
"14891";"010086";"2026";"11";"faturamento";"350000,00";"31/03/2026 09:20:55";"19/05/2026 10:39:19"
"14892";"010086";"2026";"12";"faturamento";"480000,00";"31/03/2026 09:20:55";"19/05/2026 10:39:20"
"14893";"010102";"2026";"1";"faturamento";"450000,00";"31/03/2026 09:20:55";"19/05/2026 10:39:10"
"14894";"010102";"2026";"2";"faturamento";"450000,00";"31/03/2026 09:20:55";"19/05/2026 10:39:12"
"14895";"010102";"2026";"3";"faturamento";"450000,00";"31/03/2026 09:20:55";"19/05/2026 10:39:12"
"14896";"010102";"2026";"4";"faturamento";"450000,00";"31/03/2026 09:20:55";"19/05/2026 10:39:13"
"14897";"010102";"2026";"5";"faturamento";"450000,00";"31/03/2026 09:20:55";"19/05/2026 10:39:14"
"14898";"010102";"2026";"6";"faturamento";"466223,04";"31/03/2026 09:20:55";"17/06/2026 15:16:06"
"14899";"010102";"2026";"7";"faturamento";"450000,00";"31/03/2026 09:20:55";"19/05/2026 10:39:16"
"14900";"010102";"2026";"8";"faturamento";"223189,98";"31/03/2026 09:20:55";"03/08/2026 16:06:54"
"14901";"010102";"2026";"9";"faturamento";"450000,00";"31/03/2026 09:20:55";"19/05/2026 10:39:17"
"14902";"010102";"2026";"10";"faturamento";"450000,00";"31/03/2026 09:20:55";"19/05/2026 10:39:18"
"14903";"010102";"2026";"11";"faturamento";"450000,00";"31/03/2026 09:20:55";"19/05/2026 10:39:19"
"14904";"010102";"2026";"12";"faturamento";"450000,00";"31/03/2026 09:20:55";"19/05/2026 10:39:20"
"14905";"010147";"2026";"1";"faturamento";"180000,00";"31/03/2026 09:20:55";"05/08/2026 10:28:31"
"14906";"010147";"2026";"2";"faturamento";"180000,00";"31/03/2026 09:20:55";"05/08/2026 10:28:32"
"14907";"010147";"2026";"3";"faturamento";"180000,00";"31/03/2026 09:20:55";"05/08/2026 10:28:33"
"14908";"010147";"2026";"4";"faturamento";"180000,00";"31/03/2026 09:20:55";"05/08/2026 10:28:33"
"14909";"010147";"2026";"5";"faturamento";"180000,00";"31/03/2026 09:20:55";"05/08/2026 10:28:34"
"14910";"010147";"2026";"6";"faturamento";"180000,00";"31/03/2026 09:20:55";"05/08/2026 10:28:35"
"14911";"010147";"2026";"7";"faturamento";"180000,00";"31/03/2026 09:20:55";"19/05/2026 10:39:16"
"14912";"010147";"2026";"8";"faturamento";"180000,00";"31/03/2026 09:20:55";"05/08/2026 10:28:37"
"14913";"010147";"2026";"9";"faturamento";"180000,00";"31/03/2026 09:20:55";"05/08/2026 10:28:38"
"14914";"010147";"2026";"10";"faturamento";"180000,00";"31/03/2026 09:20:55";"05/08/2026 10:28:40"
"14915";"010147";"2026";"11";"faturamento";"180000,00";"31/03/2026 09:20:55";"05/08/2026 10:28:42"
"14916";"010147";"2026";"12";"faturamento";"180000,00";"31/03/2026 09:20:55";"05/08/2026 10:28:43"
"14917";"010161";"2026";"1";"faturamento";"11950,00";"31/03/2026 09:20:55";"19/05/2026 10:39:10"
"14918";"010161";"2026";"2";"faturamento";"44324,00";"31/03/2026 09:20:55";"19/05/2026 10:39:12"
"14919";"010161";"2026";"3";"faturamento";"41902,00";"31/03/2026 09:20:55";"19/05/2026 10:39:12"
"14920";"010161";"2026";"4";"faturamento";"120000,00";"31/03/2026 09:20:55";"19/05/2026 10:39:13"
"14921";"010161";"2026";"5";"faturamento";"120000,00";"31/03/2026 09:20:55";"19/05/2026 10:39:14"
"14922";"010161";"2026";"6";"faturamento";"135454,00";"31/03/2026 09:20:55";"17/06/2026 15:16:06"
"14923";"010161";"2026";"7";"faturamento";"120000,00";"31/03/2026 09:20:55";"19/05/2026 10:39:16"
"14924";"010161";"2026";"8";"faturamento";"50000,00";"31/03/2026 09:20:55";"05/08/2026 10:24:55"
"14925";"010161";"2026";"9";"faturamento";"120000,00";"31/03/2026 09:20:55";"19/05/2026 10:39:17"
"14926";"010161";"2026";"10";"faturamento";"120000,00";"31/03/2026 09:20:55";"19/05/2026 10:39:18"
"14927";"010161";"2026";"11";"faturamento";"120000,00";"31/03/2026 09:20:55";"19/05/2026 10:39:19"
"14928";"010161";"2026";"12";"faturamento";"120000,00";"31/03/2026 09:20:55";"19/05/2026 10:39:20"
"14929";"010172";"2026";"1";"faturamento";"600000,00";"31/03/2026 09:20:55";"19/05/2026 10:39:10"
"14930";"010172";"2026";"2";"faturamento";"600000,00";"31/03/2026 09:20:55";"19/05/2026 10:39:12"
"14931";"010172";"2026";"3";"faturamento";"600000,00";"31/03/2026 09:20:55";"19/05/2026 10:39:12"
"14932";"010172";"2026";"4";"faturamento";"600000,00";"31/03/2026 09:20:55";"19/05/2026 10:39:13"
"14933";"010172";"2026";"5";"faturamento";"600000,00";"31/03/2026 09:20:55";"19/05/2026 10:39:14"
"14934";"010172";"2026";"6";"faturamento";"600800,00";"31/03/2026 09:20:55";"17/06/2026 15:16:06"
"14935";"010172";"2026";"7";"faturamento";"600000,00";"31/03/2026 09:20:55";"19/05/2026 10:39:16"
"14936";"010172";"2026";"8";"faturamento";"571367,05";"31/03/2026 09:20:55";"03/08/2026 16:06:54"
"14937";"010172";"2026";"9";"faturamento";"600000,00";"31/03/2026 09:20:55";"19/05/2026 10:39:17"
"14938";"010172";"2026";"10";"faturamento";"680000,00";"31/03/2026 09:20:55";"19/05/2026 10:39:18"
"14939";"010172";"2026";"11";"faturamento";"850000,00";"31/03/2026 09:20:55";"19/05/2026 10:39:19"
"14940";"010172";"2026";"12";"faturamento";"750000,00";"31/03/2026 09:20:55";"19/05/2026 10:39:20"
"14941";"010188";"2026";"1";"faturamento";"311365,00";"31/03/2026 09:20:55";"19/05/2026 10:39:10"
"14942";"010188";"2026";"2";"faturamento";"76566,00";"31/03/2026 09:20:55";"19/05/2026 10:39:12"
"14943";"010188";"2026";"3";"faturamento";"260327,00";"31/03/2026 09:20:55";"19/05/2026 10:39:12"
"14944";"010188";"2026";"4";"faturamento";"97944,00";"31/03/2026 09:20:55";"19/05/2026 10:39:13"
"14945";"010188";"2026";"5";"faturamento";"140000,00";"31/03/2026 09:20:55";"19/05/2026 10:39:14"
"14946";"010188";"2026";"6";"faturamento";"100000,00";"31/03/2026 09:20:55";"17/06/2026 15:50:47"
"14947";"010188";"2026";"7";"faturamento";"120000,00";"31/03/2026 09:20:55";"19/05/2026 10:39:16"
"14948";"010188";"2026";"8";"faturamento";"100000,00";"31/03/2026 09:20:55";"19/05/2026 10:39:17"
"14949";"010188";"2026";"9";"faturamento";"100000,00";"31/03/2026 09:20:55";"19/05/2026 10:39:17"
"14950";"010188";"2026";"10";"faturamento";"180000,00";"31/03/2026 09:20:55";"19/05/2026 10:39:18"
"14951";"010188";"2026";"11";"faturamento";"165000,00";"31/03/2026 09:20:55";"19/05/2026 10:39:19"
"14952";"010188";"2026";"12";"faturamento";"130000,00";"31/03/2026 09:20:55";"19/05/2026 10:39:20"
"14953";"010191";"2026";"1";"faturamento";"30000,00";"31/03/2026 09:20:55";"05/08/2026 10:28:30"
"14954";"010191";"2026";"2";"faturamento";"30000,00";"31/03/2026 09:20:55";"05/08/2026 10:28:31"
"14955";"010191";"2026";"3";"faturamento";"30000,00";"31/03/2026 09:20:55";"05/08/2026 10:28:32"
"14956";"010191";"2026";"4";"faturamento";"30000,00";"31/03/2026 09:20:55";"05/08/2026 10:28:33"
"14957";"010191";"2026";"5";"faturamento";"30000,00";"31/03/2026 09:20:55";"05/08/2026 10:28:34"
"14958";"010191";"2026";"6";"faturamento";"30000,00";"31/03/2026 09:20:55";"05/08/2026 10:28:35"
"14959";"010191";"2026";"7";"faturamento";"30000,00";"31/03/2026 09:20:55";"29/07/2026 20:01:34"
"14960";"010191";"2026";"8";"faturamento";"30000,00";"31/03/2026 09:20:55";"05/08/2026 10:28:36"
"14961";"010191";"2026";"9";"faturamento";"30000,00";"31/03/2026 09:20:55";"05/08/2026 10:28:37"
"14962";"010191";"2026";"10";"faturamento";"30000,00";"31/03/2026 09:20:55";"05/08/2026 10:28:39"
"14963";"010191";"2026";"11";"faturamento";"30000,00";"31/03/2026 09:20:55";"05/08/2026 10:28:40"
"14964";"010191";"2026";"12";"faturamento";"30000,00";"31/03/2026 09:20:55";"05/08/2026 10:28:43"
"14977";"010208";"2026";"1";"faturamento";"150000,00";"31/03/2026 09:20:55";"05/08/2026 10:28:31"
"14978";"010208";"2026";"2";"faturamento";"150000,00";"31/03/2026 09:20:55";"05/08/2026 10:28:32"
"14979";"010208";"2026";"3";"faturamento";"150000,00";"31/03/2026 09:20:55";"05/08/2026 10:28:33"
"14980";"010208";"2026";"4";"faturamento";"150000,00";"31/03/2026 09:20:55";"05/08/2026 10:28:33"
"14981";"010208";"2026";"5";"faturamento";"150000,00";"31/03/2026 09:20:55";"05/08/2026 10:28:34"
"14982";"010208";"2026";"6";"faturamento";"150000,00";"31/03/2026 09:20:55";"05/08/2026 10:28:35"
"14983";"010208";"2026";"7";"faturamento";"150000,00";"31/03/2026 09:20:55";"29/07/2026 19:47:55"
"14984";"010208";"2026";"8";"faturamento";"150000,00";"31/03/2026 09:20:55";"05/08/2026 10:28:37"
"14985";"010208";"2026";"9";"faturamento";"150000,00";"31/03/2026 09:20:55";"05/08/2026 10:28:38"
"14986";"010208";"2026";"10";"faturamento";"150000,00";"31/03/2026 09:20:55";"05/08/2026 10:28:39"
"14987";"010208";"2026";"11";"faturamento";"150000,00";"31/03/2026 09:20:55";"05/08/2026 10:28:42"
"14988";"010208";"2026";"12";"faturamento";"150000,00";"31/03/2026 09:20:55";"05/08/2026 10:28:43"
"14989";"010214";"2026";"1";"faturamento";"15809,00";"31/03/2026 09:20:55";"19/05/2026 10:39:10"
"14990";"010214";"2026";"2";"faturamento";"86830,00";"31/03/2026 09:20:55";"19/05/2026 10:39:12"
"14991";"010214";"2026";"3";"faturamento";"3905,00";"31/03/2026 09:20:55";"19/05/2026 10:39:12"
"14992";"010214";"2026";"4";"faturamento";"80000,00";"31/03/2026 09:20:55";"19/05/2026 10:39:13"
"14993";"010214";"2026";"5";"faturamento";"90000,00";"31/03/2026 09:20:55";"19/05/2026 10:39:14"
"14994";"010214";"2026";"6";"faturamento";"90000,00";"31/03/2026 09:20:55";"17/06/2026 15:50:47"
"14995";"010214";"2026";"7";"faturamento";"90000,00";"31/03/2026 09:20:55";"19/05/2026 10:39:16"
"14996";"010214";"2026";"8";"faturamento";"90000,00";"31/03/2026 09:20:55";"19/05/2026 10:39:17"
"14997";"010214";"2026";"9";"faturamento";"90000,00";"31/03/2026 09:20:55";"19/05/2026 10:39:17"
"14998";"010214";"2026";"10";"faturamento";"90000,00";"31/03/2026 09:20:55";"19/05/2026 10:39:18"
"14999";"010214";"2026";"11";"faturamento";"90000,00";"31/03/2026 09:20:55";"19/05/2026 10:39:19"
"15000";"010214";"2026";"12";"faturamento";"90000,00";"31/03/2026 09:20:55";"19/05/2026 10:39:20"
"15001";"010217";"2026";"1";"faturamento";"20000,00";"31/03/2026 09:20:55";"05/08/2026 10:28:31"
"15003";"010217";"2026";"3";"faturamento";"20000,00";"31/03/2026 09:20:55";"05/08/2026 10:28:32"
"15013";"010218";"2026";"1";"faturamento";"13652,00";"31/03/2026 09:20:55";"19/05/2026 10:39:10"
"15014";"010218";"2026";"2";"faturamento";"168798,00";"31/03/2026 09:20:55";"19/05/2026 10:39:12"
"15015";"010218";"2026";"3";"faturamento";"50193,00";"31/03/2026 09:20:55";"19/05/2026 10:39:12"
"15016";"010218";"2026";"4";"faturamento";"165378,00";"31/03/2026 09:20:55";"19/05/2026 10:39:13"
"15017";"010218";"2026";"5";"faturamento";"210000,00";"31/03/2026 09:20:55";"19/05/2026 10:39:14"
"15018";"010218";"2026";"6";"faturamento";"215000,00";"31/03/2026 09:20:55";"17/06/2026 15:50:47"
"15019";"010218";"2026";"7";"faturamento";"220000,00";"31/03/2026 09:20:55";"19/05/2026 10:39:16"
"15020";"010218";"2026";"8";"faturamento";"300000,00";"31/03/2026 09:20:55";"19/05/2026 10:39:17"
"15021";"010218";"2026";"9";"faturamento";"300000,00";"31/03/2026 09:20:55";"19/05/2026 10:39:17"
"15022";"010218";"2026";"10";"faturamento";"145000,00";"31/03/2026 09:20:55";"19/05/2026 10:39:18"
"15023";"010218";"2026";"11";"faturamento";"260000,00";"31/03/2026 09:20:55";"19/05/2026 10:39:19"
"15024";"010218";"2026";"12";"faturamento";"285000,00";"31/03/2026 09:20:55";"19/05/2026 10:39:20"
"15025";"010228";"2026";"1";"faturamento";"120000,00";"31/03/2026 09:20:55";"05/08/2026 10:28:31"
"15026";"010228";"2026";"2";"faturamento";"120000,00";"31/03/2026 09:20:55";"05/08/2026 10:28:32"
"15027";"010228";"2026";"3";"faturamento";"120000,00";"31/03/2026 09:20:55";"05/08/2026 10:28:33"
"15028";"010228";"2026";"4";"faturamento";"120000,00";"31/03/2026 09:20:55";"05/08/2026 10:28:33"
"15029";"010228";"2026";"5";"faturamento";"120000,00";"31/03/2026 09:20:55";"05/08/2026 10:28:34"
"15030";"010228";"2026";"6";"faturamento";"120000,00";"31/03/2026 09:20:55";"05/08/2026 10:28:35"
"15031";"010228";"2026";"7";"faturamento";"120000,00";"31/03/2026 09:20:55";"29/07/2026 19:43:21"
"15032";"010228";"2026";"8";"faturamento";"120000,00";"31/03/2026 09:20:55";"05/08/2026 10:28:37"
"15033";"010228";"2026";"9";"faturamento";"120000,00";"31/03/2026 09:20:55";"05/08/2026 10:28:38"
"15034";"010228";"2026";"10";"faturamento";"120000,00";"31/03/2026 09:20:55";"05/08/2026 10:28:40"
"15035";"010228";"2026";"11";"faturamento";"120000,00";"31/03/2026 09:20:55";"05/08/2026 10:28:42"
"15036";"010228";"2026";"12";"faturamento";"120000,00";"31/03/2026 09:20:55";"05/08/2026 10:28:44"
"15037";"010240";"2026";"1";"faturamento";"57015,00";"31/03/2026 09:20:55";"19/05/2026 10:39:10"
"15038";"010240";"2026";"2";"faturamento";"31408,00";"31/03/2026 09:20:55";"19/05/2026 10:39:12"
"15039";"010240";"2026";"3";"faturamento";"52909,00";"31/03/2026 09:20:55";"19/05/2026 10:39:12"
"15040";"010240";"2026";"4";"faturamento";"120000,00";"31/03/2026 09:20:55";"19/05/2026 10:39:13"
"15041";"010240";"2026";"5";"faturamento";"120000,00";"31/03/2026 09:20:55";"19/05/2026 10:39:14"
"15042";"010240";"2026";"6";"faturamento";"136590,00";"31/03/2026 09:20:55";"17/06/2026 15:16:07"
"15043";"010240";"2026";"7";"faturamento";"120000,00";"31/03/2026 09:20:55";"19/05/2026 10:39:16"
"15044";"010240";"2026";"8";"faturamento";"30000,00";"31/03/2026 09:20:55";"05/08/2026 10:24:55"
"15045";"010240";"2026";"9";"faturamento";"120000,00";"31/03/2026 09:20:55";"19/05/2026 10:39:17"
"15046";"010240";"2026";"10";"faturamento";"120000,00";"31/03/2026 09:20:55";"19/05/2026 10:39:18"
"15047";"010240";"2026";"11";"faturamento";"120000,00";"31/03/2026 09:20:55";"19/05/2026 10:39:19"
"15048";"010240";"2026";"12";"faturamento";"120000,00";"31/03/2026 09:20:55";"19/05/2026 10:39:20"
"15061";"010244";"2026";"1";"faturamento";"230000,00";"31/03/2026 09:20:55";"05/08/2026 10:28:30"
"15062";"010244";"2026";"2";"faturamento";"230000,00";"31/03/2026 09:20:55";"05/08/2026 10:28:31"
"15063";"010244";"2026";"3";"faturamento";"230000,00";"31/03/2026 09:20:55";"05/08/2026 10:28:32"
"15064";"010244";"2026";"4";"faturamento";"230000,00";"31/03/2026 09:20:55";"05/08/2026 10:28:33"
"15065";"010244";"2026";"5";"faturamento";"230000,00";"31/03/2026 09:20:55";"05/08/2026 10:28:34"
"15066";"010244";"2026";"6";"faturamento";"230000,00";"31/03/2026 09:20:55";"05/08/2026 10:28:34"
"15067";"010244";"2026";"7";"faturamento";"230000,00";"31/03/2026 09:20:55";"19/05/2026 10:39:16"
"15068";"010244";"2026";"8";"faturamento";"230000,00";"31/03/2026 09:20:55";"05/08/2026 10:28:36"
"15069";"010244";"2026";"9";"faturamento";"230000,00";"31/03/2026 09:20:55";"05/08/2026 10:28:37"
"15070";"010244";"2026";"10";"faturamento";"230000,00";"31/03/2026 09:20:55";"05/08/2026 10:28:39"
"15071";"010244";"2026";"11";"faturamento";"230000,00";"31/03/2026 09:20:55";"05/08/2026 10:28:40"
"15072";"010244";"2026";"12";"faturamento";"230000,00";"31/03/2026 09:20:55";"05/08/2026 10:28:43"
"15073";"010258";"2026";"1";"faturamento";"15068,00";"31/03/2026 09:20:55";"19/05/2026 10:39:10"
"15074";"010258";"2026";"2";"faturamento";"12408,00";"31/03/2026 09:20:55";"19/05/2026 10:39:12"
"15075";"010258";"2026";"3";"faturamento";"7623,00";"31/03/2026 09:20:55";"19/05/2026 10:39:12"
"15076";"010258";"2026";"4";"faturamento";"100000,00";"31/03/2026 09:20:55";"19/05/2026 10:39:13"
"15077";"010258";"2026";"5";"faturamento";"115000,00";"31/03/2026 09:20:55";"19/05/2026 10:39:14"
"15078";"010258";"2026";"6";"faturamento";"115000,00";"31/03/2026 09:20:55";"19/05/2026 10:39:15"
"15079";"010258";"2026";"7";"faturamento";"115000,00";"31/03/2026 09:20:55";"19/05/2026 10:39:16"
"15080";"010258";"2026";"8";"faturamento";"30000,00";"31/03/2026 09:20:55";"05/08/2026 10:24:55"
"15081";"010258";"2026";"9";"faturamento";"115000,00";"31/03/2026 09:20:55";"19/05/2026 10:39:17"
"15082";"010258";"2026";"10";"faturamento";"115000,00";"31/03/2026 09:20:55";"19/05/2026 10:39:18"
"15083";"010258";"2026";"11";"faturamento";"115000,00";"31/03/2026 09:20:55";"19/05/2026 10:39:19"
"15084";"010258";"2026";"12";"faturamento";"115000,00";"31/03/2026 09:20:55";"19/05/2026 10:39:20"
"15087";"010266";"2026";"3";"faturamento";"5697,00";"31/03/2026 09:20:55";"19/05/2026 10:39:12"
"15089";"010266";"2026";"5";"faturamento";"90000,00";"31/03/2026 09:20:55";"19/05/2026 10:39:14"
"15090";"010266";"2026";"6";"faturamento";"90000,00";"31/03/2026 09:20:55";"17/06/2026 15:50:47"
"15091";"010266";"2026";"7";"faturamento";"90000,00";"31/03/2026 09:20:55";"19/05/2026 10:39:16"
"15092";"010266";"2026";"8";"faturamento";"90000,00";"31/03/2026 09:20:55";"19/05/2026 10:39:17"
"15093";"010266";"2026";"9";"faturamento";"90000,00";"31/03/2026 09:20:55";"19/05/2026 10:39:17"
"15094";"010266";"2026";"10";"faturamento";"90000,00";"31/03/2026 09:20:55";"19/05/2026 10:39:18"
"15095";"010266";"2026";"11";"faturamento";"90000,00";"31/03/2026 09:20:55";"19/05/2026 10:39:19"
"15096";"010266";"2026";"12";"faturamento";"90000,00";"31/03/2026 09:20:55";"19/05/2026 10:39:20"
"15097";"010267";"2026";"1";"faturamento";"44609,00";"31/03/2026 09:20:55";"19/05/2026 10:39:10"
"15098";"010267";"2026";"2";"faturamento";"32161,00";"31/03/2026 09:20:55";"19/05/2026 10:39:12"
"15099";"010267";"2026";"3";"faturamento";"24337,00";"31/03/2026 09:20:55";"19/05/2026 10:39:12"
"15100";"010267";"2026";"4";"faturamento";"120000,00";"31/03/2026 09:20:55";"19/05/2026 10:39:13"
"15101";"010267";"2026";"5";"faturamento";"120000,00";"31/03/2026 09:20:55";"19/05/2026 10:39:14"
"15102";"010267";"2026";"6";"faturamento";"120000,00";"31/03/2026 09:20:55";"17/06/2026 15:50:47"
"15103";"010267";"2026";"7";"faturamento";"120000,00";"31/03/2026 09:20:55";"19/05/2026 10:39:16"
"15104";"010267";"2026";"8";"faturamento";"10000,00";"31/03/2026 09:20:56";"05/08/2026 10:24:55"
"15105";"010267";"2026";"9";"faturamento";"120000,00";"31/03/2026 09:20:56";"19/05/2026 10:39:17"
"15106";"010267";"2026";"10";"faturamento";"120000,00";"31/03/2026 09:20:56";"19/05/2026 10:39:18"
"15107";"010267";"2026";"11";"faturamento";"120000,00";"31/03/2026 09:20:56";"19/05/2026 10:39:19"
"15108";"010267";"2026";"12";"faturamento";"120000,00";"31/03/2026 09:20:56";"19/05/2026 10:39:20"
"15109";"010268";"2026";"1";"faturamento";"117154,00";"31/03/2026 09:20:56";"19/05/2026 10:39:10"
"15110";"010268";"2026";"2";"faturamento";"62984,00";"31/03/2026 09:20:56";"19/05/2026 10:39:12"
"15111";"010268";"2026";"3";"faturamento";"45761,00";"31/03/2026 09:20:56";"19/05/2026 10:39:12"
"15112";"010268";"2026";"4";"faturamento";"142961,00";"31/03/2026 09:20:56";"19/05/2026 10:39:13"
"15113";"010268";"2026";"5";"faturamento";"70000,00";"31/03/2026 09:20:56";"19/05/2026 10:39:14"
"15114";"010268";"2026";"6";"faturamento";"75175,00";"31/03/2026 09:20:56";"17/06/2026 15:16:07"
"15115";"010268";"2026";"7";"faturamento";"70000,00";"31/03/2026 09:20:56";"19/05/2026 10:39:16"
"15116";"010268";"2026";"8";"faturamento";"80000,00";"31/03/2026 09:20:56";"05/08/2026 10:24:55"
"15117";"010268";"2026";"9";"faturamento";"115000,00";"31/03/2026 09:20:56";"19/05/2026 10:39:17"
"15118";"010268";"2026";"10";"faturamento";"150000,00";"31/03/2026 09:20:56";"19/05/2026 10:39:18"
"15119";"010268";"2026";"11";"faturamento";"100000,00";"31/03/2026 09:20:56";"19/05/2026 10:39:19"
"15120";"010268";"2026";"12";"faturamento";"135000,00";"31/03/2026 09:20:56";"19/05/2026 10:39:20"
"15121";"010274";"2026";"1";"faturamento";"5412,00";"31/03/2026 09:20:56";"19/05/2026 10:39:10"
"15122";"010274";"2026";"2";"faturamento";"17026,00";"31/03/2026 09:20:56";"19/05/2026 10:39:12"
"15123";"010274";"2026";"3";"faturamento";"23430,00";"31/03/2026 09:20:56";"19/05/2026 10:39:12"
"15124";"010274";"2026";"4";"faturamento";"20436,00";"31/03/2026 09:20:56";"19/05/2026 10:39:13"
"15125";"010274";"2026";"5";"faturamento";"60000,00";"31/03/2026 09:20:56";"19/05/2026 10:39:14"
"15126";"010274";"2026";"6";"faturamento";"60000,00";"31/03/2026 09:20:56";"17/06/2026 15:50:47"
"15127";"010274";"2026";"7";"faturamento";"350000,00";"31/03/2026 09:20:56";"06/07/2026 08:05:56"
"15128";"010274";"2026";"8";"faturamento";"170000,00";"31/03/2026 09:20:56";"05/08/2026 10:24:55"
"15129";"010274";"2026";"9";"faturamento";"60000,00";"31/03/2026 09:20:56";"19/05/2026 10:39:17"
"15130";"010274";"2026";"10";"faturamento";"60000,00";"31/03/2026 09:20:56";"19/05/2026 10:39:18"
"15131";"010274";"2026";"11";"faturamento";"60000,00";"31/03/2026 09:20:56";"19/05/2026 10:39:19"
"15132";"010274";"2026";"12";"faturamento";"60000,00";"31/03/2026 09:20:56";"19/05/2026 10:39:20"
"15133";"010275";"2026";"1";"faturamento";"80000,00";"31/03/2026 09:20:56";"05/08/2026 10:28:31"
"15134";"010275";"2026";"2";"faturamento";"80000,00";"31/03/2026 09:20:56";"05/08/2026 10:28:32"
"15135";"010275";"2026";"3";"faturamento";"80000,00";"31/03/2026 09:20:56";"05/08/2026 10:28:32"
"15136";"010275";"2026";"4";"faturamento";"80000,00";"31/03/2026 09:20:56";"05/08/2026 10:28:33"
"15137";"010275";"2026";"5";"faturamento";"80000,00";"31/03/2026 09:20:56";"05/08/2026 10:28:34"
"15138";"010275";"2026";"6";"faturamento";"80000,00";"31/03/2026 09:20:56";"05/08/2026 10:28:35"
"15139";"010275";"2026";"7";"faturamento";"80000,00";"31/03/2026 09:20:56";"31/07/2026 10:28:54"
"15140";"010275";"2026";"8";"faturamento";"80000,00";"31/03/2026 09:20:56";"05/08/2026 10:28:37"
"15141";"010275";"2026";"9";"faturamento";"80000,00";"31/03/2026 09:20:56";"05/08/2026 10:28:38"
"15142";"010275";"2026";"10";"faturamento";"80000,00";"31/03/2026 09:20:56";"05/08/2026 10:28:39"
"15143";"010275";"2026";"11";"faturamento";"80000,00";"31/03/2026 09:20:56";"05/08/2026 10:28:41"
"15144";"010275";"2026";"12";"faturamento";"80000,00";"31/03/2026 09:20:56";"05/08/2026 10:28:43"
"15145";"010276";"2026";"1";"faturamento";"20000,00";"31/03/2026 09:20:56";"05/08/2026 10:28:30"
"15146";"010276";"2026";"2";"faturamento";"20000,00";"31/03/2026 09:20:56";"05/08/2026 10:28:31"
"15147";"010276";"2026";"3";"faturamento";"20000,00";"31/03/2026 09:20:56";"05/08/2026 10:28:32"
"15148";"010276";"2026";"4";"faturamento";"20000,00";"31/03/2026 09:20:56";"05/08/2026 10:28:33"
"15149";"010276";"2026";"5";"faturamento";"20000,00";"31/03/2026 09:20:56";"05/08/2026 10:28:34"
"15150";"010276";"2026";"6";"faturamento";"20000,00";"31/03/2026 09:20:56";"05/08/2026 10:28:35"
"15151";"010276";"2026";"7";"faturamento";"20000,00";"31/03/2026 09:20:56";"29/07/2026 20:16:50"
"15152";"010276";"2026";"8";"faturamento";"0,00";"31/03/2026 09:20:56";"01/09/2026 10:02:35"
"15153";"010276";"2026";"9";"faturamento";"20000,00";"31/03/2026 09:20:56";"05/08/2026 10:28:38"
"15154";"010276";"2026";"10";"faturamento";"20000,00";"31/03/2026 09:20:56";"05/08/2026 10:28:39"
"15155";"010276";"2026";"11";"faturamento";"20000,00";"31/03/2026 09:20:56";"05/08/2026 10:28:40"
"15156";"010276";"2026";"12";"faturamento";"20000,00";"31/03/2026 09:20:56";"05/08/2026 10:28:43"
"15169";"010326";"2026";"1";"faturamento";"4190,00";"31/03/2026 09:20:56";"19/05/2026 10:39:10"
"15171";"010326";"2026";"3";"faturamento";"4190,00";"31/03/2026 09:20:56";"19/05/2026 10:39:12"
"15173";"010326";"2026";"5";"faturamento";"90000,00";"31/03/2026 09:20:56";"19/05/2026 10:39:14"
"15174";"010326";"2026";"6";"faturamento";"90000,00";"31/03/2026 09:20:56";"17/06/2026 15:50:47"
"15175";"010326";"2026";"7";"faturamento";"90000,00";"31/03/2026 09:20:56";"19/05/2026 10:39:16"
"15176";"010326";"2026";"8";"faturamento";"90000,00";"31/03/2026 09:20:56";"19/05/2026 10:39:17"
"15177";"010326";"2026";"9";"faturamento";"90000,00";"31/03/2026 09:20:56";"19/05/2026 10:39:17"
"15178";"010326";"2026";"10";"faturamento";"90000,00";"31/03/2026 09:20:56";"19/05/2026 10:39:18"
"15179";"010326";"2026";"11";"faturamento";"90000,00";"31/03/2026 09:20:56";"19/05/2026 10:39:19"
"15180";"010326";"2026";"12";"faturamento";"90000,00";"31/03/2026 09:20:56";"19/05/2026 10:39:20"
"15181";"010333";"2026";"1";"faturamento";"230000,00";"31/03/2026 09:20:56";"05/08/2026 10:28:31"
"15182";"010333";"2026";"2";"faturamento";"230000,00";"31/03/2026 09:20:56";"05/08/2026 10:28:32"
"15183";"010333";"2026";"3";"faturamento";"230000,00";"31/03/2026 09:20:56";"05/08/2026 10:28:33"
"15184";"010333";"2026";"4";"faturamento";"230000,00";"31/03/2026 09:20:56";"05/08/2026 10:28:33"
"15185";"010333";"2026";"5";"faturamento";"230000,00";"31/03/2026 09:20:56";"05/08/2026 10:28:34"
"15186";"010333";"2026";"6";"faturamento";"230000,00";"31/03/2026 09:20:56";"05/08/2026 10:28:35"
"15187";"010333";"2026";"7";"faturamento";"230000,00";"31/03/2026 09:20:56";"30/07/2026 17:57:13"
"15188";"010333";"2026";"8";"faturamento";"230000,00";"31/03/2026 09:20:56";"05/08/2026 10:28:37"
"15189";"010333";"2026";"9";"faturamento";"230000,00";"31/03/2026 09:20:56";"05/08/2026 10:28:38"
"15190";"010333";"2026";"10";"faturamento";"230000,00";"31/03/2026 09:20:56";"05/08/2026 10:28:40"
"15191";"010333";"2026";"11";"faturamento";"230000,00";"31/03/2026 09:20:56";"05/08/2026 10:28:42"
"15192";"010333";"2026";"12";"faturamento";"230000,00";"31/03/2026 09:20:56";"05/08/2026 10:28:43"
"15193";"010354";"2026";"1";"faturamento";"80000,00";"31/03/2026 09:20:56";"05/08/2026 10:28:31"
"15194";"010354";"2026";"2";"faturamento";"80000,00";"31/03/2026 09:20:56";"05/08/2026 10:28:32"
"15195";"010354";"2026";"3";"faturamento";"80000,00";"31/03/2026 09:20:56";"05/08/2026 10:28:32"
"15196";"010354";"2026";"4";"faturamento";"80000,00";"31/03/2026 09:20:56";"05/08/2026 10:28:33"
"15197";"010354";"2026";"5";"faturamento";"80000,00";"31/03/2026 09:20:56";"05/08/2026 10:28:34"
"15198";"010354";"2026";"6";"faturamento";"80000,00";"31/03/2026 09:20:56";"05/08/2026 10:28:35"
"15199";"010354";"2026";"7";"faturamento";"80000,00";"31/03/2026 09:20:56";"29/07/2026 19:52:39"
"15200";"010354";"2026";"8";"faturamento";"80000,00";"31/03/2026 09:20:56";"05/08/2026 10:28:37"
"15201";"010354";"2026";"9";"faturamento";"65000,00";"31/03/2026 09:20:56";"15/09/2026 10:08:55"
"15202";"010354";"2026";"10";"faturamento";"80000,00";"31/03/2026 09:20:56";"05/08/2026 10:28:39"
"15203";"010354";"2026";"11";"faturamento";"80000,00";"31/03/2026 09:20:56";"05/08/2026 10:28:41"
"15204";"010354";"2026";"12";"faturamento";"80000,00";"31/03/2026 09:20:56";"05/08/2026 10:28:43"
"15205";"010361";"2026";"1";"faturamento";"28784,00";"31/03/2026 09:20:56";"19/05/2026 10:39:10"
"15206";"010361";"2026";"2";"faturamento";"13272,00";"31/03/2026 09:20:56";"19/05/2026 10:39:12"
"15207";"010361";"2026";"3";"faturamento";"16489,00";"31/03/2026 09:20:56";"19/05/2026 10:39:12"
"15208";"010361";"2026";"4";"faturamento";"120000,00";"31/03/2026 09:20:56";"19/05/2026 10:39:13"
"15209";"010361";"2026";"5";"faturamento";"120000,00";"31/03/2026 09:20:56";"19/05/2026 10:39:14"
"15210";"010361";"2026";"6";"faturamento";"120000,00";"31/03/2026 09:20:56";"17/06/2026 15:50:47"
"15211";"010361";"2026";"7";"faturamento";"120000,00";"31/03/2026 09:20:56";"19/05/2026 10:39:16"
"15212";"010361";"2026";"8";"faturamento";"30000,00";"31/03/2026 09:20:56";"05/08/2026 10:24:55"
"15213";"010361";"2026";"9";"faturamento";"120000,00";"31/03/2026 09:20:56";"19/05/2026 10:39:17"
"15214";"010361";"2026";"10";"faturamento";"120000,00";"31/03/2026 09:20:56";"19/05/2026 10:39:18"
"15215";"010361";"2026";"11";"faturamento";"120000,00";"31/03/2026 09:20:56";"19/05/2026 10:39:19"
"15216";"010361";"2026";"12";"faturamento";"120000,00";"31/03/2026 09:20:56";"19/05/2026 10:39:20"
"15217";"010367";"2026";"1";"faturamento";"55099,00";"31/03/2026 09:20:56";"19/05/2026 10:39:10"
"15218";"010367";"2026";"2";"faturamento";"37139,00";"31/03/2026 09:20:56";"19/05/2026 10:39:12"
"15219";"010367";"2026";"3";"faturamento";"26172,00";"31/03/2026 09:20:56";"19/05/2026 10:39:12"
"15220";"010367";"2026";"4";"faturamento";"120000,00";"31/03/2026 09:20:56";"19/05/2026 10:39:13"
"15221";"010367";"2026";"5";"faturamento";"120000,00";"31/03/2026 09:20:56";"19/05/2026 10:39:14"
"15222";"010367";"2026";"6";"faturamento";"120000,00";"31/03/2026 09:20:56";"17/06/2026 15:50:47"
"15223";"010367";"2026";"7";"faturamento";"120000,00";"31/03/2026 09:20:56";"19/05/2026 10:39:16"
"15224";"010367";"2026";"8";"faturamento";"30000,00";"31/03/2026 09:20:56";"05/08/2026 10:24:55"
"15225";"010367";"2026";"9";"faturamento";"120000,00";"31/03/2026 09:20:56";"19/05/2026 10:39:17"
"15226";"010367";"2026";"10";"faturamento";"120000,00";"31/03/2026 09:20:56";"19/05/2026 10:39:18"
"15227";"010367";"2026";"11";"faturamento";"120000,00";"31/03/2026 09:20:56";"19/05/2026 10:39:19"
"15228";"010367";"2026";"12";"faturamento";"120000,00";"31/03/2026 09:20:56";"19/05/2026 10:39:20"
"15229";"010376";"2026";"1";"faturamento";"70000,00";"31/03/2026 09:20:56";"05/08/2026 10:28:31"
"15230";"010376";"2026";"2";"faturamento";"70000,00";"31/03/2026 09:20:56";"05/08/2026 10:28:32"
"15231";"010376";"2026";"3";"faturamento";"70000,00";"31/03/2026 09:20:56";"05/08/2026 10:28:33"
"15232";"010376";"2026";"4";"faturamento";"70000,00";"31/03/2026 09:20:56";"05/08/2026 10:28:34"
"15233";"010376";"2026";"5";"faturamento";"70000,00";"31/03/2026 09:20:56";"05/08/2026 10:28:34"
"15234";"010376";"2026";"6";"faturamento";"70000,00";"31/03/2026 09:20:56";"05/08/2026 10:28:35"
"15235";"010376";"2026";"7";"faturamento";"70000,00";"31/03/2026 09:20:56";"31/07/2026 10:28:07"
"15236";"010376";"2026";"8";"faturamento";"70000,00";"31/03/2026 09:20:56";"05/08/2026 10:28:37"
"15237";"010376";"2026";"9";"faturamento";"50000,00";"31/03/2026 09:20:56";"15/09/2026 10:07:57"
"15238";"010376";"2026";"10";"faturamento";"70000,00";"31/03/2026 09:20:56";"05/08/2026 10:28:40"
"15239";"010376";"2026";"11";"faturamento";"70000,00";"31/03/2026 09:20:56";"05/08/2026 10:28:43"
"15240";"010376";"2026";"12";"faturamento";"70000,00";"31/03/2026 09:20:56";"05/08/2026 10:28:44"
"15253";"010385";"2026";"1";"faturamento";"6316,00";"31/03/2026 09:20:56";"19/05/2026 10:39:10"
"15254";"010385";"2026";"2";"faturamento";"4145,00";"31/03/2026 09:20:56";"19/05/2026 10:39:12"
"15255";"010385";"2026";"3";"faturamento";"19496,00";"31/03/2026 09:20:56";"19/05/2026 10:39:12"
"15256";"010385";"2026";"4";"faturamento";"120000,00";"31/03/2026 09:20:56";"19/05/2026 10:39:13"
"15257";"010385";"2026";"5";"faturamento";"120000,00";"31/03/2026 09:20:56";"19/05/2026 10:39:14"
"15258";"010385";"2026";"6";"faturamento";"120000,00";"31/03/2026 09:20:56";"17/06/2026 15:50:47"
"15259";"010385";"2026";"7";"faturamento";"120000,00";"31/03/2026 09:20:56";"19/05/2026 10:39:16"
"15260";"010385";"2026";"8";"faturamento";"10000,00";"31/03/2026 09:20:56";"05/08/2026 10:24:55"
"15261";"010385";"2026";"9";"faturamento";"120000,00";"31/03/2026 09:20:56";"19/05/2026 10:39:17"
"15262";"010385";"2026";"10";"faturamento";"120000,00";"31/03/2026 09:20:56";"19/05/2026 10:39:18"
"15263";"010385";"2026";"11";"faturamento";"120000,00";"31/03/2026 09:20:56";"19/05/2026 10:39:19"
"15264";"010385";"2026";"12";"faturamento";"120000,00";"31/03/2026 09:20:56";"19/05/2026 10:39:20"
"15277";"010390";"2026";"1";"faturamento";"300000,00";"31/03/2026 09:20:56";"19/05/2026 10:39:10"
"15278";"010390";"2026";"2";"faturamento";"300000,00";"31/03/2026 09:20:56";"19/05/2026 10:39:12"
"15279";"010390";"2026";"3";"faturamento";"300000,00";"31/03/2026 09:20:56";"19/05/2026 10:39:12"
"15280";"010390";"2026";"4";"faturamento";"300000,00";"31/03/2026 09:20:56";"19/05/2026 10:39:13"
"15281";"010390";"2026";"5";"faturamento";"400000,00";"31/03/2026 09:20:56";"19/05/2026 10:39:14"
"15282";"010390";"2026";"6";"faturamento";"467240,40";"31/03/2026 09:20:56";"17/06/2026 15:16:08"
"15283";"010390";"2026";"7";"faturamento";"400000,00";"31/03/2026 09:20:56";"19/05/2026 10:39:16"
"15284";"010390";"2026";"8";"faturamento";"389835,20";"31/03/2026 09:20:56";"03/08/2026 16:06:54"
"15285";"010390";"2026";"9";"faturamento";"400000,00";"31/03/2026 09:20:56";"19/05/2026 10:39:17"
"15286";"010390";"2026";"10";"faturamento";"490000,00";"31/03/2026 09:20:56";"19/05/2026 10:39:18"
"15287";"010390";"2026";"11";"faturamento";"400000,00";"31/03/2026 09:20:56";"19/05/2026 10:39:19"
"15288";"010390";"2026";"12";"faturamento";"400000,00";"31/03/2026 09:20:56";"19/05/2026 10:39:20"
"15289";"010393";"2026";"1";"faturamento";"506734,00";"31/03/2026 09:20:56";"19/05/2026 10:39:10"
"15290";"010393";"2026";"2";"faturamento";"367466,00";"31/03/2026 09:20:56";"19/05/2026 10:39:12"
"15291";"010393";"2026";"3";"faturamento";"424860,00";"31/03/2026 09:20:56";"19/05/2026 10:39:12"
"15292";"010393";"2026";"4";"faturamento";"418398,00";"31/03/2026 09:20:56";"19/05/2026 10:39:13"
"15293";"010393";"2026";"5";"faturamento";"450000,00";"31/03/2026 09:20:56";"19/05/2026 10:39:14"
"15294";"010393";"2026";"6";"faturamento";"473001,65";"31/03/2026 09:20:56";"17/06/2026 15:16:08"
"15295";"010393";"2026";"7";"faturamento";"450000,00";"31/03/2026 09:20:56";"19/05/2026 10:39:16"
"15296";"010393";"2026";"8";"faturamento";"370949,37";"31/03/2026 09:20:56";"03/08/2026 16:06:54"
"15297";"010393";"2026";"9";"faturamento";"450000,00";"31/03/2026 09:20:56";"19/05/2026 10:39:17"
"15298";"010393";"2026";"10";"faturamento";"485000,00";"31/03/2026 09:20:56";"19/05/2026 10:39:18"
"15299";"010393";"2026";"11";"faturamento";"500000,00";"31/03/2026 09:20:56";"19/05/2026 10:39:19"
"15300";"010393";"2026";"12";"faturamento";"450000,00";"31/03/2026 09:20:56";"19/05/2026 10:39:20"
"15301";"010394";"2026";"1";"faturamento";"250000,00";"31/03/2026 09:20:56";"19/05/2026 10:39:10"
"15302";"010394";"2026";"2";"faturamento";"400000,00";"31/03/2026 09:20:56";"19/05/2026 10:39:12"
"15303";"010394";"2026";"3";"faturamento";"250000,00";"31/03/2026 09:20:56";"19/05/2026 10:39:12"
"15304";"010394";"2026";"4";"faturamento";"400000,00";"31/03/2026 09:20:56";"19/05/2026 10:39:13"
"15305";"010394";"2026";"5";"faturamento";"450000,00";"31/03/2026 09:20:56";"19/05/2026 10:39:14"
"15306";"010394";"2026";"6";"faturamento";"374960,00";"31/03/2026 09:20:56";"17/06/2026 15:16:08"
"15307";"010394";"2026";"7";"faturamento";"350000,00";"31/03/2026 09:20:56";"19/05/2026 10:39:16"
"15308";"010394";"2026";"8";"faturamento";"252090,85";"31/03/2026 09:20:56";"03/08/2026 16:06:54"
"15309";"010394";"2026";"9";"faturamento";"350000,00";"31/03/2026 09:20:56";"19/05/2026 10:39:17"
"15310";"010394";"2026";"10";"faturamento";"350000,00";"31/03/2026 09:20:56";"19/05/2026 10:39:18"
"15311";"010394";"2026";"11";"faturamento";"350000,00";"31/03/2026 09:20:56";"19/05/2026 10:39:19"
"15312";"010394";"2026";"12";"faturamento";"400000,00";"31/03/2026 09:20:56";"19/05/2026 10:39:20"
"15313";"010395";"2026";"1";"faturamento";"25519907,00";"31/03/2026 09:20:56";"19/05/2026 10:39:10"
"15314";"010395";"2026";"2";"faturamento";"12996827,00";"31/03/2026 09:20:56";"19/05/2026 10:39:12"
"15315";"010395";"2026";"3";"faturamento";"13392236,00";"31/03/2026 09:20:56";"19/05/2026 10:39:12"
"15316";"010395";"2026";"4";"faturamento";"13570703,00";"31/03/2026 09:20:56";"19/05/2026 10:39:13"
"15317";"010395";"2026";"5";"faturamento";"13000000,00";"31/03/2026 09:20:56";"19/05/2026 10:39:14"
"15318";"010395";"2026";"6";"faturamento";"19402212,56";"31/03/2026 09:20:56";"17/06/2026 15:16:08"
"15319";"010395";"2026";"7";"faturamento";"13000000,00";"31/03/2026 09:20:56";"19/05/2026 10:39:16"
"15320";"010395";"2026";"8";"faturamento";"14500000,00";"31/03/2026 09:20:56";"19/05/2026 10:39:17"
"15321";"010395";"2026";"9";"faturamento";"15400000,00";"31/03/2026 09:20:56";"19/05/2026 10:39:17"
"15322";"010395";"2026";"10";"faturamento";"21000000,00";"31/03/2026 09:20:56";"19/05/2026 10:39:18"
"15323";"010395";"2026";"11";"faturamento";"25500000,00";"31/03/2026 09:20:56";"19/05/2026 10:39:19"
"15324";"010395";"2026";"12";"faturamento";"23400000,00";"31/03/2026 09:20:56";"19/05/2026 10:39:20"
"15325";"010397";"2026";"1";"faturamento";"20000,00";"31/03/2026 09:20:56";"05/08/2026 10:28:31"
"15326";"010397";"2026";"2";"faturamento";"20000,00";"31/03/2026 09:20:56";"05/08/2026 10:28:32"
"15327";"010397";"2026";"3";"faturamento";"20000,00";"31/03/2026 09:20:56";"05/08/2026 10:28:33"
"15328";"010397";"2026";"4";"faturamento";"20000,00";"31/03/2026 09:20:56";"05/08/2026 10:28:33"
"15329";"010397";"2026";"5";"faturamento";"20000,00";"31/03/2026 09:20:56";"05/08/2026 10:28:34"
"15330";"010397";"2026";"6";"faturamento";"20000,00";"31/03/2026 09:20:56";"05/08/2026 10:28:35"
"15331";"010397";"2026";"7";"faturamento";"20000,00";"31/03/2026 09:20:56";"31/07/2026 09:57:37"
"15332";"010397";"2026";"8";"faturamento";"0,00";"31/03/2026 09:20:56";"01/09/2026 09:58:51"
"15333";"010397";"2026";"9";"faturamento";"20000,00";"31/03/2026 09:20:56";"05/08/2026 10:28:38"
"15334";"010397";"2026";"10";"faturamento";"20000,00";"31/03/2026 09:20:56";"05/08/2026 10:28:40"
"15335";"010397";"2026";"11";"faturamento";"20000,00";"31/03/2026 09:20:56";"05/08/2026 10:28:42"
"15336";"010397";"2026";"12";"faturamento";"20000,00";"31/03/2026 09:20:56";"05/08/2026 10:28:44"
"15337";"010413";"2026";"1";"faturamento";"20000,00";"31/03/2026 09:20:56";"19/05/2026 10:39:10"
"15338";"010413";"2026";"2";"faturamento";"20000,00";"31/03/2026 09:20:56";"19/05/2026 10:39:12"
"15349";"010414";"2026";"1";"faturamento";"20000,00";"31/03/2026 09:20:56";"05/08/2026 10:28:31"
"15350";"010414";"2026";"2";"faturamento";"20000,00";"31/03/2026 09:20:56";"05/08/2026 10:28:32"
"15351";"010414";"2026";"3";"faturamento";"20000,00";"31/03/2026 09:20:56";"05/08/2026 10:28:32"
"15352";"010414";"2026";"4";"faturamento";"20000,00";"31/03/2026 09:20:56";"05/08/2026 10:28:33"
"15353";"010414";"2026";"5";"faturamento";"20000,00";"31/03/2026 09:20:56";"05/08/2026 10:28:34"
"15354";"010414";"2026";"6";"faturamento";"20000,00";"31/03/2026 09:20:56";"05/08/2026 10:28:35"
"15355";"010414";"2026";"7";"faturamento";"20000,00";"31/03/2026 09:20:56";"29/07/2026 20:07:47"
"15356";"010414";"2026";"8";"faturamento";"20000,00";"31/03/2026 09:20:56";"05/08/2026 10:28:37"
"15357";"010414";"2026";"9";"faturamento";"20000,00";"31/03/2026 09:20:56";"05/08/2026 10:28:38"
"15358";"010414";"2026";"10";"faturamento";"20000,00";"31/03/2026 09:20:56";"05/08/2026 10:28:39"
"15359";"010414";"2026";"11";"faturamento";"20000,00";"31/03/2026 09:20:56";"05/08/2026 10:28:42"
"15360";"010414";"2026";"12";"faturamento";"20000,00";"31/03/2026 09:20:56";"05/08/2026 10:28:43"
"15361";"010418";"2026";"1";"faturamento";"11054,00";"31/03/2026 09:20:56";"19/05/2026 10:39:10"
"15362";"010418";"2026";"2";"faturamento";"37555,00";"31/03/2026 09:20:56";"19/05/2026 10:39:12"
"15363";"010418";"2026";"3";"faturamento";"37555,00";"31/03/2026 09:20:56";"19/05/2026 10:39:12"
"15364";"010418";"2026";"4";"faturamento";"120000,00";"31/03/2026 09:20:56";"19/05/2026 10:39:13"
"15365";"010418";"2026";"5";"faturamento";"120000,00";"31/03/2026 09:20:56";"19/05/2026 10:39:14"
"15366";"010418";"2026";"6";"faturamento";"120000,00";"31/03/2026 09:20:56";"17/06/2026 15:50:48"
"15367";"010418";"2026";"7";"faturamento";"120000,00";"31/03/2026 09:20:56";"19/05/2026 10:39:16"
"15368";"010418";"2026";"8";"faturamento";"120000,00";"31/03/2026 09:20:56";"19/05/2026 10:39:17"
"15369";"010418";"2026";"9";"faturamento";"120000,00";"31/03/2026 09:20:56";"19/05/2026 10:39:17"
"15370";"010418";"2026";"10";"faturamento";"120000,00";"31/03/2026 09:20:56";"19/05/2026 10:39:18"
"15371";"010418";"2026";"11";"faturamento";"120000,00";"31/03/2026 09:20:56";"19/05/2026 10:39:19"
"15372";"010418";"2026";"12";"faturamento";"120000,00";"31/03/2026 09:20:56";"19/05/2026 10:39:20"
"15373";"010420";"2026";"1";"faturamento";"200609,00";"31/03/2026 09:20:56";"17/06/2026 15:16:08"
"15374";"010420";"2026";"2";"faturamento";"336967,00";"31/03/2026 09:20:56";"17/06/2026 15:16:08"
"15375";"010420";"2026";"3";"faturamento";"164438,00";"31/03/2026 09:20:56";"17/06/2026 15:16:08"
"15376";"010420";"2026";"4";"faturamento";"81252,00";"31/03/2026 09:20:56";"17/06/2026 15:16:08"
"15377";"010420";"2026";"5";"faturamento";"60000,00";"31/03/2026 09:20:56";"17/06/2026 15:16:08"
"15378";"010420";"2026";"6";"faturamento";"350000,00";"31/03/2026 09:20:56";"17/06/2026 15:50:48"
"15379";"010420";"2026";"7";"faturamento";"60000,00";"31/03/2026 09:20:56";"17/06/2026 15:16:08"
"15380";"010420";"2026";"8";"faturamento";"60000,00";"31/03/2026 09:20:56";"17/06/2026 15:16:08"
"15381";"010420";"2026";"9";"faturamento";"220000,00";"31/03/2026 09:20:56";"17/06/2026 15:16:08"
"15382";"010420";"2026";"10";"faturamento";"220000,00";"31/03/2026 09:20:56";"17/06/2026 15:16:08"
"15383";"010420";"2026";"11";"faturamento";"220000,00";"31/03/2026 09:20:56";"17/06/2026 15:16:08"
"15384";"010420";"2026";"12";"faturamento";"770000,00";"31/03/2026 09:20:56";"17/06/2026 15:16:08"
"15385";"010422";"2026";"1";"faturamento";"137546,00";"31/03/2026 09:20:56";"19/05/2026 10:39:10"
"15386";"010422";"2026";"2";"faturamento";"93922,00";"31/03/2026 09:20:56";"19/05/2026 10:39:12"
"15387";"010422";"2026";"3";"faturamento";"59501,00";"31/03/2026 09:20:56";"19/05/2026 10:39:12"
"15388";"010422";"2026";"4";"faturamento";"137030,00";"31/03/2026 09:20:56";"19/05/2026 10:39:13"
"15389";"010422";"2026";"5";"faturamento";"160000,00";"31/03/2026 09:20:56";"19/05/2026 10:39:14"
"15390";"010422";"2026";"6";"faturamento";"100000,00";"31/03/2026 09:20:56";"17/06/2026 15:50:48"
"15391";"010422";"2026";"7";"faturamento";"100000,00";"31/03/2026 09:20:56";"19/05/2026 10:39:16"
"15392";"010422";"2026";"8";"faturamento";"150000,00";"31/03/2026 09:20:56";"19/05/2026 10:39:17"
"15393";"010422";"2026";"9";"faturamento";"100000,00";"31/03/2026 09:20:56";"19/05/2026 10:39:17"
"15394";"010422";"2026";"10";"faturamento";"100000,00";"31/03/2026 09:20:56";"19/05/2026 10:39:18"
"15395";"010422";"2026";"11";"faturamento";"135000,00";"31/03/2026 09:20:56";"19/05/2026 10:39:19"
"15396";"010422";"2026";"12";"faturamento";"100000,00";"31/03/2026 09:20:56";"19/05/2026 10:39:20"
"15397";"010423";"2026";"1";"faturamento";"317289,00";"31/03/2026 09:20:56";"19/05/2026 10:39:10"
"15398";"010423";"2026";"2";"faturamento";"181519,00";"31/03/2026 09:20:56";"19/05/2026 10:39:12"
"15399";"010423";"2026";"3";"faturamento";"40317,00";"31/03/2026 09:20:56";"19/05/2026 10:39:12"
"15400";"010423";"2026";"4";"faturamento";"366443,00";"31/03/2026 09:20:56";"19/05/2026 10:39:13"
"15401";"010423";"2026";"5";"faturamento";"60000,00";"31/03/2026 09:20:56";"19/05/2026 10:39:14"
"15402";"010423";"2026";"6";"faturamento";"190000,00";"31/03/2026 09:20:56";"17/06/2026 15:50:48"
"15403";"010423";"2026";"7";"faturamento";"200000,00";"31/03/2026 09:20:56";"19/05/2026 10:39:16"
"15404";"010423";"2026";"8";"faturamento";"180000,00";"31/03/2026 09:20:56";"19/05/2026 10:39:17"
"15405";"010423";"2026";"9";"faturamento";"250000,00";"31/03/2026 09:20:56";"19/05/2026 10:39:17"
"15406";"010423";"2026";"10";"faturamento";"420000,00";"31/03/2026 09:20:56";"19/05/2026 10:39:18"
"15407";"010423";"2026";"11";"faturamento";"380000,00";"31/03/2026 09:20:56";"19/05/2026 10:39:19"
"15408";"010423";"2026";"12";"faturamento";"550000,00";"31/03/2026 09:20:56";"19/05/2026 10:39:20"
"15409";"010439";"2026";"1";"faturamento";"0,00";"31/03/2026 09:20:56";"05/08/2026 10:28:31"
"15410";"010439";"2026";"2";"faturamento";"0,00";"31/03/2026 09:20:56";"05/08/2026 10:28:31"
"15411";"010439";"2026";"3";"faturamento";"0,00";"31/03/2026 09:20:56";"05/08/2026 10:28:32"
"15413";"010439";"2026";"5";"faturamento";"0,00";"31/03/2026 09:20:56";"05/08/2026 10:28:34"
"15414";"010439";"2026";"6";"faturamento";"0,00";"31/03/2026 09:20:56";"05/08/2026 10:28:35"
"15415";"010439";"2026";"7";"faturamento";"0,00";"31/03/2026 09:20:56";"29/07/2026 20:23:28"
"15416";"010439";"2026";"8";"faturamento";"0,00";"31/03/2026 09:20:56";"05/08/2026 10:28:37"
"15417";"010439";"2026";"9";"faturamento";"0,00";"31/03/2026 09:20:56";"05/08/2026 10:28:38"
"15418";"010439";"2026";"10";"faturamento";"0,00";"31/03/2026 09:20:56";"05/08/2026 10:28:39"
"15419";"010439";"2026";"11";"faturamento";"0,00";"31/03/2026 09:20:56";"05/08/2026 10:28:41"
"15420";"010439";"2026";"12";"faturamento";"0,00";"31/03/2026 09:20:56";"05/08/2026 10:28:43"
"15421";"010445";"2026";"1";"faturamento";"20000,00";"31/03/2026 09:20:56";"05/08/2026 10:28:31"
"15422";"010445";"2026";"2";"faturamento";"20000,00";"31/03/2026 09:20:56";"05/08/2026 10:28:32"
"15423";"010445";"2026";"3";"faturamento";"20000,00";"31/03/2026 09:20:56";"05/08/2026 10:28:33"
"15424";"010445";"2026";"4";"faturamento";"20000,00";"31/03/2026 09:20:56";"05/08/2026 10:28:33"
"15425";"010445";"2026";"5";"faturamento";"20000,00";"31/03/2026 09:20:56";"05/08/2026 10:28:34"
"15426";"010445";"2026";"6";"faturamento";"20000,00";"31/03/2026 09:20:56";"05/08/2026 10:28:35"
"15427";"010445";"2026";"7";"faturamento";"20000,00";"31/03/2026 09:20:56";"30/07/2026 10:32:54"
"15428";"010445";"2026";"8";"faturamento";"20000,00";"31/03/2026 09:20:56";"05/08/2026 10:28:37"
"15429";"010445";"2026";"9";"faturamento";"20000,00";"31/03/2026 09:20:56";"05/08/2026 10:28:38"
"15430";"010445";"2026";"10";"faturamento";"20000,00";"31/03/2026 09:20:56";"05/08/2026 10:28:39"
"15431";"010445";"2026";"11";"faturamento";"20000,00";"31/03/2026 09:20:56";"05/08/2026 10:28:42"
"15432";"010445";"2026";"12";"faturamento";"20000,00";"31/03/2026 09:20:56";"05/08/2026 10:28:43"
"15433";"010449";"2026";"1";"faturamento";"250000,00";"31/03/2026 09:20:56";"05/08/2026 10:28:31"
"15434";"010449";"2026";"2";"faturamento";"250000,00";"31/03/2026 09:20:56";"05/08/2026 10:28:32"
"15435";"010449";"2026";"3";"faturamento";"250000,00";"31/03/2026 09:20:56";"05/08/2026 10:28:32"
"15436";"010449";"2026";"4";"faturamento";"250000,00";"31/03/2026 09:20:56";"05/08/2026 10:28:33"
"15437";"010449";"2026";"5";"faturamento";"250000,00";"31/03/2026 09:20:56";"05/08/2026 10:28:34"
"15438";"010449";"2026";"6";"faturamento";"250000,00";"31/03/2026 09:20:56";"05/08/2026 10:28:35"
"15439";"010449";"2026";"7";"faturamento";"250000,00";"31/03/2026 09:20:56";"29/07/2026 19:41:19"
"15440";"010449";"2026";"8";"faturamento";"250000,00";"31/03/2026 09:20:56";"05/08/2026 10:28:37"
"15441";"010449";"2026";"9";"faturamento";"200000,00";"31/03/2026 09:20:56";"15/09/2026 10:08:26"
"15442";"010449";"2026";"10";"faturamento";"250000,00";"31/03/2026 09:20:56";"05/08/2026 10:28:39"
"15443";"010449";"2026";"11";"faturamento";"250000,00";"31/03/2026 09:20:56";"05/08/2026 10:28:42"
"15444";"010449";"2026";"12";"faturamento";"250000,00";"31/03/2026 09:20:56";"05/08/2026 10:28:43"
"15445";"010451";"2026";"1";"faturamento";"9966,00";"31/03/2026 09:20:56";"19/05/2026 10:39:10"
"15446";"010451";"2026";"2";"faturamento";"26361,00";"31/03/2026 09:20:56";"19/05/2026 10:39:12"
"15447";"010451";"2026";"3";"faturamento";"10501,00";"31/03/2026 09:20:56";"19/05/2026 10:39:13"
"15448";"010451";"2026";"4";"faturamento";"120000,00";"31/03/2026 09:20:56";"19/05/2026 10:39:13"
"15449";"010451";"2026";"5";"faturamento";"120000,00";"31/03/2026 09:20:56";"19/05/2026 10:39:14"
"15450";"010451";"2026";"6";"faturamento";"120000,00";"31/03/2026 09:20:56";"17/06/2026 15:50:48"
"15451";"010451";"2026";"7";"faturamento";"120000,00";"31/03/2026 09:20:56";"19/05/2026 10:39:16"
"15452";"010451";"2026";"8";"faturamento";"30000,00";"31/03/2026 09:20:56";"05/08/2026 10:24:55"
"15453";"010451";"2026";"9";"faturamento";"120000,00";"31/03/2026 09:20:56";"19/05/2026 10:39:17"
"15454";"010451";"2026";"10";"faturamento";"120000,00";"31/03/2026 09:20:56";"19/05/2026 10:39:18"
"15455";"010451";"2026";"11";"faturamento";"120000,00";"31/03/2026 09:20:56";"19/05/2026 10:39:19"
"15456";"010451";"2026";"12";"faturamento";"120000,00";"31/03/2026 09:20:56";"19/05/2026 10:39:20"
"15457";"010452";"2026";"1";"faturamento";"22687,00";"31/03/2026 09:20:56";"19/05/2026 10:39:10"
"15458";"010452";"2026";"2";"faturamento";"43704,00";"31/03/2026 09:20:56";"19/05/2026 10:39:12"
"15459";"010452";"2026";"3";"faturamento";"55733,00";"31/03/2026 09:20:56";"19/05/2026 10:39:13"
"15460";"010452";"2026";"4";"faturamento";"120000,00";"31/03/2026 09:20:56";"19/05/2026 10:39:13"
"15461";"010452";"2026";"5";"faturamento";"120000,00";"31/03/2026 09:20:56";"19/05/2026 10:39:14"
"15462";"010452";"2026";"6";"faturamento";"120000,00";"31/03/2026 09:20:56";"17/06/2026 15:50:48"
"15463";"010452";"2026";"7";"faturamento";"120000,00";"31/03/2026 09:20:56";"19/05/2026 10:39:16"
"15464";"010452";"2026";"8";"faturamento";"60000,00";"31/03/2026 09:20:56";"05/08/2026 10:24:55"
"15465";"010452";"2026";"9";"faturamento";"120000,00";"31/03/2026 09:20:56";"19/05/2026 10:39:17"
"15466";"010452";"2026";"10";"faturamento";"120000,00";"31/03/2026 09:20:56";"19/05/2026 10:39:18"
"15467";"010452";"2026";"11";"faturamento";"120000,00";"31/03/2026 09:20:56";"19/05/2026 10:39:19"
"15468";"010452";"2026";"12";"faturamento";"120000,00";"31/03/2026 09:20:56";"19/05/2026 10:39:20"
"15469";"010455";"2026";"1";"faturamento";"100000,00";"31/03/2026 09:20:56";"05/08/2026 10:28:31"
"15470";"010455";"2026";"2";"faturamento";"100000,00";"31/03/2026 09:20:56";"05/08/2026 10:28:31"
"15471";"010455";"2026";"3";"faturamento";"100000,00";"31/03/2026 09:20:56";"05/08/2026 10:28:32"
"15472";"010455";"2026";"4";"faturamento";"100000,00";"31/03/2026 09:20:56";"05/08/2026 10:28:33"
"15473";"010455";"2026";"5";"faturamento";"100000,00";"31/03/2026 09:20:56";"05/08/2026 10:28:34"
"15474";"010455";"2026";"6";"faturamento";"100000,00";"31/03/2026 09:20:56";"05/08/2026 10:28:35"
"15475";"010455";"2026";"7";"faturamento";"100000,00";"31/03/2026 09:20:56";"29/07/2026 19:49:00"
"15476";"010455";"2026";"8";"faturamento";"100000,00";"31/03/2026 09:20:56";"05/08/2026 10:28:37"
"15477";"010455";"2026";"9";"faturamento";"100000,00";"31/03/2026 09:20:56";"05/08/2026 10:28:38"
"15478";"010455";"2026";"10";"faturamento";"100000,00";"31/03/2026 09:20:56";"05/08/2026 10:28:39"
"15479";"010455";"2026";"11";"faturamento";"100000,00";"31/03/2026 09:20:56";"05/08/2026 10:28:41"
"15480";"010455";"2026";"12";"faturamento";"100000,00";"31/03/2026 09:20:56";"05/08/2026 10:28:43"
"15481";"010464";"2026";"1";"faturamento";"100000,00";"31/03/2026 09:20:56";"05/08/2026 10:28:31"
"15482";"010464";"2026";"2";"faturamento";"100000,00";"31/03/2026 09:20:56";"05/08/2026 10:28:32"
"15483";"010464";"2026";"3";"faturamento";"100000,00";"31/03/2026 09:20:56";"05/08/2026 10:28:33"
"15484";"010464";"2026";"4";"faturamento";"100000,00";"31/03/2026 09:20:56";"05/08/2026 10:28:33"
"15485";"010464";"2026";"5";"faturamento";"100000,00";"31/03/2026 09:20:56";"05/08/2026 10:28:34"
"15486";"010464";"2026";"6";"faturamento";"100000,00";"31/03/2026 09:20:56";"17/06/2026 15:50:48"
"15487";"010464";"2026";"7";"faturamento";"100000,00";"31/03/2026 09:20:56";"19/05/2026 10:39:16"
"15488";"010464";"2026";"8";"faturamento";"100000,00";"31/03/2026 09:20:56";"05/08/2026 10:28:37"
"15489";"010464";"2026";"9";"faturamento";"100000,00";"31/03/2026 09:20:56";"05/08/2026 10:28:39"
"15490";"010464";"2026";"10";"faturamento";"100000,00";"31/03/2026 09:20:56";"05/08/2026 10:28:40"
"15491";"010464";"2026";"11";"faturamento";"100000,00";"31/03/2026 09:20:56";"05/08/2026 10:28:42"
"15492";"010464";"2026";"12";"faturamento";"100000,00";"31/03/2026 09:20:56";"05/08/2026 10:28:44"
"15493";"010471";"2026";"1";"faturamento";"579417,00";"31/03/2026 09:20:56";"19/05/2026 10:39:11"
"15494";"010471";"2026";"2";"faturamento";"200000,00";"31/03/2026 09:20:56";"19/05/2026 10:39:12"
"15495";"010471";"2026";"3";"faturamento";"200000,00";"31/03/2026 09:20:56";"19/05/2026 10:39:13"
"15496";"010471";"2026";"4";"faturamento";"350000,00";"31/03/2026 09:20:56";"19/05/2026 10:39:13"
"15497";"010471";"2026";"5";"faturamento";"200000,00";"31/03/2026 09:20:56";"19/05/2026 10:39:14"
"15498";"010471";"2026";"6";"faturamento";"250000,00";"31/03/2026 09:20:56";"17/06/2026 15:50:48"
"15499";"010471";"2026";"7";"faturamento";"450000,00";"31/03/2026 09:20:56";"19/05/2026 10:39:16"
"15500";"010471";"2026";"8";"faturamento";"251152,69";"31/03/2026 09:20:56";"03/08/2026 16:06:54"
"15501";"010471";"2026";"9";"faturamento";"250000,00";"31/03/2026 09:20:56";"19/05/2026 10:39:17"
"15502";"010471";"2026";"10";"faturamento";"250000,00";"31/03/2026 09:20:56";"19/05/2026 10:39:18"
"15503";"010471";"2026";"11";"faturamento";"400000,00";"31/03/2026 09:20:56";"19/05/2026 10:39:19"
"15504";"010471";"2026";"12";"faturamento";"200000,00";"31/03/2026 09:20:56";"19/05/2026 10:39:20"
"15509";"010476";"2026";"5";"faturamento";"90000,00";"31/03/2026 09:20:56";"19/05/2026 10:39:14"
"15510";"010476";"2026";"6";"faturamento";"90000,00";"31/03/2026 09:20:56";"17/06/2026 15:50:48"
"15511";"010476";"2026";"7";"faturamento";"90000,00";"31/03/2026 09:20:56";"19/05/2026 10:39:16"
"15512";"010476";"2026";"8";"faturamento";"90000,00";"31/03/2026 09:20:56";"19/05/2026 10:39:17"
"15513";"010476";"2026";"9";"faturamento";"90000,00";"31/03/2026 09:20:56";"19/05/2026 10:39:17"
"15514";"010476";"2026";"10";"faturamento";"90000,00";"31/03/2026 09:20:56";"19/05/2026 10:39:18"
"15515";"010476";"2026";"11";"faturamento";"90000,00";"31/03/2026 09:20:56";"19/05/2026 10:39:19"
"15516";"010476";"2026";"12";"faturamento";"90000,00";"31/03/2026 09:20:56";"19/05/2026 10:39:20"
"15517";"010485";"2026";"1";"faturamento";"354263,00";"31/03/2026 09:20:56";"19/05/2026 10:39:11"
"15518";"010485";"2026";"2";"faturamento";"196182,00";"31/03/2026 09:20:56";"19/05/2026 10:39:12"
"15519";"010485";"2026";"3";"faturamento";"4224,00";"31/03/2026 09:20:56";"19/05/2026 10:39:13"
"15520";"010485";"2026";"4";"faturamento";"250000,00";"31/03/2026 09:20:56";"19/05/2026 10:39:13"
"15521";"010485";"2026";"5";"faturamento";"250000,00";"31/03/2026 09:20:56";"19/05/2026 10:39:14"
"15522";"010485";"2026";"6";"faturamento";"320000,00";"31/03/2026 09:20:56";"17/06/2026 16:17:21"
"15523";"010485";"2026";"7";"faturamento";"500000,00";"31/03/2026 09:20:56";"19/05/2026 10:39:16"
"15524";"010485";"2026";"8";"faturamento";"500000,00";"31/03/2026 09:20:56";"19/05/2026 10:39:17"
"15525";"010485";"2026";"9";"faturamento";"750000,00";"31/03/2026 09:20:56";"19/05/2026 10:39:17"
"15526";"010485";"2026";"10";"faturamento";"550000,00";"31/03/2026 09:20:56";"19/05/2026 10:39:18"
"15527";"010485";"2026";"11";"faturamento";"350000,00";"31/03/2026 09:20:56";"19/05/2026 10:39:19"
"15528";"010485";"2026";"12";"faturamento";"515000,00";"31/03/2026 09:20:56";"19/05/2026 10:39:20"
"15541";"010502";"2026";"1";"faturamento";"20000,00";"31/03/2026 09:20:56";"05/08/2026 10:28:30"
"15542";"010502";"2026";"2";"faturamento";"20000,00";"31/03/2026 09:20:56";"05/08/2026 10:28:31"
"15543";"010502";"2026";"3";"faturamento";"20000,00";"31/03/2026 09:20:56";"05/08/2026 10:28:32"
"15544";"010502";"2026";"4";"faturamento";"20000,00";"31/03/2026 09:20:56";"05/08/2026 10:28:33"
"15545";"010502";"2026";"5";"faturamento";"20000,00";"31/03/2026 09:20:56";"05/08/2026 10:28:34"
"15546";"010502";"2026";"6";"faturamento";"20000,00";"31/03/2026 09:20:56";"05/08/2026 10:28:34"
"15547";"010502";"2026";"7";"faturamento";"20000,00";"31/03/2026 09:20:56";"29/07/2026 20:10:33"
"15548";"010502";"2026";"8";"faturamento";"20000,00";"31/03/2026 09:20:56";"05/08/2026 10:28:36"
"15549";"010502";"2026";"9";"faturamento";"20000,00";"31/03/2026 09:20:56";"05/08/2026 10:28:37"
"15550";"010502";"2026";"10";"faturamento";"20000,00";"31/03/2026 09:20:56";"05/08/2026 10:28:39"
"15551";"010502";"2026";"11";"faturamento";"20000,00";"31/03/2026 09:20:56";"05/08/2026 10:28:40"
"15552";"010502";"2026";"12";"faturamento";"20000,00";"31/03/2026 09:20:56";"05/08/2026 10:28:43"
"15553";"010512";"2026";"1";"faturamento";"420000,00";"31/03/2026 09:20:56";"19/05/2026 10:39:11"
"15554";"010512";"2026";"2";"faturamento";"502873,00";"31/03/2026 09:20:56";"19/05/2026 10:39:12"
"15555";"010512";"2026";"3";"faturamento";"420000,00";"31/03/2026 09:20:56";"19/05/2026 10:39:13"
"15556";"010512";"2026";"4";"faturamento";"420000,00";"31/03/2026 09:20:56";"19/05/2026 10:39:14"
"15557";"010512";"2026";"5";"faturamento";"420000,00";"31/03/2026 09:20:56";"19/05/2026 10:39:15"
"15558";"010512";"2026";"6";"faturamento";"429687,96";"31/03/2026 09:20:56";"17/06/2026 15:16:09"
"15559";"010512";"2026";"7";"faturamento";"420000,00";"31/03/2026 09:20:56";"19/05/2026 10:39:16"
"15560";"010512";"2026";"8";"faturamento";"512647,09";"31/03/2026 09:20:56";"03/08/2026 16:06:54"
"15561";"010512";"2026";"9";"faturamento";"560000,00";"31/03/2026 09:20:56";"19/05/2026 10:39:17"
"15562";"010512";"2026";"10";"faturamento";"1470000,00";"31/03/2026 09:20:56";"19/05/2026 10:39:18"
"15563";"010512";"2026";"11";"faturamento";"680000,00";"31/03/2026 09:20:56";"19/05/2026 10:39:19"
"15564";"010512";"2026";"12";"faturamento";"420000,00";"31/03/2026 09:20:56";"19/05/2026 10:39:20"
"15565";"010519";"2026";"1";"faturamento";"293422,00";"31/03/2026 09:20:56";"19/05/2026 10:39:11"
"15566";"010519";"2026";"2";"faturamento";"279150,00";"31/03/2026 09:20:56";"19/05/2026 10:39:12"
"15567";"010519";"2026";"3";"faturamento";"377875,00";"31/03/2026 09:20:56";"19/05/2026 10:39:13"
"15568";"010519";"2026";"4";"faturamento";"272463,00";"31/03/2026 09:20:56";"19/05/2026 10:39:14"
"15569";"010519";"2026";"5";"faturamento";"140000,00";"31/03/2026 09:20:56";"19/05/2026 10:39:15"
"15570";"010519";"2026";"6";"faturamento";"220000,00";"31/03/2026 09:20:56";"17/06/2026 16:17:21"
"15571";"010519";"2026";"7";"faturamento";"550000,00";"31/03/2026 09:20:56";"19/05/2026 10:39:16"
"15572";"010519";"2026";"8";"faturamento";"350000,00";"31/03/2026 09:20:56";"19/05/2026 10:39:17"
"15573";"010519";"2026";"9";"faturamento";"430000,00";"31/03/2026 09:20:56";"19/05/2026 10:39:17"
"15574";"010519";"2026";"10";"faturamento";"240000,00";"31/03/2026 09:20:56";"19/05/2026 10:39:18"
"15575";"010519";"2026";"11";"faturamento";"275000,00";"31/03/2026 09:20:56";"19/05/2026 10:39:19"
"15576";"010519";"2026";"12";"faturamento";"420000,00";"31/03/2026 09:20:56";"19/05/2026 10:39:20"
"15577";"010523";"2026";"1";"faturamento";"667472,00";"31/03/2026 09:20:56";"19/05/2026 10:39:11"
"15578";"010523";"2026";"2";"faturamento";"356135,00";"31/03/2026 09:20:56";"19/05/2026 10:39:12"
"15579";"010523";"2026";"3";"faturamento";"539716,00";"31/03/2026 09:20:56";"19/05/2026 10:39:13"
"15580";"010523";"2026";"4";"faturamento";"675160,00";"31/03/2026 09:20:56";"19/05/2026 10:39:14"
"15581";"010523";"2026";"5";"faturamento";"460000,00";"31/03/2026 09:20:56";"19/05/2026 10:39:15"
"15582";"010523";"2026";"6";"faturamento";"739640,70";"31/03/2026 09:20:56";"17/06/2026 15:16:09"
"15583";"010523";"2026";"7";"faturamento";"690000,00";"31/03/2026 09:20:56";"19/05/2026 10:39:16"
"15584";"010523";"2026";"8";"faturamento";"520000,00";"31/03/2026 09:20:56";"19/05/2026 10:39:17"
"15585";"010523";"2026";"9";"faturamento";"645000,00";"31/03/2026 09:20:56";"19/05/2026 10:39:17"
"15586";"010523";"2026";"10";"faturamento";"545000,00";"31/03/2026 09:20:56";"19/05/2026 10:39:18"
"15587";"010523";"2026";"11";"faturamento";"500000,00";"31/03/2026 09:20:56";"19/05/2026 10:39:19"
"15588";"010523";"2026";"12";"faturamento";"680000,00";"31/03/2026 09:20:56";"19/05/2026 10:39:20"
"15589";"010527";"2026";"1";"faturamento";"320000,00";"31/03/2026 09:20:56";"05/08/2026 10:28:31"
"15590";"010527";"2026";"2";"faturamento";"320000,00";"31/03/2026 09:20:56";"05/08/2026 10:28:31"
"15591";"010527";"2026";"3";"faturamento";"320000,00";"31/03/2026 09:20:56";"05/08/2026 10:28:32"
"15592";"010527";"2026";"4";"faturamento";"320000,00";"31/03/2026 09:20:56";"05/08/2026 10:28:33"
"15593";"010527";"2026";"5";"faturamento";"320000,00";"31/03/2026 09:20:56";"05/08/2026 10:28:34"
"15594";"010527";"2026";"6";"faturamento";"320000,00";"31/03/2026 09:20:56";"05/08/2026 10:28:35"
"15595";"010527";"2026";"7";"faturamento";"320000,00";"31/03/2026 09:20:56";"29/07/2026 19:45:23"
"15596";"010527";"2026";"8";"faturamento";"320000,00";"31/03/2026 09:20:56";"05/08/2026 10:28:37"
"15597";"010527";"2026";"9";"faturamento";"320000,00";"31/03/2026 09:20:56";"05/08/2026 10:28:38"
"15598";"010527";"2026";"10";"faturamento";"320000,00";"31/03/2026 09:20:56";"05/08/2026 10:28:39"
"15599";"010527";"2026";"11";"faturamento";"320000,00";"31/03/2026 09:20:56";"05/08/2026 10:28:41"
"15600";"010527";"2026";"12";"faturamento";"320000,00";"31/03/2026 09:20:56";"05/08/2026 10:28:43"
"15601";"010531";"2026";"1";"faturamento";"20000,00";"31/03/2026 09:20:56";"05/08/2026 10:28:30"
"15602";"010531";"2026";"2";"faturamento";"20000,00";"31/03/2026 09:20:56";"05/08/2026 10:28:31"
"15603";"010531";"2026";"3";"faturamento";"20000,00";"31/03/2026 09:20:56";"05/08/2026 10:28:32"
"15604";"010531";"2026";"4";"faturamento";"20000,00";"31/03/2026 09:20:56";"05/08/2026 10:28:33"
"15605";"010531";"2026";"5";"faturamento";"20000,00";"31/03/2026 09:20:56";"05/08/2026 10:28:34"
"15606";"010531";"2026";"6";"faturamento";"20000,00";"31/03/2026 09:20:56";"05/08/2026 10:28:35"
"15607";"010531";"2026";"7";"faturamento";"20000,00";"31/03/2026 09:20:56";"31/07/2026 09:54:47"
"15608";"010531";"2026";"8";"faturamento";"20000,00";"31/03/2026 09:20:56";"05/08/2026 10:28:36"
"15609";"010531";"2026";"9";"faturamento";"20000,00";"31/03/2026 09:20:56";"05/08/2026 10:28:38"
"15610";"010531";"2026";"10";"faturamento";"20000,00";"31/03/2026 09:20:56";"05/08/2026 10:28:39"
"15611";"010531";"2026";"11";"faturamento";"20000,00";"31/03/2026 09:20:56";"05/08/2026 10:28:40"
"15612";"010531";"2026";"12";"faturamento";"20000,00";"31/03/2026 09:20:56";"05/08/2026 10:28:43"
"15615";"010534";"2026";"3";"faturamento";"0,00";"31/03/2026 09:20:56";"05/08/2026 10:28:32"
"15617";"010534";"2026";"5";"faturamento";"0,00";"31/03/2026 09:20:56";"05/08/2026 10:28:34"
"15618";"010534";"2026";"6";"faturamento";"0,00";"31/03/2026 09:20:56";"05/08/2026 10:28:34"
"15619";"010534";"2026";"7";"faturamento";"0,00";"31/03/2026 09:20:56";"29/07/2026 20:16:14"
"15620";"010534";"2026";"8";"faturamento";"0,00";"31/03/2026 09:20:56";"05/08/2026 10:28:36"
"15621";"010534";"2026";"9";"faturamento";"0,00";"31/03/2026 09:20:56";"05/08/2026 10:28:37"
"15622";"010534";"2026";"10";"faturamento";"0,00";"31/03/2026 09:20:56";"05/08/2026 10:28:39"
"15623";"010534";"2026";"11";"faturamento";"0,00";"31/03/2026 09:20:56";"05/08/2026 10:28:40"
"15624";"010534";"2026";"12";"faturamento";"0,00";"31/03/2026 09:20:56";"05/08/2026 10:28:43"
"15625";"010537";"2026";"1";"faturamento";"50000,00";"31/03/2026 09:20:56";"05/08/2026 10:28:31"
"15626";"010537";"2026";"2";"faturamento";"50000,00";"31/03/2026 09:20:56";"05/08/2026 10:28:32"
"15627";"010537";"2026";"3";"faturamento";"50000,00";"31/03/2026 09:20:56";"05/08/2026 10:28:33"
"15628";"010537";"2026";"4";"faturamento";"50000,00";"31/03/2026 09:20:56";"05/08/2026 10:28:33"
"15629";"010537";"2026";"5";"faturamento";"50000,00";"31/03/2026 09:20:56";"05/08/2026 10:28:34"
"15630";"010537";"2026";"6";"faturamento";"50000,00";"31/03/2026 09:20:56";"05/08/2026 10:28:35"
"15631";"010537";"2026";"7";"faturamento";"50000,00";"31/03/2026 09:20:56";"29/07/2026 20:03:33"
"15632";"010537";"2026";"8";"faturamento";"50000,00";"31/03/2026 09:20:56";"05/08/2026 10:28:37"
"15633";"010537";"2026";"9";"faturamento";"35000,00";"31/03/2026 09:20:56";"15/09/2026 10:07:35"
"15634";"010537";"2026";"10";"faturamento";"50000,00";"31/03/2026 09:20:56";"05/08/2026 10:28:40"
"15635";"010537";"2026";"11";"faturamento";"50000,00";"31/03/2026 09:20:56";"05/08/2026 10:28:42"
"15636";"010537";"2026";"12";"faturamento";"50000,00";"31/03/2026 09:20:56";"05/08/2026 10:28:43"
"15637";"010539";"2026";"1";"faturamento";"44256,00";"31/03/2026 09:20:56";"19/05/2026 10:39:11"
"15638";"010539";"2026";"2";"faturamento";"14088,00";"31/03/2026 09:20:56";"19/05/2026 10:39:12"
"15639";"010539";"2026";"3";"faturamento";"10808,00";"31/03/2026 09:20:56";"19/05/2026 10:39:13"
"15640";"010539";"2026";"4";"faturamento";"120000,00";"31/03/2026 09:20:56";"19/05/2026 10:39:14"
"15641";"010539";"2026";"5";"faturamento";"120000,00";"31/03/2026 09:20:56";"19/05/2026 10:39:15"
"15642";"010539";"2026";"6";"faturamento";"123024,00";"31/03/2026 09:20:56";"17/06/2026 15:16:09"
"15643";"010539";"2026";"7";"faturamento";"120000,00";"31/03/2026 09:20:56";"19/05/2026 10:39:16"
"15644";"010539";"2026";"8";"faturamento";"180000,00";"31/03/2026 09:20:56";"05/08/2026 10:24:55"
"15645";"010539";"2026";"9";"faturamento";"120000,00";"31/03/2026 09:20:56";"19/05/2026 10:39:18"
"15646";"010539";"2026";"10";"faturamento";"120000,00";"31/03/2026 09:20:56";"19/05/2026 10:39:18"
"15647";"010539";"2026";"11";"faturamento";"120000,00";"31/03/2026 09:20:56";"19/05/2026 10:39:19"
"15648";"010539";"2026";"12";"faturamento";"120000,00";"31/03/2026 09:20:56";"19/05/2026 10:39:20"
"15649";"010546";"2026";"1";"faturamento";"27383,00";"31/03/2026 09:20:56";"19/05/2026 10:39:11"
"15650";"010546";"2026";"2";"faturamento";"10461,00";"31/03/2026 09:20:56";"19/05/2026 10:39:12"
"15651";"010546";"2026";"3";"faturamento";"32720,00";"31/03/2026 09:20:56";"19/05/2026 10:39:13"
"15652";"010546";"2026";"4";"faturamento";"120000,00";"31/03/2026 09:20:56";"19/05/2026 10:39:14"
"15653";"010546";"2026";"5";"faturamento";"120000,00";"31/03/2026 09:20:56";"19/05/2026 10:39:15"
"15654";"010546";"2026";"6";"faturamento";"120000,00";"31/03/2026 09:20:56";"17/06/2026 15:50:48"
"15655";"010546";"2026";"7";"faturamento";"120000,00";"31/03/2026 09:20:56";"19/05/2026 10:39:16"
"15656";"010546";"2026";"8";"faturamento";"120000,00";"31/03/2026 09:20:56";"19/05/2026 10:39:17"
"15657";"010546";"2026";"9";"faturamento";"120000,00";"31/03/2026 09:20:56";"19/05/2026 10:39:18"
"15658";"010546";"2026";"10";"faturamento";"120000,00";"31/03/2026 09:20:56";"19/05/2026 10:39:18"
"15659";"010546";"2026";"11";"faturamento";"120000,00";"31/03/2026 09:20:56";"19/05/2026 10:39:19"
"15660";"010546";"2026";"12";"faturamento";"120000,00";"31/03/2026 09:20:56";"19/05/2026 10:39:20"
"15661";"010554";"2026";"1";"faturamento";"22748,00";"31/03/2026 09:20:56";"19/05/2026 10:39:11"
"15662";"010554";"2026";"2";"faturamento";"3416,00";"31/03/2026 09:20:56";"19/05/2026 10:39:12"
"15663";"010554";"2026";"3";"faturamento";"28434,00";"31/03/2026 09:20:56";"19/05/2026 10:39:13"
"15664";"010554";"2026";"4";"faturamento";"19265,00";"31/03/2026 09:20:56";"19/05/2026 10:39:14"
"15665";"010554";"2026";"5";"faturamento";"60000,00";"31/03/2026 09:20:56";"19/05/2026 10:39:15"
"15666";"010554";"2026";"6";"faturamento";"68970,00";"31/03/2026 09:20:56";"17/06/2026 15:16:09"
"15667";"010554";"2026";"7";"faturamento";"60000,00";"31/03/2026 09:20:56";"19/05/2026 10:39:16"
"15668";"010554";"2026";"8";"faturamento";"10000,00";"31/03/2026 09:20:56";"05/08/2026 10:24:55"
"15669";"010554";"2026";"9";"faturamento";"60000,00";"31/03/2026 09:20:56";"19/05/2026 10:39:18"
"15670";"010554";"2026";"10";"faturamento";"60000,00";"31/03/2026 09:20:56";"19/05/2026 10:39:18"
"15671";"010554";"2026";"11";"faturamento";"60000,00";"31/03/2026 09:20:56";"19/05/2026 10:39:19"
"15672";"010554";"2026";"12";"faturamento";"60000,00";"31/03/2026 09:20:56";"19/05/2026 10:39:20"
"15673";"010556";"2026";"1";"faturamento";"20000,00";"31/03/2026 09:20:56";"05/08/2026 10:28:31"
"15674";"010556";"2026";"2";"faturamento";"20000,00";"31/03/2026 09:20:56";"05/08/2026 10:28:32"
"15677";"010556";"2026";"5";"faturamento";"20000,00";"31/03/2026 09:20:56";"05/08/2026 10:28:34"
"15678";"010556";"2026";"6";"faturamento";"20000,00";"31/03/2026 09:20:56";"05/08/2026 10:28:35"
"15679";"010556";"2026";"7";"faturamento";"20000,00";"31/03/2026 09:20:56";"29/07/2026 20:11:04"
"15680";"010556";"2026";"8";"faturamento";"0,00";"31/03/2026 09:20:56";"01/09/2026 09:59:37"
"15681";"010556";"2026";"9";"faturamento";"20000,00";"31/03/2026 09:20:56";"05/08/2026 10:28:38"
"15682";"010556";"2026";"10";"faturamento";"20000,00";"31/03/2026 09:20:56";"05/08/2026 10:28:40"
"15683";"010556";"2026";"11";"faturamento";"20000,00";"31/03/2026 09:20:56";"05/08/2026 10:28:42"
"15684";"010556";"2026";"12";"faturamento";"20000,00";"31/03/2026 09:20:56";"05/08/2026 10:28:44"
"15685";"010559";"2026";"1";"faturamento";"50000,00";"31/03/2026 09:20:56";"05/08/2026 10:28:31"
"15686";"010559";"2026";"2";"faturamento";"50000,00";"31/03/2026 09:20:56";"05/08/2026 10:28:32"
"15687";"010559";"2026";"3";"faturamento";"50000,00";"31/03/2026 09:20:56";"05/08/2026 10:28:33"
"15688";"010559";"2026";"4";"faturamento";"50000,00";"31/03/2026 09:20:56";"05/08/2026 10:28:33"
"15689";"010559";"2026";"5";"faturamento";"50000,00";"31/03/2026 09:20:56";"05/08/2026 10:28:34"
"15690";"010559";"2026";"6";"faturamento";"50000,00";"31/03/2026 09:20:56";"05/08/2026 10:28:35"
"15691";"010559";"2026";"7";"faturamento";"50000,00";"31/03/2026 09:20:56";"29/07/2026 19:56:42"
"15692";"010559";"2026";"8";"faturamento";"50000,00";"31/03/2026 09:20:56";"05/08/2026 10:28:37"
"15693";"010559";"2026";"9";"faturamento";"50000,00";"31/03/2026 09:20:56";"05/08/2026 10:28:38"
"15694";"010559";"2026";"10";"faturamento";"50000,00";"31/03/2026 09:20:56";"05/08/2026 10:28:40"
"15695";"010559";"2026";"11";"faturamento";"50000,00";"31/03/2026 09:20:56";"05/08/2026 10:28:42"
"15696";"010559";"2026";"12";"faturamento";"50000,00";"31/03/2026 09:20:56";"05/08/2026 10:28:44"
"15701";"10564";"2026";"5";"faturamento";"90000,00";"31/03/2026 09:20:56";"18/05/2026 17:10:15"
"15702";"10564";"2026";"6";"faturamento";"90000,00";"31/03/2026 09:20:56";"17/06/2026 15:50:48"
"15703";"10564";"2026";"7";"faturamento";"90000,00";"31/03/2026 09:20:56";"18/05/2026 17:10:15"
"15704";"10564";"2026";"8";"faturamento";"90000,00";"31/03/2026 09:20:56";"18/05/2026 17:10:15"
"15705";"10564";"2026";"9";"faturamento";"90000,00";"31/03/2026 09:20:56";"18/05/2026 17:10:15"
"15706";"10564";"2026";"10";"faturamento";"90000,00";"31/03/2026 09:20:56";"18/05/2026 17:10:15"
"15707";"10564";"2026";"11";"faturamento";"90000,00";"31/03/2026 09:20:56";"18/05/2026 17:10:15"
"15708";"10564";"2026";"12";"faturamento";"90000,00";"31/03/2026 09:20:56";"18/05/2026 17:10:15"
"15709";"010568";"2026";"1";"faturamento";"0,00";"31/03/2026 09:20:56";"05/08/2026 10:28:31"
"15710";"010568";"2026";"2";"faturamento";"0,00";"31/03/2026 09:20:56";"05/08/2026 10:28:31"
"15711";"010568";"2026";"3";"faturamento";"0,00";"31/03/2026 09:20:56";"05/08/2026 10:28:32"
"15713";"010568";"2026";"5";"faturamento";"0,00";"31/03/2026 09:20:56";"05/08/2026 10:28:34"
"15714";"010568";"2026";"6";"faturamento";"0,00";"31/03/2026 09:20:56";"05/08/2026 10:28:35"
"15715";"010568";"2026";"7";"faturamento";"0,00";"31/03/2026 09:20:56";"29/07/2026 20:29:37"
"15716";"010568";"2026";"8";"faturamento";"0,00";"31/03/2026 09:20:56";"05/08/2026 10:28:37"
"15717";"010568";"2026";"9";"faturamento";"0,00";"31/03/2026 09:20:56";"05/08/2026 10:28:38"
"15718";"010568";"2026";"10";"faturamento";"0,00";"31/03/2026 09:20:56";"05/08/2026 10:28:39"
"15719";"010568";"2026";"11";"faturamento";"0,00";"31/03/2026 09:20:56";"05/08/2026 10:28:41"
"15720";"010568";"2026";"12";"faturamento";"0,00";"31/03/2026 09:20:56";"05/08/2026 10:28:43"
"15722";"010570";"2026";"2";"faturamento";"0,00";"31/03/2026 09:20:56";"05/08/2026 10:28:32"
"15723";"010570";"2026";"3";"faturamento";"0,00";"31/03/2026 09:20:56";"05/08/2026 10:28:33"
"15725";"010570";"2026";"5";"faturamento";"0,00";"31/03/2026 09:20:56";"05/08/2026 10:28:34"
"15726";"010570";"2026";"6";"faturamento";"0,00";"31/03/2026 09:20:56";"05/08/2026 10:28:35"
"15727";"010570";"2026";"7";"faturamento";"0,00";"31/03/2026 09:20:56";"29/07/2026 20:28:04"
"15728";"010570";"2026";"8";"faturamento";"0,00";"31/03/2026 09:20:56";"05/08/2026 10:28:37"
"15729";"010570";"2026";"9";"faturamento";"0,00";"31/03/2026 09:20:56";"05/08/2026 10:28:38"
"15730";"010570";"2026";"10";"faturamento";"0,00";"31/03/2026 09:20:56";"05/08/2026 10:28:40"
"15731";"010570";"2026";"11";"faturamento";"0,00";"31/03/2026 09:20:56";"05/08/2026 10:28:42"
"15732";"010570";"2026";"12";"faturamento";"0,00";"31/03/2026 09:20:56";"05/08/2026 10:28:44"
"15733";"010571";"2026";"1";"faturamento";"20000,00";"31/03/2026 09:20:56";"05/08/2026 10:28:31"
"15734";"010571";"2026";"2";"faturamento";"20000,00";"31/03/2026 09:20:56";"05/08/2026 10:28:31"
"15735";"010571";"2026";"3";"faturamento";"20000,00";"31/03/2026 09:20:56";"05/08/2026 10:28:32"
"15736";"010571";"2026";"4";"faturamento";"20000,00";"31/03/2026 09:20:56";"05/08/2026 10:28:33"
"15737";"010571";"2026";"5";"faturamento";"20000,00";"31/03/2026 09:20:56";"05/08/2026 10:28:34"
"15738";"010571";"2026";"6";"faturamento";"20000,00";"31/03/2026 09:20:56";"05/08/2026 10:28:35"
"15739";"010571";"2026";"7";"faturamento";"20000,00";"31/03/2026 09:20:56";"29/07/2026 20:23:55"
"15740";"010571";"2026";"8";"faturamento";"20000,00";"31/03/2026 09:20:56";"05/08/2026 10:28:37"
"15741";"010571";"2026";"9";"faturamento";"20000,00";"31/03/2026 09:20:56";"05/08/2026 10:28:38"
"15742";"010571";"2026";"10";"faturamento";"20000,00";"31/03/2026 09:20:56";"05/08/2026 10:28:39"
"15743";"010571";"2026";"11";"faturamento";"20000,00";"31/03/2026 09:20:56";"05/08/2026 10:28:41"
"15744";"010571";"2026";"12";"faturamento";"20000,00";"31/03/2026 09:20:56";"05/08/2026 10:28:43"
"15769";"010586";"2026";"1";"faturamento";"550000,00";"31/03/2026 09:20:56";"19/05/2026 11:24:56"
"15770";"010586";"2026";"2";"faturamento";"550000,00";"31/03/2026 09:20:56";"19/05/2026 11:24:56"
"15771";"010586";"2026";"3";"faturamento";"550000,00";"31/03/2026 09:20:56";"19/05/2026 11:24:56"
"15772";"010586";"2026";"4";"faturamento";"550000,00";"31/03/2026 09:20:56";"19/05/2026 11:24:56"
"15773";"010586";"2026";"5";"faturamento";"550000,00";"31/03/2026 09:20:56";"19/05/2026 11:24:56"
"15774";"010586";"2026";"6";"faturamento";"700000,00";"31/03/2026 09:20:56";"15/06/2026 17:01:25"
"15775";"010586";"2026";"7";"faturamento";"700000,00";"31/03/2026 09:20:56";"06/07/2026 11:42:38"
"15776";"010586";"2026";"8";"faturamento";"600000,00";"31/03/2026 09:20:56";"10/08/2026 17:03:50"
"15777";"010586";"2026";"9";"faturamento";"550000,00";"31/03/2026 09:20:56";"19/05/2026 11:24:56"
"15778";"010586";"2026";"10";"faturamento";"550000,00";"31/03/2026 09:20:56";"19/05/2026 11:24:56"
"15779";"010586";"2026";"11";"faturamento";"550000,00";"31/03/2026 09:20:56";"19/05/2026 11:24:56"
"15780";"010586";"2026";"12";"faturamento";"550000,00";"31/03/2026 09:20:56";"19/05/2026 11:24:56"
"15781";"010588";"2026";"1";"faturamento";"15729,00";"31/03/2026 09:20:56";"19/05/2026 10:39:11"
"15782";"010588";"2026";"2";"faturamento";"68289,00";"31/03/2026 09:20:56";"19/05/2026 10:39:12"
"15783";"010588";"2026";"3";"faturamento";"29402,00";"31/03/2026 09:20:56";"19/05/2026 10:39:13"
"15784";"010588";"2026";"4";"faturamento";"120000,00";"31/03/2026 09:20:56";"19/05/2026 10:39:14"
"15785";"010588";"2026";"5";"faturamento";"120000,00";"31/03/2026 09:20:56";"19/05/2026 10:39:15"
"15786";"010588";"2026";"6";"faturamento";"120000,00";"31/03/2026 09:20:56";"17/06/2026 15:50:48"
"15787";"010588";"2026";"7";"faturamento";"120000,00";"31/03/2026 09:20:56";"19/05/2026 10:39:16"
"15788";"010588";"2026";"8";"faturamento";"10000,00";"31/03/2026 09:20:56";"05/08/2026 10:24:55"
"15789";"010588";"2026";"9";"faturamento";"120000,00";"31/03/2026 09:20:56";"19/05/2026 10:39:18"
"15790";"010588";"2026";"10";"faturamento";"120000,00";"31/03/2026 09:20:56";"19/05/2026 10:39:18"
"15791";"010588";"2026";"11";"faturamento";"120000,00";"31/03/2026 09:20:56";"19/05/2026 10:39:19"
"15792";"010588";"2026";"12";"faturamento";"120000,00";"31/03/2026 09:20:56";"19/05/2026 10:39:20"
"15793";"010589";"2026";"1";"faturamento";"32796,00";"31/03/2026 09:20:56";"19/05/2026 10:39:11"
"15794";"010589";"2026";"2";"faturamento";"9903,00";"31/03/2026 09:20:56";"19/05/2026 10:39:12"
"15795";"010589";"2026";"3";"faturamento";"20663,00";"31/03/2026 09:20:56";"19/05/2026 10:39:13"
"15796";"010589";"2026";"4";"faturamento";"120000,00";"31/03/2026 09:20:56";"19/05/2026 10:39:14"
"15797";"010589";"2026";"5";"faturamento";"120000,00";"31/03/2026 09:20:56";"19/05/2026 10:39:15"
"15798";"010589";"2026";"6";"faturamento";"124500,00";"31/03/2026 09:20:56";"17/06/2026 15:16:09"
"15799";"010589";"2026";"7";"faturamento";"120000,00";"31/03/2026 09:20:56";"19/05/2026 10:39:16"
"15800";"010589";"2026";"8";"faturamento";"30000,00";"31/03/2026 09:20:56";"05/08/2026 10:24:55"
"15801";"010589";"2026";"9";"faturamento";"120000,00";"31/03/2026 09:20:56";"19/05/2026 10:39:18"
"15802";"010589";"2026";"10";"faturamento";"120000,00";"31/03/2026 09:20:56";"19/05/2026 10:39:18"
"15803";"010589";"2026";"11";"faturamento";"120000,00";"31/03/2026 09:20:56";"19/05/2026 10:39:19"
"15804";"010589";"2026";"12";"faturamento";"120000,00";"31/03/2026 09:20:56";"19/05/2026 10:39:20"
"15805";"010590";"2026";"1";"faturamento";"95362,00";"31/03/2026 09:20:56";"19/05/2026 10:39:11"
"15806";"010590";"2026";"2";"faturamento";"5930,00";"31/03/2026 09:20:56";"19/05/2026 10:39:12"
"15807";"010590";"2026";"3";"faturamento";"209577,00";"31/03/2026 09:20:56";"19/05/2026 10:39:13"
"15808";"010590";"2026";"4";"faturamento";"305513,00";"31/03/2026 09:20:56";"19/05/2026 10:39:14"
"15809";"010590";"2026";"5";"faturamento";"130000,00";"31/03/2026 09:20:56";"19/05/2026 10:39:15"
"15810";"010590";"2026";"6";"faturamento";"190000,00";"31/03/2026 09:20:56";"17/06/2026 16:17:21"
"15811";"010590";"2026";"7";"faturamento";"370000,00";"31/03/2026 09:20:56";"19/05/2026 10:39:16"
"15812";"010590";"2026";"8";"faturamento";"150000,00";"31/03/2026 09:20:56";"05/08/2026 10:24:55"
"15813";"010590";"2026";"9";"faturamento";"130000,00";"31/03/2026 09:20:56";"19/05/2026 10:39:18"
"15814";"010590";"2026";"10";"faturamento";"100000,00";"31/03/2026 09:20:56";"19/05/2026 10:39:18"
"15815";"010590";"2026";"11";"faturamento";"175000,00";"31/03/2026 09:20:56";"19/05/2026 10:39:19"
"15816";"010590";"2026";"12";"faturamento";"360000,00";"31/03/2026 09:20:56";"19/05/2026 10:39:20"
"15817";"010594";"2026";"1";"faturamento";"685321,00";"31/03/2026 09:20:56";"19/05/2026 10:39:11"
"15818";"010594";"2026";"2";"faturamento";"792602,00";"31/03/2026 09:20:56";"19/05/2026 10:39:12"
"15819";"010594";"2026";"3";"faturamento";"201912,00";"31/03/2026 09:20:56";"19/05/2026 10:39:13"
"15820";"010594";"2026";"4";"faturamento";"791533,00";"31/03/2026 09:20:56";"19/05/2026 10:39:14"
"15821";"010594";"2026";"5";"faturamento";"1150000,00";"31/03/2026 09:20:56";"19/05/2026 10:39:15"
"15822";"010594";"2026";"6";"faturamento";"501539,48";"31/03/2026 09:20:56";"17/06/2026 15:16:09"
"15823";"010594";"2026";"7";"faturamento";"585000,00";"31/03/2026 09:20:56";"19/05/2026 10:39:16"
"15824";"010594";"2026";"8";"faturamento";"600000,00";"31/03/2026 09:20:56";"19/05/2026 10:39:17"
"15825";"010594";"2026";"9";"faturamento";"580000,00";"31/03/2026 09:20:56";"19/05/2026 10:39:18"
"15826";"010594";"2026";"10";"faturamento";"710000,00";"31/03/2026 09:20:56";"19/05/2026 10:39:18"
"15827";"010594";"2026";"11";"faturamento";"940000,00";"31/03/2026 09:20:56";"19/05/2026 10:39:19"
"15828";"010594";"2026";"12";"faturamento";"1020000,00";"31/03/2026 09:20:56";"19/05/2026 10:39:20"
"15829";"010604";"2026";"1";"faturamento";"0,00";"31/03/2026 09:20:56";"05/08/2026 10:28:31"
"15830";"010604";"2026";"2";"faturamento";"0,00";"31/03/2026 09:20:56";"05/08/2026 10:28:32"
"15831";"010604";"2026";"3";"faturamento";"0,00";"31/03/2026 09:20:56";"05/08/2026 10:28:33"
"15832";"010604";"2026";"4";"faturamento";"0,00";"31/03/2026 09:20:56";"05/08/2026 10:28:33"
"15833";"010604";"2026";"5";"faturamento";"0,00";"31/03/2026 09:20:56";"05/08/2026 10:28:34"
"15834";"010604";"2026";"6";"faturamento";"0,00";"31/03/2026 09:20:56";"05/08/2026 10:28:35"
"15835";"010604";"2026";"7";"faturamento";"0,00";"31/03/2026 09:20:56";"29/07/2026 20:28:57"
"15836";"010604";"2026";"8";"faturamento";"0,00";"31/03/2026 09:20:56";"05/08/2026 10:28:37"
"15837";"010604";"2026";"9";"faturamento";"0,00";"31/03/2026 09:20:56";"05/08/2026 10:28:38"
"15838";"010604";"2026";"10";"faturamento";"0,00";"31/03/2026 09:20:56";"05/08/2026 10:28:40"
"15839";"010604";"2026";"11";"faturamento";"0,00";"31/03/2026 09:20:56";"05/08/2026 10:28:42"
"15840";"010604";"2026";"12";"faturamento";"0,00";"31/03/2026 09:20:56";"05/08/2026 10:28:43"
"15845";"010610";"2026";"5";"faturamento";"20000,00";"31/03/2026 09:20:56";"05/08/2026 10:28:34"
"15846";"010610";"2026";"6";"faturamento";"20000,00";"31/03/2026 09:20:56";"05/08/2026 10:28:35"
"15847";"010610";"2026";"7";"faturamento";"20000,00";"31/03/2026 09:20:56";"29/07/2026 20:21:03"
"15848";"010610";"2026";"8";"faturamento";"20000,00";"31/03/2026 09:20:56";"05/08/2026 10:28:37"
"15849";"010610";"2026";"9";"faturamento";"20000,00";"31/03/2026 09:20:56";"05/08/2026 10:28:38"
"15850";"010610";"2026";"10";"faturamento";"20000,00";"31/03/2026 09:20:56";"05/08/2026 10:28:39"
"15851";"010610";"2026";"11";"faturamento";"20000,00";"31/03/2026 09:20:56";"05/08/2026 10:28:41"
"15852";"010610";"2026";"12";"faturamento";"20000,00";"31/03/2026 09:20:56";"05/08/2026 10:28:43"
"15853";"010617";"2026";"1";"faturamento";"107849,00";"31/03/2026 09:20:56";"19/05/2026 10:39:11"
"15854";"010617";"2026";"2";"faturamento";"9426,00";"31/03/2026 09:20:56";"19/05/2026 10:39:12"
"15855";"010617";"2026";"3";"faturamento";"12988,00";"31/03/2026 09:20:56";"19/05/2026 10:39:13"
"15856";"010617";"2026";"4";"faturamento";"42647,00";"31/03/2026 09:20:56";"19/05/2026 10:39:14"
"15857";"010617";"2026";"5";"faturamento";"90000,00";"31/03/2026 09:20:56";"19/05/2026 10:39:15"
"15858";"010617";"2026";"6";"faturamento";"90765,60";"31/03/2026 09:20:56";"17/06/2026 15:16:09"
"15859";"010617";"2026";"7";"faturamento";"90000,00";"31/03/2026 09:20:56";"19/05/2026 10:39:16"
"15860";"010617";"2026";"8";"faturamento";"90000,00";"31/03/2026 09:20:56";"19/05/2026 10:39:17"
"15861";"010617";"2026";"9";"faturamento";"90000,00";"31/03/2026 09:20:56";"19/05/2026 10:39:18"
"15862";"010617";"2026";"10";"faturamento";"90000,00";"31/03/2026 09:20:56";"19/05/2026 10:39:18"
"15863";"010617";"2026";"11";"faturamento";"90000,00";"31/03/2026 09:20:56";"19/05/2026 10:39:19"
"15864";"010617";"2026";"12";"faturamento";"90000,00";"31/03/2026 09:20:56";"19/05/2026 10:39:20"
"15865";"010619";"2026";"1";"faturamento";"0,00";"31/03/2026 09:20:56";"05/08/2026 10:28:31"
"15866";"010619";"2026";"2";"faturamento";"0,00";"31/03/2026 09:20:56";"05/08/2026 10:28:31"
"15867";"010619";"2026";"3";"faturamento";"0,00";"31/03/2026 09:20:56";"05/08/2026 10:28:32"
"15868";"010619";"2026";"4";"faturamento";"0,00";"31/03/2026 09:20:56";"05/08/2026 10:28:33"
"15869";"010619";"2026";"5";"faturamento";"0,00";"31/03/2026 09:20:56";"05/08/2026 10:28:34"
"15870";"010619";"2026";"6";"faturamento";"0,00";"31/03/2026 09:20:56";"05/08/2026 10:28:35"
"15871";"010619";"2026";"7";"faturamento";"0,00";"31/03/2026 09:20:56";"29/07/2026 20:24:16"
"15872";"010619";"2026";"8";"faturamento";"0,00";"31/03/2026 09:20:56";"05/08/2026 10:28:37"
"15873";"010619";"2026";"9";"faturamento";"0,00";"31/03/2026 09:20:56";"05/08/2026 10:28:38"
"15874";"010619";"2026";"10";"faturamento";"0,00";"31/03/2026 09:20:56";"05/08/2026 10:28:39"
"15875";"010619";"2026";"11";"faturamento";"0,00";"31/03/2026 09:20:56";"05/08/2026 10:28:41"
"15876";"010619";"2026";"12";"faturamento";"0,00";"31/03/2026 09:20:56";"05/08/2026 10:28:43"
"15889";"010632";"2026";"1";"faturamento";"300000,00";"31/03/2026 09:20:56";"05/08/2026 10:28:31"
"15890";"010632";"2026";"2";"faturamento";"300000,00";"31/03/2026 09:20:56";"05/08/2026 10:28:32"
"15891";"010632";"2026";"3";"faturamento";"300000,00";"31/03/2026 09:20:56";"05/08/2026 10:28:33"
"15892";"010632";"2026";"4";"faturamento";"300000,00";"31/03/2026 09:20:56";"05/08/2026 10:28:33"
"15893";"010632";"2026";"5";"faturamento";"300000,00";"31/03/2026 09:20:56";"05/08/2026 10:28:34"
"15894";"010632";"2026";"6";"faturamento";"300000,00";"31/03/2026 09:20:56";"05/08/2026 10:28:35"
"15895";"010632";"2026";"7";"faturamento";"300000,00";"31/03/2026 09:20:56";"29/07/2026 20:33:02"
"15896";"010632";"2026";"8";"faturamento";"300000,00";"31/03/2026 09:20:56";"05/08/2026 10:28:37"
"15897";"010632";"2026";"9";"faturamento";"300000,00";"31/03/2026 09:20:56";"05/08/2026 10:28:38"
"15898";"010632";"2026";"10";"faturamento";"300000,00";"31/03/2026 09:20:56";"05/08/2026 10:28:40"
"15899";"010632";"2026";"11";"faturamento";"300000,00";"31/03/2026 09:20:56";"05/08/2026 10:28:42"
"15900";"010632";"2026";"12";"faturamento";"300000,00";"31/03/2026 09:20:56";"05/08/2026 10:28:43"
"15901";"010636";"2026";"1";"faturamento";"20000,00";"31/03/2026 09:20:56";"05/08/2026 10:28:30"
"15902";"010636";"2026";"2";"faturamento";"20000,00";"31/03/2026 09:20:56";"05/08/2026 10:28:31"
"15903";"010636";"2026";"3";"faturamento";"20000,00";"31/03/2026 09:20:56";"05/08/2026 10:28:32"
"15904";"010636";"2026";"4";"faturamento";"20000,00";"31/03/2026 09:20:56";"05/08/2026 10:28:33"
"15905";"010636";"2026";"5";"faturamento";"20000,00";"31/03/2026 09:20:56";"05/08/2026 10:28:34"
"15906";"010636";"2026";"6";"faturamento";"20000,00";"31/03/2026 09:20:56";"05/08/2026 10:28:35"
"15907";"010636";"2026";"7";"faturamento";"20000,00";"31/03/2026 09:20:56";"29/07/2026 20:17:45"
"15908";"010636";"2026";"8";"faturamento";"0,00";"31/03/2026 09:20:56";"01/09/2026 10:03:24"
"15909";"010636";"2026";"9";"faturamento";"20000,00";"31/03/2026 09:20:56";"05/08/2026 10:28:38"
"15910";"010636";"2026";"10";"faturamento";"20000,00";"31/03/2026 09:20:56";"05/08/2026 10:28:39"
"15911";"010636";"2026";"11";"faturamento";"20000,00";"31/03/2026 09:20:56";"05/08/2026 10:28:41"
"15912";"010636";"2026";"12";"faturamento";"20000,00";"31/03/2026 09:20:56";"05/08/2026 10:28:43"
"15913";"010650";"2026";"1";"faturamento";"300000,00";"31/03/2026 09:20:56";"19/05/2026 10:39:11"
"15914";"010650";"2026";"2";"faturamento";"300000,00";"31/03/2026 09:20:56";"19/05/2026 10:39:12"
"15915";"010650";"2026";"3";"faturamento";"300000,00";"31/03/2026 09:20:56";"19/05/2026 10:39:13"
"15916";"010650";"2026";"4";"faturamento";"300000,00";"31/03/2026 09:20:56";"19/05/2026 10:39:14"
"15917";"010650";"2026";"5";"faturamento";"300000,00";"31/03/2026 09:20:56";"19/05/2026 10:39:15"
"15918";"010650";"2026";"6";"faturamento";"300000,00";"31/03/2026 09:20:56";"17/06/2026 15:50:48"
"15919";"010650";"2026";"7";"faturamento";"300000,00";"31/03/2026 09:20:56";"19/05/2026 10:39:16"
"15920";"010650";"2026";"8";"faturamento";"300000,00";"31/03/2026 09:20:56";"19/05/2026 10:39:17"
"15921";"010650";"2026";"9";"faturamento";"300000,00";"31/03/2026 09:20:56";"19/05/2026 10:39:18"
"15922";"010650";"2026";"10";"faturamento";"300000,00";"31/03/2026 09:20:56";"19/05/2026 10:39:18"
"15923";"010650";"2026";"11";"faturamento";"300000,00";"31/03/2026 09:20:56";"19/05/2026 10:39:19"
"15924";"010650";"2026";"12";"faturamento";"300000,00";"31/03/2026 09:20:56";"19/05/2026 10:39:20"
"15929";"10653";"2026";"5";"faturamento";"90000,00";"31/03/2026 09:20:56";"18/05/2026 17:10:15"
"15930";"10653";"2026";"6";"faturamento";"90000,00";"31/03/2026 09:20:56";"17/06/2026 15:50:48"
"15931";"10653";"2026";"7";"faturamento";"90000,00";"31/03/2026 09:20:56";"18/05/2026 17:10:15"
"15932";"10653";"2026";"8";"faturamento";"90000,00";"31/03/2026 09:20:56";"18/05/2026 17:10:15"
"15933";"10653";"2026";"9";"faturamento";"90000,00";"31/03/2026 09:20:56";"18/05/2026 17:10:15"
"15934";"10653";"2026";"10";"faturamento";"90000,00";"31/03/2026 09:20:56";"18/05/2026 17:10:15"
"15935";"10653";"2026";"11";"faturamento";"90000,00";"31/03/2026 09:20:56";"18/05/2026 17:10:15"
"15936";"10653";"2026";"12";"faturamento";"90000,00";"31/03/2026 09:20:56";"18/05/2026 17:10:15"
"15937";"010655";"2026";"1";"faturamento";"300000,00";"31/03/2026 09:20:56";"05/08/2026 10:28:30"
"15938";"010655";"2026";"2";"faturamento";"300000,00";"31/03/2026 09:20:56";"05/08/2026 10:28:31"
"15939";"010655";"2026";"3";"faturamento";"300000,00";"31/03/2026 09:20:56";"05/08/2026 10:28:32"
"15940";"010655";"2026";"4";"faturamento";"300000,00";"31/03/2026 09:20:56";"05/08/2026 10:28:33"
"15941";"010655";"2026";"5";"faturamento";"300000,00";"31/03/2026 09:20:56";"05/08/2026 10:28:34"
"15942";"010655";"2026";"6";"faturamento";"300000,00";"31/03/2026 09:20:56";"05/08/2026 10:28:35"
"15943";"010655";"2026";"7";"faturamento";"300000,00";"31/03/2026 09:20:56";"31/07/2026 10:24:02"
"15944";"010655";"2026";"8";"faturamento";"300000,00";"31/03/2026 09:20:56";"05/08/2026 10:28:36"
"15945";"010655";"2026";"9";"faturamento";"280000,00";"31/03/2026 09:20:56";"15/09/2026 10:12:59"
"15946";"010655";"2026";"10";"faturamento";"300000,00";"31/03/2026 09:20:56";"05/08/2026 10:28:39"
"15947";"010655";"2026";"11";"faturamento";"300000,00";"31/03/2026 09:20:56";"05/08/2026 10:28:41"
"15948";"010655";"2026";"12";"faturamento";"300000,00";"31/03/2026 09:20:56";"05/08/2026 10:28:43"
"15949";"010657";"2026";"1";"faturamento";"100000,00";"31/03/2026 09:20:56";"05/08/2026 10:28:30"
"15950";"010657";"2026";"2";"faturamento";"100000,00";"31/03/2026 09:20:56";"05/08/2026 10:28:31"
"15951";"010657";"2026";"3";"faturamento";"100000,00";"31/03/2026 09:20:56";"05/08/2026 10:28:32"
"15952";"010657";"2026";"4";"faturamento";"100000,00";"31/03/2026 09:20:56";"05/08/2026 10:28:33"
"15953";"010657";"2026";"5";"faturamento";"100000,00";"31/03/2026 09:20:56";"05/08/2026 10:28:34"
"15954";"010657";"2026";"6";"faturamento";"100000,00";"31/03/2026 09:20:56";"05/08/2026 10:28:34"
"15955";"010657";"2026";"7";"faturamento";"100000,00";"31/03/2026 09:20:56";"29/07/2026 19:54:31"
"15956";"010657";"2026";"8";"faturamento";"100000,00";"31/03/2026 09:20:56";"05/08/2026 10:28:36"
"15957";"010657";"2026";"9";"faturamento";"100000,00";"31/03/2026 09:20:56";"05/08/2026 10:28:37"
"15958";"010657";"2026";"10";"faturamento";"100000,00";"31/03/2026 09:20:56";"05/08/2026 10:28:39"
"15959";"010657";"2026";"11";"faturamento";"100000,00";"31/03/2026 09:20:56";"05/08/2026 10:28:40"
"15960";"010657";"2026";"12";"faturamento";"100000,00";"31/03/2026 09:20:56";"05/08/2026 10:28:43"
"15961";"010659";"2026";"1";"faturamento";"14319,00";"31/03/2026 09:20:56";"19/05/2026 10:39:11"
"15962";"010659";"2026";"2";"faturamento";"13862,00";"31/03/2026 09:20:56";"19/05/2026 10:39:12"
"15964";"010659";"2026";"4";"faturamento";"80000,00";"31/03/2026 09:20:56";"19/05/2026 10:39:14"
"15965";"010659";"2026";"5";"faturamento";"90000,00";"31/03/2026 09:20:56";"19/05/2026 10:39:15"
"15966";"010659";"2026";"6";"faturamento";"90000,00";"31/03/2026 09:20:56";"17/06/2026 15:50:48"
"15967";"010659";"2026";"7";"faturamento";"90000,00";"31/03/2026 09:20:56";"19/05/2026 10:39:16"
"15968";"010659";"2026";"8";"faturamento";"90000,00";"31/03/2026 09:20:56";"19/05/2026 10:39:17"
"15969";"010659";"2026";"9";"faturamento";"90000,00";"31/03/2026 09:20:56";"19/05/2026 10:39:18"
"15970";"010659";"2026";"10";"faturamento";"90000,00";"31/03/2026 09:20:56";"19/05/2026 10:39:18"
"15971";"010659";"2026";"11";"faturamento";"90000,00";"31/03/2026 09:20:56";"19/05/2026 10:39:19"
"15972";"010659";"2026";"12";"faturamento";"90000,00";"31/03/2026 09:20:56";"19/05/2026 10:39:20"
"15973";"010665";"2026";"1";"faturamento";"26637,00";"31/03/2026 09:20:56";"19/05/2026 10:39:11"
"15974";"010665";"2026";"2";"faturamento";"17274,00";"31/03/2026 09:20:56";"19/05/2026 10:39:12"
"15975";"010665";"2026";"3";"faturamento";"14674,00";"31/03/2026 09:20:56";"19/05/2026 10:39:13"
"15976";"010665";"2026";"4";"faturamento";"120000,00";"31/03/2026 09:20:56";"19/05/2026 10:39:14"
"15977";"010665";"2026";"5";"faturamento";"120000,00";"31/03/2026 09:20:56";"19/05/2026 10:39:15"
"15978";"010665";"2026";"6";"faturamento";"120000,00";"31/03/2026 09:20:56";"17/06/2026 15:50:48"
"15979";"010665";"2026";"7";"faturamento";"120000,00";"31/03/2026 09:20:56";"19/05/2026 10:39:16"
"15980";"010665";"2026";"8";"faturamento";"15000,00";"31/03/2026 09:20:56";"05/08/2026 10:24:55"
"15981";"010665";"2026";"9";"faturamento";"120000,00";"31/03/2026 09:20:56";"19/05/2026 10:39:18"
"15982";"010665";"2026";"10";"faturamento";"120000,00";"31/03/2026 09:20:56";"19/05/2026 10:39:18"
"15983";"010665";"2026";"11";"faturamento";"120000,00";"31/03/2026 09:20:56";"19/05/2026 10:39:19"
"15984";"010665";"2026";"12";"faturamento";"120000,00";"31/03/2026 09:20:56";"19/05/2026 10:39:20"
"15985";"010667";"2026";"1";"faturamento";"150000,00";"31/03/2026 09:20:56";"05/08/2026 10:28:30"
"15986";"010667";"2026";"2";"faturamento";"150000,00";"31/03/2026 09:20:56";"05/08/2026 10:28:31"
"15987";"010667";"2026";"3";"faturamento";"150000,00";"31/03/2026 09:20:56";"05/08/2026 10:28:32"
"15988";"010667";"2026";"4";"faturamento";"150000,00";"31/03/2026 09:20:56";"05/08/2026 10:28:33"
"15989";"010667";"2026";"5";"faturamento";"150000,00";"31/03/2026 09:20:56";"05/08/2026 10:28:34"
"15990";"010667";"2026";"6";"faturamento";"150000,00";"31/03/2026 09:20:56";"05/08/2026 10:28:35"
"15991";"010667";"2026";"7";"faturamento";"150000,00";"31/03/2026 09:20:56";"29/07/2026 19:31:00"
"15992";"010667";"2026";"8";"faturamento";"150000,00";"31/03/2026 09:20:56";"05/08/2026 10:28:36"
"15993";"010667";"2026";"9";"faturamento";"150000,00";"31/03/2026 09:20:56";"05/08/2026 10:28:38"
"15994";"010667";"2026";"10";"faturamento";"150000,00";"31/03/2026 09:20:56";"05/08/2026 10:28:39"
"15995";"010667";"2026";"11";"faturamento";"150000,00";"31/03/2026 09:20:56";"05/08/2026 10:28:41"
"15996";"010667";"2026";"12";"faturamento";"150000,00";"31/03/2026 09:20:56";"05/08/2026 10:28:43"
"15997";"010669";"2026";"1";"faturamento";"28808,00";"31/03/2026 09:20:56";"19/05/2026 10:39:11"
"15998";"010669";"2026";"2";"faturamento";"10718,00";"31/03/2026 09:20:56";"19/05/2026 10:39:12"
"15999";"010669";"2026";"3";"faturamento";"14112,00";"31/03/2026 09:20:56";"19/05/2026 10:39:13"
"16000";"010669";"2026";"4";"faturamento";"120000,00";"31/03/2026 09:20:56";"19/05/2026 10:39:14"
"16001";"010669";"2026";"5";"faturamento";"120000,00";"31/03/2026 09:20:56";"19/05/2026 10:39:15"
"16002";"010669";"2026";"6";"faturamento";"125694,04";"31/03/2026 09:20:56";"17/06/2026 15:16:09"
"16003";"010669";"2026";"7";"faturamento";"120000,00";"31/03/2026 09:20:56";"19/05/2026 10:39:16"
"16004";"010669";"2026";"8";"faturamento";"30000,00";"31/03/2026 09:20:56";"05/08/2026 10:24:55"
"16005";"010669";"2026";"9";"faturamento";"120000,00";"31/03/2026 09:20:56";"19/05/2026 10:39:18"
"16006";"010669";"2026";"10";"faturamento";"120000,00";"31/03/2026 09:20:56";"19/05/2026 10:39:19"
"16007";"010669";"2026";"11";"faturamento";"120000,00";"31/03/2026 09:20:56";"19/05/2026 10:39:19"
"16008";"010669";"2026";"12";"faturamento";"120000,00";"31/03/2026 09:20:56";"19/05/2026 10:39:20"
"16009";"010676";"2026";"1";"faturamento";"66343,00";"31/03/2026 09:20:56";"19/05/2026 10:39:11"
"16010";"010676";"2026";"2";"faturamento";"42755,00";"31/03/2026 09:20:56";"19/05/2026 10:39:12"
"16011";"010676";"2026";"3";"faturamento";"33591,00";"31/03/2026 09:20:56";"19/05/2026 10:39:13"
"16012";"010676";"2026";"4";"faturamento";"120000,00";"31/03/2026 09:20:56";"19/05/2026 10:39:14"
"16013";"010676";"2026";"5";"faturamento";"120000,00";"31/03/2026 09:20:56";"19/05/2026 10:39:15"
"16014";"010676";"2026";"6";"faturamento";"120000,00";"31/03/2026 09:20:56";"17/06/2026 15:50:48"
"16015";"010676";"2026";"7";"faturamento";"120000,00";"31/03/2026 09:20:56";"19/05/2026 10:39:16"
"16016";"010676";"2026";"8";"faturamento";"70000,00";"31/03/2026 09:20:56";"05/08/2026 10:24:55"
"16017";"010676";"2026";"9";"faturamento";"120000,00";"31/03/2026 09:20:56";"19/05/2026 10:39:18"
"16018";"010676";"2026";"10";"faturamento";"120000,00";"31/03/2026 09:20:56";"19/05/2026 10:39:19"
"16019";"010676";"2026";"11";"faturamento";"120000,00";"31/03/2026 09:20:56";"19/05/2026 10:39:19"
"16020";"010676";"2026";"12";"faturamento";"120000,00";"31/03/2026 09:20:56";"19/05/2026 10:39:20"
"16021";"010677";"2026";"1";"faturamento";"30000,00";"31/03/2026 09:20:56";"05/08/2026 10:28:31"
"16022";"010677";"2026";"2";"faturamento";"30000,00";"31/03/2026 09:20:56";"05/08/2026 10:28:32"
"16023";"010677";"2026";"3";"faturamento";"30000,00";"31/03/2026 09:20:56";"05/08/2026 10:28:33"
"16024";"010677";"2026";"4";"faturamento";"30000,00";"31/03/2026 09:20:56";"05/08/2026 10:28:33"
"16025";"010677";"2026";"5";"faturamento";"30000,00";"31/03/2026 09:20:56";"05/08/2026 10:28:34"
"16026";"010677";"2026";"6";"faturamento";"30000,00";"31/03/2026 09:20:56";"05/08/2026 10:28:35"
"16027";"010677";"2026";"7";"faturamento";"30000,00";"31/03/2026 09:20:56";"29/07/2026 19:58:54"
"16028";"010677";"2026";"8";"faturamento";"30000,00";"31/03/2026 09:20:56";"05/08/2026 10:28:37"
"16029";"010677";"2026";"9";"faturamento";"30000,00";"31/03/2026 09:20:56";"05/08/2026 10:28:39"
"16030";"010677";"2026";"10";"faturamento";"30000,00";"31/03/2026 09:20:56";"05/08/2026 10:28:40"
"16031";"010677";"2026";"11";"faturamento";"30000,00";"31/03/2026 09:20:56";"05/08/2026 10:28:42"
"16032";"010677";"2026";"12";"faturamento";"30000,00";"31/03/2026 09:20:56";"05/08/2026 10:28:44"
"16033";"010682";"2026";"1";"faturamento";"6336,00";"31/03/2026 09:20:56";"19/05/2026 10:39:11"
"16034";"010682";"2026";"2";"faturamento";"35861,00";"31/03/2026 09:20:56";"19/05/2026 10:39:12"
"16035";"010682";"2026";"3";"faturamento";"5693,00";"31/03/2026 09:20:56";"19/05/2026 10:39:13"
"16036";"010682";"2026";"4";"faturamento";"100000,00";"31/03/2026 09:20:56";"19/05/2026 10:39:14"
"16037";"010682";"2026";"5";"faturamento";"115000,00";"31/03/2026 09:20:56";"19/05/2026 10:39:15"
"16038";"010682";"2026";"6";"faturamento";"115000,00";"31/03/2026 09:20:56";"17/06/2026 15:50:48"
"16039";"010682";"2026";"7";"faturamento";"115000,00";"31/03/2026 09:20:56";"19/05/2026 10:39:16"
"16040";"010682";"2026";"8";"faturamento";"115000,00";"31/03/2026 09:20:56";"19/05/2026 10:39:17"
"16041";"010682";"2026";"9";"faturamento";"115000,00";"31/03/2026 09:20:56";"19/05/2026 10:39:18"
"16042";"010682";"2026";"10";"faturamento";"115000,00";"31/03/2026 09:20:56";"19/05/2026 10:39:19"
"16043";"010682";"2026";"11";"faturamento";"115000,00";"31/03/2026 09:20:56";"19/05/2026 10:39:19"
"16044";"010682";"2026";"12";"faturamento";"115000,00";"31/03/2026 09:20:56";"19/05/2026 10:39:20"
"16045";"010683";"2026";"1";"faturamento";"20000,00";"31/03/2026 09:20:56";"05/08/2026 10:28:30"
"16046";"010683";"2026";"2";"faturamento";"20000,00";"31/03/2026 09:20:56";"05/08/2026 10:28:31"
"16047";"010683";"2026";"3";"faturamento";"20000,00";"31/03/2026 09:20:56";"05/08/2026 10:28:32"
"16048";"010683";"2026";"4";"faturamento";"20000,00";"31/03/2026 09:20:56";"05/08/2026 10:28:33"
"16049";"010683";"2026";"5";"faturamento";"20000,00";"31/03/2026 09:20:56";"05/08/2026 10:28:34"
"16050";"010683";"2026";"6";"faturamento";"20000,00";"31/03/2026 09:20:56";"05/08/2026 10:28:35"
"16051";"010683";"2026";"7";"faturamento";"20000,00";"31/03/2026 09:20:56";"29/07/2026 20:20:16"
"16052";"010683";"2026";"8";"faturamento";"20000,00";"31/03/2026 09:20:56";"05/08/2026 10:28:36"
"16053";"010683";"2026";"9";"faturamento";"20000,00";"31/03/2026 09:20:56";"05/08/2026 10:28:37"
"16054";"010683";"2026";"10";"faturamento";"20000,00";"31/03/2026 09:20:56";"05/08/2026 10:28:39"
"16055";"010683";"2026";"11";"faturamento";"20000,00";"31/03/2026 09:20:56";"05/08/2026 10:28:40"
"16056";"010683";"2026";"12";"faturamento";"20000,00";"31/03/2026 09:20:56";"05/08/2026 10:28:43"
"16057";"010779";"2026";"1";"faturamento";"255698,00";"31/03/2026 09:20:56";"19/05/2026 10:39:11"
"16058";"010779";"2026";"2";"faturamento";"309653,00";"31/03/2026 09:20:56";"19/05/2026 10:39:12"
"16059";"010779";"2026";"3";"faturamento";"348138,00";"31/03/2026 09:20:56";"19/05/2026 10:39:13"
"16060";"010779";"2026";"4";"faturamento";"397654,00";"31/03/2026 09:20:56";"19/05/2026 10:39:14"
"16061";"010779";"2026";"5";"faturamento";"365000,00";"31/03/2026 09:20:56";"19/05/2026 10:39:15"
"16062";"010779";"2026";"6";"faturamento";"409691,24";"31/03/2026 09:20:56";"17/06/2026 15:16:10"
"16063";"010779";"2026";"7";"faturamento";"420000,00";"31/03/2026 09:20:56";"03/07/2026 11:43:26"
"16064";"010779";"2026";"8";"faturamento";"311462,22";"31/03/2026 09:20:56";"03/08/2026 16:06:54"
"16065";"010779";"2026";"9";"faturamento";"515000,00";"31/03/2026 09:20:56";"19/05/2026 10:39:18"
"16066";"010779";"2026";"10";"faturamento";"415000,00";"31/03/2026 09:20:56";"19/05/2026 10:39:19"
"16067";"010779";"2026";"11";"faturamento";"500000,00";"31/03/2026 09:20:56";"19/05/2026 10:39:19"
"16068";"010779";"2026";"12";"faturamento";"460000,00";"31/03/2026 09:20:56";"19/05/2026 10:39:20"
"16071";"010685";"2026";"3";"faturamento";"5941,00";"31/03/2026 09:20:56";"19/05/2026 10:39:13"
"16073";"010685";"2026";"5";"faturamento";"90000,00";"31/03/2026 09:20:56";"19/05/2026 10:39:15"
"16074";"010685";"2026";"6";"faturamento";"90000,00";"31/03/2026 09:20:56";"17/06/2026 15:50:48"
"16075";"010685";"2026";"7";"faturamento";"90000,00";"31/03/2026 09:20:56";"19/05/2026 10:39:16"
"16076";"010685";"2026";"8";"faturamento";"90000,00";"31/03/2026 09:20:56";"19/05/2026 10:39:17"
"16077";"010685";"2026";"9";"faturamento";"90000,00";"31/03/2026 09:20:56";"19/05/2026 10:39:18"
"16078";"010685";"2026";"10";"faturamento";"90000,00";"31/03/2026 09:20:56";"19/05/2026 10:39:19"
"16079";"010685";"2026";"11";"faturamento";"90000,00";"31/03/2026 09:20:56";"19/05/2026 10:39:19"
"16080";"010685";"2026";"12";"faturamento";"90000,00";"31/03/2026 09:20:56";"19/05/2026 10:39:20"
"16081";"010686";"2026";"1";"faturamento";"80000,00";"31/03/2026 09:20:56";"05/08/2026 10:28:30"
"16082";"010686";"2026";"2";"faturamento";"80000,00";"31/03/2026 09:20:56";"05/08/2026 10:28:31"
"16083";"010686";"2026";"3";"faturamento";"80000,00";"31/03/2026 09:20:56";"05/08/2026 10:28:32"
"16084";"010686";"2026";"4";"faturamento";"80000,00";"31/03/2026 09:20:56";"05/08/2026 10:28:33"
"16085";"010686";"2026";"5";"faturamento";"80000,00";"31/03/2026 09:20:56";"05/08/2026 10:28:34"
"16086";"010686";"2026";"6";"faturamento";"80000,00";"31/03/2026 09:20:56";"05/08/2026 10:28:35"
"16087";"010686";"2026";"7";"faturamento";"80000,00";"31/03/2026 09:20:56";"31/07/2026 10:30:06"
"16088";"010686";"2026";"8";"faturamento";"80000,00";"31/03/2026 09:20:56";"05/08/2026 10:28:36"
"16089";"010686";"2026";"9";"faturamento";"80000,00";"31/03/2026 09:20:56";"05/08/2026 10:28:38"
"16090";"010686";"2026";"10";"faturamento";"80000,00";"31/03/2026 09:20:56";"05/08/2026 10:28:39"
"16091";"010686";"2026";"11";"faturamento";"80000,00";"31/03/2026 09:20:56";"05/08/2026 10:28:41"
"16092";"010686";"2026";"12";"faturamento";"80000,00";"31/03/2026 09:20:56";"05/08/2026 10:28:43"
"16093";"010687";"2026";"1";"faturamento";"140498,00";"31/03/2026 09:20:56";"19/05/2026 10:39:11"
"16094";"010687";"2026";"2";"faturamento";"131098,00";"31/03/2026 09:20:56";"19/05/2026 10:39:12"
"16095";"010687";"2026";"3";"faturamento";"409992,00";"31/03/2026 09:20:56";"19/05/2026 10:39:13"
"16096";"010687";"2026";"4";"faturamento";"174007,00";"31/03/2026 09:20:56";"19/05/2026 10:39:14"
"16097";"010687";"2026";"5";"faturamento";"130000,00";"31/03/2026 09:20:56";"19/05/2026 10:39:15"
"16098";"010687";"2026";"6";"faturamento";"166620,00";"31/03/2026 09:20:56";"17/06/2026 15:16:10"
"16099";"010687";"2026";"7";"faturamento";"420000,00";"31/03/2026 09:20:56";"19/05/2026 10:39:16"
"16100";"010687";"2026";"8";"faturamento";"200000,00";"31/03/2026 09:20:56";"19/05/2026 10:39:17"
"16101";"010687";"2026";"9";"faturamento";"180000,00";"31/03/2026 09:20:56";"19/05/2026 10:39:18"
"16102";"010687";"2026";"10";"faturamento";"185000,00";"31/03/2026 09:20:56";"19/05/2026 10:39:19"
"16103";"010687";"2026";"11";"faturamento";"405000,00";"31/03/2026 09:20:56";"19/05/2026 10:39:19"
"16104";"010687";"2026";"12";"faturamento";"120000,00";"31/03/2026 09:20:56";"19/05/2026 10:39:20"
"16105";"010688";"2026";"1";"faturamento";"20000,00";"31/03/2026 09:20:56";"05/08/2026 10:28:30"
"16106";"010688";"2026";"2";"faturamento";"20000,00";"31/03/2026 09:20:56";"05/08/2026 10:28:31"
"16107";"010688";"2026";"3";"faturamento";"20000,00";"31/03/2026 09:20:56";"05/08/2026 10:28:32"
"16108";"010688";"2026";"4";"faturamento";"20000,00";"31/03/2026 09:20:56";"05/08/2026 10:28:33"
"16109";"010688";"2026";"5";"faturamento";"20000,00";"31/03/2026 09:20:56";"05/08/2026 10:28:34"
"16110";"010688";"2026";"6";"faturamento";"20000,00";"31/03/2026 09:20:56";"05/08/2026 10:28:35"
"16111";"010688";"2026";"7";"faturamento";"20000,00";"31/03/2026 09:20:56";"29/07/2026 20:24:50"
"16112";"010688";"2026";"8";"faturamento";"20000,00";"31/03/2026 09:20:56";"05/08/2026 10:28:36"
"16113";"010688";"2026";"9";"faturamento";"20000,00";"31/03/2026 09:20:56";"05/08/2026 10:28:38"
"16114";"010688";"2026";"10";"faturamento";"20000,00";"31/03/2026 09:20:56";"05/08/2026 10:28:39"
"16115";"010688";"2026";"11";"faturamento";"20000,00";"31/03/2026 09:20:56";"05/08/2026 10:28:41"
"16116";"010688";"2026";"12";"faturamento";"20000,00";"31/03/2026 09:20:56";"05/08/2026 10:28:43"
"16117";"010694";"2026";"1";"faturamento";"160145,00";"31/03/2026 09:20:56";"19/05/2026 10:39:11"
"16118";"010694";"2026";"2";"faturamento";"247695,00";"31/03/2026 09:20:56";"19/05/2026 10:39:12"
"16119";"010694";"2026";"3";"faturamento";"160145,00";"31/03/2026 09:20:56";"19/05/2026 10:39:13"
"16120";"010694";"2026";"4";"faturamento";"251169,00";"31/03/2026 09:20:56";"19/05/2026 10:39:14"
"16121";"010694";"2026";"5";"faturamento";"165000,00";"31/03/2026 09:20:56";"19/05/2026 10:39:15"
"16122";"010694";"2026";"6";"faturamento";"250000,00";"31/03/2026 09:20:56";"17/06/2026 15:50:48"
"16123";"010694";"2026";"7";"faturamento";"140000,00";"31/03/2026 09:20:56";"19/05/2026 10:39:16"
"16124";"010694";"2026";"8";"faturamento";"150000,00";"31/03/2026 09:20:56";"05/08/2026 10:24:55"
"16125";"010694";"2026";"9";"faturamento";"140000,00";"31/03/2026 09:20:56";"19/05/2026 10:39:18"
"16126";"010694";"2026";"10";"faturamento";"165000,00";"31/03/2026 09:20:56";"19/05/2026 10:39:19"
"16127";"010694";"2026";"11";"faturamento";"165000,00";"31/03/2026 09:20:56";"19/05/2026 10:39:19"
"16128";"010694";"2026";"12";"faturamento";"305000,00";"31/03/2026 09:20:56";"19/05/2026 10:39:20"
"16129";"010699";"2026";"1";"faturamento";"300000,00";"31/03/2026 09:20:56";"05/08/2026 10:28:31"
"16130";"010699";"2026";"2";"faturamento";"300000,00";"31/03/2026 09:20:56";"05/08/2026 10:28:32"
"16131";"010699";"2026";"3";"faturamento";"300000,00";"31/03/2026 09:20:56";"05/08/2026 10:28:32"
"16132";"010699";"2026";"4";"faturamento";"300000,00";"31/03/2026 09:20:56";"05/08/2026 10:28:33"
"16133";"010699";"2026";"5";"faturamento";"300000,00";"31/03/2026 09:20:56";"05/08/2026 10:28:34"
"16134";"010699";"2026";"6";"faturamento";"300000,00";"31/03/2026 09:20:56";"05/08/2026 10:28:35"
"16135";"010699";"2026";"7";"faturamento";"300000,00";"31/03/2026 09:20:56";"29/07/2026 19:50:41"
"16136";"010699";"2026";"8";"faturamento";"300000,00";"31/03/2026 09:20:56";"05/08/2026 10:28:37"
"16137";"010699";"2026";"9";"faturamento";"300000,00";"31/03/2026 09:20:56";"05/08/2026 10:28:38"
"16138";"010699";"2026";"10";"faturamento";"300000,00";"31/03/2026 09:20:56";"05/08/2026 10:28:39"
"16139";"010699";"2026";"11";"faturamento";"300000,00";"31/03/2026 09:20:56";"05/08/2026 10:28:41"
"16140";"010699";"2026";"12";"faturamento";"300000,00";"31/03/2026 09:20:56";"05/08/2026 10:28:43"
"16141";"010700";"2026";"1";"faturamento";"20000,00";"31/03/2026 09:20:56";"05/08/2026 10:28:30"
"16142";"010700";"2026";"2";"faturamento";"20000,00";"31/03/2026 09:20:56";"05/08/2026 10:28:31"
"16143";"010700";"2026";"3";"faturamento";"20000,00";"31/03/2026 09:20:56";"05/08/2026 10:28:32"
"16144";"010700";"2026";"4";"faturamento";"20000,00";"31/03/2026 09:20:56";"05/08/2026 10:28:33"
"16145";"010700";"2026";"5";"faturamento";"20000,00";"31/03/2026 09:20:56";"05/08/2026 10:28:34"
"16146";"010700";"2026";"6";"faturamento";"20000,00";"31/03/2026 09:20:56";"05/08/2026 10:28:34"
"16147";"010700";"2026";"7";"faturamento";"20000,00";"31/03/2026 09:20:56";"31/07/2026 09:56:47"
"16148";"010700";"2026";"8";"faturamento";"20000,00";"31/03/2026 09:20:56";"05/08/2026 10:28:36"
"16149";"010700";"2026";"9";"faturamento";"20000,00";"31/03/2026 09:20:56";"05/08/2026 10:28:37"
"16150";"010700";"2026";"10";"faturamento";"20000,00";"31/03/2026 09:20:56";"05/08/2026 10:28:39"
"16151";"010700";"2026";"11";"faturamento";"20000,00";"31/03/2026 09:20:56";"05/08/2026 10:28:40"
"16152";"010700";"2026";"12";"faturamento";"20000,00";"31/03/2026 09:20:56";"05/08/2026 10:28:43"
"16153";"010701";"2026";"1";"faturamento";"167289,00";"31/03/2026 09:20:56";"19/05/2026 10:39:11"
"16154";"010701";"2026";"2";"faturamento";"273880,00";"31/03/2026 09:20:56";"19/05/2026 10:39:12"
"16155";"010701";"2026";"3";"faturamento";"176182,00";"31/03/2026 09:20:56";"19/05/2026 10:39:13"
"16156";"010701";"2026";"4";"faturamento";"309954,00";"31/03/2026 09:20:56";"19/05/2026 10:39:14"
"16157";"010701";"2026";"5";"faturamento";"205000,00";"31/03/2026 09:20:56";"19/05/2026 10:39:15"
"16158";"010701";"2026";"6";"faturamento";"270000,00";"31/03/2026 09:20:56";"19/05/2026 10:39:16"
"16159";"010701";"2026";"7";"faturamento";"355000,00";"31/03/2026 09:20:56";"19/05/2026 10:39:16"
"16160";"010701";"2026";"8";"faturamento";"220000,00";"31/03/2026 09:20:56";"19/05/2026 10:39:17"
"16161";"010701";"2026";"9";"faturamento";"250000,00";"31/03/2026 09:20:56";"19/05/2026 10:39:18"
"16162";"010701";"2026";"10";"faturamento";"500000,00";"31/03/2026 09:20:56";"19/05/2026 10:39:19"
"16163";"010701";"2026";"11";"faturamento";"785000,00";"31/03/2026 09:20:56";"19/05/2026 10:39:19"
"16164";"010701";"2026";"12";"faturamento";"235000,00";"31/03/2026 09:20:56";"19/05/2026 10:39:21"
"16165";"010703";"2026";"1";"faturamento";"148985,00";"31/03/2026 09:20:56";"19/05/2026 10:39:11"
"16166";"010703";"2026";"2";"faturamento";"61499,00";"31/03/2026 09:20:56";"19/05/2026 10:39:12"
"16167";"010703";"2026";"3";"faturamento";"91494,00";"31/03/2026 09:20:56";"19/05/2026 10:39:13"
"16168";"010703";"2026";"4";"faturamento";"80730,00";"31/03/2026 09:20:56";"19/05/2026 10:39:14"
"16169";"010703";"2026";"5";"faturamento";"100000,00";"31/03/2026 09:20:56";"19/05/2026 10:39:15"
"16170";"010703";"2026";"6";"faturamento";"90330,38";"31/03/2026 09:20:56";"17/06/2026 15:16:10"
"16171";"010703";"2026";"7";"faturamento";"90000,00";"31/03/2026 09:20:56";"19/05/2026 10:39:16"
"16172";"010703";"2026";"8";"faturamento";"90000,00";"31/03/2026 09:20:56";"19/05/2026 10:39:17"
"16173";"010703";"2026";"9";"faturamento";"90000,00";"31/03/2026 09:20:56";"19/05/2026 10:39:18"
"16174";"010703";"2026";"10";"faturamento";"90000,00";"31/03/2026 09:20:56";"19/05/2026 10:39:19"
"16175";"010703";"2026";"11";"faturamento";"210000,00";"31/03/2026 09:20:56";"19/05/2026 10:39:19"
"16176";"010703";"2026";"12";"faturamento";"210000,00";"31/03/2026 09:20:56";"19/05/2026 10:39:21"
"16177";"010706";"2026";"1";"faturamento";"30000,00";"31/03/2026 09:20:56";"05/08/2026 10:28:30"
"16178";"010706";"2026";"2";"faturamento";"30000,00";"31/03/2026 09:20:56";"05/08/2026 10:28:31"
"16179";"010706";"2026";"3";"faturamento";"30000,00";"31/03/2026 09:20:56";"05/08/2026 10:28:32"
"16181";"010706";"2026";"5";"faturamento";"30000,00";"31/03/2026 09:20:56";"05/08/2026 10:28:34"
"16182";"010706";"2026";"6";"faturamento";"30000,00";"31/03/2026 09:20:56";"05/08/2026 10:28:35"
"16183";"010706";"2026";"7";"faturamento";"30000,00";"31/03/2026 09:20:56";"29/07/2026 20:09:53"
"16184";"010706";"2026";"8";"faturamento";"30000,00";"31/03/2026 09:20:56";"05/08/2026 10:28:37"
"16185";"010706";"2026";"9";"faturamento";"30000,00";"31/03/2026 09:20:56";"05/08/2026 10:28:38"
"16186";"010706";"2026";"10";"faturamento";"30000,00";"31/03/2026 09:20:56";"05/08/2026 10:28:39"
"16187";"010706";"2026";"11";"faturamento";"30000,00";"31/03/2026 09:20:56";"05/08/2026 10:28:41"
"16188";"010706";"2026";"12";"faturamento";"30000,00";"31/03/2026 09:20:56";"05/08/2026 10:28:43"
"16189";"010709";"2026";"1";"faturamento";"18788,00";"31/03/2026 09:20:56";"19/05/2026 10:39:11"
"16190";"010709";"2026";"2";"faturamento";"18788,00";"31/03/2026 09:20:56";"19/05/2026 10:39:12"
"16191";"010709";"2026";"3";"faturamento";"12311,00";"31/03/2026 09:20:56";"19/05/2026 10:39:13"
"16192";"010709";"2026";"4";"faturamento";"120000,00";"31/03/2026 09:20:56";"19/05/2026 10:39:14"
"16193";"010709";"2026";"5";"faturamento";"120000,00";"31/03/2026 09:20:56";"19/05/2026 10:39:15"
"16194";"010709";"2026";"6";"faturamento";"120000,00";"31/03/2026 09:20:56";"17/06/2026 15:50:48"
"16195";"010709";"2026";"7";"faturamento";"120000,00";"31/03/2026 09:20:56";"19/05/2026 10:39:16"
"16196";"010709";"2026";"8";"faturamento";"120000,00";"31/03/2026 09:20:56";"19/05/2026 10:39:17"
"16197";"010709";"2026";"9";"faturamento";"120000,00";"31/03/2026 09:20:56";"19/05/2026 10:39:18"
"16198";"010709";"2026";"10";"faturamento";"120000,00";"31/03/2026 09:20:56";"19/05/2026 10:39:19"
"16199";"010709";"2026";"11";"faturamento";"120000,00";"31/03/2026 09:20:56";"19/05/2026 10:39:19"
"16200";"010709";"2026";"12";"faturamento";"120000,00";"31/03/2026 09:20:56";"19/05/2026 10:39:21"
"16201";"010710";"2026";"1";"faturamento";"53354,00";"31/03/2026 09:20:56";"19/05/2026 10:39:11"
"16202";"010710";"2026";"2";"faturamento";"50000,00";"31/03/2026 09:20:56";"19/05/2026 10:39:12"
"16203";"010710";"2026";"3";"faturamento";"50000,00";"31/03/2026 09:20:56";"19/05/2026 10:39:13"
"16204";"010710";"2026";"4";"faturamento";"120000,00";"31/03/2026 09:20:56";"19/05/2026 10:39:14"
"16205";"010710";"2026";"5";"faturamento";"120000,00";"31/03/2026 09:20:56";"19/05/2026 10:39:15"
"16206";"010710";"2026";"6";"faturamento";"137067,00";"31/03/2026 09:20:56";"17/06/2026 15:16:10"
"16207";"010710";"2026";"7";"faturamento";"120000,00";"31/03/2026 09:20:56";"19/05/2026 10:39:16"
"16208";"010710";"2026";"8";"faturamento";"120000,00";"31/03/2026 09:20:56";"19/05/2026 10:39:17"
"16209";"010710";"2026";"9";"faturamento";"120000,00";"31/03/2026 09:20:56";"19/05/2026 10:39:18"
"16210";"010710";"2026";"10";"faturamento";"120000,00";"31/03/2026 09:20:56";"19/05/2026 10:39:19"
"16211";"010710";"2026";"11";"faturamento";"120000,00";"31/03/2026 09:20:56";"19/05/2026 10:39:19"
"16212";"010710";"2026";"12";"faturamento";"120000,00";"31/03/2026 09:20:56";"19/05/2026 10:39:21"
"16213";"010711";"2026";"1";"faturamento";"100000,00";"31/03/2026 09:20:56";"05/08/2026 10:28:30"
"16214";"010711";"2026";"2";"faturamento";"100000,00";"31/03/2026 09:20:56";"05/08/2026 10:28:31"
"16215";"010711";"2026";"3";"faturamento";"100000,00";"31/03/2026 09:20:56";"05/08/2026 10:28:32"
"16216";"010711";"2026";"4";"faturamento";"100000,00";"31/03/2026 09:20:56";"05/08/2026 10:28:33"
"16217";"010711";"2026";"5";"faturamento";"100000,00";"31/03/2026 09:20:56";"05/08/2026 10:28:34"
"16218";"010711";"2026";"6";"faturamento";"100000,00";"31/03/2026 09:20:56";"05/08/2026 10:28:35"
"16219";"010711";"2026";"7";"faturamento";"100000,00";"31/03/2026 09:20:56";"30/07/2026 18:04:21"
"16220";"010711";"2026";"8";"faturamento";"100000,00";"31/03/2026 09:20:56";"05/08/2026 10:28:36"
"16221";"010711";"2026";"9";"faturamento";"100000,00";"31/03/2026 09:20:56";"05/08/2026 10:28:37"
"16222";"010711";"2026";"10";"faturamento";"100000,00";"31/03/2026 09:20:56";"05/08/2026 10:28:39"
"16223";"010711";"2026";"11";"faturamento";"100000,00";"31/03/2026 09:20:56";"05/08/2026 10:28:40"
"16224";"010711";"2026";"12";"faturamento";"100000,00";"31/03/2026 09:20:56";"05/08/2026 10:28:43"
"16225";"010715";"2026";"1";"faturamento";"30000,00";"31/03/2026 09:20:56";"05/08/2026 10:28:30"
"16226";"010715";"2026";"2";"faturamento";"30000,00";"31/03/2026 09:20:56";"05/08/2026 10:28:31"
"16227";"010715";"2026";"3";"faturamento";"30000,00";"31/03/2026 09:20:56";"05/08/2026 10:28:32"
"16228";"010715";"2026";"4";"faturamento";"30000,00";"31/03/2026 09:20:56";"05/08/2026 10:28:33"
"16229";"010715";"2026";"5";"faturamento";"30000,00";"31/03/2026 09:20:56";"05/08/2026 10:28:34"
"16230";"010715";"2026";"6";"faturamento";"30000,00";"31/03/2026 09:20:56";"05/08/2026 10:28:35"
"16231";"010715";"2026";"7";"faturamento";"30000,00";"31/03/2026 09:20:56";"29/07/2026 20:19:42"
"16232";"010715";"2026";"8";"faturamento";"30000,00";"31/03/2026 09:20:56";"05/08/2026 10:28:36"
"16233";"010715";"2026";"9";"faturamento";"30000,00";"31/03/2026 09:20:56";"05/08/2026 10:28:37"
"16234";"010715";"2026";"10";"faturamento";"30000,00";"31/03/2026 09:20:56";"05/08/2026 10:28:39"
"16235";"010715";"2026";"11";"faturamento";"30000,00";"31/03/2026 09:20:56";"05/08/2026 10:28:40"
"16236";"010715";"2026";"12";"faturamento";"30000,00";"31/03/2026 09:20:56";"05/08/2026 10:28:43"
"16237";"010717";"2026";"1";"faturamento";"79011,00";"31/03/2026 09:20:56";"19/05/2026 10:39:11"
"16238";"010717";"2026";"2";"faturamento";"283909,00";"31/03/2026 09:20:56";"19/05/2026 10:39:12"
"16239";"010717";"2026";"3";"faturamento";"141922,00";"31/03/2026 09:20:56";"19/05/2026 10:39:13"
"16240";"010717";"2026";"4";"faturamento";"120000,00";"31/03/2026 09:20:56";"19/05/2026 10:39:14"
"16241";"010717";"2026";"5";"faturamento";"120000,00";"31/03/2026 09:20:56";"19/05/2026 10:39:15"
"16242";"010717";"2026";"6";"faturamento";"120000,00";"31/03/2026 09:20:56";"17/06/2026 15:50:48"
"16243";"010717";"2026";"7";"faturamento";"120000,00";"31/03/2026 09:20:56";"19/05/2026 10:39:16"
"16244";"010717";"2026";"8";"faturamento";"120000,00";"31/03/2026 09:20:56";"19/05/2026 10:39:17"
"16245";"010717";"2026";"9";"faturamento";"120000,00";"31/03/2026 09:20:56";"19/05/2026 10:39:18"
"16246";"010717";"2026";"10";"faturamento";"120000,00";"31/03/2026 09:20:56";"19/05/2026 10:39:19"
"16247";"010717";"2026";"11";"faturamento";"120000,00";"31/03/2026 09:20:56";"19/05/2026 10:39:19"
"16248";"010717";"2026";"12";"faturamento";"120000,00";"31/03/2026 09:20:56";"19/05/2026 10:39:21"
"16249";"010718";"2026";"1";"faturamento";"5506,00";"31/03/2026 09:20:56";"19/05/2026 10:39:11"
"16250";"010718";"2026";"2";"faturamento";"54359,00";"31/03/2026 09:20:56";"19/05/2026 10:39:12"
"16251";"010718";"2026";"3";"faturamento";"13455,00";"31/03/2026 09:20:56";"19/05/2026 10:39:13"
"16252";"010718";"2026";"4";"faturamento";"120000,00";"31/03/2026 09:20:56";"19/05/2026 10:39:14"
"16253";"010718";"2026";"5";"faturamento";"120000,00";"31/03/2026 09:20:56";"19/05/2026 10:39:15"
"16254";"010718";"2026";"6";"faturamento";"120000,00";"31/03/2026 09:20:56";"17/06/2026 15:50:48"
"16255";"010718";"2026";"7";"faturamento";"120000,00";"31/03/2026 09:20:56";"19/05/2026 10:39:16"
"16256";"010718";"2026";"8";"faturamento";"120000,00";"31/03/2026 09:20:56";"19/05/2026 10:39:17"
"16257";"010718";"2026";"9";"faturamento";"120000,00";"31/03/2026 09:20:56";"19/05/2026 10:39:18"
"16258";"010718";"2026";"10";"faturamento";"120000,00";"31/03/2026 09:20:56";"19/05/2026 10:39:19"
"16259";"010718";"2026";"11";"faturamento";"120000,00";"31/03/2026 09:20:56";"19/05/2026 10:39:19"
"16260";"010718";"2026";"12";"faturamento";"120000,00";"31/03/2026 09:20:56";"19/05/2026 10:39:21"
"16261";"010719";"2026";"1";"faturamento";"43975,00";"31/03/2026 09:20:56";"19/05/2026 10:39:11"
"16262";"010719";"2026";"2";"faturamento";"8310,00";"31/03/2026 09:20:56";"19/05/2026 10:39:12"
"16263";"010719";"2026";"3";"faturamento";"19034,00";"31/03/2026 09:20:56";"19/05/2026 10:39:13"
"16264";"010719";"2026";"4";"faturamento";"120000,00";"31/03/2026 09:20:56";"19/05/2026 10:39:14"
"16265";"010719";"2026";"5";"faturamento";"120000,00";"31/03/2026 09:20:56";"19/05/2026 10:39:15"
"16266";"010719";"2026";"6";"faturamento";"120000,00";"31/03/2026 09:20:56";"17/06/2026 15:50:48"
"16267";"010719";"2026";"7";"faturamento";"120000,00";"31/03/2026 09:20:56";"19/05/2026 10:39:16"
"16268";"010719";"2026";"8";"faturamento";"30000,00";"31/03/2026 09:20:56";"05/08/2026 10:24:55"
"16269";"010719";"2026";"9";"faturamento";"120000,00";"31/03/2026 09:20:56";"19/05/2026 10:39:18"
"16270";"010719";"2026";"10";"faturamento";"120000,00";"31/03/2026 09:20:56";"19/05/2026 10:39:19"
"16271";"010719";"2026";"11";"faturamento";"120000,00";"31/03/2026 09:20:56";"19/05/2026 10:39:19"
"16272";"010719";"2026";"12";"faturamento";"120000,00";"31/03/2026 09:20:56";"19/05/2026 10:39:21"
"16285";"010727";"2026";"1";"faturamento";"50000,00";"31/03/2026 09:20:56";"05/08/2026 10:28:30"
"16286";"010727";"2026";"2";"faturamento";"50000,00";"31/03/2026 09:20:56";"05/08/2026 10:28:31"
"16287";"010727";"2026";"3";"faturamento";"50000,00";"31/03/2026 09:20:56";"05/08/2026 10:28:32"
"16288";"010727";"2026";"4";"faturamento";"50000,00";"31/03/2026 09:20:56";"05/08/2026 10:28:33"
"16289";"010727";"2026";"5";"faturamento";"50000,00";"31/03/2026 09:20:56";"05/08/2026 10:28:34"
"16290";"010727";"2026";"6";"faturamento";"50000,00";"31/03/2026 09:20:56";"05/08/2026 10:28:34"
"16291";"010727";"2026";"7";"faturamento";"50000,00";"31/03/2026 09:20:56";"31/07/2026 10:19:12"
"16292";"010727";"2026";"8";"faturamento";"50000,00";"31/03/2026 09:20:56";"05/08/2026 10:28:36"
"16293";"010727";"2026";"9";"faturamento";"30000,00";"31/03/2026 09:20:56";"15/09/2026 10:09:58"
"16294";"010727";"2026";"10";"faturamento";"50000,00";"31/03/2026 09:20:56";"05/08/2026 10:28:39"
"16295";"010727";"2026";"11";"faturamento";"50000,00";"31/03/2026 09:20:56";"05/08/2026 10:28:40"
"16296";"010727";"2026";"12";"faturamento";"50000,00";"31/03/2026 09:20:56";"05/08/2026 10:28:43"
"16297";"010728";"2026";"1";"faturamento";"366687,00";"31/03/2026 09:20:56";"19/05/2026 10:39:11"
"16298";"010728";"2026";"2";"faturamento";"403374,00";"31/03/2026 09:20:56";"19/05/2026 10:39:12"
"16299";"010728";"2026";"3";"faturamento";"275374,00";"31/03/2026 09:20:56";"19/05/2026 10:39:13"
"16300";"010728";"2026";"4";"faturamento";"518163,00";"31/03/2026 09:20:56";"19/05/2026 10:39:14"
"16301";"010728";"2026";"5";"faturamento";"285000,00";"31/03/2026 09:20:56";"19/05/2026 10:39:15"
"16302";"010728";"2026";"6";"faturamento";"428184,64";"31/03/2026 09:20:56";"17/06/2026 15:16:10"
"16303";"010728";"2026";"7";"faturamento";"300000,00";"31/03/2026 09:20:56";"19/05/2026 10:39:16"
"16304";"010728";"2026";"8";"faturamento";"460000,00";"31/03/2026 09:20:56";"19/05/2026 10:39:17"
"16305";"010728";"2026";"9";"faturamento";"480000,00";"31/03/2026 09:20:56";"19/05/2026 10:39:18"
"16306";"010728";"2026";"10";"faturamento";"520000,00";"31/03/2026 09:20:56";"19/05/2026 10:39:19"
"16307";"010728";"2026";"11";"faturamento";"345000,00";"31/03/2026 09:20:56";"19/05/2026 10:39:19"
"16308";"010728";"2026";"12";"faturamento";"405000,00";"31/03/2026 09:20:56";"19/05/2026 10:39:21"
"16313";"010729";"2026";"5";"faturamento";"20000,00";"31/03/2026 09:20:56";"05/08/2026 10:28:34"
"16314";"010729";"2026";"6";"faturamento";"20000,00";"31/03/2026 09:20:56";"05/08/2026 10:28:35"
"16315";"010729";"2026";"7";"faturamento";"20000,00";"31/03/2026 09:20:56";"31/07/2026 10:00:27"
"16316";"010729";"2026";"8";"faturamento";"0,00";"31/03/2026 09:20:56";"01/09/2026 10:00:05"
"16317";"010729";"2026";"9";"faturamento";"20000,00";"31/03/2026 09:20:56";"05/08/2026 10:28:39"
"16318";"010729";"2026";"10";"faturamento";"20000,00";"31/03/2026 09:20:56";"05/08/2026 10:28:40"
"16319";"010729";"2026";"11";"faturamento";"20000,00";"31/03/2026 09:20:56";"05/08/2026 10:28:42"
"16320";"010729";"2026";"12";"faturamento";"20000,00";"31/03/2026 09:20:56";"05/08/2026 10:28:44"
"16321";"010734";"2026";"1";"faturamento";"33830,00";"31/03/2026 09:20:56";"19/05/2026 10:39:11"
"16322";"010734";"2026";"2";"faturamento";"33830,00";"31/03/2026 09:20:56";"19/05/2026 10:39:12"
"16323";"010734";"2026";"3";"faturamento";"64512,00";"31/03/2026 09:20:56";"19/05/2026 10:39:13"
"16324";"010734";"2026";"4";"faturamento";"120000,00";"31/03/2026 09:20:56";"19/05/2026 10:39:14"
"16325";"010734";"2026";"5";"faturamento";"120000,00";"31/03/2026 09:20:56";"19/05/2026 10:39:15"
"16326";"010734";"2026";"6";"faturamento";"120000,00";"31/03/2026 09:20:56";"17/06/2026 15:50:48"
"16327";"010734";"2026";"7";"faturamento";"120000,00";"31/03/2026 09:20:56";"19/05/2026 10:39:16"
"16328";"010734";"2026";"8";"faturamento";"120000,00";"31/03/2026 09:20:56";"19/05/2026 10:39:17"
"16329";"010734";"2026";"9";"faturamento";"120000,00";"31/03/2026 09:20:56";"19/05/2026 10:39:18"
"16330";"010734";"2026";"10";"faturamento";"120000,00";"31/03/2026 09:20:56";"19/05/2026 10:39:19"
"16331";"010734";"2026";"11";"faturamento";"120000,00";"31/03/2026 09:20:56";"19/05/2026 10:39:19"
"16332";"010734";"2026";"12";"faturamento";"120000,00";"31/03/2026 09:20:56";"19/05/2026 10:39:21"
"16333";"010737";"2026";"1";"faturamento";"19624,00";"31/03/2026 09:20:56";"19/05/2026 10:39:11"
"16334";"010737";"2026";"2";"faturamento";"190450,00";"31/03/2026 09:20:56";"19/05/2026 10:39:12"
"16335";"010737";"2026";"3";"faturamento";"29917,00";"31/03/2026 09:20:56";"19/05/2026 10:39:13"
"16336";"010737";"2026";"4";"faturamento";"321692,00";"31/03/2026 09:20:56";"19/05/2026 10:39:14"
"16337";"010737";"2026";"5";"faturamento";"70000,00";"31/03/2026 09:20:56";"19/05/2026 10:39:15"
"16338";"010737";"2026";"6";"faturamento";"70000,00";"31/03/2026 09:20:56";"17/06/2026 15:50:49"
"16339";"010737";"2026";"7";"faturamento";"70000,00";"31/03/2026 09:20:56";"19/05/2026 10:39:16"
"16340";"010737";"2026";"8";"faturamento";"70000,00";"31/03/2026 09:20:56";"19/05/2026 10:39:17"
"16341";"010737";"2026";"9";"faturamento";"70000,00";"31/03/2026 09:20:56";"19/05/2026 10:39:18"
"16342";"010737";"2026";"10";"faturamento";"70000,00";"31/03/2026 09:20:56";"19/05/2026 10:39:19"
"16343";"010737";"2026";"11";"faturamento";"70000,00";"31/03/2026 09:20:56";"19/05/2026 10:39:19"
"16344";"010737";"2026";"12";"faturamento";"80000,00";"31/03/2026 09:20:56";"19/05/2026 10:39:21"
"16345";"010739";"2026";"1";"faturamento";"23917,00";"31/03/2026 09:20:56";"19/05/2026 10:39:11"
"16346";"010739";"2026";"2";"faturamento";"22019,00";"31/03/2026 09:20:56";"19/05/2026 10:39:12"
"16347";"010739";"2026";"3";"faturamento";"29601,00";"31/03/2026 09:20:56";"19/05/2026 10:39:13"
"16348";"010739";"2026";"4";"faturamento";"120000,00";"31/03/2026 09:20:56";"19/05/2026 10:39:14"
"16349";"010739";"2026";"5";"faturamento";"120000,00";"31/03/2026 09:20:56";"19/05/2026 10:39:15"
"16350";"010739";"2026";"6";"faturamento";"120000,00";"31/03/2026 09:20:56";"17/06/2026 15:50:49"
"16351";"010739";"2026";"7";"faturamento";"120000,00";"31/03/2026 09:20:56";"19/05/2026 10:39:16"
"16352";"010739";"2026";"8";"faturamento";"120000,00";"31/03/2026 09:20:56";"19/05/2026 10:39:17"
"16353";"010739";"2026";"9";"faturamento";"120000,00";"31/03/2026 09:20:56";"19/05/2026 10:39:18"
"16354";"010739";"2026";"10";"faturamento";"120000,00";"31/03/2026 09:20:56";"19/05/2026 10:39:19"
"16355";"010739";"2026";"11";"faturamento";"120000,00";"31/03/2026 09:20:56";"19/05/2026 10:39:19"
"16356";"010739";"2026";"12";"faturamento";"120000,00";"31/03/2026 09:20:56";"19/05/2026 10:39:21"
"16357";"010740";"2026";"1";"faturamento";"17721,00";"31/03/2026 09:20:56";"19/05/2026 10:39:11"
"16358";"010740";"2026";"2";"faturamento";"20612,00";"31/03/2026 09:20:56";"19/05/2026 10:39:12"
"16359";"010740";"2026";"3";"faturamento";"33556,00";"31/03/2026 09:20:56";"19/05/2026 10:39:13"
"16360";"010740";"2026";"4";"faturamento";"120000,00";"31/03/2026 09:20:56";"19/05/2026 10:39:14"
"16361";"010740";"2026";"5";"faturamento";"120000,00";"31/03/2026 09:20:56";"19/05/2026 10:39:15"
"16362";"010740";"2026";"6";"faturamento";"120000,00";"31/03/2026 09:20:56";"17/06/2026 15:50:49"
"16363";"010740";"2026";"7";"faturamento";"120000,00";"31/03/2026 09:20:56";"19/05/2026 10:39:16"
"16364";"010740";"2026";"8";"faturamento";"10000,00";"31/03/2026 09:20:56";"05/08/2026 10:24:55"
"16365";"010740";"2026";"9";"faturamento";"120000,00";"31/03/2026 09:20:56";"19/05/2026 10:39:18"
"16366";"010740";"2026";"10";"faturamento";"120000,00";"31/03/2026 09:20:56";"19/05/2026 10:39:19"
"16367";"010740";"2026";"11";"faturamento";"120000,00";"31/03/2026 09:20:56";"19/05/2026 10:39:19"
"16368";"010740";"2026";"12";"faturamento";"120000,00";"31/03/2026 09:20:56";"19/05/2026 10:39:21"
"16369";"010743";"2026";"1";"faturamento";"0,00";"31/03/2026 09:20:56";"05/08/2026 10:28:31"
"16370";"010743";"2026";"2";"faturamento";"0,00";"31/03/2026 09:20:56";"05/08/2026 10:28:32"
"16373";"010743";"2026";"5";"faturamento";"0,00";"31/03/2026 09:20:56";"05/08/2026 10:28:34"
"16374";"010743";"2026";"6";"faturamento";"0,00";"31/03/2026 09:20:56";"05/08/2026 10:28:35"
"16375";"010743";"2026";"7";"faturamento";"0,00";"31/03/2026 09:20:56";"29/07/2026 20:22:59"
"16376";"010743";"2026";"8";"faturamento";"0,00";"31/03/2026 09:20:56";"05/08/2026 10:28:37"
"16377";"010743";"2026";"9";"faturamento";"0,00";"31/03/2026 09:20:56";"05/08/2026 10:28:38"
"16378";"010743";"2026";"10";"faturamento";"0,00";"31/03/2026 09:20:56";"05/08/2026 10:28:40"
"16379";"010743";"2026";"11";"faturamento";"0,00";"31/03/2026 09:20:56";"05/08/2026 10:28:42"
"16380";"010743";"2026";"12";"faturamento";"0,00";"31/03/2026 09:20:56";"05/08/2026 10:28:43"
"16381";"010744";"2026";"1";"faturamento";"150000,00";"31/03/2026 09:20:56";"05/08/2026 10:28:31"
"16382";"010744";"2026";"2";"faturamento";"150000,00";"31/03/2026 09:20:56";"05/08/2026 10:28:31"
"16383";"010744";"2026";"3";"faturamento";"150000,00";"31/03/2026 09:20:56";"05/08/2026 10:28:32"
"16384";"010744";"2026";"4";"faturamento";"150000,00";"31/03/2026 09:20:56";"05/08/2026 10:28:33"
"16385";"010744";"2026";"5";"faturamento";"150000,00";"31/03/2026 09:20:56";"05/08/2026 10:28:34"
"16386";"010744";"2026";"6";"faturamento";"150000,00";"31/03/2026 09:20:56";"05/08/2026 10:28:35"
"16387";"010744";"2026";"7";"faturamento";"150000,00";"31/03/2026 09:20:56";"29/07/2026 20:34:45"
"16388";"010744";"2026";"8";"faturamento";"150000,00";"31/03/2026 09:20:56";"05/08/2026 10:28:37"
"16389";"010744";"2026";"9";"faturamento";"150000,00";"31/03/2026 09:20:56";"05/08/2026 10:28:38"
"16390";"010744";"2026";"10";"faturamento";"150000,00";"31/03/2026 09:20:56";"05/08/2026 10:28:39"
"16391";"010744";"2026";"11";"faturamento";"150000,00";"31/03/2026 09:20:56";"05/08/2026 10:28:41"
"16392";"010744";"2026";"12";"faturamento";"150000,00";"31/03/2026 09:20:56";"05/08/2026 10:28:43"
"16394";"010745";"2026";"2";"faturamento";"20000,00";"31/03/2026 09:20:56";"05/08/2026 10:28:32"
"16395";"010745";"2026";"3";"faturamento";"20000,00";"31/03/2026 09:20:56";"05/08/2026 10:28:33"
"16396";"010745";"2026";"4";"faturamento";"20000,00";"31/03/2026 09:20:56";"05/08/2026 10:28:33"
"16397";"010745";"2026";"5";"faturamento";"20000,00";"31/03/2026 09:20:56";"05/08/2026 10:28:34"
"16398";"010745";"2026";"6";"faturamento";"20000,00";"31/03/2026 09:20:56";"05/08/2026 10:28:35"
"16399";"010745";"2026";"7";"faturamento";"20000,00";"31/03/2026 09:20:56";"31/07/2026 10:31:02"
"16400";"010745";"2026";"8";"faturamento";"20000,00";"31/03/2026 09:20:56";"05/08/2026 10:28:37"
"16401";"010745";"2026";"9";"faturamento";"20000,00";"31/03/2026 09:20:56";"05/08/2026 10:28:38"
"16402";"010745";"2026";"10";"faturamento";"20000,00";"31/03/2026 09:20:56";"05/08/2026 10:28:40"
"16403";"010745";"2026";"11";"faturamento";"20000,00";"31/03/2026 09:20:56";"05/08/2026 10:28:42"
"16404";"010745";"2026";"12";"faturamento";"20000,00";"31/03/2026 09:20:56";"05/08/2026 10:28:43"
"16405";"010746";"2026";"1";"faturamento";"14053,00";"31/03/2026 09:20:56";"19/05/2026 10:39:11"
"16406";"010746";"2026";"2";"faturamento";"3815,00";"31/03/2026 09:20:56";"19/05/2026 10:39:12"
"16407";"010746";"2026";"3";"faturamento";"11550,00";"31/03/2026 09:20:56";"19/05/2026 10:39:13"
"16408";"010746";"2026";"4";"faturamento";"120000,00";"31/03/2026 09:20:56";"19/05/2026 10:39:14"
"16409";"010746";"2026";"5";"faturamento";"120000,00";"31/03/2026 09:20:56";"19/05/2026 10:39:15"
"16410";"010746";"2026";"6";"faturamento";"120000,00";"31/03/2026 09:20:56";"17/06/2026 15:50:49"
"16411";"010746";"2026";"7";"faturamento";"120000,00";"31/03/2026 09:20:56";"19/05/2026 10:39:16"
"16412";"010746";"2026";"8";"faturamento";"120000,00";"31/03/2026 09:20:56";"19/05/2026 10:39:17"
"16413";"010746";"2026";"9";"faturamento";"120000,00";"31/03/2026 09:20:56";"19/05/2026 10:39:18"
"16414";"010746";"2026";"10";"faturamento";"120000,00";"31/03/2026 09:20:56";"19/05/2026 10:39:19"
"16415";"010746";"2026";"11";"faturamento";"120000,00";"31/03/2026 09:20:56";"19/05/2026 10:39:19"
"16416";"010746";"2026";"12";"faturamento";"120000,00";"31/03/2026 09:20:56";"19/05/2026 10:39:21"
"16421";"010750";"2026";"5";"faturamento";"90000,00";"31/03/2026 09:20:56";"19/05/2026 10:39:15"
"16422";"010750";"2026";"6";"faturamento";"90000,00";"31/03/2026 09:20:56";"17/06/2026 15:50:49"
"16423";"010750";"2026";"7";"faturamento";"90000,00";"31/03/2026 09:20:56";"19/05/2026 10:39:16"
"16424";"010750";"2026";"8";"faturamento";"90000,00";"31/03/2026 09:20:56";"19/05/2026 10:39:17"
"16425";"010750";"2026";"9";"faturamento";"90000,00";"31/03/2026 09:20:56";"19/05/2026 10:39:18"
"16426";"010750";"2026";"10";"faturamento";"90000,00";"31/03/2026 09:20:56";"19/05/2026 10:39:19"
"16427";"010750";"2026";"11";"faturamento";"90000,00";"31/03/2026 09:20:56";"19/05/2026 10:39:19"
"16428";"010750";"2026";"12";"faturamento";"90000,00";"31/03/2026 09:20:56";"19/05/2026 10:39:21"
"16433";"010752";"2026";"5";"faturamento";"90000,00";"31/03/2026 09:20:56";"19/05/2026 10:39:15"
"16434";"010752";"2026";"6";"faturamento";"90000,00";"31/03/2026 09:20:56";"17/06/2026 15:50:49"
"16435";"010752";"2026";"7";"faturamento";"90000,00";"31/03/2026 09:20:56";"19/05/2026 10:39:16"
"16436";"010752";"2026";"8";"faturamento";"90000,00";"31/03/2026 09:20:56";"19/05/2026 10:39:17"
"16437";"010752";"2026";"9";"faturamento";"90000,00";"31/03/2026 09:20:56";"19/05/2026 10:39:18"
"16438";"010752";"2026";"10";"faturamento";"90000,00";"31/03/2026 09:20:56";"19/05/2026 10:39:19"
"16439";"010752";"2026";"11";"faturamento";"90000,00";"31/03/2026 09:20:56";"19/05/2026 10:39:19"
"16440";"010752";"2026";"12";"faturamento";"90000,00";"31/03/2026 09:20:56";"19/05/2026 10:39:21"
"16441";"010753";"2026";"1";"faturamento";"4694,00";"31/03/2026 09:20:56";"19/05/2026 10:39:11"
"16442";"010753";"2026";"2";"faturamento";"4694,00";"31/03/2026 09:20:56";"19/05/2026 10:39:12"
"16445";"010753";"2026";"5";"faturamento";"90000,00";"31/03/2026 09:20:56";"19/05/2026 10:39:15"
"16446";"010753";"2026";"6";"faturamento";"90000,00";"31/03/2026 09:20:56";"17/06/2026 15:50:49"
"16447";"010753";"2026";"7";"faturamento";"90000,00";"31/03/2026 09:20:56";"19/05/2026 10:39:16"
"16448";"010753";"2026";"8";"faturamento";"90000,00";"31/03/2026 09:20:56";"19/05/2026 10:39:17"
"16449";"010753";"2026";"9";"faturamento";"90000,00";"31/03/2026 09:20:56";"19/05/2026 10:39:18"
"16450";"010753";"2026";"10";"faturamento";"90000,00";"31/03/2026 09:20:56";"19/05/2026 10:39:19"
"16451";"010753";"2026";"11";"faturamento";"90000,00";"31/03/2026 09:20:56";"19/05/2026 10:39:19"
"16452";"010753";"2026";"12";"faturamento";"90000,00";"31/03/2026 09:20:56";"19/05/2026 10:39:21"
"16453";"010754";"2026";"1";"faturamento";"107213,00";"31/03/2026 09:20:56";"19/05/2026 10:39:11"
"16454";"010754";"2026";"2";"faturamento";"42343,00";"31/03/2026 09:20:56";"19/05/2026 10:39:12"
"16455";"010754";"2026";"3";"faturamento";"171915,00";"31/03/2026 09:20:56";"19/05/2026 10:39:13"
"16456";"010754";"2026";"4";"faturamento";"341161,00";"31/03/2026 09:20:56";"19/05/2026 10:39:14"
"16457";"010754";"2026";"5";"faturamento";"80000,00";"31/03/2026 09:20:56";"19/05/2026 10:39:15"
"16458";"010754";"2026";"6";"faturamento";"80000,00";"31/03/2026 09:20:56";"19/05/2026 10:39:16"
"16459";"010754";"2026";"7";"faturamento";"80000,00";"31/03/2026 09:20:56";"19/05/2026 10:39:16"
"16460";"010754";"2026";"8";"faturamento";"70000,00";"31/03/2026 09:20:56";"05/08/2026 10:24:55"
"16461";"010754";"2026";"9";"faturamento";"110000,00";"31/03/2026 09:20:56";"19/05/2026 10:39:18"
"16462";"010754";"2026";"10";"faturamento";"110000,00";"31/03/2026 09:20:56";"19/05/2026 10:39:19"
"16463";"010754";"2026";"11";"faturamento";"110000,00";"31/03/2026 09:20:56";"19/05/2026 10:39:19"
"16464";"010754";"2026";"12";"faturamento";"160000,00";"31/03/2026 09:20:56";"19/05/2026 10:39:21"
"16465";"010755";"2026";"1";"faturamento";"250000,00";"31/03/2026 09:20:56";"19/05/2026 10:39:11"
"16466";"010755";"2026";"2";"faturamento";"250000,00";"31/03/2026 09:20:56";"19/05/2026 10:39:12"
"16467";"010755";"2026";"3";"faturamento";"250000,00";"31/03/2026 09:20:56";"19/05/2026 10:39:13"
"16468";"010755";"2026";"4";"faturamento";"250000,00";"31/03/2026 09:20:56";"19/05/2026 10:39:14"
"16469";"010755";"2026";"5";"faturamento";"250000,00";"31/03/2026 09:20:56";"19/05/2026 10:39:15"
"16470";"010755";"2026";"6";"faturamento";"256376,50";"31/03/2026 09:20:56";"17/06/2026 15:16:10"
"16471";"010755";"2026";"7";"faturamento";"250000,00";"31/03/2026 09:20:56";"19/05/2026 10:39:16"
"16472";"010755";"2026";"8";"faturamento";"212313,43";"31/03/2026 09:20:56";"03/08/2026 16:06:54"
"16473";"010755";"2026";"9";"faturamento";"250000,00";"31/03/2026 09:20:56";"19/05/2026 10:39:18"
"16474";"010755";"2026";"10";"faturamento";"420000,00";"31/03/2026 09:20:56";"19/05/2026 10:39:19"
"16475";"010755";"2026";"11";"faturamento";"290000,00";"31/03/2026 09:20:56";"19/05/2026 10:39:19"
"16476";"010755";"2026";"12";"faturamento";"415000,00";"31/03/2026 09:20:56";"19/05/2026 10:39:21"
"16478";"010756";"2026";"2";"faturamento";"1800,00";"31/03/2026 09:20:56";"19/05/2026 10:39:12"
"16481";"010756";"2026";"5";"faturamento";"90000,00";"31/03/2026 09:20:56";"19/05/2026 10:39:15"
"16482";"010756";"2026";"6";"faturamento";"90000,00";"31/03/2026 09:20:56";"17/06/2026 15:50:49"
"16483";"010756";"2026";"7";"faturamento";"90000,00";"31/03/2026 09:20:56";"19/05/2026 10:39:16"
"16484";"010756";"2026";"8";"faturamento";"90000,00";"31/03/2026 09:20:56";"19/05/2026 10:39:17"
"16485";"010756";"2026";"9";"faturamento";"90000,00";"31/03/2026 09:20:56";"19/05/2026 10:39:18"
"16486";"010756";"2026";"10";"faturamento";"90000,00";"31/03/2026 09:20:56";"19/05/2026 10:39:19"
"16487";"010756";"2026";"11";"faturamento";"90000,00";"31/03/2026 09:20:56";"19/05/2026 10:39:19"
"16488";"010756";"2026";"12";"faturamento";"90000,00";"31/03/2026 09:20:56";"19/05/2026 10:39:21"
"16489";"010758";"2026";"1";"faturamento";"220000,00";"31/03/2026 09:20:56";"19/05/2026 10:39:11"
"16490";"010758";"2026";"2";"faturamento";"220000,00";"31/03/2026 09:20:56";"19/05/2026 10:39:12"
"16491";"010758";"2026";"3";"faturamento";"220000,00";"31/03/2026 09:20:56";"19/05/2026 10:39:13"
"16492";"010758";"2026";"4";"faturamento";"220000,00";"31/03/2026 09:20:56";"19/05/2026 10:39:14"
"16493";"010758";"2026";"5";"faturamento";"220000,00";"31/03/2026 09:20:56";"19/05/2026 10:39:15"
"16494";"010758";"2026";"6";"faturamento";"250000,00";"31/03/2026 09:20:56";"19/06/2026 09:04:35"
"16495";"010758";"2026";"7";"faturamento";"220000,00";"31/03/2026 09:20:56";"19/05/2026 10:39:16"
"16496";"010758";"2026";"8";"faturamento";"300000,00";"31/03/2026 09:20:56";"10/08/2026 17:05:08"
"16497";"010758";"2026";"9";"faturamento";"220000,00";"31/03/2026 09:20:56";"19/05/2026 10:39:18"
"16498";"010758";"2026";"10";"faturamento";"220000,00";"31/03/2026 09:20:56";"19/05/2026 10:39:19"
"16499";"010758";"2026";"11";"faturamento";"220000,00";"31/03/2026 09:20:56";"19/05/2026 10:39:19"
"16500";"010758";"2026";"12";"faturamento";"220000,00";"31/03/2026 09:20:56";"19/05/2026 10:39:21"
"16517";"010762";"2026";"5";"faturamento";"90000,00";"31/03/2026 09:20:56";"19/05/2026 10:39:15"
"16518";"010762";"2026";"6";"faturamento";"90000,00";"31/03/2026 09:20:56";"17/06/2026 15:50:49"
"16519";"010762";"2026";"7";"faturamento";"90000,00";"31/03/2026 09:20:56";"19/05/2026 10:39:16"
"16520";"010762";"2026";"8";"faturamento";"90000,00";"31/03/2026 09:20:56";"19/05/2026 10:39:17"
"16521";"010762";"2026";"9";"faturamento";"90000,00";"31/03/2026 09:20:56";"19/05/2026 10:39:18"
"16522";"010762";"2026";"10";"faturamento";"90000,00";"31/03/2026 09:20:56";"19/05/2026 10:39:19"
"16523";"010762";"2026";"11";"faturamento";"90000,00";"31/03/2026 09:20:56";"19/05/2026 10:39:19"
"16524";"010762";"2026";"12";"faturamento";"90000,00";"31/03/2026 09:20:56";"19/05/2026 10:39:21"
"16529";"010763";"2026";"5";"faturamento";"0,00";"31/03/2026 09:20:56";"05/08/2026 10:28:34"
"16530";"010763";"2026";"6";"faturamento";"0,00";"31/03/2026 09:20:56";"05/08/2026 10:28:35"
"16531";"010763";"2026";"7";"faturamento";"0,00";"31/03/2026 09:20:56";"29/07/2026 20:28:28"
"16532";"010763";"2026";"8";"faturamento";"0,00";"31/03/2026 09:20:56";"05/08/2026 10:28:37"
"16533";"010763";"2026";"9";"faturamento";"0,00";"31/03/2026 09:20:56";"05/08/2026 10:28:38"
"16534";"010763";"2026";"10";"faturamento";"0,00";"31/03/2026 09:20:56";"05/08/2026 10:28:40"
"16535";"010763";"2026";"11";"faturamento";"0,00";"31/03/2026 09:20:56";"05/08/2026 10:28:42"
"16536";"010763";"2026";"12";"faturamento";"0,00";"31/03/2026 09:20:56";"05/08/2026 10:28:43"
"16537";"010764";"2026";"1";"faturamento";"100000,00";"31/03/2026 09:20:56";"05/08/2026 10:28:31"
"16538";"010764";"2026";"2";"faturamento";"100000,00";"31/03/2026 09:20:56";"05/08/2026 10:28:31"
"16539";"010764";"2026";"3";"faturamento";"100000,00";"31/03/2026 09:20:56";"05/08/2026 10:28:32"
"16549";"010765";"2026";"1";"faturamento";"200000,00";"31/03/2026 09:20:56";"19/05/2026 10:39:11"
"16550";"010765";"2026";"2";"faturamento";"200000,00";"31/03/2026 09:20:56";"19/05/2026 10:39:12"
"16551";"010765";"2026";"3";"faturamento";"200000,00";"31/03/2026 09:20:56";"19/05/2026 10:39:13"
"16552";"010765";"2026";"4";"faturamento";"200000,00";"31/03/2026 09:20:56";"19/05/2026 10:39:14"
"16553";"010765";"2026";"5";"faturamento";"200000,00";"31/03/2026 09:20:56";"19/05/2026 10:39:15"
"16554";"010765";"2026";"6";"faturamento";"205688,96";"31/03/2026 09:20:56";"17/06/2026 15:16:10"
"16555";"010765";"2026";"7";"faturamento";"200000,00";"31/03/2026 09:20:56";"19/05/2026 10:39:16"
"16556";"010765";"2026";"8";"faturamento";"104320,44";"31/03/2026 09:20:56";"03/08/2026 16:06:54"
"16557";"010765";"2026";"9";"faturamento";"200000,00";"31/03/2026 09:20:56";"19/05/2026 10:39:18"
"16558";"010765";"2026";"10";"faturamento";"200000,00";"31/03/2026 09:20:56";"19/05/2026 10:39:19"
"16559";"010765";"2026";"11";"faturamento";"200000,00";"31/03/2026 09:20:56";"19/05/2026 10:39:19"
"16560";"010765";"2026";"12";"faturamento";"200000,00";"31/03/2026 09:20:56";"19/05/2026 10:39:21"
"16565";"010766";"2026";"5";"faturamento";"60000,00";"31/03/2026 09:20:56";"19/05/2026 10:39:15"
"16566";"010766";"2026";"6";"faturamento";"60000,00";"31/03/2026 09:20:56";"17/06/2026 15:50:49"
"16567";"010766";"2026";"7";"faturamento";"60000,00";"31/03/2026 09:20:56";"19/05/2026 10:39:16"
"16568";"010766";"2026";"8";"faturamento";"60000,00";"31/03/2026 09:20:56";"19/05/2026 10:39:17"
"16569";"010766";"2026";"9";"faturamento";"60000,00";"31/03/2026 09:20:56";"19/05/2026 10:39:18"
"16570";"010766";"2026";"10";"faturamento";"60000,00";"31/03/2026 09:20:56";"19/05/2026 10:39:19"
"16571";"010766";"2026";"11";"faturamento";"60000,00";"31/03/2026 09:20:56";"19/05/2026 10:39:19"
"16572";"010766";"2026";"12";"faturamento";"60000,00";"31/03/2026 09:20:56";"19/05/2026 10:39:21"
"16601";"010771";"2026";"5";"faturamento";"90000,00";"31/03/2026 09:20:56";"19/05/2026 10:39:15"
"16602";"010771";"2026";"6";"faturamento";"90000,00";"31/03/2026 09:20:56";"17/06/2026 15:50:49"
"16603";"010771";"2026";"7";"faturamento";"90000,00";"31/03/2026 09:20:56";"19/05/2026 10:39:16"
"16604";"010771";"2026";"8";"faturamento";"90000,00";"31/03/2026 09:20:56";"19/05/2026 10:39:17"
"16605";"010771";"2026";"9";"faturamento";"90000,00";"31/03/2026 09:20:56";"19/05/2026 10:39:18"
"16606";"010771";"2026";"10";"faturamento";"90000,00";"31/03/2026 09:20:56";"19/05/2026 10:39:19"
"16607";"010771";"2026";"11";"faturamento";"90000,00";"31/03/2026 09:20:56";"19/05/2026 10:39:19"
"16608";"010771";"2026";"12";"faturamento";"90000,00";"31/03/2026 09:20:56";"19/05/2026 10:39:21"
"26581";"010684";"2026";"1";"faturamento";"0,00";"18/05/2026 16:36:00";"18/05/2026 16:36:00"
"26582";"010684";"2026";"2";"faturamento";"0,00";"18/05/2026 16:36:00";"18/05/2026 16:36:00"
"26583";"010684";"2026";"3";"faturamento";"0,00";"18/05/2026 16:36:00";"18/05/2026 16:36:00"
"26584";"010684";"2026";"4";"faturamento";"0,00";"18/05/2026 16:36:00";"18/05/2026 16:36:00"
"26585";"010684";"2026";"5";"faturamento";"0,00";"18/05/2026 16:36:00";"18/05/2026 16:36:00"
"26586";"010684";"2026";"6";"faturamento";"0,00";"18/05/2026 16:36:00";"18/05/2026 16:36:00"
"26587";"010684";"2026";"7";"faturamento";"0,00";"18/05/2026 16:36:00";"18/05/2026 16:36:00"
"26588";"010684";"2026";"8";"faturamento";"0,00";"18/05/2026 16:36:00";"18/05/2026 16:36:00"
"26589";"010684";"2026";"9";"faturamento";"0,00";"18/05/2026 16:36:00";"18/05/2026 16:36:00"
"26590";"010684";"2026";"10";"faturamento";"0,00";"18/05/2026 16:36:00";"18/05/2026 16:36:00"
"26591";"010684";"2026";"11";"faturamento";"0,00";"18/05/2026 16:36:00";"18/05/2026 16:36:00"
"26592";"010684";"2026";"12";"faturamento";"0,00";"18/05/2026 16:36:00";"18/05/2026 16:36:00"
"26773";"010536";"2026";"1";"faturamento";"0,00";"18/05/2026 16:36:00";"18/05/2026 16:36:00"
"26774";"010536";"2026";"2";"faturamento";"0,00";"18/05/2026 16:36:00";"18/05/2026 16:36:00"
"26775";"010536";"2026";"3";"faturamento";"0,00";"18/05/2026 16:36:00";"18/05/2026 16:36:00"
"26776";"010536";"2026";"4";"faturamento";"0,00";"18/05/2026 16:36:00";"18/05/2026 16:36:00"
"26777";"010536";"2026";"5";"faturamento";"0,00";"18/05/2026 16:36:00";"18/05/2026 16:36:00"
"26778";"010536";"2026";"6";"faturamento";"0,00";"18/05/2026 16:36:00";"18/05/2026 16:36:00"
"26779";"010536";"2026";"7";"faturamento";"0,00";"18/05/2026 16:36:00";"18/05/2026 16:36:00"
"26780";"010536";"2026";"8";"faturamento";"0,00";"18/05/2026 16:36:00";"18/05/2026 16:36:00"
"26781";"010536";"2026";"9";"faturamento";"0,00";"18/05/2026 16:36:00";"18/05/2026 16:36:00"
"26782";"010536";"2026";"10";"faturamento";"0,00";"18/05/2026 16:36:00";"18/05/2026 16:36:00"
"26783";"010536";"2026";"11";"faturamento";"0,00";"18/05/2026 16:36:00";"18/05/2026 16:36:00"
"26784";"010536";"2026";"12";"faturamento";"0,00";"18/05/2026 16:36:00";"18/05/2026 16:36:00"
"26893";"10490";"2026";"1";"faturamento";"0,00";"18/05/2026 16:36:00";"19/05/2026 10:39:11"
"26894";"10490";"2026";"2";"faturamento";"0,00";"18/05/2026 16:36:00";"19/05/2026 10:39:12"
"26895";"10490";"2026";"3";"faturamento";"0,00";"18/05/2026 16:36:00";"19/05/2026 10:39:13"
"26896";"10490";"2026";"4";"faturamento";"0,00";"18/05/2026 16:36:00";"19/05/2026 10:39:14"
"26897";"10490";"2026";"5";"faturamento";"0,00";"18/05/2026 16:36:00";"19/05/2026 10:39:15"
"26898";"10490";"2026";"6";"faturamento";"0,00";"18/05/2026 16:36:00";"19/05/2026 10:39:16"
"26899";"10490";"2026";"7";"faturamento";"0,00";"18/05/2026 16:36:00";"19/05/2026 10:39:16"
"26900";"10490";"2026";"8";"faturamento";"0,00";"18/05/2026 16:36:00";"19/05/2026 10:39:17"
"26901";"10490";"2026";"9";"faturamento";"0,00";"18/05/2026 16:36:00";"19/05/2026 10:39:18"
"26902";"10490";"2026";"10";"faturamento";"0,00";"18/05/2026 16:36:00";"19/05/2026 10:39:19"
"26903";"10490";"2026";"11";"faturamento";"0,00";"18/05/2026 16:36:00";"19/05/2026 10:39:20"
"26904";"10490";"2026";"12";"faturamento";"0,00";"18/05/2026 16:36:00";"19/05/2026 10:39:21"
"28081";"10722";"2026";"1";"faturamento";"0,00";"18/05/2026 16:36:03";"18/05/2026 16:36:03"
"28082";"10722";"2026";"2";"faturamento";"0,00";"18/05/2026 16:36:03";"18/05/2026 16:36:03"
"28083";"10722";"2026";"3";"faturamento";"0,00";"18/05/2026 16:36:03";"18/05/2026 16:36:03"
"28084";"10722";"2026";"4";"faturamento";"0,00";"18/05/2026 16:36:03";"18/05/2026 16:36:03"
"28085";"10722";"2026";"5";"faturamento";"0,00";"18/05/2026 16:36:03";"18/05/2026 16:36:03"
"28086";"10722";"2026";"6";"faturamento";"0,00";"18/05/2026 16:36:03";"18/05/2026 16:36:03"
"28087";"10722";"2026";"7";"faturamento";"0,00";"18/05/2026 16:36:03";"18/05/2026 16:36:03"
"28088";"10722";"2026";"8";"faturamento";"0,00";"18/05/2026 16:36:03";"18/05/2026 16:36:03"
"28089";"10722";"2026";"9";"faturamento";"0,00";"18/05/2026 16:36:03";"18/05/2026 16:36:03"
"28090";"10722";"2026";"10";"faturamento";"0,00";"18/05/2026 16:36:03";"18/05/2026 16:36:03"
"28091";"10722";"2026";"11";"faturamento";"0,00";"18/05/2026 16:36:03";"18/05/2026 16:36:03"
"28092";"10722";"2026";"12";"faturamento";"0,00";"18/05/2026 16:36:03";"18/05/2026 16:36:03"
"43686";"010241";"2026";"1";"faturamento";"0,00";"17/06/2026 15:16:07";"17/06/2026 15:16:07"
"43687";"010241";"2026";"2";"faturamento";"0,00";"17/06/2026 15:16:07";"17/06/2026 15:16:07"
"43688";"010241";"2026";"3";"faturamento";"0,00";"17/06/2026 15:16:07";"17/06/2026 15:16:07"
"43689";"010241";"2026";"4";"faturamento";"0,00";"17/06/2026 15:16:07";"17/06/2026 15:16:07"
"43690";"010241";"2026";"5";"faturamento";"0,00";"17/06/2026 15:16:07";"17/06/2026 15:16:07"
"43691";"010241";"2026";"6";"faturamento";"643122,75";"17/06/2026 15:16:07";"17/06/2026 15:46:05"
"43692";"010241";"2026";"7";"faturamento";"0,00";"17/06/2026 15:16:07";"17/06/2026 15:16:07"
"43693";"010241";"2026";"8";"faturamento";"0,00";"17/06/2026 15:16:07";"17/06/2026 15:16:07"
"43694";"010241";"2026";"9";"faturamento";"0,00";"17/06/2026 15:16:07";"17/06/2026 15:16:07"
"43695";"010241";"2026";"10";"faturamento";"0,00";"17/06/2026 15:16:07";"17/06/2026 15:16:07"
"43696";"010241";"2026";"11";"faturamento";"0,00";"17/06/2026 15:16:07";"17/06/2026 15:16:07"
"43697";"010241";"2026";"12";"faturamento";"0,00";"17/06/2026 15:16:07";"17/06/2026 15:16:07"
"43794";"010286";"2026";"1";"faturamento";"2026413,00";"17/06/2026 15:16:07";"17/06/2026 15:16:07"
"43795";"010286";"2026";"2";"faturamento";"2436152,00";"17/06/2026 15:16:07";"17/06/2026 15:16:07"
"43796";"010286";"2026";"3";"faturamento";"3848243,00";"17/06/2026 15:16:07";"17/06/2026 15:16:07"
"43797";"010286";"2026";"4";"faturamento";"4773114,00";"17/06/2026 15:16:07";"17/06/2026 15:16:07"
"43798";"010286";"2026";"5";"faturamento";"4860000,00";"17/06/2026 15:16:07";"17/06/2026 15:16:07"
"43799";"010286";"2026";"6";"faturamento";"0,00";"17/06/2026 15:16:07";"17/06/2026 15:16:07"
"43800";"010286";"2026";"7";"faturamento";"4860000,00";"17/06/2026 15:16:07";"17/06/2026 15:16:07"
"43801";"010286";"2026";"8";"faturamento";"3960000,00";"17/06/2026 15:16:07";"17/06/2026 15:16:07"
"43802";"010286";"2026";"9";"faturamento";"5010000,00";"17/06/2026 15:16:07";"17/06/2026 15:16:07"
"43803";"010286";"2026";"10";"faturamento";"3320000,00";"17/06/2026 15:16:07";"17/06/2026 15:16:07"
"43804";"010286";"2026";"11";"faturamento";"3170000,00";"17/06/2026 15:16:07";"17/06/2026 15:16:07"
"43805";"010286";"2026";"12";"faturamento";"3220000,00";"17/06/2026 15:16:07";"17/06/2026 15:16:07"
"44454";"010585";"2026";"1";"faturamento";"3143212,00";"17/06/2026 15:16:09";"17/06/2026 15:16:09"
"44455";"010585";"2026";"2";"faturamento";"2450662,00";"17/06/2026 15:16:09";"17/06/2026 15:16:09"
"44456";"010585";"2026";"3";"faturamento";"1873015,00";"17/06/2026 15:16:09";"17/06/2026 15:16:09"
"44457";"010585";"2026";"4";"faturamento";"3013464,00";"17/06/2026 15:16:09";"17/06/2026 15:16:09"
"44458";"010585";"2026";"5";"faturamento";"3000000,00";"17/06/2026 15:16:09";"17/06/2026 15:16:09"
"44459";"010585";"2026";"6";"faturamento";"4395736,01";"17/06/2026 15:16:09";"17/06/2026 15:16:09"
"44460";"010585";"2026";"7";"faturamento";"3000000,00";"17/06/2026 15:16:09";"17/06/2026 15:16:09"
"44461";"010585";"2026";"8";"faturamento";"3000000,00";"17/06/2026 15:16:09";"17/06/2026 15:16:09"
"44462";"010585";"2026";"9";"faturamento";"3000000,00";"17/06/2026 15:16:09";"17/06/2026 15:16:09"
"44463";"010585";"2026";"10";"faturamento";"3000000,00";"17/06/2026 15:16:09";"17/06/2026 15:16:09"
"44464";"010585";"2026";"11";"faturamento";"3000000,00";"17/06/2026 15:16:09";"17/06/2026 15:16:09"
"44465";"010585";"2026";"12";"faturamento";"3200000,00";"17/06/2026 15:16:09";"17/06/2026 15:16:09"
"45390";"000006";"2026";"1";"venda";"1500000,00";"17/06/2026 15:16:10";"05/08/2026 10:28:30"
"45391";"000006";"2026";"2";"venda";"1500000,00";"17/06/2026 15:16:10";"05/08/2026 10:28:31"
"45392";"000006";"2026";"3";"venda";"1500000,00";"17/06/2026 15:16:10";"05/08/2026 10:28:32"
"45393";"000006";"2026";"4";"venda";"1500000,00";"17/06/2026 15:16:10";"05/08/2026 10:28:33"
"45394";"000006";"2026";"5";"venda";"1500000,00";"17/06/2026 15:16:10";"05/08/2026 10:28:34"
"45395";"000006";"2026";"6";"venda";"1500000,00";"17/06/2026 15:16:10";"05/08/2026 10:28:35"
"45396";"000006";"2026";"7";"venda";"1500000,00";"17/06/2026 15:16:10";"29/07/2026 20:34:01"
"45397";"000006";"2026";"8";"venda";"1500000,00";"17/06/2026 15:16:10";"05/08/2026 10:28:36"
"45398";"000006";"2026";"9";"venda";"1500000,00";"17/06/2026 15:16:10";"05/08/2026 10:28:38"
"45399";"000006";"2026";"10";"venda";"1500000,00";"17/06/2026 15:16:10";"05/08/2026 10:28:39"
"45400";"000006";"2026";"11";"venda";"1500000,00";"17/06/2026 15:16:10";"05/08/2026 10:28:41"
"45401";"000006";"2026";"12";"venda";"1500000,00";"17/06/2026 15:16:10";"05/08/2026 10:28:43"
"45402";"000010";"2026";"1";"venda";"12075,84";"17/06/2026 15:16:10";"27/07/2026 08:13:11"
"45403";"000010";"2026";"2";"venda";"21568,96";"17/06/2026 15:16:10";"27/07/2026 08:13:11"
"45404";"000010";"2026";"3";"venda";"16564,80";"17/06/2026 15:16:10";"27/07/2026 08:13:11"
"45405";"000010";"2026";"4";"venda";"18947,04";"17/06/2026 15:16:10";"27/07/2026 08:13:11"
"45406";"000010";"2026";"5";"venda";"67200,00";"17/06/2026 15:16:10";"27/07/2026 08:13:11"
"45407";"000010";"2026";"6";"venda";"82409,38";"17/06/2026 15:16:10";"27/07/2026 08:13:11"
"45408";"000010";"2026";"7";"venda";"67200,00";"17/06/2026 15:16:10";"27/07/2026 08:13:11"
"45409";"000010";"2026";"8";"venda";"67200,00";"17/06/2026 15:16:10";"27/07/2026 08:13:11"
"45410";"000010";"2026";"9";"venda";"67200,00";"17/06/2026 15:16:10";"27/07/2026 08:13:11"
"45411";"000010";"2026";"10";"venda";"67200,00";"17/06/2026 15:16:10";"27/07/2026 08:13:11"
"45412";"000010";"2026";"11";"venda";"67200,00";"17/06/2026 15:16:10";"27/07/2026 08:13:11"
"45413";"000010";"2026";"12";"venda";"67200,00";"17/06/2026 15:16:10";"27/07/2026 08:13:11"
"45414";"000044";"2026";"1";"venda";"20904,80";"17/06/2026 15:16:10";"27/07/2026 08:13:11"
"45415";"000044";"2026";"2";"venda";"17109,12";"17/06/2026 15:16:10";"27/07/2026 08:13:11"
"45416";"000044";"2026";"3";"venda";"18174,24";"17/06/2026 15:16:10";"27/07/2026 08:13:11"
"45417";"000044";"2026";"4";"venda";"19311,04";"17/06/2026 15:16:10";"27/07/2026 08:13:11"
"45418";"000044";"2026";"5";"venda";"67200,00";"17/06/2026 15:16:10";"27/07/2026 08:13:11"
"45419";"000044";"2026";"6";"venda";"72956,22";"17/06/2026 15:16:10";"27/07/2026 08:13:11"
"45420";"000044";"2026";"7";"venda";"67200,00";"17/06/2026 15:16:10";"27/07/2026 08:13:11"
"45421";"000044";"2026";"8";"venda";"67200,00";"17/06/2026 15:16:10";"27/07/2026 08:13:11"
"45422";"000044";"2026";"9";"venda";"67200,00";"17/06/2026 15:16:10";"27/07/2026 08:13:11"
"45423";"000044";"2026";"10";"venda";"67200,00";"17/06/2026 15:16:10";"27/07/2026 08:13:11"
"45424";"000044";"2026";"11";"venda";"67200,00";"17/06/2026 15:16:10";"27/07/2026 08:13:11"
"45425";"000044";"2026";"12";"venda";"67200,00";"17/06/2026 15:16:10";"27/07/2026 08:13:11"
"45426";"000048";"2026";"1";"venda";"174574,40";"17/06/2026 15:16:10";"27/07/2026 08:13:10"
"45427";"000048";"2026";"2";"venda";"68168,80";"17/06/2026 15:16:10";"27/07/2026 08:13:10"
"45428";"000048";"2026";"3";"venda";"170248,96";"17/06/2026 15:16:10";"27/07/2026 08:13:10"
"45429";"000048";"2026";"4";"venda";"225010,24";"17/06/2026 15:16:10";"27/07/2026 08:13:10"
"45430";"000048";"2026";"5";"venda";"145600,00";"17/06/2026 15:16:10";"27/07/2026 08:13:10"
"45431";"000048";"2026";"6";"venda";"235200,00";"17/06/2026 15:16:10";"27/07/2026 08:13:10"
"45432";"000048";"2026";"7";"venda";"224000,00";"17/06/2026 15:16:10";"27/07/2026 08:13:10"
"45433";"000048";"2026";"8";"venda";"252000,00";"17/06/2026 15:16:10";"27/07/2026 08:13:10"
"45434";"000048";"2026";"9";"venda";"252000,00";"17/06/2026 15:16:10";"27/07/2026 08:13:10"
"45435";"000048";"2026";"10";"venda";"196000,00";"17/06/2026 15:16:10";"27/07/2026 08:13:10"
"45436";"000048";"2026";"11";"venda";"156800,00";"17/06/2026 15:16:10";"27/07/2026 08:13:10"
"45437";"000048";"2026";"12";"venda";"380800,00";"17/06/2026 15:16:10";"27/07/2026 08:13:10"
"45438";"000054";"2026";"1";"venda";"2826099,36";"17/06/2026 15:16:10";"27/07/2026 08:13:10"
"45439";"000054";"2026";"2";"venda";"2476455,52";"17/06/2026 15:16:10";"27/07/2026 08:13:10"
"45440";"000054";"2026";"3";"venda";"2698127,04";"17/06/2026 15:16:10";"27/07/2026 08:13:10"
"45441";"000054";"2026";"4";"venda";"2334086,72";"17/06/2026 15:16:10";"27/07/2026 08:13:10"
"45442";"000054";"2026";"5";"venda";"2352000,00";"17/06/2026 15:16:10";"27/07/2026 08:13:10"
"45443";"000054";"2026";"6";"venda";"2128000,00";"17/06/2026 15:16:10";"27/07/2026 08:13:10"
"45444";"000054";"2026";"7";"venda";"2408000,00";"17/06/2026 15:16:10";"27/07/2026 08:13:10"
"45445";"000054";"2026";"8";"venda";"2296000,00";"17/06/2026 15:16:10";"27/07/2026 08:13:10"
"45446";"000054";"2026";"9";"venda";"2576000,00";"17/06/2026 15:16:10";"27/07/2026 08:13:10"
"45447";"000054";"2026";"10";"venda";"2329600,00";"17/06/2026 15:16:10";"27/07/2026 08:13:10"
"45448";"000054";"2026";"11";"venda";"3040800,00";"17/06/2026 15:16:10";"27/07/2026 08:13:10"
"45449";"000054";"2026";"12";"venda";"3808000,00";"17/06/2026 15:16:10";"27/07/2026 08:13:10"
"45450";"000062";"2026";"1";"venda";"27130,88";"17/06/2026 15:16:10";"27/07/2026 08:13:11"
"45451";"000062";"2026";"2";"venda";"7983,36";"17/06/2026 15:16:10";"27/07/2026 08:13:11"
"45452";"000062";"2026";"3";"venda";"26426,40";"17/06/2026 15:16:10";"27/07/2026 08:13:11"
"45453";"000062";"2026";"4";"venda";"134400,00";"17/06/2026 15:16:10";"27/07/2026 08:13:11"
"45454";"000062";"2026";"5";"venda";"134400,00";"17/06/2026 15:16:10";"27/07/2026 08:13:11"
"45455";"000062";"2026";"6";"venda";"134400,00";"17/06/2026 15:16:10";"27/07/2026 08:13:11"
"45456";"000062";"2026";"7";"venda";"134400,00";"17/06/2026 15:16:10";"27/07/2026 08:13:11"
"45457";"000062";"2026";"8";"venda";"134400,00";"17/06/2026 15:16:10";"27/07/2026 08:13:11"
"45458";"000062";"2026";"9";"venda";"134400,00";"17/06/2026 15:16:10";"27/07/2026 08:13:11"
"45459";"000062";"2026";"10";"venda";"134400,00";"17/06/2026 15:16:10";"27/07/2026 08:13:11"
"45460";"000062";"2026";"11";"venda";"134400,00";"17/06/2026 15:16:10";"27/07/2026 08:13:11"
"45461";"000062";"2026";"12";"venda";"134400,00";"17/06/2026 15:16:10";"27/07/2026 08:13:11"
"45462";"000115";"2026";"1";"venda";"381774,40";"17/06/2026 15:16:10";"27/07/2026 08:13:11"
"45463";"000115";"2026";"2";"venda";"385066,08";"17/06/2026 15:16:10";"27/07/2026 08:13:11"
"45464";"000115";"2026";"3";"venda";"743697,92";"17/06/2026 15:16:10";"27/07/2026 08:13:11"
"45465";"000115";"2026";"4";"venda";"896000,00";"17/06/2026 15:16:10";"27/07/2026 08:13:11"
"45466";"000115";"2026";"5";"venda";"896000,00";"17/06/2026 15:16:10";"27/07/2026 08:13:11"
"45467";"000115";"2026";"6";"venda";"1361740,80";"17/06/2026 15:16:10";"27/07/2026 08:13:11"
"45468";"000115";"2026";"7";"venda";"1176000,00";"17/06/2026 15:16:10";"27/07/2026 08:13:11"
"45469";"000115";"2026";"8";"venda";"1176000,00";"17/06/2026 15:16:10";"27/07/2026 08:13:11"
"45470";"000115";"2026";"9";"venda";"1176000,00";"17/06/2026 15:16:10";"27/07/2026 08:13:11"
"45471";"000115";"2026";"10";"venda";"1568000,00";"17/06/2026 15:16:10";"27/07/2026 08:13:11"
"45472";"000115";"2026";"11";"venda";"1176000,00";"17/06/2026 15:16:10";"27/07/2026 08:13:11"
"45473";"000115";"2026";"12";"venda";"1736000,00";"17/06/2026 15:16:10";"27/07/2026 08:13:11"
"45474";"000178";"2026";"1";"venda";"30000,00";"17/06/2026 15:16:10";"05/08/2026 10:28:31"
"45475";"000178";"2026";"2";"venda";"30000,00";"17/06/2026 15:16:10";"05/08/2026 10:28:32"
"45476";"000178";"2026";"3";"venda";"30000,00";"17/06/2026 15:16:10";"05/08/2026 10:28:32"
"45477";"000178";"2026";"4";"venda";"30000,00";"17/06/2026 15:16:10";"05/08/2026 10:28:33"
"45478";"000178";"2026";"5";"venda";"30000,00";"17/06/2026 15:16:10";"05/08/2026 10:28:34"
"45479";"000178";"2026";"6";"venda";"30000,00";"17/06/2026 15:16:10";"05/08/2026 10:28:35"
"45480";"000178";"2026";"7";"venda";"30000,00";"17/06/2026 15:16:10";"29/07/2026 20:22:32"
"45481";"000178";"2026";"8";"venda";"30000,00";"17/06/2026 15:16:10";"05/08/2026 10:28:37"
"45482";"000178";"2026";"9";"venda";"30000,00";"17/06/2026 15:16:10";"05/08/2026 10:28:38"
"45483";"000178";"2026";"10";"venda";"30000,00";"17/06/2026 15:16:10";"05/08/2026 10:28:39"
"45484";"000178";"2026";"11";"venda";"30000,00";"17/06/2026 15:16:10";"05/08/2026 10:28:42"
"45485";"000178";"2026";"12";"venda";"30000,00";"17/06/2026 15:16:10";"05/08/2026 10:28:43"
"45486";"000197";"2026";"1";"venda";"8073488,64";"17/06/2026 15:16:10";"27/07/2026 08:13:11"
"45487";"000197";"2026";"2";"venda";"7127300,32";"17/06/2026 15:16:10";"27/07/2026 08:13:11"
"45488";"000197";"2026";"3";"venda";"7288792,00";"17/06/2026 15:16:10";"27/07/2026 08:13:11"
"45489";"000197";"2026";"4";"venda";"8055035,52";"17/06/2026 15:16:10";"27/07/2026 08:13:11"
"45490";"000197";"2026";"5";"venda";"7840000,00";"17/06/2026 15:16:10";"27/07/2026 08:13:11"
"45491";"000197";"2026";"6";"venda";"8332190,45";"17/06/2026 15:16:10";"27/07/2026 08:13:11"
"45492";"000197";"2026";"7";"venda";"7840000,00";"17/06/2026 15:16:10";"27/07/2026 08:13:11"
"45493";"000197";"2026";"8";"venda";"5824000,00";"17/06/2026 15:16:10";"27/07/2026 08:13:11"
"45494";"000197";"2026";"9";"venda";"5600000,00";"17/06/2026 15:16:10";"27/07/2026 08:13:11"
"45495";"000197";"2026";"10";"venda";"7056000,00";"17/06/2026 15:16:10";"27/07/2026 08:13:11"
"45496";"000197";"2026";"11";"venda";"7168000,00";"17/06/2026 15:16:10";"27/07/2026 08:13:11"
"45497";"000197";"2026";"12";"venda";"8232000,00";"17/06/2026 15:16:10";"27/07/2026 08:13:11"
"45498";"000304";"2026";"1";"venda";"180000,00";"17/06/2026 15:16:10";"05/08/2026 10:28:31"
"45499";"000304";"2026";"2";"venda";"180000,00";"17/06/2026 15:16:10";"05/08/2026 10:28:32"
"45500";"000304";"2026";"3";"venda";"180000,00";"17/06/2026 15:16:10";"05/08/2026 10:28:33"
"45501";"000304";"2026";"4";"venda";"180000,00";"17/06/2026 15:16:10";"05/08/2026 10:28:33"
"45502";"000304";"2026";"5";"venda";"180000,00";"17/06/2026 15:16:10";"05/08/2026 10:28:34"
"45503";"000304";"2026";"6";"venda";"180000,00";"17/06/2026 15:16:10";"05/08/2026 10:28:35"
"45504";"000304";"2026";"7";"venda";"180000,00";"17/06/2026 15:16:10";"29/07/2026 20:06:18"
"45505";"000304";"2026";"8";"venda";"180000,00";"17/06/2026 15:16:10";"05/08/2026 10:28:37"
"45506";"000304";"2026";"9";"venda";"180000,00";"17/06/2026 15:16:10";"05/08/2026 10:28:38"
"45507";"000304";"2026";"10";"venda";"180000,00";"17/06/2026 15:16:10";"05/08/2026 10:28:40"
"45508";"000304";"2026";"11";"venda";"180000,00";"17/06/2026 15:16:10";"05/08/2026 10:28:42"
"45509";"000304";"2026";"12";"venda";"180000,00";"17/06/2026 15:16:10";"05/08/2026 10:28:43"
"45510";"000324";"2026";"1";"venda";"50000,00";"17/06/2026 15:16:10";"05/08/2026 10:28:30"
"45511";"000324";"2026";"2";"venda";"50000,00";"17/06/2026 15:16:10";"05/08/2026 10:28:31"
"45512";"000324";"2026";"3";"venda";"50000,00";"17/06/2026 15:16:10";"05/08/2026 10:28:32"
"45513";"000324";"2026";"4";"venda";"50000,00";"17/06/2026 15:16:10";"05/08/2026 10:28:33"
"45514";"000324";"2026";"5";"venda";"50000,00";"17/06/2026 15:16:10";"05/08/2026 10:28:34"
"45515";"000324";"2026";"6";"venda";"50000,00";"17/06/2026 15:16:10";"05/08/2026 10:28:34"
"45516";"000324";"2026";"7";"venda";"50000,00";"17/06/2026 15:16:10";"29/07/2026 20:00:50"
"45517";"000324";"2026";"8";"venda";"50000,00";"17/06/2026 15:16:10";"05/08/2026 10:28:36"
"45518";"000324";"2026";"9";"venda";"30000,00";"17/06/2026 15:16:10";"15/09/2026 10:05:51"
"45519";"000324";"2026";"10";"venda";"50000,00";"17/06/2026 15:16:10";"05/08/2026 10:28:39"
"45520";"000324";"2026";"11";"venda";"50000,00";"17/06/2026 15:16:10";"05/08/2026 10:28:40"
"45521";"000324";"2026";"12";"venda";"50000,00";"17/06/2026 15:16:10";"05/08/2026 10:28:43"
"45522";"000332";"2026";"1";"venda";"0,00";"17/06/2026 15:16:10";"27/07/2026 08:13:10"
"45523";"000332";"2026";"2";"venda";"0,00";"17/06/2026 15:16:10";"17/06/2026 15:16:10"
"45524";"000332";"2026";"3";"venda";"0,00";"17/06/2026 15:16:10";"27/07/2026 08:13:10"
"45525";"000332";"2026";"4";"venda";"0,00";"17/06/2026 15:16:10";"27/07/2026 08:13:10"
"45526";"000332";"2026";"5";"venda";"0,00";"17/06/2026 15:16:10";"17/06/2026 15:16:10"
"45527";"000332";"2026";"6";"venda";"0,00";"17/06/2026 15:16:10";"18/06/2026 12:01:48"
"45528";"000332";"2026";"7";"venda";"0,00";"17/06/2026 15:16:10";"17/06/2026 15:16:10"
"45529";"000332";"2026";"8";"venda";"0,00";"17/06/2026 15:16:10";"27/07/2026 08:13:10"
"45530";"000332";"2026";"9";"venda";"0,00";"17/06/2026 15:16:10";"17/06/2026 15:16:10"
"45531";"000332";"2026";"10";"venda";"0,00";"17/06/2026 15:16:10";"17/06/2026 15:16:10"
"45532";"000332";"2026";"11";"venda";"0,00";"17/06/2026 15:16:10";"17/06/2026 15:16:10"
"45533";"000332";"2026";"12";"venda";"0,00";"17/06/2026 15:16:10";"17/06/2026 15:16:10"
"45534";"000359";"2026";"1";"venda";"350000,00";"17/06/2026 15:16:10";"05/08/2026 10:28:30"
"45535";"000359";"2026";"2";"venda";"350000,00";"17/06/2026 15:16:10";"05/08/2026 10:28:31"
"45536";"000359";"2026";"3";"venda";"350000,00";"17/06/2026 15:16:10";"05/08/2026 10:28:32"
"45537";"000359";"2026";"4";"venda";"350000,00";"17/06/2026 15:16:10";"05/08/2026 10:28:33"
"45538";"000359";"2026";"5";"venda";"350000,00";"17/06/2026 15:16:10";"05/08/2026 10:28:34"
"45539";"000359";"2026";"6";"venda";"350000,00";"17/06/2026 15:16:10";"05/08/2026 10:28:34"
"45540";"000359";"2026";"7";"venda";"350000,00";"17/06/2026 15:16:10";"29/07/2026 20:31:07"
"45541";"000359";"2026";"8";"venda";"350000,00";"17/06/2026 15:16:10";"05/08/2026 10:28:36"
"45542";"000359";"2026";"9";"venda";"350000,00";"17/06/2026 15:16:10";"05/08/2026 10:28:37"
"45543";"000359";"2026";"10";"venda";"350000,00";"17/06/2026 15:16:10";"05/08/2026 10:28:39"
"45544";"000359";"2026";"11";"venda";"350000,00";"17/06/2026 15:16:10";"05/08/2026 10:28:40"
"45545";"000359";"2026";"12";"venda";"350000,00";"17/06/2026 15:16:10";"05/08/2026 10:28:43"
"45546";"000380";"2026";"1";"venda";"0,00";"17/06/2026 15:16:10";"17/06/2026 15:16:10"
"45547";"000380";"2026";"2";"venda";"0,00";"17/06/2026 15:16:10";"27/07/2026 08:13:11"
"45548";"000380";"2026";"3";"venda";"0,00";"17/06/2026 15:16:10";"17/06/2026 15:16:10"
"45549";"000380";"2026";"4";"venda";"0,00";"17/06/2026 15:16:10";"17/06/2026 15:16:10"
"45550";"000380";"2026";"5";"venda";"0,00";"17/06/2026 15:16:10";"27/07/2026 08:13:11"
"45551";"000380";"2026";"6";"venda";"0,00";"17/06/2026 15:16:10";"17/06/2026 15:16:10"
"45552";"000380";"2026";"7";"venda";"0,00";"17/06/2026 15:16:10";"27/07/2026 08:13:11"
"45553";"000380";"2026";"8";"venda";"0,00";"17/06/2026 15:16:10";"27/07/2026 08:13:11"
"45554";"000380";"2026";"9";"venda";"0,00";"17/06/2026 15:16:10";"17/06/2026 15:16:10"
"45555";"000380";"2026";"10";"venda";"0,00";"17/06/2026 15:16:10";"27/07/2026 08:13:11"
"45556";"000380";"2026";"11";"venda";"0,00";"17/06/2026 15:16:10";"17/06/2026 15:16:10"
"45557";"000380";"2026";"12";"venda";"0,00";"17/06/2026 15:16:10";"17/06/2026 15:16:10"
"45558";"000385";"2026";"1";"venda";"134400,00";"17/06/2026 15:16:10";"05/08/2026 10:28:31"
"45559";"000385";"2026";"2";"venda";"134400,00";"17/06/2026 15:16:10";"05/08/2026 10:28:32"
"45560";"000385";"2026";"3";"venda";"134400,00";"17/06/2026 15:16:10";"05/08/2026 10:28:33"
"45561";"000385";"2026";"4";"venda";"134400,00";"17/06/2026 15:16:10";"05/08/2026 10:28:33"
"45562";"000385";"2026";"5";"venda";"134400,00";"17/06/2026 15:16:10";"05/08/2026 10:28:34"
"45563";"000385";"2026";"6";"venda";"134400,00";"17/06/2026 15:16:10";"05/08/2026 10:28:35"
"45564";"000385";"2026";"7";"venda";"134400,00";"17/06/2026 15:16:10";"27/07/2026 08:13:11"
"45565";"000385";"2026";"8";"venda";"134400,00";"17/06/2026 15:16:10";"27/07/2026 08:13:11"
"45566";"000385";"2026";"9";"venda";"105000,00";"17/06/2026 15:16:10";"15/09/2026 10:06:49"
"45567";"000385";"2026";"10";"venda";"134400,00";"17/06/2026 15:16:10";"05/08/2026 10:28:40"
"45568";"000385";"2026";"11";"venda";"134400,00";"17/06/2026 15:16:10";"05/08/2026 10:28:42"
"45569";"000385";"2026";"12";"venda";"134400,00";"17/06/2026 15:16:10";"05/08/2026 10:28:43"
"45570";"010001";"2026";"1";"venda";"0,00";"17/06/2026 15:16:10";"27/07/2026 08:13:10"
"45571";"010001";"2026";"2";"venda";"0,00";"17/06/2026 15:16:10";"17/06/2026 15:16:10"
"45572";"010001";"2026";"3";"venda";"0,00";"17/06/2026 15:16:10";"27/07/2026 08:13:10"
"45573";"010001";"2026";"4";"venda";"0,00";"17/06/2026 15:16:10";"27/07/2026 08:13:10"
"45574";"010001";"2026";"5";"venda";"0,00";"17/06/2026 15:16:10";"17/06/2026 15:16:10"
"45575";"010001";"2026";"6";"venda";"0,00";"17/06/2026 15:16:10";"18/06/2026 12:01:48"
"45576";"010001";"2026";"7";"venda";"0,00";"17/06/2026 15:16:10";"17/06/2026 15:16:10"
"45577";"010001";"2026";"8";"venda";"0,00";"17/06/2026 15:16:10";"27/07/2026 08:13:10"
"45578";"010001";"2026";"9";"venda";"0,00";"17/06/2026 15:16:10";"27/07/2026 08:13:10"
"45579";"010001";"2026";"10";"venda";"0,00";"17/06/2026 15:16:10";"27/07/2026 08:13:10"
"45580";"010001";"2026";"11";"venda";"0,00";"17/06/2026 15:16:10";"17/06/2026 15:16:10"
"45581";"010001";"2026";"12";"venda";"0,00";"17/06/2026 15:16:10";"17/06/2026 15:16:10"
"45582";"010002";"2026";"1";"venda";"18697045,92";"17/06/2026 15:16:10";"27/07/2026 08:13:11"
"45583";"010002";"2026";"2";"venda";"16405230,24";"17/06/2026 15:16:10";"27/07/2026 08:13:11"
"45584";"010002";"2026";"3";"venda";"19790051,68";"17/06/2026 15:16:10";"27/07/2026 08:13:11"
"45585";"010002";"2026";"4";"venda";"17348885,12";"17/06/2026 15:16:10";"27/07/2026 08:13:11"
"45586";"010002";"2026";"5";"venda";"19040000,00";"17/06/2026 15:16:10";"27/07/2026 08:13:11"
"45587";"010002";"2026";"6";"venda";"20580737,89";"17/06/2026 15:16:10";"27/07/2026 08:13:11"
"45588";"010002";"2026";"7";"venda";"18592000,00";"17/06/2026 15:16:10";"27/07/2026 08:13:11"
"45589";"010002";"2026";"8";"venda";"18816000,00";"17/06/2026 15:16:10";"27/07/2026 08:13:11"
"45590";"010002";"2026";"9";"venda";"21862400,00";"17/06/2026 15:16:10";"27/07/2026 08:13:11"
"45591";"010002";"2026";"10";"venda";"30800000,00";"17/06/2026 15:16:10";"27/07/2026 08:13:11"
"45592";"010002";"2026";"11";"venda";"30800000,00";"17/06/2026 15:16:10";"27/07/2026 08:13:11"
"45593";"010002";"2026";"12";"venda";"25872000,00";"17/06/2026 15:16:10";"27/07/2026 08:13:11"
"45594";"010018";"2026";"1";"venda";"31765,44";"17/06/2026 15:16:10";"27/07/2026 08:13:11"
"45595";"010018";"2026";"2";"venda";"26903,52";"17/06/2026 15:16:10";"27/07/2026 08:13:11"
"45596";"010018";"2026";"3";"venda";"21902,72";"17/06/2026 15:16:10";"27/07/2026 08:13:11"
"45597";"010018";"2026";"4";"venda";"134400,00";"17/06/2026 15:16:10";"27/07/2026 08:13:11"
"45598";"010018";"2026";"5";"venda";"134400,00";"17/06/2026 15:16:10";"27/07/2026 08:13:11"
"45599";"010018";"2026";"6";"venda";"134400,00";"17/06/2026 15:16:10";"27/07/2026 08:13:11"
"45600";"010018";"2026";"7";"venda";"134400,00";"17/06/2026 15:16:10";"27/07/2026 08:13:11"
"45601";"010018";"2026";"8";"venda";"134400,00";"17/06/2026 15:16:10";"27/07/2026 08:13:11"
"45602";"010018";"2026";"9";"venda";"134400,00";"17/06/2026 15:16:10";"27/07/2026 08:13:11"
"45603";"010018";"2026";"10";"venda";"134400,00";"17/06/2026 15:16:10";"27/07/2026 08:13:11"
"45604";"010018";"2026";"11";"venda";"134400,00";"17/06/2026 15:16:10";"27/07/2026 08:13:11"
"45605";"010018";"2026";"12";"venda";"134400,00";"17/06/2026 15:16:10";"27/07/2026 08:13:11"
"45606";"010038";"2026";"1";"venda";"0,00";"17/06/2026 15:16:10";"17/06/2026 15:16:10"
"45607";"010038";"2026";"2";"venda";"0,00";"17/06/2026 15:16:10";"17/06/2026 15:16:10"
"45608";"010038";"2026";"3";"venda";"0,00";"17/06/2026 15:16:10";"17/06/2026 15:16:10"
"45609";"010038";"2026";"4";"venda";"0,00";"17/06/2026 15:16:10";"17/06/2026 15:16:10"
"45610";"010038";"2026";"5";"venda";"0,00";"17/06/2026 15:16:10";"27/07/2026 08:13:11"
"45611";"010038";"2026";"6";"venda";"0,00";"17/06/2026 15:16:10";"17/06/2026 15:16:10"
"45612";"010038";"2026";"7";"venda";"0,00";"17/06/2026 15:16:10";"27/07/2026 08:13:11"
"45613";"010038";"2026";"8";"venda";"0,00";"17/06/2026 15:16:10";"17/06/2026 15:16:10"
"45614";"010038";"2026";"9";"venda";"0,00";"17/06/2026 15:16:10";"17/06/2026 15:16:10"
"45615";"010038";"2026";"10";"venda";"0,00";"17/06/2026 15:16:10";"17/06/2026 15:16:10"
"45616";"010038";"2026";"11";"venda";"0,00";"17/06/2026 15:16:10";"17/06/2026 15:16:10"
"45617";"010038";"2026";"12";"venda";"0,00";"17/06/2026 15:16:10";"17/06/2026 15:16:10"
"45618";"010086";"2026";"1";"venda";"488651,52";"17/06/2026 15:16:10";"27/07/2026 08:13:11"
"45619";"010086";"2026";"2";"venda";"338513,28";"17/06/2026 15:16:10";"27/07/2026 08:13:11"
"45620";"010086";"2026";"3";"venda";"394203,04";"17/06/2026 15:16:10";"27/07/2026 08:13:11"
"45621";"010086";"2026";"4";"venda";"496043,52";"17/06/2026 15:16:10";"27/07/2026 08:13:11"
"45622";"010086";"2026";"5";"venda";"313600,00";"17/06/2026 15:16:10";"27/07/2026 08:13:11"
"45623";"010086";"2026";"6";"venda";"670201,50";"17/06/2026 15:16:10";"27/07/2026 08:13:11"
"45624";"010086";"2026";"7";"venda";"772800,00";"17/06/2026 15:16:10";"27/07/2026 08:13:11"
"45625";"010086";"2026";"8";"venda";"672000,00";"17/06/2026 15:16:10";"27/07/2026 08:13:11"
"45626";"010086";"2026";"9";"venda";"448000,00";"17/06/2026 15:16:10";"27/07/2026 08:13:11"
"45627";"010086";"2026";"10";"venda";"392000,00";"17/06/2026 15:16:10";"27/07/2026 08:13:11"
"45628";"010086";"2026";"11";"venda";"392000,00";"17/06/2026 15:16:10";"27/07/2026 08:13:11"
"45629";"010086";"2026";"12";"venda";"537600,00";"17/06/2026 15:16:10";"27/07/2026 08:13:11"
"45630";"010102";"2026";"1";"venda";"504000,00";"17/06/2026 15:16:10";"27/07/2026 08:13:10"
"45631";"010102";"2026";"2";"venda";"504000,00";"17/06/2026 15:16:10";"27/07/2026 08:13:10"
"45632";"010102";"2026";"3";"venda";"504000,00";"17/06/2026 15:16:10";"27/07/2026 08:13:10"
"45633";"010102";"2026";"4";"venda";"504000,00";"17/06/2026 15:16:10";"27/07/2026 08:13:10"
"45634";"010102";"2026";"5";"venda";"504000,00";"17/06/2026 15:16:10";"27/07/2026 08:13:10"
"45635";"010102";"2026";"6";"venda";"522169,80";"17/06/2026 15:16:10";"27/07/2026 08:13:10"
"45636";"010102";"2026";"7";"venda";"504000,00";"17/06/2026 15:16:10";"27/07/2026 08:13:10"
"45637";"010102";"2026";"8";"venda";"504000,00";"17/06/2026 15:16:10";"27/07/2026 08:13:10"
"45638";"010102";"2026";"9";"venda";"504000,00";"17/06/2026 15:16:10";"27/07/2026 08:13:10"
"45639";"010102";"2026";"10";"venda";"504000,00";"17/06/2026 15:16:10";"27/07/2026 08:13:10"
"45640";"010102";"2026";"11";"venda";"504000,00";"17/06/2026 15:16:10";"27/07/2026 08:13:10"
"45641";"010102";"2026";"12";"venda";"504000,00";"17/06/2026 15:16:10";"27/07/2026 08:13:10"
"45642";"010147";"2026";"1";"venda";"201600,00";"17/06/2026 15:16:10";"05/08/2026 10:28:31"
"45643";"010147";"2026";"2";"venda";"201600,00";"17/06/2026 15:16:10";"05/08/2026 10:28:32"
"45644";"010147";"2026";"3";"venda";"201600,00";"17/06/2026 15:16:10";"05/08/2026 10:28:33"
"45645";"010147";"2026";"4";"venda";"201600,00";"17/06/2026 15:16:10";"05/08/2026 10:28:33"
"45646";"010147";"2026";"5";"venda";"201600,00";"17/06/2026 15:16:10";"05/08/2026 10:28:34"
"45647";"010147";"2026";"6";"venda";"201600,00";"17/06/2026 15:16:10";"05/08/2026 10:28:35"
"45648";"010147";"2026";"7";"venda";"201600,00";"17/06/2026 15:16:10";"27/07/2026 08:13:11"
"45649";"010147";"2026";"8";"venda";"201600,00";"17/06/2026 15:16:10";"05/08/2026 10:28:37"
"45650";"010147";"2026";"9";"venda";"201600,00";"17/06/2026 15:16:10";"05/08/2026 10:28:38"
"45651";"010147";"2026";"10";"venda";"201600,00";"17/06/2026 15:16:10";"05/08/2026 10:28:40"
"45652";"010147";"2026";"11";"venda";"201600,00";"17/06/2026 15:16:10";"05/08/2026 10:28:42"
"45653";"010147";"2026";"12";"venda";"201600,00";"17/06/2026 15:16:10";"05/08/2026 10:28:43"
"45654";"010161";"2026";"1";"venda";"13384,00";"17/06/2026 15:16:10";"27/07/2026 08:13:10"
"45655";"010161";"2026";"2";"venda";"49642,88";"17/06/2026 15:16:10";"27/07/2026 08:13:10"
"45656";"010161";"2026";"3";"venda";"46930,24";"17/06/2026 15:16:10";"27/07/2026 08:13:10"
"45657";"010161";"2026";"4";"venda";"134400,00";"17/06/2026 15:16:10";"27/07/2026 08:13:10"
"45658";"010161";"2026";"5";"venda";"134400,00";"17/06/2026 15:16:10";"27/07/2026 08:13:10"
"45659";"010161";"2026";"6";"venda";"151708,48";"17/06/2026 15:16:10";"27/07/2026 08:13:10"
"45660";"010161";"2026";"7";"venda";"134400,00";"17/06/2026 15:16:10";"27/07/2026 08:13:10"
"45661";"010161";"2026";"8";"venda";"134400,00";"17/06/2026 15:16:10";"27/07/2026 08:13:10"
"45662";"010161";"2026";"9";"venda";"134400,00";"17/06/2026 15:16:10";"27/07/2026 08:13:10"
"45663";"010161";"2026";"10";"venda";"134400,00";"17/06/2026 15:16:10";"27/07/2026 08:13:10"
"45664";"010161";"2026";"11";"venda";"134400,00";"17/06/2026 15:16:10";"27/07/2026 08:13:10"
"45665";"010161";"2026";"12";"venda";"134400,00";"17/06/2026 15:16:10";"27/07/2026 08:13:10"
"45666";"010172";"2026";"1";"venda";"672000,00";"17/06/2026 15:16:10";"27/07/2026 08:13:11"
"45667";"010172";"2026";"2";"venda";"672000,00";"17/06/2026 15:16:10";"27/07/2026 08:13:11"
"45668";"010172";"2026";"3";"venda";"672000,00";"17/06/2026 15:16:10";"27/07/2026 08:13:11"
"45669";"010172";"2026";"4";"venda";"672000,00";"17/06/2026 15:16:10";"27/07/2026 08:13:11"
"45670";"010172";"2026";"5";"venda";"672000,00";"17/06/2026 15:16:10";"27/07/2026 08:13:11"
"45671";"010172";"2026";"6";"venda";"672896,00";"17/06/2026 15:16:10";"27/07/2026 08:13:11"
"45672";"010172";"2026";"7";"venda";"672000,00";"17/06/2026 15:16:10";"27/07/2026 08:13:11"
"45673";"010172";"2026";"8";"venda";"672000,00";"17/06/2026 15:16:10";"27/07/2026 08:13:11"
"45674";"010172";"2026";"9";"venda";"672000,00";"17/06/2026 15:16:10";"27/07/2026 08:13:11"
"45675";"010172";"2026";"10";"venda";"761600,00";"17/06/2026 15:16:11";"27/07/2026 08:13:11"
"45676";"010172";"2026";"11";"venda";"952000,00";"17/06/2026 15:16:11";"27/07/2026 08:13:11"
"45677";"010172";"2026";"12";"venda";"840000,00";"17/06/2026 15:16:11";"27/07/2026 08:13:11"
"45678";"010178";"2026";"1";"venda";"0,00";"17/06/2026 15:16:11";"17/06/2026 15:16:11"
"45679";"010178";"2026";"2";"venda";"0,00";"17/06/2026 15:16:11";"17/06/2026 15:16:11"
"45680";"010178";"2026";"3";"venda";"0,00";"17/06/2026 15:16:11";"17/06/2026 15:16:11"
"45681";"010178";"2026";"4";"venda";"0,00";"17/06/2026 15:16:11";"17/06/2026 15:16:11"
"45682";"010178";"2026";"5";"venda";"0,00";"17/06/2026 15:16:11";"17/06/2026 15:16:11"
"45683";"010178";"2026";"6";"venda";"0,00";"17/06/2026 15:16:11";"17/06/2026 15:16:11"
"45684";"010178";"2026";"7";"venda";"0,00";"17/06/2026 15:16:11";"17/06/2026 15:16:11"
"45685";"010178";"2026";"8";"venda";"0,00";"17/06/2026 15:16:11";"17/06/2026 15:16:11"
"45686";"010178";"2026";"9";"venda";"0,00";"17/06/2026 15:16:11";"17/06/2026 15:16:11"
"45687";"010178";"2026";"10";"venda";"0,00";"17/06/2026 15:16:11";"17/06/2026 15:16:11"
"45688";"010178";"2026";"11";"venda";"0,00";"17/06/2026 15:16:11";"17/06/2026 15:16:11"
"45689";"010178";"2026";"12";"venda";"0,00";"17/06/2026 15:16:11";"17/06/2026 15:16:11"
"45690";"010188";"2026";"1";"venda";"348728,80";"17/06/2026 15:16:11";"27/07/2026 08:13:10"
"45691";"010188";"2026";"2";"venda";"85753,92";"17/06/2026 15:16:11";"27/07/2026 08:13:10"
"45692";"010188";"2026";"3";"venda";"291566,24";"17/06/2026 15:16:11";"27/07/2026 08:13:10"
"45693";"010188";"2026";"4";"venda";"109697,28";"17/06/2026 15:16:11";"27/07/2026 08:13:10"
"45694";"010188";"2026";"5";"venda";"156800,00";"17/06/2026 15:16:11";"27/07/2026 08:13:10"
"45695";"010188";"2026";"6";"venda";"112000,00";"17/06/2026 15:16:11";"18/06/2026 12:01:48"
"45696";"010188";"2026";"7";"venda";"134400,00";"17/06/2026 15:16:11";"27/07/2026 08:13:10"
"45697";"010188";"2026";"8";"venda";"112000,00";"17/06/2026 15:16:11";"27/07/2026 08:13:10"
"45698";"010188";"2026";"9";"venda";"112000,00";"17/06/2026 15:16:11";"27/07/2026 08:13:10"
"45699";"010188";"2026";"10";"venda";"201600,00";"17/06/2026 15:16:11";"27/07/2026 08:13:10"
"45700";"010188";"2026";"11";"venda";"184800,00";"17/06/2026 15:16:11";"27/07/2026 08:13:10"
"45701";"010188";"2026";"12";"venda";"145600,00";"17/06/2026 15:16:11";"27/07/2026 08:13:10"
"45702";"010191";"2026";"1";"venda";"50000,00";"17/06/2026 15:16:11";"05/08/2026 10:28:30"
"45703";"010191";"2026";"2";"venda";"50000,00";"17/06/2026 15:16:11";"05/08/2026 10:28:31"
"45704";"010191";"2026";"3";"venda";"50000,00";"17/06/2026 15:16:11";"05/08/2026 10:28:32"
"45705";"010191";"2026";"4";"venda";"50000,00";"17/06/2026 15:16:11";"05/08/2026 10:28:33"
"45706";"010191";"2026";"5";"venda";"50000,00";"17/06/2026 15:16:11";"05/08/2026 10:28:34"
"45707";"010191";"2026";"6";"venda";"50000,00";"17/06/2026 15:16:11";"05/08/2026 10:28:35"
"45708";"010191";"2026";"7";"venda";"50000,00";"17/06/2026 15:16:11";"29/07/2026 20:01:34"
"45709";"010191";"2026";"8";"venda";"50000,00";"17/06/2026 15:16:11";"05/08/2026 10:28:36"
"45710";"010191";"2026";"9";"venda";"50000,00";"17/06/2026 15:16:11";"05/08/2026 10:28:37"
"45711";"010191";"2026";"10";"venda";"50000,00";"17/06/2026 15:16:11";"05/08/2026 10:28:39"
"45712";"010191";"2026";"11";"venda";"50000,00";"17/06/2026 15:16:11";"05/08/2026 10:28:40"
"45713";"010191";"2026";"12";"venda";"50000,00";"17/06/2026 15:16:11";"05/08/2026 10:28:43"
"45714";"010192";"2026";"1";"venda";"0,00";"17/06/2026 15:16:11";"27/07/2026 08:13:11"
"45715";"010192";"2026";"2";"venda";"0,00";"17/06/2026 15:16:11";"27/07/2026 08:13:11"
"45716";"010192";"2026";"3";"venda";"0,00";"17/06/2026 15:16:11";"27/07/2026 08:13:11"
"45717";"010192";"2026";"4";"venda";"0,00";"17/06/2026 15:16:11";"27/07/2026 08:13:11"
"45718";"010192";"2026";"5";"venda";"0,00";"17/06/2026 15:16:11";"27/07/2026 08:13:11"
"45719";"010192";"2026";"6";"venda";"0,00";"17/06/2026 15:16:11";"18/06/2026 12:01:48"
"45720";"010192";"2026";"7";"venda";"0,00";"17/06/2026 15:16:11";"27/07/2026 08:13:11"
"45721";"010192";"2026";"8";"venda";"0,00";"17/06/2026 15:16:11";"27/07/2026 08:13:11"
"45722";"010192";"2026";"9";"venda";"0,00";"17/06/2026 15:16:11";"27/07/2026 08:13:11"
"45723";"010192";"2026";"10";"venda";"0,00";"17/06/2026 15:16:11";"27/07/2026 08:13:11"
"45724";"010192";"2026";"11";"venda";"0,00";"17/06/2026 15:16:11";"27/07/2026 08:13:11"
"45725";"010192";"2026";"12";"venda";"0,00";"17/06/2026 15:16:11";"27/07/2026 08:13:11"
"45726";"010208";"2026";"1";"venda";"170000,00";"17/06/2026 15:16:11";"05/08/2026 10:28:31"
"45727";"010208";"2026";"2";"venda";"170000,00";"17/06/2026 15:16:11";"05/08/2026 10:28:32"
"45728";"010208";"2026";"3";"venda";"170000,00";"17/06/2026 15:16:11";"05/08/2026 10:28:33"
"45729";"010208";"2026";"4";"venda";"170000,00";"17/06/2026 15:16:11";"05/08/2026 10:28:33"
"45730";"010208";"2026";"5";"venda";"170000,00";"17/06/2026 15:16:11";"05/08/2026 10:28:34"
"45731";"010208";"2026";"6";"venda";"170000,00";"17/06/2026 15:16:11";"05/08/2026 10:28:35"
"45732";"010208";"2026";"7";"venda";"170000,00";"17/06/2026 15:16:11";"29/07/2026 19:47:55"
"45733";"010208";"2026";"8";"venda";"170000,00";"17/06/2026 15:16:11";"05/08/2026 10:28:37"
"45734";"010208";"2026";"9";"venda";"170000,00";"17/06/2026 15:16:11";"05/08/2026 10:28:38"
"45735";"010208";"2026";"10";"venda";"170000,00";"17/06/2026 15:16:11";"05/08/2026 10:28:40"
"45736";"010208";"2026";"11";"venda";"170000,00";"17/06/2026 15:16:11";"05/08/2026 10:28:42"
"45737";"010208";"2026";"12";"venda";"170000,00";"17/06/2026 15:16:11";"05/08/2026 10:28:43"
"45738";"010214";"2026";"1";"venda";"17706,08";"17/06/2026 15:16:11";"27/07/2026 08:13:11"
"45739";"010214";"2026";"2";"venda";"97249,60";"17/06/2026 15:16:11";"27/07/2026 08:13:11"
"45740";"010214";"2026";"3";"venda";"4373,60";"17/06/2026 15:16:11";"27/07/2026 08:13:11"
"45741";"010214";"2026";"4";"venda";"89600,00";"17/06/2026 15:16:11";"27/07/2026 08:13:11"
"45742";"010214";"2026";"5";"venda";"100800,00";"17/06/2026 15:16:11";"27/07/2026 08:13:11"
"45743";"010214";"2026";"6";"venda";"100800,00";"17/06/2026 15:16:11";"27/07/2026 08:13:11"
"45744";"010214";"2026";"7";"venda";"100800,00";"17/06/2026 15:16:11";"27/07/2026 08:13:11"
"45745";"010214";"2026";"8";"venda";"100800,00";"17/06/2026 15:16:11";"27/07/2026 08:13:11"
"45746";"010214";"2026";"9";"venda";"100800,00";"17/06/2026 15:16:11";"27/07/2026 08:13:11"
"45747";"010214";"2026";"10";"venda";"100800,00";"17/06/2026 15:16:11";"27/07/2026 08:13:11"
"45748";"010214";"2026";"11";"venda";"100800,00";"17/06/2026 15:16:11";"27/07/2026 08:13:11"
"45749";"010214";"2026";"12";"venda";"100800,00";"17/06/2026 15:16:11";"27/07/2026 08:13:11"
"45750";"010217";"2026";"1";"venda";"30000,00";"17/06/2026 15:16:11";"05/08/2026 10:28:31"
"45751";"010217";"2026";"2";"venda";"30000,00";"17/06/2026 15:16:11";"05/08/2026 10:28:31"
"45752";"010217";"2026";"3";"venda";"30000,00";"17/06/2026 15:16:11";"05/08/2026 10:28:32"
"45753";"010217";"2026";"4";"venda";"30000,00";"17/06/2026 15:16:11";"05/08/2026 10:28:33"
"45754";"010217";"2026";"5";"venda";"30000,00";"17/06/2026 15:16:11";"05/08/2026 10:28:34"
"45755";"010217";"2026";"6";"venda";"30000,00";"17/06/2026 15:16:11";"05/08/2026 10:28:35"
"45756";"010217";"2026";"7";"venda";"30000,00";"17/06/2026 15:16:11";"29/07/2026 20:22:04"
"45757";"010217";"2026";"8";"venda";"0,00";"17/06/2026 15:16:11";"01/09/2026 10:04:04"
"45758";"010217";"2026";"9";"venda";"30000,00";"17/06/2026 15:16:11";"05/08/2026 10:28:38"
"45759";"010217";"2026";"10";"venda";"30000,00";"17/06/2026 15:16:11";"05/08/2026 10:28:39"
"45760";"010217";"2026";"11";"venda";"30000,00";"17/06/2026 15:16:11";"05/08/2026 10:28:41"
"45761";"010217";"2026";"12";"venda";"30000,00";"17/06/2026 15:16:11";"05/08/2026 10:28:43"
"45762";"010218";"2026";"1";"venda";"15290,24";"17/06/2026 15:16:11";"27/07/2026 08:13:10"
"45763";"010218";"2026";"2";"venda";"189053,76";"17/06/2026 15:16:11";"27/07/2026 08:13:10"
"45764";"010218";"2026";"3";"venda";"56216,16";"17/06/2026 15:16:11";"27/07/2026 08:13:10"
"45765";"010218";"2026";"4";"venda";"185223,36";"17/06/2026 15:16:11";"27/07/2026 08:13:10"
"45766";"010218";"2026";"5";"venda";"235200,00";"17/06/2026 15:16:11";"27/07/2026 08:13:10"
"45767";"010218";"2026";"6";"venda";"240800,00";"17/06/2026 15:16:11";"27/07/2026 08:13:10"
"45768";"010218";"2026";"7";"venda";"246400,00";"17/06/2026 15:16:11";"27/07/2026 08:13:10"
"45769";"010218";"2026";"8";"venda";"336000,00";"17/06/2026 15:16:11";"27/07/2026 08:13:10"
"45770";"010218";"2026";"9";"venda";"336000,00";"17/06/2026 15:16:11";"27/07/2026 08:13:10"
"45771";"010218";"2026";"10";"venda";"162400,00";"17/06/2026 15:16:11";"27/07/2026 08:13:10"
"45772";"010218";"2026";"11";"venda";"291200,00";"17/06/2026 15:16:11";"27/07/2026 08:13:10"
"45773";"010218";"2026";"12";"venda";"319200,00";"17/06/2026 15:16:11";"27/07/2026 08:13:10"
"45774";"010228";"2026";"1";"venda";"150000,00";"17/06/2026 15:16:11";"05/08/2026 10:28:31"
"45775";"010228";"2026";"2";"venda";"150000,00";"17/06/2026 15:16:11";"05/08/2026 10:28:32"
"45776";"010228";"2026";"3";"venda";"150000,00";"17/06/2026 15:16:11";"05/08/2026 10:28:33"
"45777";"010228";"2026";"4";"venda";"150000,00";"17/06/2026 15:16:11";"05/08/2026 10:28:33"
"45778";"010228";"2026";"5";"venda";"150000,00";"17/06/2026 15:16:11";"05/08/2026 10:28:34"
"45779";"010228";"2026";"6";"venda";"150000,00";"17/06/2026 15:16:11";"05/08/2026 10:28:35"
"45780";"010228";"2026";"7";"venda";"150000,00";"17/06/2026 15:16:11";"29/07/2026 19:43:21"
"45781";"010228";"2026";"8";"venda";"150000,00";"17/06/2026 15:16:11";"05/08/2026 10:28:37"
"45782";"010228";"2026";"9";"venda";"150000,00";"17/06/2026 15:16:11";"05/08/2026 10:28:38"
"45783";"010228";"2026";"10";"venda";"150000,00";"17/06/2026 15:16:11";"05/08/2026 10:28:40"
"45784";"010228";"2026";"11";"venda";"150000,00";"17/06/2026 15:16:11";"05/08/2026 10:28:42"
"45785";"010228";"2026";"12";"venda";"150000,00";"17/06/2026 15:16:11";"05/08/2026 10:28:44"
"45786";"010240";"2026";"1";"venda";"63856,80";"17/06/2026 15:16:11";"27/07/2026 08:13:10"
"45787";"010240";"2026";"2";"venda";"35176,96";"17/06/2026 15:16:11";"27/07/2026 08:13:10"
"45788";"010240";"2026";"3";"venda";"59258,08";"17/06/2026 15:16:11";"27/07/2026 08:13:10"
"45789";"010240";"2026";"4";"venda";"134400,00";"17/06/2026 15:16:11";"27/07/2026 08:13:10"
"45790";"010240";"2026";"5";"venda";"134400,00";"17/06/2026 15:16:11";"27/07/2026 08:13:10"
"45791";"010240";"2026";"6";"venda";"152980,80";"17/06/2026 15:16:11";"27/07/2026 08:13:10"
"45792";"010240";"2026";"7";"venda";"134400,00";"17/06/2026 15:16:11";"27/07/2026 08:13:10"
"45793";"010240";"2026";"8";"venda";"134400,00";"17/06/2026 15:16:11";"27/07/2026 08:13:10"
"45794";"010240";"2026";"9";"venda";"134400,00";"17/06/2026 15:16:11";"27/07/2026 08:13:10"
"45795";"010240";"2026";"10";"venda";"134400,00";"17/06/2026 15:16:11";"27/07/2026 08:13:10"
"45796";"010240";"2026";"11";"venda";"134400,00";"17/06/2026 15:16:11";"27/07/2026 08:13:10"
"45797";"010240";"2026";"12";"venda";"134400,00";"17/06/2026 15:16:11";"27/07/2026 08:13:10"
"45798";"010241";"2026";"1";"venda";"0,00";"17/06/2026 15:16:11";"27/07/2026 08:13:11"
"45799";"010241";"2026";"2";"venda";"0,00";"17/06/2026 15:16:11";"27/07/2026 08:13:11"
"45800";"010241";"2026";"3";"venda";"0,00";"17/06/2026 15:16:11";"27/07/2026 08:13:11"
"45801";"010241";"2026";"4";"venda";"0,00";"17/06/2026 15:16:11";"27/07/2026 08:13:11"
"45802";"010241";"2026";"5";"venda";"0,00";"17/06/2026 15:16:11";"27/07/2026 08:13:11"
"45803";"010241";"2026";"6";"venda";"720297,48";"17/06/2026 15:16:11";"27/07/2026 08:13:11"
"45804";"010241";"2026";"7";"venda";"0,00";"17/06/2026 15:16:11";"27/07/2026 08:13:11"
"45805";"010241";"2026";"8";"venda";"0,00";"17/06/2026 15:16:11";"27/07/2026 08:13:11"
"45806";"010241";"2026";"9";"venda";"0,00";"17/06/2026 15:16:11";"27/07/2026 08:13:11"
"45807";"010241";"2026";"10";"venda";"0,00";"17/06/2026 15:16:11";"27/07/2026 08:13:11"
"45808";"010241";"2026";"11";"venda";"0,00";"17/06/2026 15:16:11";"27/07/2026 08:13:11"
"45809";"010241";"2026";"12";"venda";"0,00";"17/06/2026 15:16:11";"27/07/2026 08:13:11"
"45810";"010244";"2026";"1";"venda";"257600,00";"17/06/2026 15:16:11";"05/08/2026 10:28:30"
"45811";"010244";"2026";"2";"venda";"257600,00";"17/06/2026 15:16:11";"05/08/2026 10:28:31"
"45812";"010244";"2026";"3";"venda";"257600,00";"17/06/2026 15:16:11";"05/08/2026 10:28:32"
"45813";"010244";"2026";"4";"venda";"257600,00";"17/06/2026 15:16:11";"05/08/2026 10:28:33"
"45814";"010244";"2026";"5";"venda";"257600,00";"17/06/2026 15:16:11";"05/08/2026 10:28:34"
"45815";"010244";"2026";"6";"venda";"257600,00";"17/06/2026 15:16:11";"05/08/2026 10:28:34"
"45816";"010244";"2026";"7";"venda";"257600,00";"17/06/2026 15:16:11";"27/07/2026 08:13:10"
"45817";"010244";"2026";"8";"venda";"257600,00";"17/06/2026 15:16:11";"05/08/2026 10:28:36"
"45818";"010244";"2026";"9";"venda";"257600,00";"17/06/2026 15:16:11";"05/08/2026 10:28:37"
"45819";"010244";"2026";"10";"venda";"257600,00";"17/06/2026 15:16:11";"05/08/2026 10:28:39"
"45820";"010244";"2026";"11";"venda";"257600,00";"17/06/2026 15:16:11";"05/08/2026 10:28:40"
"45821";"010244";"2026";"12";"venda";"257600,00";"17/06/2026 15:16:11";"05/08/2026 10:28:43"
"45822";"010258";"2026";"1";"venda";"16876,16";"17/06/2026 15:16:11";"27/07/2026 08:13:10"
"45823";"010258";"2026";"2";"venda";"13896,96";"17/06/2026 15:16:11";"27/07/2026 08:13:10"
"45824";"010258";"2026";"3";"venda";"8537,76";"17/06/2026 15:16:11";"27/07/2026 08:13:10"
"45825";"010258";"2026";"4";"venda";"112000,00";"17/06/2026 15:16:11";"27/07/2026 08:13:10"
"45826";"010258";"2026";"5";"venda";"128800,00";"17/06/2026 15:16:11";"27/07/2026 08:13:10"
"45827";"010258";"2026";"6";"venda";"128800,00";"17/06/2026 15:16:11";"27/07/2026 08:13:10"
"45828";"010258";"2026";"7";"venda";"128800,00";"17/06/2026 15:16:11";"27/07/2026 08:13:10"
"45829";"010258";"2026";"8";"venda";"128800,00";"17/06/2026 15:16:11";"27/07/2026 08:13:10"
"45830";"010258";"2026";"9";"venda";"128800,00";"17/06/2026 15:16:11";"27/07/2026 08:13:10"
"45831";"010258";"2026";"10";"venda";"128800,00";"17/06/2026 15:16:11";"27/07/2026 08:13:10"
"45832";"010258";"2026";"11";"venda";"128800,00";"17/06/2026 15:16:11";"27/07/2026 08:13:10"
"45833";"010258";"2026";"12";"venda";"128800,00";"17/06/2026 15:16:11";"27/07/2026 08:13:10"
"45834";"010266";"2026";"1";"venda";"6325,76";"17/06/2026 15:16:11";"27/07/2026 08:13:10"
"45835";"010266";"2026";"2";"venda";"7207,20";"17/06/2026 15:16:11";"27/07/2026 08:13:10"
"45836";"010266";"2026";"3";"venda";"6380,64";"17/06/2026 15:16:11";"27/07/2026 08:13:10"
"45837";"010266";"2026";"4";"venda";"89600,00";"17/06/2026 15:16:11";"27/07/2026 08:13:10"
"45838";"010266";"2026";"5";"venda";"100800,00";"17/06/2026 15:16:11";"27/07/2026 08:13:10"
"45839";"010266";"2026";"6";"venda";"100800,00";"17/06/2026 15:16:11";"27/07/2026 08:13:10"
"45840";"010266";"2026";"7";"venda";"100800,00";"17/06/2026 15:16:11";"27/07/2026 08:13:10"
"45841";"010266";"2026";"8";"venda";"100800,00";"17/06/2026 15:16:11";"27/07/2026 08:13:10"
"45842";"010266";"2026";"9";"venda";"100800,00";"17/06/2026 15:16:11";"27/07/2026 08:13:10"
"45843";"010266";"2026";"10";"venda";"100800,00";"17/06/2026 15:16:11";"27/07/2026 08:13:10"
"45844";"010266";"2026";"11";"venda";"100800,00";"17/06/2026 15:16:11";"27/07/2026 08:13:10"
"45845";"010266";"2026";"12";"venda";"100800,00";"17/06/2026 15:16:11";"27/07/2026 08:13:10"
"45846";"010267";"2026";"1";"venda";"49962,08";"17/06/2026 15:16:11";"27/07/2026 08:13:11"
"45847";"010267";"2026";"2";"venda";"36020,32";"17/06/2026 15:16:11";"27/07/2026 08:13:11"
"45848";"010267";"2026";"3";"venda";"27257,44";"17/06/2026 15:16:11";"27/07/2026 08:13:11"
"45849";"010267";"2026";"4";"venda";"134400,00";"17/06/2026 15:16:11";"27/07/2026 08:13:11"
"45850";"010267";"2026";"5";"venda";"134400,00";"17/06/2026 15:16:11";"27/07/2026 08:13:11"
"45851";"010267";"2026";"6";"venda";"134400,00";"17/06/2026 15:16:11";"27/07/2026 08:13:11"
"45852";"010267";"2026";"7";"venda";"134400,00";"17/06/2026 15:16:11";"27/07/2026 08:13:11"
"45853";"010267";"2026";"8";"venda";"134400,00";"17/06/2026 15:16:11";"27/07/2026 08:13:11"
"45854";"010267";"2026";"9";"venda";"134400,00";"17/06/2026 15:16:11";"27/07/2026 08:13:11"
"45855";"010267";"2026";"10";"venda";"134400,00";"17/06/2026 15:16:11";"27/07/2026 08:13:11"
"45856";"010267";"2026";"11";"venda";"134400,00";"17/06/2026 15:16:11";"27/07/2026 08:13:11"
"45857";"010267";"2026";"12";"venda";"134400,00";"17/06/2026 15:16:11";"27/07/2026 08:13:11"
"45858";"010268";"2026";"1";"venda";"131212,48";"17/06/2026 15:16:11";"27/07/2026 08:13:10"
"45859";"010268";"2026";"2";"venda";"70542,08";"17/06/2026 15:16:11";"27/07/2026 08:13:10"
"45860";"010268";"2026";"3";"venda";"51252,32";"17/06/2026 15:16:11";"27/07/2026 08:13:10"
"45861";"010268";"2026";"4";"venda";"160116,32";"17/06/2026 15:16:11";"27/07/2026 08:13:10"
"45862";"010268";"2026";"5";"venda";"78400,00";"17/06/2026 15:16:11";"27/07/2026 08:13:10"
"45863";"010268";"2026";"6";"venda";"84196,00";"17/06/2026 15:16:11";"27/07/2026 08:13:10"
"45864";"010268";"2026";"7";"venda";"78400,00";"17/06/2026 15:16:11";"27/07/2026 08:13:10"
"45865";"010268";"2026";"8";"venda";"112000,00";"17/06/2026 15:16:11";"27/07/2026 08:13:10"
"45866";"010268";"2026";"9";"venda";"128800,00";"17/06/2026 15:16:11";"27/07/2026 08:13:10"
"45867";"010268";"2026";"10";"venda";"168000,00";"17/06/2026 15:16:11";"27/07/2026 08:13:10"
"45868";"010268";"2026";"11";"venda";"112000,00";"17/06/2026 15:16:11";"27/07/2026 08:13:10"
"45869";"010268";"2026";"12";"venda";"151200,00";"17/06/2026 15:16:11";"27/07/2026 08:13:10"
"45870";"010274";"2026";"1";"venda";"6061,44";"17/06/2026 15:16:11";"27/07/2026 08:13:10"
"45871";"010274";"2026";"2";"venda";"19069,12";"17/06/2026 15:16:11";"27/07/2026 08:13:10"
"45872";"010274";"2026";"3";"venda";"26241,60";"17/06/2026 15:16:11";"27/07/2026 08:13:10"
"45873";"010274";"2026";"4";"venda";"22888,32";"17/06/2026 15:16:11";"27/07/2026 08:13:10"
"45874";"010274";"2026";"5";"venda";"67200,00";"17/06/2026 15:16:11";"27/07/2026 08:13:10"
"45875";"010274";"2026";"6";"venda";"67200,00";"17/06/2026 15:16:11";"27/07/2026 08:13:10"
"45876";"010274";"2026";"7";"venda";"392000,00";"17/06/2026 15:16:11";"27/07/2026 08:13:10"
"45877";"010274";"2026";"8";"venda";"67200,00";"17/06/2026 15:16:11";"27/07/2026 08:13:10"
"45878";"010274";"2026";"9";"venda";"67200,00";"17/06/2026 15:16:11";"27/07/2026 08:13:10"
"45879";"010274";"2026";"10";"venda";"67200,00";"17/06/2026 15:16:11";"27/07/2026 08:13:10"
"45880";"010274";"2026";"11";"venda";"67200,00";"17/06/2026 15:16:11";"27/07/2026 08:13:10"
"45881";"010274";"2026";"12";"venda";"67200,00";"17/06/2026 15:16:11";"27/07/2026 08:13:10"
"45882";"010275";"2026";"1";"venda";"87200,00";"17/06/2026 15:16:11";"05/08/2026 10:28:31"
"45883";"010275";"2026";"2";"venda";"87200,00";"17/06/2026 15:16:11";"05/08/2026 10:28:32"
"45884";"010275";"2026";"3";"venda";"87200,00";"17/06/2026 15:16:11";"05/08/2026 10:28:32"
"45885";"010275";"2026";"4";"venda";"87200,00";"17/06/2026 15:16:11";"05/08/2026 10:28:33"
"45886";"010275";"2026";"5";"venda";"87200,00";"17/06/2026 15:16:11";"05/08/2026 10:28:34"
"45887";"010275";"2026";"6";"venda";"87200,00";"17/06/2026 15:16:11";"05/08/2026 10:28:35"
"45888";"010275";"2026";"7";"venda";"87200,00";"17/06/2026 15:16:11";"31/07/2026 10:28:54"
"45889";"010275";"2026";"8";"venda";"87200,00";"17/06/2026 15:16:11";"05/08/2026 10:28:37"
"45890";"010275";"2026";"9";"venda";"87200,00";"17/06/2026 15:16:11";"05/08/2026 10:28:38"
"45891";"010275";"2026";"10";"venda";"87200,00";"17/06/2026 15:16:11";"05/08/2026 10:28:39"
"45892";"010275";"2026";"11";"venda";"87200,00";"17/06/2026 15:16:11";"05/08/2026 10:28:42"
"45893";"010275";"2026";"12";"venda";"87200,00";"17/06/2026 15:16:11";"05/08/2026 10:28:43"
"45894";"010276";"2026";"1";"venda";"30000,00";"17/06/2026 15:16:11";"05/08/2026 10:28:30"
"45895";"010276";"2026";"2";"venda";"30000,00";"17/06/2026 15:16:11";"05/08/2026 10:28:31"
"45896";"010276";"2026";"3";"venda";"30000,00";"17/06/2026 15:16:11";"05/08/2026 10:28:32"
"45897";"010276";"2026";"4";"venda";"30000,00";"17/06/2026 15:16:11";"05/08/2026 10:28:33"
"45898";"010276";"2026";"5";"venda";"30000,00";"17/06/2026 15:16:11";"05/08/2026 10:28:34"
"45899";"010276";"2026";"6";"venda";"30000,00";"17/06/2026 15:16:11";"05/08/2026 10:28:35"
"45900";"010276";"2026";"7";"venda";"30000,00";"17/06/2026 15:16:11";"29/07/2026 20:16:50"
"45901";"010276";"2026";"8";"venda";"0,00";"17/06/2026 15:16:11";"01/09/2026 10:02:35"
"45902";"010276";"2026";"9";"venda";"30000,00";"17/06/2026 15:16:11";"05/08/2026 10:28:38"
"45903";"010276";"2026";"10";"venda";"30000,00";"17/06/2026 15:16:11";"05/08/2026 10:28:39"
"45904";"010276";"2026";"11";"venda";"30000,00";"17/06/2026 15:16:11";"05/08/2026 10:28:40"
"45905";"010276";"2026";"12";"venda";"30000,00";"17/06/2026 15:16:11";"05/08/2026 10:28:43"
"45906";"010286";"2026";"1";"venda";"2269582,56";"17/06/2026 15:16:11";"27/07/2026 08:13:11"
"45907";"010286";"2026";"2";"venda";"2728490,24";"17/06/2026 15:16:11";"27/07/2026 08:13:11"
"45908";"010286";"2026";"3";"venda";"4310032,16";"17/06/2026 15:16:11";"27/07/2026 08:13:11"
"45909";"010286";"2026";"4";"venda";"5345887,68";"17/06/2026 15:16:11";"27/07/2026 08:13:11"
"45910";"010286";"2026";"5";"venda";"5443200,00";"17/06/2026 15:16:11";"27/07/2026 08:13:11"
"45911";"010286";"2026";"6";"venda";"0,00";"17/06/2026 15:16:11";"18/06/2026 12:01:48"
"45912";"010286";"2026";"7";"venda";"5443200,00";"17/06/2026 15:16:11";"27/07/2026 08:13:11"
"45913";"010286";"2026";"8";"venda";"4435200,00";"17/06/2026 15:16:11";"27/07/2026 08:13:11"
"45914";"010286";"2026";"9";"venda";"5611200,00";"17/06/2026 15:16:11";"27/07/2026 08:13:11"
"45915";"010286";"2026";"10";"venda";"3718400,00";"17/06/2026 15:16:11";"27/07/2026 08:13:11"
"45916";"010286";"2026";"11";"venda";"3550400,00";"17/06/2026 15:16:11";"27/07/2026 08:13:11"
"45917";"010286";"2026";"12";"venda";"3606400,00";"17/06/2026 15:16:11";"27/07/2026 08:13:11"
"45918";"010326";"2026";"1";"venda";"4692,80";"17/06/2026 15:16:11";"27/07/2026 08:13:11"
"45919";"010326";"2026";"2";"venda";"6276,48";"17/06/2026 15:16:11";"27/07/2026 08:13:11"
"45920";"010326";"2026";"3";"venda";"4692,80";"17/06/2026 15:16:11";"27/07/2026 08:13:11"
"45921";"010326";"2026";"4";"venda";"89600,00";"17/06/2026 15:16:11";"27/07/2026 08:13:11"
"45922";"010326";"2026";"5";"venda";"100800,00";"17/06/2026 15:16:11";"27/07/2026 08:13:11"
"45923";"010326";"2026";"6";"venda";"100800,00";"17/06/2026 15:16:11";"27/07/2026 08:13:11"
"45924";"010326";"2026";"7";"venda";"100800,00";"17/06/2026 15:16:11";"27/07/2026 08:13:11"
"45925";"010326";"2026";"8";"venda";"100800,00";"17/06/2026 15:16:11";"27/07/2026 08:13:11"
"45926";"010326";"2026";"9";"venda";"100800,00";"17/06/2026 15:16:11";"27/07/2026 08:13:11"
"45927";"010326";"2026";"10";"venda";"100800,00";"17/06/2026 15:16:11";"27/07/2026 08:13:11"
"45928";"010326";"2026";"11";"venda";"100800,00";"17/06/2026 15:16:11";"27/07/2026 08:13:11"
"45929";"010326";"2026";"12";"venda";"100800,00";"17/06/2026 15:16:11";"27/07/2026 08:13:11"
"45930";"010333";"2026";"1";"venda";"250000,00";"17/06/2026 15:16:11";"05/08/2026 10:28:31"
"45931";"010333";"2026";"2";"venda";"250000,00";"17/06/2026 15:16:11";"05/08/2026 10:28:32"
"45932";"010333";"2026";"3";"venda";"250000,00";"17/06/2026 15:16:11";"05/08/2026 10:28:33"
"45933";"010333";"2026";"4";"venda";"250000,00";"17/06/2026 15:16:11";"05/08/2026 10:28:33"
"45934";"010333";"2026";"5";"venda";"250000,00";"17/06/2026 15:16:11";"05/08/2026 10:28:34"
"45935";"010333";"2026";"6";"venda";"250000,00";"17/06/2026 15:16:11";"05/08/2026 10:28:35"
"45936";"010333";"2026";"7";"venda";"250000,00";"17/06/2026 15:16:11";"30/07/2026 17:57:13"
"45937";"010333";"2026";"8";"venda";"250000,00";"17/06/2026 15:16:11";"05/08/2026 10:28:37"
"45938";"010333";"2026";"9";"venda";"250000,00";"17/06/2026 15:16:11";"05/08/2026 10:28:38"
"45939";"010333";"2026";"10";"venda";"250000,00";"17/06/2026 15:16:11";"05/08/2026 10:28:40"
"45940";"010333";"2026";"11";"venda";"250000,00";"17/06/2026 15:16:11";"05/08/2026 10:28:42"
"45941";"010333";"2026";"12";"venda";"250000,00";"17/06/2026 15:16:11";"05/08/2026 10:28:43"
"45942";"010354";"2026";"1";"venda";"100000,00";"17/06/2026 15:16:11";"05/08/2026 10:28:31"
"45943";"010354";"2026";"2";"venda";"100000,00";"17/06/2026 15:16:11";"05/08/2026 10:28:32"
"45944";"010354";"2026";"3";"venda";"100000,00";"17/06/2026 15:16:11";"05/08/2026 10:28:32"
"45945";"010354";"2026";"4";"venda";"100000,00";"17/06/2026 15:16:11";"05/08/2026 10:28:33"
"45946";"010354";"2026";"5";"venda";"100000,00";"17/06/2026 15:16:11";"05/08/2026 10:28:34"
"45947";"010354";"2026";"6";"venda";"100000,00";"17/06/2026 15:16:11";"05/08/2026 10:28:35"
"45948";"010354";"2026";"7";"venda";"100000,00";"17/06/2026 15:16:11";"29/07/2026 19:52:39"
"45949";"010354";"2026";"8";"venda";"100000,00";"17/06/2026 15:16:11";"05/08/2026 10:28:37"
"45950";"010354";"2026";"9";"venda";"80000,00";"17/06/2026 15:16:11";"15/09/2026 10:08:55"
"45951";"010354";"2026";"10";"venda";"100000,00";"17/06/2026 15:16:11";"05/08/2026 10:28:39"
"45952";"010354";"2026";"11";"venda";"100000,00";"17/06/2026 15:16:11";"05/08/2026 10:28:41"
"45953";"010354";"2026";"12";"venda";"100000,00";"17/06/2026 15:16:11";"05/08/2026 10:28:43"
"45954";"010358";"2026";"1";"venda";"0,00";"17/06/2026 15:16:11";"27/07/2026 08:13:10"
"45955";"010358";"2026";"2";"venda";"0,00";"17/06/2026 15:16:11";"27/07/2026 08:13:10"
"45956";"010358";"2026";"3";"venda";"0,00";"17/06/2026 15:16:11";"27/07/2026 08:13:10"
"45957";"010358";"2026";"4";"venda";"0,00";"17/06/2026 15:16:11";"27/07/2026 08:13:10"
"45958";"010358";"2026";"5";"venda";"0,00";"17/06/2026 15:16:11";"17/06/2026 15:16:11"
"45959";"010358";"2026";"6";"venda";"0,00";"17/06/2026 15:16:11";"17/06/2026 15:16:11"
"45960";"010358";"2026";"7";"venda";"0,00";"17/06/2026 15:16:11";"17/06/2026 15:16:11"
"45961";"010358";"2026";"8";"venda";"0,00";"17/06/2026 15:16:11";"17/06/2026 15:16:11"
"45962";"010358";"2026";"9";"venda";"0,00";"17/06/2026 15:16:11";"17/06/2026 15:16:11"
"45963";"010358";"2026";"10";"venda";"0,00";"17/06/2026 15:16:11";"17/06/2026 15:16:11"
"45964";"010358";"2026";"11";"venda";"0,00";"17/06/2026 15:16:11";"17/06/2026 15:16:11"
"45965";"010358";"2026";"12";"venda";"0,00";"17/06/2026 15:16:11";"17/06/2026 15:16:11"
"45966";"010361";"2026";"1";"venda";"32238,08";"17/06/2026 15:16:11";"27/07/2026 08:13:11"
"45967";"010361";"2026";"2";"venda";"14864,64";"17/06/2026 15:16:11";"27/07/2026 08:13:11"
"45968";"010361";"2026";"3";"venda";"18467,68";"17/06/2026 15:16:11";"27/07/2026 08:13:11"
"45969";"010361";"2026";"4";"venda";"134400,00";"17/06/2026 15:16:11";"27/07/2026 08:13:11"
"45970";"010361";"2026";"5";"venda";"134400,00";"17/06/2026 15:16:11";"27/07/2026 08:13:11"
"45971";"010361";"2026";"6";"venda";"134400,00";"17/06/2026 15:16:11";"27/07/2026 08:13:11"
"45972";"010361";"2026";"7";"venda";"134400,00";"17/06/2026 15:16:11";"27/07/2026 08:13:11"
"45973";"010361";"2026";"8";"venda";"134400,00";"17/06/2026 15:16:11";"27/07/2026 08:13:11"
"45974";"010361";"2026";"9";"venda";"134400,00";"17/06/2026 15:16:11";"27/07/2026 08:13:11"
"45975";"010361";"2026";"10";"venda";"134400,00";"17/06/2026 15:16:11";"27/07/2026 08:13:11"
"45976";"010361";"2026";"11";"venda";"134400,00";"17/06/2026 15:16:11";"27/07/2026 08:13:11"
"45977";"010361";"2026";"12";"venda";"134400,00";"17/06/2026 15:16:11";"27/07/2026 08:13:11"
"45978";"010367";"2026";"1";"venda";"61710,88";"17/06/2026 15:16:11";"27/07/2026 08:13:11"
"45979";"010367";"2026";"2";"venda";"41595,68";"17/06/2026 15:16:11";"27/07/2026 08:13:11"
"45980";"010367";"2026";"3";"venda";"29312,64";"17/06/2026 15:16:11";"27/07/2026 08:13:11"
"45981";"010367";"2026";"4";"venda";"134400,00";"17/06/2026 15:16:11";"27/07/2026 08:13:11"
"45982";"010367";"2026";"5";"venda";"134400,00";"17/06/2026 15:16:11";"27/07/2026 08:13:11"
"45983";"010367";"2026";"6";"venda";"134400,00";"17/06/2026 15:16:11";"27/07/2026 08:13:11"
"45984";"010367";"2026";"7";"venda";"134400,00";"17/06/2026 15:16:11";"27/07/2026 08:13:11"
"45985";"010367";"2026";"8";"venda";"134400,00";"17/06/2026 15:16:11";"27/07/2026 08:13:11"
"45986";"010367";"2026";"9";"venda";"134400,00";"17/06/2026 15:16:11";"27/07/2026 08:13:11"
"45987";"010367";"2026";"10";"venda";"134400,00";"17/06/2026 15:16:11";"27/07/2026 08:13:11"
"45988";"010367";"2026";"11";"venda";"134400,00";"17/06/2026 15:16:11";"27/07/2026 08:13:11"
"45989";"010367";"2026";"12";"venda";"134400,00";"17/06/2026 15:16:11";"27/07/2026 08:13:11"
"45990";"010371";"2026";"1";"venda";"0,00";"17/06/2026 15:16:11";"17/06/2026 15:16:11"
"45991";"010371";"2026";"2";"venda";"0,00";"17/06/2026 15:16:11";"17/06/2026 15:16:11"
"45992";"010371";"2026";"3";"venda";"0,00";"17/06/2026 15:16:11";"17/06/2026 15:16:11"
"45993";"010371";"2026";"4";"venda";"0,00";"17/06/2026 15:16:11";"17/06/2026 15:16:11"
"45994";"010371";"2026";"5";"venda";"0,00";"17/06/2026 15:16:11";"27/07/2026 08:13:10"
"45995";"010371";"2026";"6";"venda";"0,00";"17/06/2026 15:16:11";"17/06/2026 15:16:11"
"45996";"010371";"2026";"7";"venda";"0,00";"17/06/2026 15:16:11";"17/06/2026 15:16:11"
"45997";"010371";"2026";"8";"venda";"0,00";"17/06/2026 15:16:11";"17/06/2026 15:16:11"
"45998";"010371";"2026";"9";"venda";"0,00";"17/06/2026 15:16:11";"17/06/2026 15:16:11"
"45999";"010371";"2026";"10";"venda";"0,00";"17/06/2026 15:16:11";"17/06/2026 15:16:11"
"46000";"010371";"2026";"11";"venda";"0,00";"17/06/2026 15:16:11";"17/06/2026 15:16:11"
"46001";"010371";"2026";"12";"venda";"0,00";"17/06/2026 15:16:11";"17/06/2026 15:16:11"
"46002";"010376";"2026";"1";"venda";"80000,00";"17/06/2026 15:16:11";"05/08/2026 10:28:31"
"46003";"010376";"2026";"2";"venda";"80000,00";"17/06/2026 15:16:11";"05/08/2026 10:28:32"
"46004";"010376";"2026";"3";"venda";"80000,00";"17/06/2026 15:16:11";"05/08/2026 10:28:33"
"46005";"010376";"2026";"4";"venda";"80000,00";"17/06/2026 15:16:11";"05/08/2026 10:28:34"
"46006";"010376";"2026";"5";"venda";"80000,00";"17/06/2026 15:16:11";"05/08/2026 10:28:34"
"46007";"010376";"2026";"6";"venda";"80000,00";"17/06/2026 15:16:11";"05/08/2026 10:28:35"
"46008";"010376";"2026";"7";"venda";"80000,00";"17/06/2026 15:16:11";"31/07/2026 10:28:07"
"46009";"010376";"2026";"8";"venda";"80000,00";"17/06/2026 15:16:11";"05/08/2026 10:28:37"
"46010";"010376";"2026";"9";"venda";"70000,00";"17/06/2026 15:16:11";"15/09/2026 10:07:57"
"46011";"010376";"2026";"10";"venda";"80000,00";"17/06/2026 15:16:11";"05/08/2026 10:28:40"
"46012";"010376";"2026";"11";"venda";"80000,00";"17/06/2026 15:16:11";"05/08/2026 10:28:43"
"46013";"010376";"2026";"12";"venda";"80000,00";"17/06/2026 15:16:11";"05/08/2026 10:28:44"
"46014";"010381";"2026";"1";"venda";"0,00";"17/06/2026 15:16:11";"27/07/2026 08:13:11"
"46015";"010381";"2026";"2";"venda";"0,00";"17/06/2026 15:16:11";"27/07/2026 08:13:11"
"46016";"010381";"2026";"3";"venda";"0,00";"17/06/2026 15:16:11";"27/07/2026 08:13:11"
"46017";"010381";"2026";"4";"venda";"0,00";"17/06/2026 15:16:11";"27/07/2026 08:13:11"
"46018";"010381";"2026";"5";"venda";"0,00";"17/06/2026 15:16:11";"27/07/2026 08:13:11"
"46019";"010381";"2026";"6";"venda";"0,00";"17/06/2026 15:16:11";"18/06/2026 12:01:48"
"46020";"010381";"2026";"7";"venda";"0,00";"17/06/2026 15:16:11";"27/07/2026 08:13:11"
"46021";"010381";"2026";"8";"venda";"0,00";"17/06/2026 15:16:11";"27/07/2026 08:13:11"
"46022";"010381";"2026";"9";"venda";"0,00";"17/06/2026 15:16:11";"27/07/2026 08:13:11"
"46023";"010381";"2026";"10";"venda";"0,00";"17/06/2026 15:16:11";"27/07/2026 08:13:11"
"46024";"010381";"2026";"11";"venda";"0,00";"17/06/2026 15:16:11";"17/06/2026 15:16:11"
"46025";"010381";"2026";"12";"venda";"0,00";"17/06/2026 15:16:11";"17/06/2026 15:16:11"
"46026";"010385";"2026";"1";"venda";"7073,92";"17/06/2026 15:16:11";"27/07/2026 08:13:11"
"46027";"010385";"2026";"2";"venda";"4642,40";"17/06/2026 15:16:11";"27/07/2026 08:13:11"
"46028";"010385";"2026";"3";"venda";"21835,52";"17/06/2026 15:16:11";"27/07/2026 08:13:11"
"46029";"010385";"2026";"4";"venda";"134400,00";"17/06/2026 15:16:11";"27/07/2026 08:13:11"
"46030";"010385";"2026";"5";"venda";"134400,00";"17/06/2026 15:16:11";"27/07/2026 08:13:11"
"46031";"010385";"2026";"6";"venda";"134400,00";"17/06/2026 15:16:11";"27/07/2026 08:13:11"
"46032";"010385";"2026";"7";"venda";"134400,00";"17/06/2026 15:16:11";"27/07/2026 08:13:11"
"46033";"010385";"2026";"8";"venda";"134400,00";"17/06/2026 15:16:11";"27/07/2026 08:13:11"
"46034";"010385";"2026";"9";"venda";"134400,00";"17/06/2026 15:16:11";"27/07/2026 08:13:11"
"46035";"010385";"2026";"10";"venda";"134400,00";"17/06/2026 15:16:11";"27/07/2026 08:13:11"
"46036";"010385";"2026";"11";"venda";"134400,00";"17/06/2026 15:16:11";"27/07/2026 08:13:11"
"46037";"010385";"2026";"12";"venda";"134400,00";"17/06/2026 15:16:11";"27/07/2026 08:13:11"
"46038";"010389";"2026";"1";"venda";"22400,00";"17/06/2026 15:16:11";"27/07/2026 08:13:10"
"46039";"010389";"2026";"2";"venda";"22400,00";"17/06/2026 15:16:11";"27/07/2026 08:13:10"
"46040";"010389";"2026";"3";"venda";"22400,00";"17/06/2026 15:16:11";"27/07/2026 08:13:10"
"46041";"010389";"2026";"4";"venda";"22400,00";"17/06/2026 15:16:11";"27/07/2026 08:13:10"
"46042";"010389";"2026";"5";"venda";"67200,00";"17/06/2026 15:16:11";"27/07/2026 08:13:10"
"46043";"010389";"2026";"6";"venda";"358400,00";"17/06/2026 15:16:11";"27/07/2026 08:13:10"
"46044";"010389";"2026";"7";"venda";"67200,00";"17/06/2026 15:16:11";"27/07/2026 08:13:10"
"46045";"010389";"2026";"8";"venda";"67200,00";"17/06/2026 15:16:11";"27/07/2026 08:13:10"
"46046";"010389";"2026";"9";"venda";"67200,00";"17/06/2026 15:16:11";"27/07/2026 08:13:10"
"46047";"010389";"2026";"10";"venda";"67200,00";"17/06/2026 15:16:11";"27/07/2026 08:13:10"
"46048";"010389";"2026";"11";"venda";"67200,00";"17/06/2026 15:16:11";"27/07/2026 08:13:10"
"46049";"010389";"2026";"12";"venda";"67200,00";"17/06/2026 15:16:11";"27/07/2026 08:13:10"
"46050";"010390";"2026";"1";"venda";"336000,00";"17/06/2026 15:16:12";"27/07/2026 08:13:11"
"46051";"010390";"2026";"2";"venda";"336000,00";"17/06/2026 15:16:12";"27/07/2026 08:13:11"
"46052";"010390";"2026";"3";"venda";"336000,00";"17/06/2026 15:16:12";"27/07/2026 08:13:11"
"46053";"010390";"2026";"4";"venda";"336000,00";"17/06/2026 15:16:12";"27/07/2026 08:13:11"
"46054";"010390";"2026";"5";"venda";"448000,00";"17/06/2026 15:16:12";"27/07/2026 08:13:11"
"46055";"010390";"2026";"6";"venda";"523309,25";"17/06/2026 15:16:12";"27/07/2026 08:13:11"
"46056";"010390";"2026";"7";"venda";"448000,00";"17/06/2026 15:16:12";"27/07/2026 08:13:11"
"46057";"010390";"2026";"8";"venda";"448000,00";"17/06/2026 15:16:12";"27/07/2026 08:13:11"
"46058";"010390";"2026";"9";"venda";"448000,00";"17/06/2026 15:16:12";"27/07/2026 08:13:11"
"46059";"010390";"2026";"10";"venda";"548800,00";"17/06/2026 15:16:12";"27/07/2026 08:13:11"
"46060";"010390";"2026";"11";"venda";"448000,00";"17/06/2026 15:16:12";"27/07/2026 08:13:11"
"46061";"010390";"2026";"12";"venda";"448000,00";"17/06/2026 15:16:12";"27/07/2026 08:13:11"
"46062";"010393";"2026";"1";"venda";"567542,08";"17/06/2026 15:16:12";"27/07/2026 08:13:11"
"46063";"010393";"2026";"2";"venda";"411561,92";"17/06/2026 15:16:12";"27/07/2026 08:13:11"
"46064";"010393";"2026";"3";"venda";"475843,20";"17/06/2026 15:16:12";"27/07/2026 08:13:11"
"46065";"010393";"2026";"4";"venda";"468605,76";"17/06/2026 15:16:12";"27/07/2026 08:13:11"
"46066";"010393";"2026";"5";"venda";"504000,00";"17/06/2026 15:16:12";"27/07/2026 08:13:11"
"46067";"010393";"2026";"6";"venda";"529761,85";"17/06/2026 15:16:12";"27/07/2026 08:13:11"
"46068";"010393";"2026";"7";"venda";"504000,00";"17/06/2026 15:16:12";"27/07/2026 08:13:11"
"46069";"010393";"2026";"8";"venda";"504000,00";"17/06/2026 15:16:12";"27/07/2026 08:13:11"
"46070";"010393";"2026";"9";"venda";"504000,00";"17/06/2026 15:16:12";"27/07/2026 08:13:11"
"46071";"010393";"2026";"10";"venda";"543200,00";"17/06/2026 15:16:12";"27/07/2026 08:13:11"
"46072";"010393";"2026";"11";"venda";"560000,00";"17/06/2026 15:16:12";"27/07/2026 08:13:11"
"46073";"010393";"2026";"12";"venda";"504000,00";"17/06/2026 15:16:12";"27/07/2026 08:13:11"
"46074";"010394";"2026";"1";"venda";"280000,00";"17/06/2026 15:16:12";"27/07/2026 08:13:11"
"46075";"010394";"2026";"2";"venda";"448000,00";"17/06/2026 15:16:12";"27/07/2026 08:13:11"
"46076";"010394";"2026";"3";"venda";"280000,00";"17/06/2026 15:16:12";"27/07/2026 08:13:11"
"46077";"010394";"2026";"4";"venda";"448000,00";"17/06/2026 15:16:12";"27/07/2026 08:13:11"
"46078";"010394";"2026";"5";"venda";"504000,00";"17/06/2026 15:16:12";"27/07/2026 08:13:11"
"46079";"010394";"2026";"6";"venda";"419955,20";"17/06/2026 15:16:12";"27/07/2026 08:13:11"
"46080";"010394";"2026";"7";"venda";"392000,00";"17/06/2026 15:16:12";"27/07/2026 08:13:11"
"46081";"010394";"2026";"8";"venda";"392000,00";"17/06/2026 15:16:12";"27/07/2026 08:13:11"
"46082";"010394";"2026";"9";"venda";"392000,00";"17/06/2026 15:16:12";"27/07/2026 08:13:11"
"46083";"010394";"2026";"10";"venda";"392000,00";"17/06/2026 15:16:12";"27/07/2026 08:13:11"
"46084";"010394";"2026";"11";"venda";"392000,00";"17/06/2026 15:16:12";"27/07/2026 08:13:11"
"46085";"010394";"2026";"12";"venda";"448000,00";"17/06/2026 15:16:12";"27/07/2026 08:13:11"
"46086";"010395";"2026";"1";"venda";"28582295,84";"17/06/2026 15:16:12";"27/07/2026 08:13:11"
"46087";"010395";"2026";"2";"venda";"14556446,24";"17/06/2026 15:16:12";"27/07/2026 08:13:11"
"46088";"010395";"2026";"3";"venda";"14999304,32";"17/06/2026 15:16:12";"27/07/2026 08:13:11"
"46089";"010395";"2026";"4";"venda";"15199187,36";"17/06/2026 15:16:12";"27/07/2026 08:13:11"
"46090";"010395";"2026";"5";"venda";"14560000,00";"17/06/2026 15:16:12";"27/07/2026 08:13:11"
"46091";"010395";"2026";"6";"venda";"21730478,07";"17/06/2026 15:16:12";"27/07/2026 08:13:11"
"46092";"010395";"2026";"7";"venda";"14560000,00";"17/06/2026 15:16:12";"27/07/2026 08:13:11"
"46093";"010395";"2026";"8";"venda";"16240000,00";"17/06/2026 15:16:12";"27/07/2026 08:13:11"
"46094";"010395";"2026";"9";"venda";"17248000,00";"17/06/2026 15:16:12";"27/07/2026 08:13:11"
"46095";"010395";"2026";"10";"venda";"23520000,00";"17/06/2026 15:16:12";"27/07/2026 08:13:11"
"46096";"010395";"2026";"11";"venda";"28560000,00";"17/06/2026 15:16:12";"27/07/2026 08:13:11"
"46097";"010395";"2026";"12";"venda";"26208000,00";"17/06/2026 15:16:12";"27/07/2026 08:13:11"
"46098";"010397";"2026";"1";"venda";"30000,00";"17/06/2026 15:16:12";"05/08/2026 10:28:31"
"46099";"010397";"2026";"2";"venda";"30000,00";"17/06/2026 15:16:12";"05/08/2026 10:28:32"
"46100";"010397";"2026";"3";"venda";"30000,00";"17/06/2026 15:16:12";"05/08/2026 10:28:33"
"46101";"010397";"2026";"4";"venda";"30000,00";"17/06/2026 15:16:12";"05/08/2026 10:28:33"
"46102";"010397";"2026";"5";"venda";"30000,00";"17/06/2026 15:16:12";"05/08/2026 10:28:34"
"46103";"010397";"2026";"6";"venda";"30000,00";"17/06/2026 15:16:12";"05/08/2026 10:28:35"
"46104";"010397";"2026";"7";"venda";"30000,00";"17/06/2026 15:16:12";"31/07/2026 09:57:37"
"46105";"010397";"2026";"8";"venda";"0,00";"17/06/2026 15:16:12";"01/09/2026 09:58:51"
"46106";"010397";"2026";"9";"venda";"30000,00";"17/06/2026 15:16:12";"05/08/2026 10:28:38"
"46107";"010397";"2026";"10";"venda";"30000,00";"17/06/2026 15:16:12";"05/08/2026 10:28:40"
"46108";"010397";"2026";"11";"venda";"30000,00";"17/06/2026 15:16:12";"05/08/2026 10:28:42"
"46109";"010397";"2026";"12";"venda";"30000,00";"17/06/2026 15:16:12";"05/08/2026 10:28:44"
"46110";"010413";"2026";"1";"venda";"22400,00";"17/06/2026 15:16:12";"27/07/2026 08:13:10"
"46111";"010413";"2026";"2";"venda";"22400,00";"17/06/2026 15:16:12";"27/07/2026 08:13:10"
"46112";"010413";"2026";"3";"venda";"22400,00";"17/06/2026 15:16:12";"27/07/2026 08:13:10"
"46113";"010413";"2026";"4";"venda";"22400,00";"17/06/2026 15:16:12";"27/07/2026 08:13:10"
"46114";"010413";"2026";"5";"venda";"22400,00";"17/06/2026 15:16:12";"27/07/2026 08:13:10"
"46115";"010413";"2026";"6";"venda";"22400,00";"17/06/2026 15:16:12";"27/07/2026 08:13:10"
"46116";"010413";"2026";"7";"venda";"22400,00";"17/06/2026 15:16:12";"27/07/2026 08:13:10"
"46117";"010413";"2026";"8";"venda";"22400,00";"17/06/2026 15:16:12";"27/07/2026 08:13:10"
"46118";"010413";"2026";"9";"venda";"22400,00";"17/06/2026 15:16:12";"27/07/2026 08:13:10"
"46119";"010413";"2026";"10";"venda";"22400,00";"17/06/2026 15:16:12";"27/07/2026 08:13:10"
"46120";"010413";"2026";"11";"venda";"22400,00";"17/06/2026 15:16:12";"27/07/2026 08:13:10"
"46121";"010413";"2026";"12";"venda";"22400,00";"17/06/2026 15:16:12";"27/07/2026 08:13:10"
"46122";"010414";"2026";"1";"venda";"30000,00";"17/06/2026 15:16:12";"05/08/2026 10:28:31"
"46123";"010414";"2026";"2";"venda";"30000,00";"17/06/2026 15:16:12";"05/08/2026 10:28:32"
"46124";"010414";"2026";"3";"venda";"30000,00";"17/06/2026 15:16:12";"05/08/2026 10:28:32"
"46125";"010414";"2026";"4";"venda";"30000,00";"17/06/2026 15:16:12";"05/08/2026 10:28:33"
"46126";"010414";"2026";"5";"venda";"30000,00";"17/06/2026 15:16:12";"05/08/2026 10:28:34"
"46127";"010414";"2026";"6";"venda";"30000,00";"17/06/2026 15:16:12";"05/08/2026 10:28:35"
"46128";"010414";"2026";"7";"venda";"30000,00";"17/06/2026 15:16:12";"29/07/2026 20:07:47"
"46129";"010414";"2026";"8";"venda";"30000,00";"17/06/2026 15:16:12";"05/08/2026 10:28:37"
"46130";"010414";"2026";"9";"venda";"30000,00";"17/06/2026 15:16:12";"05/08/2026 10:28:38"
"46131";"010414";"2026";"10";"venda";"30000,00";"17/06/2026 15:16:12";"05/08/2026 10:28:39"
"46132";"010414";"2026";"11";"venda";"30000,00";"17/06/2026 15:16:12";"05/08/2026 10:28:42"
"46133";"010414";"2026";"12";"venda";"30000,00";"17/06/2026 15:16:12";"05/08/2026 10:28:43"
"46134";"010418";"2026";"1";"venda";"12380,48";"17/06/2026 15:16:12";"27/07/2026 08:13:11"
"46135";"010418";"2026";"2";"venda";"42061,60";"17/06/2026 15:16:12";"27/07/2026 08:13:11"
"46136";"010418";"2026";"3";"venda";"42061,60";"17/06/2026 15:16:12";"27/07/2026 08:13:11"
"46137";"010418";"2026";"4";"venda";"134400,00";"17/06/2026 15:16:12";"27/07/2026 08:13:11"
"46138";"010418";"2026";"5";"venda";"134400,00";"17/06/2026 15:16:12";"27/07/2026 08:13:11"
"46139";"010418";"2026";"6";"venda";"134400,00";"17/06/2026 15:16:12";"27/07/2026 08:13:11"
"46140";"010418";"2026";"7";"venda";"134400,00";"17/06/2026 15:16:12";"27/07/2026 08:13:11"
"46141";"010418";"2026";"8";"venda";"134400,00";"17/06/2026 15:16:12";"27/07/2026 08:13:11"
"46142";"010418";"2026";"9";"venda";"134400,00";"17/06/2026 15:16:12";"27/07/2026 08:13:11"
"46143";"010418";"2026";"10";"venda";"134400,00";"17/06/2026 15:16:12";"27/07/2026 08:13:11"
"46144";"010418";"2026";"11";"venda";"134400,00";"17/06/2026 15:16:12";"27/07/2026 08:13:11"
"46145";"010418";"2026";"12";"venda";"134400,00";"17/06/2026 15:16:12";"27/07/2026 08:13:11"
"46146";"010420";"2026";"1";"venda";"224682,08";"17/06/2026 15:16:12";"27/07/2026 08:13:11"
"46147";"010420";"2026";"2";"venda";"377403,04";"17/06/2026 15:16:12";"27/07/2026 08:13:11"
"46148";"010420";"2026";"3";"venda";"184170,56";"17/06/2026 15:16:12";"27/07/2026 08:13:11"
"46149";"010420";"2026";"4";"venda";"91002,24";"17/06/2026 15:16:12";"27/07/2026 08:13:11"
"46150";"010420";"2026";"5";"venda";"67200,00";"17/06/2026 15:16:12";"27/07/2026 08:13:11"
"46151";"010420";"2026";"6";"venda";"392000,00";"17/06/2026 15:16:12";"27/07/2026 08:13:11"
"46152";"010420";"2026";"7";"venda";"67200,00";"17/06/2026 15:16:12";"27/07/2026 08:13:11"
"46153";"010420";"2026";"8";"venda";"67200,00";"17/06/2026 15:16:12";"27/07/2026 08:13:11"
"46154";"010420";"2026";"9";"venda";"246400,00";"17/06/2026 15:16:12";"27/07/2026 08:13:11"
"46155";"010420";"2026";"10";"venda";"246400,00";"17/06/2026 15:16:12";"27/07/2026 08:13:11"
"46156";"010420";"2026";"11";"venda";"246400,00";"17/06/2026 15:16:12";"27/07/2026 08:13:11"
"46157";"010420";"2026";"12";"venda";"862400,00";"17/06/2026 15:16:12";"27/07/2026 08:13:11"
"46158";"010422";"2026";"1";"venda";"154051,52";"17/06/2026 15:16:12";"27/07/2026 08:13:10"
"46159";"010422";"2026";"2";"venda";"105192,64";"17/06/2026 15:16:12";"27/07/2026 08:13:10"
"46160";"010422";"2026";"3";"venda";"66641,12";"17/06/2026 15:16:12";"27/07/2026 08:13:10"
"46161";"010422";"2026";"4";"venda";"153473,60";"17/06/2026 15:16:12";"27/07/2026 08:13:10"
"46162";"010422";"2026";"5";"venda";"179200,00";"17/06/2026 15:16:12";"27/07/2026 08:13:10"
"46163";"010422";"2026";"6";"venda";"112000,00";"17/06/2026 15:16:12";"27/07/2026 08:13:10"
"46164";"010422";"2026";"7";"venda";"112000,00";"17/06/2026 15:16:12";"27/07/2026 08:13:10"
"46165";"010422";"2026";"8";"venda";"168000,00";"17/06/2026 15:16:12";"27/07/2026 08:13:10"
"46166";"010422";"2026";"9";"venda";"112000,00";"17/06/2026 15:16:12";"27/07/2026 08:13:10"
"46167";"010422";"2026";"10";"venda";"112000,00";"17/06/2026 15:16:12";"27/07/2026 08:13:10"
"46168";"010422";"2026";"11";"venda";"151200,00";"17/06/2026 15:16:12";"27/07/2026 08:13:10"
"46169";"010422";"2026";"12";"venda";"112000,00";"17/06/2026 15:16:12";"27/07/2026 08:13:10"
"46170";"010423";"2026";"1";"venda";"355363,68";"17/06/2026 15:16:12";"27/07/2026 08:13:11"
"46171";"010423";"2026";"2";"venda";"203301,28";"17/06/2026 15:16:12";"27/07/2026 08:13:11"
"46172";"010423";"2026";"3";"venda";"45155,04";"17/06/2026 15:16:12";"27/07/2026 08:13:11"
"46173";"010423";"2026";"4";"venda";"410416,16";"17/06/2026 15:16:12";"27/07/2026 08:13:11"
"46174";"010423";"2026";"5";"venda";"67200,00";"17/06/2026 15:16:12";"27/07/2026 08:13:11"
"46175";"010423";"2026";"6";"venda";"212800,00";"17/06/2026 15:16:12";"27/07/2026 08:13:11"
"46176";"010423";"2026";"7";"venda";"224000,00";"17/06/2026 15:16:12";"27/07/2026 08:13:11"
"46177";"010423";"2026";"8";"venda";"201600,00";"17/06/2026 15:16:12";"27/07/2026 08:13:11"
"46178";"010423";"2026";"9";"venda";"280000,00";"17/06/2026 15:16:12";"27/07/2026 08:13:11"
"46179";"010423";"2026";"10";"venda";"470400,00";"17/06/2026 15:16:12";"27/07/2026 08:13:11"
"46180";"010423";"2026";"11";"venda";"425600,00";"17/06/2026 15:16:12";"27/07/2026 08:13:11"
"46181";"010423";"2026";"12";"venda";"616000,00";"17/06/2026 15:16:12";"27/07/2026 08:13:11"
"46182";"010439";"2026";"1";"venda";"0,00";"17/06/2026 15:16:12";"05/08/2026 10:28:31"
"46183";"010439";"2026";"2";"venda";"0,00";"17/06/2026 15:16:12";"05/08/2026 10:28:31"
"46184";"010439";"2026";"3";"venda";"0,00";"17/06/2026 15:16:12";"05/08/2026 10:28:32"
"46185";"010439";"2026";"4";"venda";"0,00";"17/06/2026 15:16:12";"05/08/2026 10:28:33"
"46186";"010439";"2026";"5";"venda";"0,00";"17/06/2026 15:16:12";"05/08/2026 10:28:34"
"46187";"010439";"2026";"6";"venda";"0,00";"17/06/2026 15:16:12";"05/08/2026 10:28:35"
"46188";"010439";"2026";"7";"venda";"0,00";"17/06/2026 15:16:12";"29/07/2026 20:23:28"
"46189";"010439";"2026";"8";"venda";"0,00";"17/06/2026 15:16:12";"05/08/2026 10:28:37"
"46190";"010439";"2026";"9";"venda";"0,00";"17/06/2026 15:16:12";"05/08/2026 10:28:38"
"46191";"010439";"2026";"10";"venda";"0,00";"17/06/2026 15:16:12";"05/08/2026 10:28:39"
"46192";"010439";"2026";"11";"venda";"0,00";"17/06/2026 15:16:12";"05/08/2026 10:28:41"
"46193";"010439";"2026";"12";"venda";"0,00";"17/06/2026 15:16:12";"05/08/2026 10:28:43"
"46194";"010445";"2026";"1";"venda";"35000,00";"17/06/2026 15:16:12";"05/08/2026 10:28:31"
"46195";"010445";"2026";"2";"venda";"35000,00";"17/06/2026 15:16:12";"05/08/2026 10:28:32"
"46196";"010445";"2026";"3";"venda";"35000,00";"17/06/2026 15:16:12";"05/08/2026 10:28:33"
"46197";"010445";"2026";"4";"venda";"35000,00";"17/06/2026 15:16:12";"05/08/2026 10:28:33"
"46198";"010445";"2026";"5";"venda";"35000,00";"17/06/2026 15:16:12";"05/08/2026 10:28:34"
"46199";"010445";"2026";"6";"venda";"35000,00";"17/06/2026 15:16:12";"05/08/2026 10:28:35"
"46200";"010445";"2026";"7";"venda";"35000,00";"17/06/2026 15:16:12";"30/07/2026 10:32:54"
"46201";"010445";"2026";"8";"venda";"35000,00";"17/06/2026 15:16:12";"05/08/2026 10:28:37"
"46202";"010445";"2026";"9";"venda";"35000,00";"17/06/2026 15:16:12";"05/08/2026 10:28:38"
"46203";"010445";"2026";"10";"venda";"35000,00";"17/06/2026 15:16:12";"05/08/2026 10:28:39"
"46204";"010445";"2026";"11";"venda";"35000,00";"17/06/2026 15:16:12";"05/08/2026 10:28:42"
"46205";"010445";"2026";"12";"venda";"35000,00";"17/06/2026 15:16:12";"05/08/2026 10:28:43"
"46206";"010449";"2026";"1";"venda";"280000,00";"17/06/2026 15:16:12";"05/08/2026 10:28:31"
"46207";"010449";"2026";"2";"venda";"280000,00";"17/06/2026 15:16:12";"05/08/2026 10:28:32"
"46208";"010449";"2026";"3";"venda";"280000,00";"17/06/2026 15:16:12";"05/08/2026 10:28:32"
"46209";"010449";"2026";"4";"venda";"280000,00";"17/06/2026 15:16:12";"05/08/2026 10:28:33"
"46210";"010449";"2026";"5";"venda";"280000,00";"17/06/2026 15:16:12";"05/08/2026 10:28:34"
"46211";"010449";"2026";"6";"venda";"280000,00";"17/06/2026 15:16:12";"05/08/2026 10:28:35"
"46212";"010449";"2026";"7";"venda";"280000,00";"17/06/2026 15:16:12";"29/07/2026 19:41:19"
"46213";"010449";"2026";"8";"venda";"280000,00";"17/06/2026 15:16:12";"05/08/2026 10:28:37"
"46214";"010449";"2026";"9";"venda";"230000,00";"17/06/2026 15:16:12";"15/09/2026 10:08:26"
"46215";"010449";"2026";"10";"venda";"280000,00";"17/06/2026 15:16:12";"05/08/2026 10:28:39"
"46216";"010449";"2026";"11";"venda";"280000,00";"17/06/2026 15:16:12";"05/08/2026 10:28:42"
"46217";"010449";"2026";"12";"venda";"280000,00";"17/06/2026 15:16:12";"05/08/2026 10:28:43"
"46218";"010451";"2026";"1";"venda";"11161,92";"17/06/2026 15:16:12";"27/07/2026 08:13:11"
"46219";"010451";"2026";"2";"venda";"29524,32";"17/06/2026 15:16:12";"27/07/2026 08:13:11"
"46220";"010451";"2026";"3";"venda";"11761,12";"17/06/2026 15:16:12";"27/07/2026 08:13:11"
"46221";"010451";"2026";"4";"venda";"134400,00";"17/06/2026 15:16:12";"27/07/2026 08:13:11"
"46222";"010451";"2026";"5";"venda";"134400,00";"17/06/2026 15:16:12";"27/07/2026 08:13:11"
"46223";"010451";"2026";"6";"venda";"134400,00";"17/06/2026 15:16:12";"27/07/2026 08:13:11"
"46224";"010451";"2026";"7";"venda";"134400,00";"17/06/2026 15:16:12";"27/07/2026 08:13:11"
"46225";"010451";"2026";"8";"venda";"134400,00";"17/06/2026 15:16:12";"27/07/2026 08:13:11"
"46226";"010451";"2026";"9";"venda";"134400,00";"17/06/2026 15:16:12";"27/07/2026 08:13:11"
"46227";"010451";"2026";"10";"venda";"134400,00";"17/06/2026 15:16:12";"27/07/2026 08:13:11"
"46228";"010451";"2026";"11";"venda";"134400,00";"17/06/2026 15:16:12";"27/07/2026 08:13:11"
"46229";"010451";"2026";"12";"venda";"134400,00";"17/06/2026 15:16:12";"27/07/2026 08:13:11"
"46230";"010452";"2026";"1";"venda";"25409,44";"17/06/2026 15:16:12";"27/07/2026 08:13:10"
"46231";"010452";"2026";"2";"venda";"48948,48";"17/06/2026 15:16:12";"27/07/2026 08:13:10"
"46232";"010452";"2026";"3";"venda";"62420,96";"17/06/2026 15:16:12";"27/07/2026 08:13:10"
"46233";"010452";"2026";"4";"venda";"134400,00";"17/06/2026 15:16:12";"27/07/2026 08:13:10"
"46234";"010452";"2026";"5";"venda";"134400,00";"17/06/2026 15:16:12";"27/07/2026 08:13:10"
"46235";"010452";"2026";"6";"venda";"134400,00";"17/06/2026 15:16:12";"27/07/2026 08:13:10"
"46236";"010452";"2026";"7";"venda";"134400,00";"17/06/2026 15:16:12";"27/07/2026 08:13:10"
"46237";"010452";"2026";"8";"venda";"134400,00";"17/06/2026 15:16:12";"27/07/2026 08:13:10"
"46238";"010452";"2026";"9";"venda";"134400,00";"17/06/2026 15:16:12";"27/07/2026 08:13:10"
"46239";"010452";"2026";"10";"venda";"134400,00";"17/06/2026 15:16:12";"27/07/2026 08:13:10"
"46240";"010452";"2026";"11";"venda";"134400,00";"17/06/2026 15:16:12";"27/07/2026 08:13:10"
"46241";"010452";"2026";"12";"venda";"134400,00";"17/06/2026 15:16:12";"27/07/2026 08:13:10"
"46242";"010455";"2026";"1";"venda";"115000,00";"17/06/2026 15:16:12";"05/08/2026 10:28:31"
"46243";"010455";"2026";"2";"venda";"115000,00";"17/06/2026 15:16:12";"05/08/2026 10:28:31"
"46244";"010455";"2026";"3";"venda";"115000,00";"17/06/2026 15:16:12";"05/08/2026 10:28:32"
"46245";"010455";"2026";"4";"venda";"115000,00";"17/06/2026 15:16:12";"05/08/2026 10:28:33"
"46246";"010455";"2026";"5";"venda";"115000,00";"17/06/2026 15:16:12";"05/08/2026 10:28:34"
"46247";"010455";"2026";"6";"venda";"115000,00";"17/06/2026 15:16:12";"05/08/2026 10:28:35"
"46248";"010455";"2026";"7";"venda";"115000,00";"17/06/2026 15:16:12";"29/07/2026 19:49:00"
"46249";"010455";"2026";"8";"venda";"115000,00";"17/06/2026 15:16:12";"05/08/2026 10:28:37"
"46250";"010455";"2026";"9";"venda";"115000,00";"17/06/2026 15:16:12";"05/08/2026 10:28:38"
"46251";"010455";"2026";"10";"venda";"115000,00";"17/06/2026 15:16:12";"05/08/2026 10:28:39"
"46252";"010455";"2026";"11";"venda";"115000,00";"17/06/2026 15:16:12";"05/08/2026 10:28:41"
"46253";"010455";"2026";"12";"venda";"115000,00";"17/06/2026 15:16:12";"05/08/2026 10:28:43"
"46254";"010464";"2026";"1";"venda";"112000,00";"17/06/2026 15:16:12";"05/08/2026 10:28:31"
"46255";"010464";"2026";"2";"venda";"112000,00";"17/06/2026 15:16:12";"05/08/2026 10:28:32"
"46256";"010464";"2026";"3";"venda";"112000,00";"17/06/2026 15:16:12";"05/08/2026 10:28:33"
"46257";"010464";"2026";"4";"venda";"112000,00";"17/06/2026 15:16:12";"05/08/2026 10:28:33"
"46258";"010464";"2026";"5";"venda";"112000,00";"17/06/2026 15:16:12";"05/08/2026 10:28:34"
"46259";"010464";"2026";"6";"venda";"112000,00";"17/06/2026 15:16:12";"27/07/2026 08:13:11"
"46260";"010464";"2026";"7";"venda";"112000,00";"17/06/2026 15:16:12";"27/07/2026 08:13:11"
"46261";"010464";"2026";"8";"venda";"112000,00";"17/06/2026 15:16:12";"05/08/2026 10:28:37"
"46262";"010464";"2026";"9";"venda";"112000,00";"17/06/2026 15:16:12";"05/08/2026 10:28:39"
"46263";"010464";"2026";"10";"venda";"112000,00";"17/06/2026 15:16:12";"05/08/2026 10:28:40"
"46264";"010464";"2026";"11";"venda";"112000,00";"17/06/2026 15:16:12";"05/08/2026 10:28:42"
"46265";"010464";"2026";"12";"venda";"112000,00";"17/06/2026 15:16:12";"05/08/2026 10:28:44"
"46266";"010471";"2026";"1";"venda";"648947,04";"17/06/2026 15:16:12";"27/07/2026 08:13:10"
"46267";"010471";"2026";"2";"venda";"224000,00";"17/06/2026 15:16:12";"27/07/2026 08:13:10"
"46268";"010471";"2026";"3";"venda";"224000,00";"17/06/2026 15:16:12";"27/07/2026 08:13:10"
"46269";"010471";"2026";"4";"venda";"392000,00";"17/06/2026 15:16:12";"27/07/2026 08:13:10"
"46270";"010471";"2026";"5";"venda";"224000,00";"17/06/2026 15:16:12";"27/07/2026 08:13:10"
"46271";"010471";"2026";"6";"venda";"280000,00";"17/06/2026 15:16:12";"27/07/2026 08:13:10"
"46272";"010471";"2026";"7";"venda";"504000,00";"17/06/2026 15:16:12";"27/07/2026 08:13:10"
"46273";"010471";"2026";"8";"venda";"280000,00";"17/06/2026 15:16:12";"27/07/2026 08:13:10"
"46274";"010471";"2026";"9";"venda";"280000,00";"17/06/2026 15:16:12";"27/07/2026 08:13:10"
"46275";"010471";"2026";"10";"venda";"280000,00";"17/06/2026 15:16:12";"27/07/2026 08:13:10"
"46276";"010471";"2026";"11";"venda";"448000,00";"17/06/2026 15:16:12";"27/07/2026 08:13:10"
"46277";"010471";"2026";"12";"venda";"224000,00";"17/06/2026 15:16:12";"27/07/2026 08:13:10"
"46278";"010475";"2026";"1";"venda";"0,00";"17/06/2026 15:16:12";"27/07/2026 08:13:11"
"46279";"010475";"2026";"2";"venda";"0,00";"17/06/2026 15:16:12";"27/07/2026 08:13:11"
"46280";"010475";"2026";"3";"venda";"0,00";"17/06/2026 15:16:12";"17/06/2026 15:16:12"
"46281";"010475";"2026";"4";"venda";"0,00";"17/06/2026 15:16:12";"17/06/2026 15:16:12"
"46282";"010475";"2026";"5";"venda";"0,00";"17/06/2026 15:16:12";"17/06/2026 15:16:12"
"46283";"010475";"2026";"6";"venda";"0,00";"17/06/2026 15:16:12";"17/06/2026 15:16:12"
"46284";"010475";"2026";"7";"venda";"0,00";"17/06/2026 15:16:12";"17/06/2026 15:16:12"
"46285";"010475";"2026";"8";"venda";"0,00";"17/06/2026 15:16:12";"17/06/2026 15:16:12"
"46286";"010475";"2026";"9";"venda";"0,00";"17/06/2026 15:16:12";"17/06/2026 15:16:12"
"46287";"010475";"2026";"10";"venda";"0,00";"17/06/2026 15:16:12";"17/06/2026 15:16:12"
"46288";"010475";"2026";"11";"venda";"0,00";"17/06/2026 15:16:12";"17/06/2026 15:16:12"
"46289";"010475";"2026";"12";"venda";"0,00";"17/06/2026 15:16:12";"17/06/2026 15:16:12"
"46290";"010476";"2026";"1";"venda";"4833,92";"17/06/2026 15:16:12";"27/07/2026 08:13:10"
"46291";"010476";"2026";"2";"venda";"4394,88";"17/06/2026 15:16:12";"27/07/2026 08:13:10"
"46292";"010476";"2026";"3";"venda";"4394,88";"17/06/2026 15:16:12";"27/07/2026 08:13:10"
"46293";"010476";"2026";"4";"venda";"89600,00";"17/06/2026 15:16:12";"27/07/2026 08:13:10"
"46294";"010476";"2026";"5";"venda";"100800,00";"17/06/2026 15:16:12";"27/07/2026 08:13:10"
"46295";"010476";"2026";"6";"venda";"100800,00";"17/06/2026 15:16:12";"27/07/2026 08:13:10"
"46296";"010476";"2026";"7";"venda";"100800,00";"17/06/2026 15:16:12";"27/07/2026 08:13:10"
"46297";"010476";"2026";"8";"venda";"100800,00";"17/06/2026 15:16:12";"27/07/2026 08:13:10"
"46298";"010476";"2026";"9";"venda";"100800,00";"17/06/2026 15:16:12";"27/07/2026 08:13:10"
"46299";"010476";"2026";"10";"venda";"100800,00";"17/06/2026 15:16:12";"27/07/2026 08:13:10"
"46300";"010476";"2026";"11";"venda";"100800,00";"17/06/2026 15:16:12";"27/07/2026 08:13:10"
"46301";"010476";"2026";"12";"venda";"100800,00";"17/06/2026 15:16:12";"27/07/2026 08:13:10"
"46302";"010485";"2026";"1";"venda";"396774,56";"17/06/2026 15:16:12";"27/07/2026 08:13:11"
"46303";"010485";"2026";"2";"venda";"219723,84";"17/06/2026 15:16:12";"27/07/2026 08:13:11"
"46304";"010485";"2026";"3";"venda";"4730,88";"17/06/2026 15:16:12";"27/07/2026 08:13:11"
"46305";"010485";"2026";"4";"venda";"280000,00";"17/06/2026 15:16:12";"27/07/2026 08:13:11"
"46306";"010485";"2026";"5";"venda";"280000,00";"17/06/2026 15:16:12";"27/07/2026 08:13:11"
"46307";"010485";"2026";"6";"venda";"358400,00";"17/06/2026 15:16:12";"27/07/2026 08:13:11"
"46308";"010485";"2026";"7";"venda";"560000,00";"17/06/2026 15:16:12";"27/07/2026 08:13:11"
"46309";"010485";"2026";"8";"venda";"560000,00";"17/06/2026 15:16:12";"27/07/2026 08:13:11"
"46310";"010485";"2026";"9";"venda";"840000,00";"17/06/2026 15:16:12";"27/07/2026 08:13:11"
"46311";"010485";"2026";"10";"venda";"616000,00";"17/06/2026 15:16:12";"27/07/2026 08:13:11"
"46312";"010485";"2026";"11";"venda";"392000,00";"17/06/2026 15:16:12";"27/07/2026 08:13:11"
"46313";"010485";"2026";"12";"venda";"576800,00";"17/06/2026 15:16:12";"27/07/2026 08:13:11"
"46314";"10490";"2026";"1";"venda";"0,00";"17/06/2026 15:16:12";"27/07/2026 08:13:11"
"46315";"10490";"2026";"2";"venda";"0,00";"17/06/2026 15:16:12";"27/07/2026 08:13:11"
"46316";"10490";"2026";"3";"venda";"0,00";"17/06/2026 15:16:12";"27/07/2026 08:13:11"
"46317";"10490";"2026";"4";"venda";"0,00";"17/06/2026 15:16:12";"27/07/2026 08:13:11"
"46318";"10490";"2026";"5";"venda";"0,00";"17/06/2026 15:16:12";"27/07/2026 08:13:11"
"46319";"10490";"2026";"6";"venda";"0,00";"17/06/2026 15:16:12";"18/06/2026 12:01:48"
"46320";"10490";"2026";"7";"venda";"0,00";"17/06/2026 15:16:12";"27/07/2026 08:13:11"
"46321";"10490";"2026";"8";"venda";"0,00";"17/06/2026 15:16:12";"27/07/2026 08:13:11"
"46322";"10490";"2026";"9";"venda";"0,00";"17/06/2026 15:16:12";"27/07/2026 08:13:11"
"46323";"10490";"2026";"10";"venda";"0,00";"17/06/2026 15:16:12";"17/06/2026 15:16:12"
"46324";"10490";"2026";"11";"venda";"0,00";"17/06/2026 15:16:12";"17/06/2026 15:16:12"
"46325";"10490";"2026";"12";"venda";"0,00";"17/06/2026 15:16:12";"17/06/2026 15:16:12"
"46326";"010492";"2026";"1";"venda";"0,00";"17/06/2026 15:16:12";"27/07/2026 08:13:11"
"46327";"010492";"2026";"2";"venda";"0,00";"17/06/2026 15:16:12";"27/07/2026 08:13:11"
"46328";"010492";"2026";"3";"venda";"0,00";"17/06/2026 15:16:12";"27/07/2026 08:13:11"
"46329";"010492";"2026";"4";"venda";"0,00";"17/06/2026 15:16:12";"27/07/2026 08:13:11"
"46330";"010492";"2026";"5";"venda";"0,00";"17/06/2026 15:16:12";"27/07/2026 08:13:11"
"46331";"010492";"2026";"6";"venda";"0,00";"17/06/2026 15:16:12";"18/06/2026 12:01:48"
"46332";"010492";"2026";"7";"venda";"0,00";"17/06/2026 15:16:12";"27/07/2026 08:13:11"
"46333";"010492";"2026";"8";"venda";"0,00";"17/06/2026 15:16:12";"27/07/2026 08:13:11"
"46334";"010492";"2026";"9";"venda";"0,00";"17/06/2026 15:16:12";"27/07/2026 08:13:11"
"46335";"010492";"2026";"10";"venda";"0,00";"17/06/2026 15:16:12";"27/07/2026 08:13:11"
"46336";"010492";"2026";"11";"venda";"0,00";"17/06/2026 15:16:12";"27/07/2026 08:13:11"
"46337";"010492";"2026";"12";"venda";"0,00";"17/06/2026 15:16:12";"27/07/2026 08:13:11"
"46338";"010502";"2026";"1";"venda";"30000,00";"17/06/2026 15:16:12";"05/08/2026 10:28:30"
"46339";"010502";"2026";"2";"venda";"30000,00";"17/06/2026 15:16:12";"05/08/2026 10:28:31"
"46340";"010502";"2026";"3";"venda";"30000,00";"17/06/2026 15:16:12";"05/08/2026 10:28:32"
"46341";"010502";"2026";"4";"venda";"30000,00";"17/06/2026 15:16:12";"05/08/2026 10:28:33"
"46342";"010502";"2026";"5";"venda";"30000,00";"17/06/2026 15:16:12";"05/08/2026 10:28:34"
"46343";"010502";"2026";"6";"venda";"30000,00";"17/06/2026 15:16:12";"05/08/2026 10:28:34"
"46344";"010502";"2026";"7";"venda";"30000,00";"17/06/2026 15:16:12";"29/07/2026 20:10:33"
"46345";"010502";"2026";"8";"venda";"30000,00";"17/06/2026 15:16:12";"05/08/2026 10:28:36"
"46346";"010502";"2026";"9";"venda";"30000,00";"17/06/2026 15:16:12";"05/08/2026 10:28:37"
"46347";"010502";"2026";"10";"venda";"30000,00";"17/06/2026 15:16:12";"05/08/2026 10:28:39"
"46348";"010502";"2026";"11";"venda";"30000,00";"17/06/2026 15:16:12";"05/08/2026 10:28:40"
"46349";"010502";"2026";"12";"venda";"30000,00";"17/06/2026 15:16:12";"05/08/2026 10:28:43"
"46350";"010504";"2026";"1";"venda";"0,00";"17/06/2026 15:16:12";"17/06/2026 15:16:12"
"46351";"010504";"2026";"2";"venda";"0,00";"17/06/2026 15:16:12";"17/06/2026 15:16:12"
"46352";"010504";"2026";"3";"venda";"0,00";"17/06/2026 15:16:12";"17/06/2026 15:16:12"
"46353";"010504";"2026";"4";"venda";"0,00";"17/06/2026 15:16:12";"17/06/2026 15:16:12"
"46354";"010504";"2026";"5";"venda";"0,00";"17/06/2026 15:16:12";"17/06/2026 15:16:12"
"46355";"010504";"2026";"6";"venda";"0,00";"17/06/2026 15:16:12";"17/06/2026 15:16:12"
"46356";"010504";"2026";"7";"venda";"0,00";"17/06/2026 15:16:12";"17/06/2026 15:16:12"
"46357";"010504";"2026";"8";"venda";"0,00";"17/06/2026 15:16:12";"17/06/2026 15:16:12"
"46358";"010504";"2026";"9";"venda";"0,00";"17/06/2026 15:16:12";"17/06/2026 15:16:12"
"46359";"010504";"2026";"10";"venda";"0,00";"17/06/2026 15:16:12";"27/07/2026 08:13:11"
"46360";"010504";"2026";"11";"venda";"0,00";"17/06/2026 15:16:12";"17/06/2026 15:16:12"
"46361";"010504";"2026";"12";"venda";"0,00";"17/06/2026 15:16:12";"17/06/2026 15:16:12"
"46362";"010512";"2026";"1";"venda";"470400,00";"17/06/2026 15:16:12";"27/07/2026 08:13:10"
"46363";"010512";"2026";"2";"venda";"563217,76";"17/06/2026 15:16:12";"27/07/2026 08:13:10"
"46364";"010512";"2026";"3";"venda";"470400,00";"17/06/2026 15:16:12";"27/07/2026 08:13:10"
"46365";"010512";"2026";"4";"venda";"470400,00";"17/06/2026 15:16:12";"27/07/2026 08:13:10"
"46366";"010512";"2026";"5";"venda";"470400,00";"17/06/2026 15:16:12";"27/07/2026 08:13:10"
"46367";"010512";"2026";"6";"venda";"481250,52";"17/06/2026 15:16:12";"27/07/2026 08:13:10"
"46368";"010512";"2026";"7";"venda";"470400,00";"17/06/2026 15:16:12";"27/07/2026 08:13:10"
"46369";"010512";"2026";"8";"venda";"470400,00";"17/06/2026 15:16:12";"27/07/2026 08:13:10"
"46370";"010512";"2026";"9";"venda";"627200,00";"17/06/2026 15:16:12";"27/07/2026 08:13:10"
"46371";"010512";"2026";"10";"venda";"1646400,00";"17/06/2026 15:16:12";"27/07/2026 08:13:10"
"46372";"010512";"2026";"11";"venda";"761600,00";"17/06/2026 15:16:12";"27/07/2026 08:13:10"
"46373";"010512";"2026";"12";"venda";"470400,00";"17/06/2026 15:16:12";"27/07/2026 08:13:10"
"46374";"010519";"2026";"1";"venda";"328632,64";"17/06/2026 15:16:12";"27/07/2026 08:13:10"
"46375";"010519";"2026";"2";"venda";"312648,00";"17/06/2026 15:16:12";"27/07/2026 08:13:10"
"46376";"010519";"2026";"3";"venda";"423220,00";"17/06/2026 15:16:12";"27/07/2026 08:13:10"
"46377";"010519";"2026";"4";"venda";"305158,56";"17/06/2026 15:16:12";"27/07/2026 08:13:10"
"46378";"010519";"2026";"5";"venda";"156800,00";"17/06/2026 15:16:12";"27/07/2026 08:13:10"
"46379";"010519";"2026";"6";"venda";"246400,00";"17/06/2026 15:16:12";"27/07/2026 08:13:10"
"46380";"010519";"2026";"7";"venda";"616000,00";"17/06/2026 15:16:12";"27/07/2026 08:13:10"
"46381";"010519";"2026";"8";"venda";"392000,00";"17/06/2026 15:16:12";"27/07/2026 08:13:10"
"46382";"010519";"2026";"9";"venda";"481600,00";"17/06/2026 15:16:12";"27/07/2026 08:13:10"
"46383";"010519";"2026";"10";"venda";"268800,00";"17/06/2026 15:16:12";"27/07/2026 08:13:10"
"46384";"010519";"2026";"11";"venda";"308000,00";"17/06/2026 15:16:12";"27/07/2026 08:13:10"
"46385";"010519";"2026";"12";"venda";"470400,00";"17/06/2026 15:16:12";"27/07/2026 08:13:10"
"46386";"010523";"2026";"1";"venda";"747568,64";"17/06/2026 15:16:12";"27/07/2026 08:13:10"
"46387";"010523";"2026";"2";"venda";"398871,20";"17/06/2026 15:16:12";"27/07/2026 08:13:10"
"46388";"010523";"2026";"3";"venda";"604481,92";"17/06/2026 15:16:12";"27/07/2026 08:13:10"
"46389";"010523";"2026";"4";"venda";"756179,20";"17/06/2026 15:16:12";"27/07/2026 08:13:10"
"46390";"010523";"2026";"5";"venda";"515200,00";"17/06/2026 15:16:12";"27/07/2026 08:13:10"
"46391";"010523";"2026";"6";"venda";"828397,58";"17/06/2026 15:16:12";"27/07/2026 08:13:10"
"46392";"010523";"2026";"7";"venda";"772800,00";"17/06/2026 15:16:12";"27/07/2026 08:13:10"
"46393";"010523";"2026";"8";"venda";"582400,00";"17/06/2026 15:16:12";"27/07/2026 08:13:10"
"46394";"010523";"2026";"9";"venda";"722400,00";"17/06/2026 15:16:12";"27/07/2026 08:13:10"
"46395";"010523";"2026";"10";"venda";"610400,00";"17/06/2026 15:16:12";"27/07/2026 08:13:10"
"46396";"010523";"2026";"11";"venda";"560000,00";"17/06/2026 15:16:12";"27/07/2026 08:13:10"
"46397";"010523";"2026";"12";"venda";"761600,00";"17/06/2026 15:16:12";"27/07/2026 08:13:10"
"46398";"010527";"2026";"1";"venda";"350000,00";"17/06/2026 15:16:12";"05/08/2026 10:28:31"
"46399";"010527";"2026";"2";"venda";"350000,00";"17/06/2026 15:16:12";"05/08/2026 10:28:31"
"46400";"010527";"2026";"3";"venda";"350000,00";"17/06/2026 15:16:12";"05/08/2026 10:28:32"
"46401";"010527";"2026";"4";"venda";"350000,00";"17/06/2026 15:16:13";"05/08/2026 10:28:33"
"46402";"010527";"2026";"5";"venda";"350000,00";"17/06/2026 15:16:13";"05/08/2026 10:28:34"
"46403";"010527";"2026";"6";"venda";"350000,00";"17/06/2026 15:16:13";"05/08/2026 10:28:35"
"46404";"010527";"2026";"7";"venda";"350000,00";"17/06/2026 15:16:13";"29/07/2026 19:45:23"
"46405";"010527";"2026";"8";"venda";"350000,00";"17/06/2026 15:16:13";"05/08/2026 10:28:37"
"46406";"010527";"2026";"9";"venda";"350000,00";"17/06/2026 15:16:13";"05/08/2026 10:28:38"
"46407";"010527";"2026";"10";"venda";"350000,00";"17/06/2026 15:16:13";"05/08/2026 10:28:39"
"46408";"010527";"2026";"11";"venda";"350000,00";"17/06/2026 15:16:13";"05/08/2026 10:28:41"
"46409";"010527";"2026";"12";"venda";"350000,00";"17/06/2026 15:16:13";"05/08/2026 10:28:43"
"46410";"010531";"2026";"1";"venda";"30000,00";"17/06/2026 15:16:13";"05/08/2026 10:28:30"
"46411";"010531";"2026";"2";"venda";"30000,00";"17/06/2026 15:16:13";"05/08/2026 10:28:31"
"46412";"010531";"2026";"3";"venda";"30000,00";"17/06/2026 15:16:13";"05/08/2026 10:28:32"
"46413";"010531";"2026";"4";"venda";"30000,00";"17/06/2026 15:16:13";"05/08/2026 10:28:33"
"46414";"010531";"2026";"5";"venda";"30000,00";"17/06/2026 15:16:13";"05/08/2026 10:28:34"
"46415";"010531";"2026";"6";"venda";"30000,00";"17/06/2026 15:16:13";"05/08/2026 10:28:35"
"46416";"010531";"2026";"7";"venda";"30000,00";"17/06/2026 15:16:13";"31/07/2026 09:54:47"
"46417";"010531";"2026";"8";"venda";"30000,00";"17/06/2026 15:16:13";"05/08/2026 10:28:36"
"46418";"010531";"2026";"9";"venda";"30000,00";"17/06/2026 15:16:13";"05/08/2026 10:28:38"
"46419";"010531";"2026";"10";"venda";"30000,00";"17/06/2026 15:16:13";"05/08/2026 10:28:39"
"46420";"010531";"2026";"11";"venda";"30000,00";"17/06/2026 15:16:13";"05/08/2026 10:28:40"
"46421";"010531";"2026";"12";"venda";"30000,00";"17/06/2026 15:16:13";"05/08/2026 10:28:43"
"46422";"010534";"2026";"1";"venda";"0,00";"17/06/2026 15:16:13";"05/08/2026 10:28:30"
"46423";"010534";"2026";"2";"venda";"0,00";"17/06/2026 15:16:13";"05/08/2026 10:28:31"
"46424";"010534";"2026";"3";"venda";"0,00";"17/06/2026 15:16:13";"05/08/2026 10:28:32"
"46425";"010534";"2026";"4";"venda";"0,00";"17/06/2026 15:16:13";"05/08/2026 10:28:33"
"46426";"010534";"2026";"5";"venda";"0,00";"17/06/2026 15:16:13";"05/08/2026 10:28:34"
"46427";"010534";"2026";"6";"venda";"0,00";"17/06/2026 15:16:13";"05/08/2026 10:28:34"
"46428";"010534";"2026";"7";"venda";"0,00";"17/06/2026 15:16:13";"29/07/2026 20:16:14"
"46429";"010534";"2026";"8";"venda";"0,00";"17/06/2026 15:16:13";"05/08/2026 10:28:36"
"46430";"010534";"2026";"9";"venda";"0,00";"17/06/2026 15:16:13";"05/08/2026 10:28:37"
"46431";"010534";"2026";"10";"venda";"0,00";"17/06/2026 15:16:13";"05/08/2026 10:28:39"
"46432";"010534";"2026";"11";"venda";"0,00";"17/06/2026 15:16:13";"05/08/2026 10:28:40"
"46433";"010534";"2026";"12";"venda";"0,00";"17/06/2026 15:16:13";"05/08/2026 10:28:43"
"46434";"010536";"2026";"1";"venda";"0,00";"17/06/2026 15:16:13";"27/07/2026 08:13:11"
"46435";"010536";"2026";"2";"venda";"0,00";"17/06/2026 15:16:13";"27/07/2026 08:13:11"
"46436";"010536";"2026";"3";"venda";"0,00";"17/06/2026 15:16:13";"27/07/2026 08:13:11"
"46437";"010536";"2026";"4";"venda";"0,00";"17/06/2026 15:16:13";"27/07/2026 08:13:11"
"46438";"010536";"2026";"5";"venda";"0,00";"17/06/2026 15:16:13";"27/07/2026 08:13:11"
"46439";"010536";"2026";"6";"venda";"0,00";"17/06/2026 15:16:13";"18/06/2026 12:01:49"
"46440";"010536";"2026";"7";"venda";"0,00";"17/06/2026 15:16:13";"27/07/2026 08:13:11"
"46441";"010536";"2026";"8";"venda";"0,00";"17/06/2026 15:16:13";"27/07/2026 08:13:11"
"46442";"010536";"2026";"9";"venda";"0,00";"17/06/2026 15:16:13";"27/07/2026 08:13:11"
"46443";"010536";"2026";"10";"venda";"0,00";"17/06/2026 15:16:13";"27/07/2026 08:13:11"
"46444";"010536";"2026";"11";"venda";"0,00";"17/06/2026 15:16:13";"27/07/2026 08:13:11"
"46445";"010536";"2026";"12";"venda";"0,00";"17/06/2026 15:16:13";"27/07/2026 08:13:11"
"46446";"010537";"2026";"1";"venda";"55000,00";"17/06/2026 15:16:13";"05/08/2026 10:28:31"
"46447";"010537";"2026";"2";"venda";"55000,00";"17/06/2026 15:16:13";"05/08/2026 10:28:32"
"46448";"010537";"2026";"3";"venda";"55000,00";"17/06/2026 15:16:13";"05/08/2026 10:28:33"
"46449";"010537";"2026";"4";"venda";"55000,00";"17/06/2026 15:16:13";"05/08/2026 10:28:33"
"46450";"010537";"2026";"5";"venda";"55000,00";"17/06/2026 15:16:13";"05/08/2026 10:28:34"
"46451";"010537";"2026";"6";"venda";"55000,00";"17/06/2026 15:16:13";"05/08/2026 10:28:35"
"46452";"010537";"2026";"7";"venda";"55000,00";"17/06/2026 15:16:13";"29/07/2026 20:03:33"
"46453";"010537";"2026";"8";"venda";"55000,00";"17/06/2026 15:16:13";"05/08/2026 10:28:37"
"46454";"010537";"2026";"9";"venda";"50000,00";"17/06/2026 15:16:13";"15/09/2026 10:07:35"
"46455";"010537";"2026";"10";"venda";"55000,00";"17/06/2026 15:16:13";"05/08/2026 10:28:40"
"46456";"010537";"2026";"11";"venda";"55000,00";"17/06/2026 15:16:13";"05/08/2026 10:28:42"
"46457";"010537";"2026";"12";"venda";"55000,00";"17/06/2026 15:16:13";"05/08/2026 10:28:43"
"46458";"010539";"2026";"1";"venda";"49566,72";"17/06/2026 15:16:13";"27/07/2026 08:13:10"
"46459";"010539";"2026";"2";"venda";"15778,56";"17/06/2026 15:16:13";"27/07/2026 08:13:10"
"46460";"010539";"2026";"3";"venda";"12104,96";"17/06/2026 15:16:13";"27/07/2026 08:13:10"
"46461";"010539";"2026";"4";"venda";"134400,00";"17/06/2026 15:16:13";"27/07/2026 08:13:10"
"46462";"010539";"2026";"5";"venda";"134400,00";"17/06/2026 15:16:13";"27/07/2026 08:13:10"
"46463";"010539";"2026";"6";"venda";"137786,88";"17/06/2026 15:16:13";"27/07/2026 08:13:10"
"46464";"010539";"2026";"7";"venda";"134400,00";"17/06/2026 15:16:13";"27/07/2026 08:13:10"
"46465";"010539";"2026";"8";"venda";"134400,00";"17/06/2026 15:16:13";"27/07/2026 08:13:10"
"46466";"010539";"2026";"9";"venda";"134400,00";"17/06/2026 15:16:13";"27/07/2026 08:13:10"
"46467";"010539";"2026";"10";"venda";"134400,00";"17/06/2026 15:16:13";"27/07/2026 08:13:10"
"46468";"010539";"2026";"11";"venda";"134400,00";"17/06/2026 15:16:13";"27/07/2026 08:13:10"
"46469";"010539";"2026";"12";"venda";"134400,00";"17/06/2026 15:16:13";"27/07/2026 08:13:10"
"46470";"010546";"2026";"1";"venda";"30668,96";"17/06/2026 15:16:13";"27/07/2026 08:13:10"
"46471";"010546";"2026";"2";"venda";"11716,32";"17/06/2026 15:16:13";"27/07/2026 08:13:10"
"46472";"010546";"2026";"3";"venda";"36646,40";"17/06/2026 15:16:13";"27/07/2026 08:13:10"
"46473";"010546";"2026";"4";"venda";"134400,00";"17/06/2026 15:16:13";"27/07/2026 08:13:10"
"46474";"010546";"2026";"5";"venda";"134400,00";"17/06/2026 15:16:13";"27/07/2026 08:13:10"
"46475";"010546";"2026";"6";"venda";"134400,00";"17/06/2026 15:16:13";"27/07/2026 08:13:10"
"46476";"010546";"2026";"7";"venda";"134400,00";"17/06/2026 15:16:13";"27/07/2026 08:13:10"
"46477";"010546";"2026";"8";"venda";"134400,00";"17/06/2026 15:16:13";"27/07/2026 08:13:10"
"46478";"010546";"2026";"9";"venda";"134400,00";"17/06/2026 15:16:13";"27/07/2026 08:13:10"
"46479";"010546";"2026";"10";"venda";"134400,00";"17/06/2026 15:16:13";"27/07/2026 08:13:10"
"46480";"010546";"2026";"11";"venda";"134400,00";"17/06/2026 15:16:13";"27/07/2026 08:13:10"
"46481";"010546";"2026";"12";"venda";"134400,00";"17/06/2026 15:16:13";"27/07/2026 08:13:10"
"46482";"010554";"2026";"1";"venda";"25477,76";"17/06/2026 15:16:13";"27/07/2026 08:13:11"
"46483";"010554";"2026";"2";"venda";"3825,92";"17/06/2026 15:16:13";"27/07/2026 08:13:11"
"46484";"010554";"2026";"3";"venda";"31846,08";"17/06/2026 15:16:13";"27/07/2026 08:13:11"
"46485";"010554";"2026";"4";"venda";"21576,80";"17/06/2026 15:16:13";"27/07/2026 08:13:11"
"46486";"010554";"2026";"5";"venda";"67200,00";"17/06/2026 15:16:13";"27/07/2026 08:13:11"
"46487";"010554";"2026";"6";"venda";"77246,40";"17/06/2026 15:16:13";"27/07/2026 08:13:11"
"46488";"010554";"2026";"7";"venda";"67200,00";"17/06/2026 15:16:13";"27/07/2026 08:13:11"
"46489";"010554";"2026";"8";"venda";"67200,00";"17/06/2026 15:16:13";"27/07/2026 08:13:11"
"46490";"010554";"2026";"9";"venda";"67200,00";"17/06/2026 15:16:13";"27/07/2026 08:13:11"
"46491";"010554";"2026";"10";"venda";"67200,00";"17/06/2026 15:16:13";"27/07/2026 08:13:11"
"46492";"010554";"2026";"11";"venda";"67200,00";"17/06/2026 15:16:13";"27/07/2026 08:13:11"
"46493";"010554";"2026";"12";"venda";"67200,00";"17/06/2026 15:16:13";"27/07/2026 08:13:11"
"46494";"010556";"2026";"1";"venda";"30000,00";"17/06/2026 15:16:13";"05/08/2026 10:28:31"
"46495";"010556";"2026";"2";"venda";"30000,00";"17/06/2026 15:16:13";"05/08/2026 10:28:32"
"46496";"010556";"2026";"3";"venda";"30000,00";"17/06/2026 15:16:13";"05/08/2026 10:28:33"
"46497";"010556";"2026";"4";"venda";"30000,00";"17/06/2026 15:16:13";"05/08/2026 10:28:33"
"46498";"010556";"2026";"5";"venda";"30000,00";"17/06/2026 15:16:13";"05/08/2026 10:28:34"
"46499";"010556";"2026";"6";"venda";"30000,00";"17/06/2026 15:16:13";"05/08/2026 10:28:35"
"46500";"010556";"2026";"7";"venda";"30000,00";"17/06/2026 15:16:13";"29/07/2026 20:11:04"
"46501";"010556";"2026";"8";"venda";"0,00";"17/06/2026 15:16:13";"01/09/2026 09:59:37"
"46502";"010556";"2026";"9";"venda";"30000,00";"17/06/2026 15:16:13";"05/08/2026 10:28:38"
"46503";"010556";"2026";"10";"venda";"30000,00";"17/06/2026 15:16:13";"05/08/2026 10:28:40"
"46504";"010556";"2026";"11";"venda";"30000,00";"17/06/2026 15:16:13";"05/08/2026 10:28:42"
"46505";"010556";"2026";"12";"venda";"30000,00";"17/06/2026 15:16:13";"05/08/2026 10:28:44"
"46506";"010559";"2026";"1";"venda";"70000,00";"17/06/2026 15:16:13";"05/08/2026 10:28:31"
"46507";"010559";"2026";"2";"venda";"70000,00";"17/06/2026 15:16:13";"05/08/2026 10:28:32"
"46508";"010559";"2026";"3";"venda";"70000,00";"17/06/2026 15:16:13";"05/08/2026 10:28:33"
"46509";"010559";"2026";"4";"venda";"70000,00";"17/06/2026 15:16:13";"05/08/2026 10:28:33"
"46510";"010559";"2026";"5";"venda";"70000,00";"17/06/2026 15:16:13";"05/08/2026 10:28:34"
"46511";"010559";"2026";"6";"venda";"70000,00";"17/06/2026 15:16:13";"05/08/2026 10:28:35"
"46512";"010559";"2026";"7";"venda";"70000,00";"17/06/2026 15:16:13";"29/07/2026 19:56:42"
"46513";"010559";"2026";"8";"venda";"70000,00";"17/06/2026 15:16:13";"05/08/2026 10:28:37"
"46514";"010559";"2026";"9";"venda";"70000,00";"17/06/2026 15:16:13";"05/08/2026 10:28:38"
"46515";"010559";"2026";"10";"venda";"70000,00";"17/06/2026 15:16:13";"05/08/2026 10:28:40"
"46516";"010559";"2026";"11";"venda";"70000,00";"17/06/2026 15:16:13";"05/08/2026 10:28:42"
"46517";"010559";"2026";"12";"venda";"70000,00";"17/06/2026 15:16:13";"05/08/2026 10:28:44"
"46518";"10564";"2026";"1";"venda";"5032,16";"17/06/2026 15:16:13";"27/07/2026 08:13:10"
"46519";"10564";"2026";"2";"venda";"5032,16";"17/06/2026 15:16:13";"27/07/2026 08:13:10"
"46520";"10564";"2026";"3";"venda";"5032,16";"17/06/2026 15:16:13";"27/07/2026 08:13:10"
"46521";"10564";"2026";"4";"venda";"89600,00";"17/06/2026 15:16:13";"27/07/2026 08:13:10"
"46522";"10564";"2026";"5";"venda";"100800,00";"17/06/2026 15:16:13";"27/07/2026 08:13:10"
"46523";"10564";"2026";"6";"venda";"100800,00";"17/06/2026 15:16:13";"27/07/2026 08:13:10"
"46524";"10564";"2026";"7";"venda";"100800,00";"17/06/2026 15:16:13";"27/07/2026 08:13:10"
"46525";"10564";"2026";"8";"venda";"100800,00";"17/06/2026 15:16:13";"27/07/2026 08:13:10"
"46526";"10564";"2026";"9";"venda";"100800,00";"17/06/2026 15:16:13";"27/07/2026 08:13:10"
"46527";"10564";"2026";"10";"venda";"100800,00";"17/06/2026 15:16:13";"27/07/2026 08:13:10"
"46528";"10564";"2026";"11";"venda";"100800,00";"17/06/2026 15:16:13";"27/07/2026 08:13:10"
"46529";"10564";"2026";"12";"venda";"100800,00";"17/06/2026 15:16:13";"27/07/2026 08:13:10"
"46530";"010568";"2026";"1";"venda";"0,00";"17/06/2026 15:16:13";"05/08/2026 10:28:31"
"46531";"010568";"2026";"2";"venda";"0,00";"17/06/2026 15:16:13";"05/08/2026 10:28:32"
"46532";"010568";"2026";"3";"venda";"0,00";"17/06/2026 15:16:13";"05/08/2026 10:28:32"
"46533";"010568";"2026";"4";"venda";"0,00";"17/06/2026 15:16:13";"05/08/2026 10:28:33"
"46534";"010568";"2026";"5";"venda";"0,00";"17/06/2026 15:16:13";"05/08/2026 10:28:34"
"46535";"010568";"2026";"6";"venda";"0,00";"17/06/2026 15:16:13";"05/08/2026 10:28:35"
"46536";"010568";"2026";"7";"venda";"0,00";"17/06/2026 15:16:13";"29/07/2026 20:29:37"
"46537";"010568";"2026";"8";"venda";"0,00";"17/06/2026 15:16:13";"05/08/2026 10:28:37"
"46538";"010568";"2026";"9";"venda";"0,00";"17/06/2026 15:16:13";"05/08/2026 10:28:38"
"46539";"010568";"2026";"10";"venda";"0,00";"17/06/2026 15:16:13";"05/08/2026 10:28:39"
"46540";"010568";"2026";"11";"venda";"0,00";"17/06/2026 15:16:13";"05/08/2026 10:28:41"
"46541";"010568";"2026";"12";"venda";"0,00";"17/06/2026 15:16:13";"05/08/2026 10:28:43"
"46542";"010570";"2026";"1";"venda";"0,00";"17/06/2026 15:16:13";"05/08/2026 10:28:31"
"46543";"010570";"2026";"2";"venda";"0,00";"17/06/2026 15:16:13";"05/08/2026 10:28:32"
"46544";"010570";"2026";"3";"venda";"0,00";"17/06/2026 15:16:13";"05/08/2026 10:28:33"
"46545";"010570";"2026";"4";"venda";"0,00";"17/06/2026 15:16:13";"05/08/2026 10:28:33"
"46546";"010570";"2026";"5";"venda";"0,00";"17/06/2026 15:16:13";"05/08/2026 10:28:34"
"46547";"010570";"2026";"6";"venda";"0,00";"17/06/2026 15:16:13";"05/08/2026 10:28:35"
"46548";"010570";"2026";"7";"venda";"0,00";"17/06/2026 15:16:13";"29/07/2026 20:28:04"
"46549";"010570";"2026";"8";"venda";"0,00";"17/06/2026 15:16:13";"05/08/2026 10:28:37"
"46550";"010570";"2026";"9";"venda";"0,00";"17/06/2026 15:16:13";"05/08/2026 10:28:38"
"46551";"010570";"2026";"10";"venda";"0,00";"17/06/2026 15:16:13";"05/08/2026 10:28:40"
"46552";"010570";"2026";"11";"venda";"0,00";"17/06/2026 15:16:13";"05/08/2026 10:28:42"
"46553";"010570";"2026";"12";"venda";"0,00";"17/06/2026 15:16:13";"05/08/2026 10:28:44"
"46554";"010571";"2026";"1";"venda";"30000,00";"17/06/2026 15:16:13";"05/08/2026 10:28:31"
"46555";"010571";"2026";"2";"venda";"30000,00";"17/06/2026 15:16:13";"05/08/2026 10:28:31"
"46556";"010571";"2026";"3";"venda";"30000,00";"17/06/2026 15:16:13";"05/08/2026 10:28:32"
"46557";"010571";"2026";"4";"venda";"30000,00";"17/06/2026 15:16:13";"05/08/2026 10:28:33"
"46558";"010571";"2026";"5";"venda";"30000,00";"17/06/2026 15:16:13";"05/08/2026 10:28:34"
"46559";"010571";"2026";"6";"venda";"30000,00";"17/06/2026 15:16:13";"05/08/2026 10:28:35"
"46560";"010571";"2026";"7";"venda";"30000,00";"17/06/2026 15:16:13";"29/07/2026 20:23:55"
"46561";"010571";"2026";"8";"venda";"30000,00";"17/06/2026 15:16:13";"05/08/2026 10:28:37"
"46562";"010571";"2026";"9";"venda";"30000,00";"17/06/2026 15:16:13";"05/08/2026 10:28:38"
"46563";"010571";"2026";"10";"venda";"30000,00";"17/06/2026 15:16:14";"05/08/2026 10:28:39"
"46564";"010571";"2026";"11";"venda";"30000,00";"17/06/2026 15:16:14";"05/08/2026 10:28:41"
"46565";"010571";"2026";"12";"venda";"30000,00";"17/06/2026 15:16:14";"05/08/2026 10:28:43"
"46566";"010585";"2026";"1";"venda";"3520397,44";"17/06/2026 15:16:14";"27/07/2026 08:13:10"
"46567";"010585";"2026";"2";"venda";"2744741,44";"17/06/2026 15:16:14";"27/07/2026 08:13:10"
"46568";"010585";"2026";"3";"venda";"2097776,80";"17/06/2026 15:16:14";"27/07/2026 08:13:10"
"46569";"010585";"2026";"4";"venda";"3375079,68";"17/06/2026 15:16:14";"27/07/2026 08:13:10"
"46570";"010585";"2026";"5";"venda";"3360000,00";"17/06/2026 15:16:14";"27/07/2026 08:13:10"
"46571";"010585";"2026";"6";"venda";"4923224,33";"17/06/2026 15:16:14";"27/07/2026 08:13:10"
"46572";"010585";"2026";"7";"venda";"3360000,00";"17/06/2026 15:16:14";"27/07/2026 08:13:10"
"46573";"010585";"2026";"8";"venda";"3360000,00";"17/06/2026 15:16:14";"27/07/2026 08:13:10"
"46574";"010585";"2026";"9";"venda";"3360000,00";"17/06/2026 15:16:14";"27/07/2026 08:13:10"
"46575";"010585";"2026";"10";"venda";"3360000,00";"17/06/2026 15:16:14";"27/07/2026 08:13:10"
"46576";"010585";"2026";"11";"venda";"3360000,00";"17/06/2026 15:16:14";"27/07/2026 08:13:10"
"46577";"010585";"2026";"12";"venda";"3584000,00";"17/06/2026 15:16:14";"27/07/2026 08:13:10"
"46578";"010588";"2026";"1";"venda";"17616,48";"17/06/2026 15:16:14";"27/07/2026 08:13:10"
"46579";"010588";"2026";"2";"venda";"76483,68";"17/06/2026 15:16:14";"27/07/2026 08:13:10"
"46580";"010588";"2026";"3";"venda";"32930,24";"17/06/2026 15:16:14";"27/07/2026 08:13:10"
"46581";"010588";"2026";"4";"venda";"134400,00";"17/06/2026 15:16:14";"27/07/2026 08:13:10"
"46582";"010588";"2026";"5";"venda";"134400,00";"17/06/2026 15:16:14";"27/07/2026 08:13:10"
"46583";"010588";"2026";"6";"venda";"134400,00";"17/06/2026 15:16:14";"27/07/2026 08:13:10"
"46584";"010588";"2026";"7";"venda";"134400,00";"17/06/2026 15:16:14";"27/07/2026 08:13:10"
"46585";"010588";"2026";"8";"venda";"134400,00";"17/06/2026 15:16:14";"27/07/2026 08:13:10"
"46586";"010588";"2026";"9";"venda";"134400,00";"17/06/2026 15:16:14";"27/07/2026 08:13:10"
"46587";"010588";"2026";"10";"venda";"134400,00";"17/06/2026 15:16:14";"27/07/2026 08:13:10"
"46588";"010588";"2026";"11";"venda";"134400,00";"17/06/2026 15:16:14";"27/07/2026 08:13:10"
"46589";"010588";"2026";"12";"venda";"134400,00";"17/06/2026 15:16:14";"27/07/2026 08:13:10"
"46590";"010589";"2026";"1";"venda";"36731,52";"17/06/2026 15:16:14";"27/07/2026 08:13:10"
"46591";"010589";"2026";"2";"venda";"11091,36";"17/06/2026 15:16:14";"27/07/2026 08:13:10"
"46592";"010589";"2026";"3";"venda";"23142,56";"17/06/2026 15:16:14";"27/07/2026 08:13:10"
"46593";"010589";"2026";"4";"venda";"134400,00";"17/06/2026 15:16:14";"27/07/2026 08:13:10"
"46594";"010589";"2026";"5";"venda";"134400,00";"17/06/2026 15:16:14";"27/07/2026 08:13:10"
"46595";"010589";"2026";"6";"venda";"139440,00";"17/06/2026 15:16:14";"27/07/2026 08:13:10"
"46596";"010589";"2026";"7";"venda";"134400,00";"17/06/2026 15:16:14";"27/07/2026 08:13:10"
"46597";"010589";"2026";"8";"venda";"134400,00";"17/06/2026 15:16:14";"27/07/2026 08:13:10"
"46598";"010589";"2026";"9";"venda";"134400,00";"17/06/2026 15:16:14";"27/07/2026 08:13:10"
"46599";"010589";"2026";"10";"venda";"134400,00";"17/06/2026 15:16:14";"27/07/2026 08:13:10"
"46600";"010589";"2026";"11";"venda";"134400,00";"17/06/2026 15:16:14";"27/07/2026 08:13:10"
"46601";"010589";"2026";"12";"venda";"134400,00";"17/06/2026 15:16:14";"27/07/2026 08:13:10"
"46602";"010590";"2026";"1";"venda";"106805,44";"17/06/2026 15:16:14";"27/07/2026 08:13:10"
"46603";"010590";"2026";"2";"venda";"6641,60";"17/06/2026 15:16:14";"27/07/2026 08:13:10"
"46604";"010590";"2026";"3";"venda";"234726,24";"17/06/2026 15:16:14";"27/07/2026 08:13:10"
"46605";"010590";"2026";"4";"venda";"342174,56";"17/06/2026 15:16:14";"27/07/2026 08:13:10"
"46606";"010590";"2026";"5";"venda";"145600,00";"17/06/2026 15:16:14";"27/07/2026 08:13:10"
"46607";"010590";"2026";"6";"venda";"212800,00";"17/06/2026 15:16:14";"27/07/2026 08:13:10"
"46608";"010590";"2026";"7";"venda";"414400,00";"17/06/2026 15:16:14";"27/07/2026 08:13:10"
"46609";"010590";"2026";"8";"venda";"246400,00";"17/06/2026 15:16:14";"27/07/2026 08:13:10"
"46610";"010590";"2026";"9";"venda";"145600,00";"17/06/2026 15:16:14";"27/07/2026 08:13:10"
"46611";"010590";"2026";"10";"venda";"112000,00";"17/06/2026 15:16:14";"27/07/2026 08:13:10"
"46612";"010590";"2026";"11";"venda";"196000,00";"17/06/2026 15:16:14";"27/07/2026 08:13:10"
"46613";"010590";"2026";"12";"venda";"403200,00";"17/06/2026 15:16:14";"27/07/2026 08:13:10"
"46614";"010594";"2026";"1";"venda";"767559,52";"17/06/2026 15:16:14";"27/07/2026 08:13:10"
"46615";"010594";"2026";"2";"venda";"887714,24";"17/06/2026 15:16:14";"27/07/2026 08:13:10"
"46616";"010594";"2026";"3";"venda";"226141,44";"17/06/2026 15:16:14";"27/07/2026 08:13:10"
"46617";"010594";"2026";"4";"venda";"886516,96";"17/06/2026 15:16:14";"27/07/2026 08:13:10"
"46618";"010594";"2026";"5";"venda";"1288000,00";"17/06/2026 15:16:14";"27/07/2026 08:13:10"
"46619";"010594";"2026";"6";"venda";"561724,22";"17/06/2026 15:16:14";"27/07/2026 08:13:10"
"46620";"010594";"2026";"7";"venda";"655200,00";"17/06/2026 15:16:14";"27/07/2026 08:13:10"
"46621";"010594";"2026";"8";"venda";"672000,00";"17/06/2026 15:16:14";"27/07/2026 08:13:10"
"46622";"010594";"2026";"9";"venda";"649600,00";"17/06/2026 15:16:14";"27/07/2026 08:13:10"
"46623";"010594";"2026";"10";"venda";"795200,00";"17/06/2026 15:16:14";"27/07/2026 08:13:10"
"46624";"010594";"2026";"11";"venda";"1052800,00";"17/06/2026 15:16:14";"27/07/2026 08:13:10"
"46625";"010594";"2026";"12";"venda";"1142400,00";"17/06/2026 15:16:14";"27/07/2026 08:13:10"
"46626";"010604";"2026";"1";"venda";"0,00";"17/06/2026 15:16:14";"05/08/2026 10:28:31"
"46627";"010604";"2026";"2";"venda";"0,00";"17/06/2026 15:16:14";"05/08/2026 10:28:32"
"46628";"010604";"2026";"3";"venda";"0,00";"17/06/2026 15:16:14";"05/08/2026 10:28:33"
"46629";"010604";"2026";"4";"venda";"0,00";"17/06/2026 15:16:14";"05/08/2026 10:28:33"
"46630";"010604";"2026";"5";"venda";"0,00";"17/06/2026 15:16:14";"05/08/2026 10:28:34"
"46631";"010604";"2026";"6";"venda";"0,00";"17/06/2026 15:16:14";"05/08/2026 10:28:35"
"46632";"010604";"2026";"7";"venda";"0,00";"17/06/2026 15:16:14";"29/07/2026 20:28:57"
"46633";"010604";"2026";"8";"venda";"0,00";"17/06/2026 15:16:14";"05/08/2026 10:28:37"
"46634";"010604";"2026";"9";"venda";"0,00";"17/06/2026 15:16:14";"05/08/2026 10:28:38"
"46635";"010604";"2026";"10";"venda";"0,00";"17/06/2026 15:16:14";"05/08/2026 10:28:40"
"46636";"010604";"2026";"11";"venda";"0,00";"17/06/2026 15:16:14";"05/08/2026 10:28:42"
"46637";"010604";"2026";"12";"venda";"0,00";"17/06/2026 15:16:14";"05/08/2026 10:28:43"
"46638";"010610";"2026";"1";"venda";"30000,00";"17/06/2026 15:16:14";"05/08/2026 10:28:30"
"46639";"010610";"2026";"2";"venda";"30000,00";"17/06/2026 15:16:14";"05/08/2026 10:28:31"
"46640";"010610";"2026";"3";"venda";"30000,00";"17/06/2026 15:16:14";"05/08/2026 10:28:32"
"46641";"010610";"2026";"4";"venda";"30000,00";"17/06/2026 15:16:14";"05/08/2026 10:28:33"
"46642";"010610";"2026";"5";"venda";"30000,00";"17/06/2026 15:16:14";"05/08/2026 10:28:34"
"46643";"010610";"2026";"6";"venda";"30000,00";"17/06/2026 15:16:14";"05/08/2026 10:28:35"
"46644";"010610";"2026";"7";"venda";"30000,00";"17/06/2026 15:16:14";"29/07/2026 20:21:03"
"46645";"010610";"2026";"8";"venda";"30000,00";"17/06/2026 15:16:14";"05/08/2026 10:28:37"
"46646";"010610";"2026";"9";"venda";"30000,00";"17/06/2026 15:16:14";"05/08/2026 10:28:38"
"46647";"010610";"2026";"10";"venda";"30000,00";"17/06/2026 15:16:14";"05/08/2026 10:28:39"
"46648";"010610";"2026";"11";"venda";"30000,00";"17/06/2026 15:16:14";"05/08/2026 10:28:41"
"46649";"010610";"2026";"12";"venda";"30000,00";"17/06/2026 15:16:14";"05/08/2026 10:28:43"
"46650";"010617";"2026";"1";"venda";"120790,88";"17/06/2026 15:16:14";"27/07/2026 08:13:11"
"46651";"010617";"2026";"2";"venda";"10557,12";"17/06/2026 15:16:14";"27/07/2026 08:13:11"
"46652";"010617";"2026";"3";"venda";"14546,56";"17/06/2026 15:16:14";"27/07/2026 08:13:11"
"46653";"010617";"2026";"4";"venda";"47764,64";"17/06/2026 15:16:14";"27/07/2026 08:13:11"
"46654";"010617";"2026";"5";"venda";"100800,00";"17/06/2026 15:16:14";"27/07/2026 08:13:11"
"46655";"010617";"2026";"6";"venda";"101657,47";"17/06/2026 15:16:14";"27/07/2026 08:13:11"
"46656";"010617";"2026";"7";"venda";"100800,00";"17/06/2026 15:16:14";"27/07/2026 08:13:11"
"46657";"010617";"2026";"8";"venda";"100800,00";"17/06/2026 15:16:14";"27/07/2026 08:13:11"
"46658";"010617";"2026";"9";"venda";"100800,00";"17/06/2026 15:16:14";"27/07/2026 08:13:11"
"46659";"010617";"2026";"10";"venda";"100800,00";"17/06/2026 15:16:14";"27/07/2026 08:13:11"
"46660";"010617";"2026";"11";"venda";"100800,00";"17/06/2026 15:16:14";"27/07/2026 08:13:11"
"46661";"010617";"2026";"12";"venda";"100800,00";"17/06/2026 15:16:14";"27/07/2026 08:13:11"
"46662";"010619";"2026";"1";"venda";"0,00";"17/06/2026 15:16:14";"05/08/2026 10:28:31"
"46663";"010619";"2026";"2";"venda";"0,00";"17/06/2026 15:16:14";"05/08/2026 10:28:31"
"46664";"010619";"2026";"3";"venda";"0,00";"17/06/2026 15:16:14";"05/08/2026 10:28:32"
"46665";"010619";"2026";"4";"venda";"0,00";"17/06/2026 15:16:14";"05/08/2026 10:28:33"
"46666";"010619";"2026";"5";"venda";"0,00";"17/06/2026 15:16:14";"05/08/2026 10:28:34"
"46667";"010619";"2026";"6";"venda";"0,00";"17/06/2026 15:16:14";"05/08/2026 10:28:35"
"46668";"010619";"2026";"7";"venda";"0,00";"17/06/2026 15:16:14";"29/07/2026 20:24:16"
"46669";"010619";"2026";"8";"venda";"0,00";"17/06/2026 15:16:14";"05/08/2026 10:28:37"
"46670";"010619";"2026";"9";"venda";"0,00";"17/06/2026 15:16:14";"05/08/2026 10:28:38"
"46671";"010619";"2026";"10";"venda";"0,00";"17/06/2026 15:16:14";"05/08/2026 10:28:39"
"46672";"010619";"2026";"11";"venda";"0,00";"17/06/2026 15:16:14";"05/08/2026 10:28:41"
"46673";"010619";"2026";"12";"venda";"0,00";"17/06/2026 15:16:14";"05/08/2026 10:28:43"
"46674";"010623";"2026";"1";"venda";"163934,40";"17/06/2026 15:16:14";"27/07/2026 08:13:11"
"46675";"010623";"2026";"2";"venda";"180327,84";"17/06/2026 15:16:14";"27/07/2026 08:13:11"
"46676";"010623";"2026";"3";"venda";"163934,40";"17/06/2026 15:16:14";"27/07/2026 08:13:11"
"46677";"010623";"2026";"4";"venda";"163934,40";"17/06/2026 15:16:14";"27/07/2026 08:13:11"
"46678";"010623";"2026";"5";"venda";"168000,00";"17/06/2026 15:16:14";"27/07/2026 08:13:11"
"46679";"010623";"2026";"6";"venda";"173600,00";"17/06/2026 15:16:14";"27/07/2026 08:13:11"
"46680";"010623";"2026";"7";"venda";"173600,00";"17/06/2026 15:16:14";"27/07/2026 08:13:11"
"46681";"010623";"2026";"8";"venda";"173600,00";"17/06/2026 15:16:14";"27/07/2026 08:13:11"
"46682";"010623";"2026";"9";"venda";"173600,00";"17/06/2026 15:16:14";"27/07/2026 08:13:11"
"46683";"010623";"2026";"10";"venda";"173600,00";"17/06/2026 15:16:14";"27/07/2026 08:13:11"
"46684";"010623";"2026";"11";"venda";"173600,00";"17/06/2026 15:16:14";"27/07/2026 08:13:11"
"46685";"010623";"2026";"12";"venda";"173600,00";"17/06/2026 15:16:14";"27/07/2026 08:13:11"
"46686";"010631";"2026";"1";"venda";"0,00";"17/06/2026 15:16:14";"17/06/2026 15:16:14"
"46687";"010631";"2026";"2";"venda";"0,00";"17/06/2026 15:16:14";"17/06/2026 15:16:14"
"46688";"010631";"2026";"3";"venda";"0,00";"17/06/2026 15:16:14";"17/06/2026 15:16:14"
"46689";"010631";"2026";"4";"venda";"0,00";"17/06/2026 15:16:14";"17/06/2026 15:16:14"
"46690";"010631";"2026";"5";"venda";"0,00";"17/06/2026 15:16:14";"27/07/2026 08:13:10"
"46691";"010631";"2026";"6";"venda";"0,00";"17/06/2026 15:16:14";"18/06/2026 12:01:49"
"46692";"010631";"2026";"7";"venda";"0,00";"17/06/2026 15:16:14";"17/06/2026 15:16:14"
"46693";"010631";"2026";"8";"venda";"0,00";"17/06/2026 15:16:14";"17/06/2026 15:16:14"
"46694";"010631";"2026";"9";"venda";"0,00";"17/06/2026 15:16:14";"17/06/2026 15:16:14"
"46695";"010631";"2026";"10";"venda";"0,00";"17/06/2026 15:16:14";"17/06/2026 15:16:14"
"46696";"010631";"2026";"11";"venda";"0,00";"17/06/2026 15:16:14";"17/06/2026 15:16:14"
"46697";"010631";"2026";"12";"venda";"0,00";"17/06/2026 15:16:14";"17/06/2026 15:16:14"
"46698";"010632";"2026";"1";"venda";"325000,00";"17/06/2026 15:16:14";"05/08/2026 10:28:31"
"46699";"010632";"2026";"2";"venda";"325000,00";"17/06/2026 15:16:14";"05/08/2026 10:28:32"
"46700";"010632";"2026";"3";"venda";"325000,00";"17/06/2026 15:16:14";"05/08/2026 10:28:33"
"46701";"010632";"2026";"4";"venda";"325000,00";"17/06/2026 15:16:14";"05/08/2026 10:28:33"
"46702";"010632";"2026";"5";"venda";"325000,00";"17/06/2026 15:16:14";"05/08/2026 10:28:34"
"46703";"010632";"2026";"6";"venda";"325000,00";"17/06/2026 15:16:14";"05/08/2026 10:28:35"
"46704";"010632";"2026";"7";"venda";"325000,00";"17/06/2026 15:16:14";"29/07/2026 20:33:02"
"46705";"010632";"2026";"8";"venda";"325000,00";"17/06/2026 15:16:14";"05/08/2026 10:28:37"
"46706";"010632";"2026";"9";"venda";"325000,00";"17/06/2026 15:16:14";"05/08/2026 10:28:38"
"46707";"010632";"2026";"10";"venda";"325000,00";"17/06/2026 15:16:14";"05/08/2026 10:28:40"
"46708";"010632";"2026";"11";"venda";"325000,00";"17/06/2026 15:16:14";"05/08/2026 10:28:42"
"46709";"010632";"2026";"12";"venda";"325000,00";"17/06/2026 15:16:14";"05/08/2026 10:28:44"
"46710";"010636";"2026";"1";"venda";"25000,00";"17/06/2026 15:16:14";"05/08/2026 10:28:30"
"46711";"010636";"2026";"2";"venda";"25000,00";"17/06/2026 15:16:14";"05/08/2026 10:28:31"
"46712";"010636";"2026";"3";"venda";"25000,00";"17/06/2026 15:16:14";"05/08/2026 10:28:32"
"46713";"010636";"2026";"4";"venda";"25000,00";"17/06/2026 15:16:14";"05/08/2026 10:28:33"
"46714";"010636";"2026";"5";"venda";"25000,00";"17/06/2026 15:16:14";"05/08/2026 10:28:34"
"46715";"010636";"2026";"6";"venda";"25000,00";"17/06/2026 15:16:14";"05/08/2026 10:28:35"
"46716";"010636";"2026";"7";"venda";"25000,00";"17/06/2026 15:16:14";"29/07/2026 20:17:45"
"46717";"010636";"2026";"8";"venda";"0,00";"17/06/2026 15:16:14";"01/09/2026 10:03:24"
"46718";"010636";"2026";"9";"venda";"25000,00";"17/06/2026 15:16:14";"05/08/2026 10:28:38"
"46719";"010636";"2026";"10";"venda";"25000,00";"17/06/2026 15:16:14";"05/08/2026 10:28:39"
"46720";"010636";"2026";"11";"venda";"25000,00";"17/06/2026 15:16:14";"05/08/2026 10:28:41"
"46721";"010636";"2026";"12";"venda";"25000,00";"17/06/2026 15:16:14";"05/08/2026 10:28:43"
"46722";"010650";"2026";"1";"venda";"336000,00";"17/06/2026 15:16:14";"27/07/2026 08:13:11"
"46723";"010650";"2026";"2";"venda";"336000,00";"17/06/2026 15:16:14";"27/07/2026 08:13:11"
"46724";"010650";"2026";"3";"venda";"336000,00";"17/06/2026 15:16:14";"27/07/2026 08:13:11"
"46725";"010650";"2026";"4";"venda";"336000,00";"17/06/2026 15:16:14";"27/07/2026 08:13:11"
"46726";"010650";"2026";"5";"venda";"336000,00";"17/06/2026 15:16:14";"27/07/2026 08:13:11"
"46727";"010650";"2026";"6";"venda";"336000,00";"17/06/2026 15:16:14";"27/07/2026 08:13:11"
"46728";"010650";"2026";"7";"venda";"336000,00";"17/06/2026 15:16:14";"27/07/2026 08:13:11"
"46729";"010650";"2026";"8";"venda";"336000,00";"17/06/2026 15:16:14";"27/07/2026 08:13:11"
"46730";"010650";"2026";"9";"venda";"336000,00";"17/06/2026 15:16:14";"27/07/2026 08:13:11"
"46731";"010650";"2026";"10";"venda";"336000,00";"17/06/2026 15:16:14";"27/07/2026 08:13:11"
"46732";"010650";"2026";"11";"venda";"336000,00";"17/06/2026 15:16:14";"27/07/2026 08:13:11"
"46733";"010650";"2026";"12";"venda";"336000,00";"17/06/2026 15:16:14";"27/07/2026 08:13:11"
"46734";"10653";"2026";"1";"venda";"5808,32";"17/06/2026 15:16:14";"27/07/2026 08:13:10"
"46735";"10653";"2026";"2";"venda";"5808,32";"17/06/2026 15:16:14";"27/07/2026 08:13:10"
"46736";"10653";"2026";"3";"venda";"5808,32";"17/06/2026 15:16:14";"27/07/2026 08:13:10"
"46737";"10653";"2026";"4";"venda";"89600,00";"17/06/2026 15:16:14";"27/07/2026 08:13:10"
"46738";"10653";"2026";"5";"venda";"100800,00";"17/06/2026 15:16:14";"27/07/2026 08:13:10"
"46739";"10653";"2026";"6";"venda";"100800,00";"17/06/2026 15:16:14";"27/07/2026 08:13:10"
"46740";"10653";"2026";"7";"venda";"100800,00";"17/06/2026 15:16:14";"27/07/2026 08:13:10"
"46741";"10653";"2026";"8";"venda";"100800,00";"17/06/2026 15:16:14";"27/07/2026 08:13:10"
"46742";"10653";"2026";"9";"venda";"100800,00";"17/06/2026 15:16:14";"27/07/2026 08:13:10"
"46743";"10653";"2026";"10";"venda";"100800,00";"17/06/2026 15:16:14";"27/07/2026 08:13:10"
"46744";"10653";"2026";"11";"venda";"100800,00";"17/06/2026 15:16:14";"27/07/2026 08:13:10"
"46745";"10653";"2026";"12";"venda";"100800,00";"17/06/2026 15:16:14";"27/07/2026 08:13:10"
"46746";"010655";"2026";"1";"venda";"330000,00";"17/06/2026 15:16:14";"05/08/2026 10:28:30"
"46747";"010655";"2026";"2";"venda";"330000,00";"17/06/2026 15:16:14";"05/08/2026 10:28:31"
"46748";"010655";"2026";"3";"venda";"330000,00";"17/06/2026 15:16:14";"05/08/2026 10:28:32"
"46749";"010655";"2026";"4";"venda";"330000,00";"17/06/2026 15:16:14";"05/08/2026 10:28:33"
"46750";"010655";"2026";"5";"venda";"330000,00";"17/06/2026 15:16:14";"05/08/2026 10:28:34"
"46751";"010655";"2026";"6";"venda";"330000,00";"17/06/2026 15:16:14";"05/08/2026 10:28:35"
"46752";"010655";"2026";"7";"venda";"330000,00";"17/06/2026 15:16:14";"31/07/2026 10:24:02"
"46753";"010655";"2026";"8";"venda";"330000,00";"17/06/2026 15:16:14";"05/08/2026 10:28:36"
"46754";"010655";"2026";"9";"venda";"315000,00";"17/06/2026 15:16:14";"15/09/2026 10:12:59"
"46755";"010655";"2026";"10";"venda";"330000,00";"17/06/2026 15:16:14";"05/08/2026 10:28:39"
"46756";"010655";"2026";"11";"venda";"330000,00";"17/06/2026 15:16:14";"05/08/2026 10:28:41"
"46757";"010655";"2026";"12";"venda";"330000,00";"17/06/2026 15:16:14";"05/08/2026 10:28:43"
"46758";"010657";"2026";"1";"venda";"120000,00";"17/06/2026 15:16:14";"05/08/2026 10:28:30"
"46759";"010657";"2026";"2";"venda";"120000,00";"17/06/2026 15:16:14";"05/08/2026 10:28:31"
"46760";"010657";"2026";"3";"venda";"120000,00";"17/06/2026 15:16:14";"05/08/2026 10:28:32"
"46761";"010657";"2026";"4";"venda";"120000,00";"17/06/2026 15:16:14";"05/08/2026 10:28:33"
"46762";"010657";"2026";"5";"venda";"120000,00";"17/06/2026 15:16:14";"05/08/2026 10:28:34"
"46763";"010657";"2026";"6";"venda";"120000,00";"17/06/2026 15:16:14";"05/08/2026 10:28:34"
"46764";"010657";"2026";"7";"venda";"120000,00";"17/06/2026 15:16:14";"29/07/2026 19:54:31"
"46765";"010657";"2026";"8";"venda";"120000,00";"17/06/2026 15:16:14";"05/08/2026 10:28:36"
"46766";"010657";"2026";"9";"venda";"120000,00";"17/06/2026 15:16:14";"05/08/2026 10:28:37"
"46767";"010657";"2026";"10";"venda";"120000,00";"17/06/2026 15:16:14";"05/08/2026 10:28:39"
"46768";"010657";"2026";"11";"venda";"120000,00";"17/06/2026 15:16:14";"05/08/2026 10:28:40"
"46769";"010657";"2026";"12";"venda";"120000,00";"17/06/2026 15:16:14";"05/08/2026 10:28:43"
"46770";"010659";"2026";"1";"venda";"16037,28";"17/06/2026 15:16:14";"27/07/2026 08:13:10"
"46771";"010659";"2026";"2";"venda";"15525,44";"17/06/2026 15:16:14";"27/07/2026 08:13:10"
"46772";"010659";"2026";"3";"venda";"1002,40";"17/06/2026 15:16:14";"27/07/2026 08:13:10"
"46773";"010659";"2026";"4";"venda";"89600,00";"17/06/2026 15:16:14";"27/07/2026 08:13:10"
"46774";"010659";"2026";"5";"venda";"100800,00";"17/06/2026 15:16:14";"27/07/2026 08:13:10"
"46775";"010659";"2026";"6";"venda";"100800,00";"17/06/2026 15:16:14";"27/07/2026 08:13:10"
"46776";"010659";"2026";"7";"venda";"100800,00";"17/06/2026 15:16:14";"27/07/2026 08:13:10"
"46777";"010659";"2026";"8";"venda";"100800,00";"17/06/2026 15:16:14";"27/07/2026 08:13:10"
"46778";"010659";"2026";"9";"venda";"100800,00";"17/06/2026 15:16:14";"27/07/2026 08:13:10"
"46779";"010659";"2026";"10";"venda";"100800,00";"17/06/2026 15:16:14";"27/07/2026 08:13:10"
"46780";"010659";"2026";"11";"venda";"100800,00";"17/06/2026 15:16:14";"27/07/2026 08:13:10"
"46781";"010659";"2026";"12";"venda";"100800,00";"17/06/2026 15:16:14";"27/07/2026 08:13:10"
"46782";"010665";"2026";"1";"venda";"29833,44";"17/06/2026 15:16:14";"27/07/2026 08:13:10"
"46783";"010665";"2026";"2";"venda";"19346,88";"17/06/2026 15:16:14";"27/07/2026 08:13:10"
"46784";"010665";"2026";"3";"venda";"16434,88";"17/06/2026 15:16:14";"27/07/2026 08:13:10"
"46785";"010665";"2026";"4";"venda";"134400,00";"17/06/2026 15:16:14";"27/07/2026 08:13:10"
"46786";"010665";"2026";"5";"venda";"134400,00";"17/06/2026 15:16:14";"27/07/2026 08:13:10"
"46787";"010665";"2026";"6";"venda";"134400,00";"17/06/2026 15:16:14";"27/07/2026 08:13:10"
"46788";"010665";"2026";"7";"venda";"134400,00";"17/06/2026 15:16:14";"27/07/2026 08:13:10"
"46789";"010665";"2026";"8";"venda";"134400,00";"17/06/2026 15:16:14";"27/07/2026 08:13:10"
"46790";"010665";"2026";"9";"venda";"134400,00";"17/06/2026 15:16:14";"27/07/2026 08:13:10"
"46791";"010665";"2026";"10";"venda";"134400,00";"17/06/2026 15:16:14";"27/07/2026 08:13:10"
"46792";"010665";"2026";"11";"venda";"134400,00";"17/06/2026 15:16:14";"27/07/2026 08:13:10"
"46793";"010665";"2026";"12";"venda";"134400,00";"17/06/2026 15:16:14";"27/07/2026 08:13:10"
"46794";"010667";"2026";"1";"venda";"134400,00";"17/06/2026 15:16:14";"05/08/2026 10:28:30"
"46795";"010667";"2026";"2";"venda";"134400,00";"17/06/2026 15:16:14";"05/08/2026 10:28:31"
"46796";"010667";"2026";"3";"venda";"134400,00";"17/06/2026 15:16:14";"05/08/2026 10:28:32"
"46797";"010667";"2026";"4";"venda";"134400,00";"17/06/2026 15:16:14";"27/07/2026 08:13:10"
"46798";"010667";"2026";"5";"venda";"134400,00";"17/06/2026 15:16:14";"27/07/2026 08:13:10"
"46799";"010667";"2026";"6";"venda";"134400,00";"17/06/2026 15:16:14";"05/08/2026 10:28:35"
"46800";"010667";"2026";"7";"venda";"134400,00";"17/06/2026 15:16:14";"27/07/2026 08:13:10"
"46801";"010667";"2026";"8";"venda";"134400,00";"17/06/2026 15:16:14";"27/07/2026 08:13:10"
"46802";"010667";"2026";"9";"venda";"134400,00";"17/06/2026 15:16:14";"27/07/2026 08:13:10"
"46803";"010667";"2026";"10";"venda";"134400,00";"17/06/2026 15:16:14";"27/07/2026 08:13:10"
"46804";"010667";"2026";"11";"venda";"134400,00";"17/06/2026 15:16:14";"27/07/2026 08:13:10"
"46805";"010667";"2026";"12";"venda";"134400,00";"17/06/2026 15:16:14";"27/07/2026 08:13:10"
"46806";"010669";"2026";"1";"venda";"32264,96";"17/06/2026 15:16:14";"27/07/2026 08:13:10"
"46807";"010669";"2026";"2";"venda";"12004,16";"17/06/2026 15:16:14";"27/07/2026 08:13:10"
"46808";"010669";"2026";"3";"venda";"15805,44";"17/06/2026 15:16:14";"27/07/2026 08:13:10"
"46809";"010669";"2026";"4";"venda";"134400,00";"17/06/2026 15:16:14";"27/07/2026 08:13:10"
"46810";"010669";"2026";"5";"venda";"134400,00";"17/06/2026 15:16:14";"27/07/2026 08:13:10"
"46811";"010669";"2026";"6";"venda";"140777,32";"17/06/2026 15:16:14";"27/07/2026 08:13:10"
"46812";"010669";"2026";"7";"venda";"134400,00";"17/06/2026 15:16:14";"27/07/2026 08:13:10"
"46813";"010669";"2026";"8";"venda";"134400,00";"17/06/2026 15:16:14";"27/07/2026 08:13:10"
"46814";"010669";"2026";"9";"venda";"134400,00";"17/06/2026 15:16:14";"27/07/2026 08:13:10"
"46815";"010669";"2026";"10";"venda";"134400,00";"17/06/2026 15:16:14";"27/07/2026 08:13:10"
"46816";"010669";"2026";"11";"venda";"134400,00";"17/06/2026 15:16:14";"27/07/2026 08:13:10"
"46817";"010669";"2026";"12";"venda";"134400,00";"17/06/2026 15:16:15";"27/07/2026 08:13:10"
"46818";"010676";"2026";"1";"venda";"74304,16";"17/06/2026 15:16:15";"27/07/2026 08:13:10"
"46819";"010676";"2026";"2";"venda";"47885,60";"17/06/2026 15:16:15";"27/07/2026 08:13:10"
"46820";"010676";"2026";"3";"venda";"37621,92";"17/06/2026 15:16:15";"27/07/2026 08:13:10"
"46821";"010676";"2026";"4";"venda";"134400,00";"17/06/2026 15:16:15";"27/07/2026 08:13:10"
"46822";"010676";"2026";"5";"venda";"134400,00";"17/06/2026 15:16:15";"27/07/2026 08:13:10"
"46823";"010676";"2026";"6";"venda";"134400,00";"17/06/2026 15:16:15";"27/07/2026 08:13:10"
"46824";"010676";"2026";"7";"venda";"134400,00";"17/06/2026 15:16:15";"27/07/2026 08:13:10"
"46825";"010676";"2026";"8";"venda";"134400,00";"17/06/2026 15:16:15";"27/07/2026 08:13:10"
"46826";"010676";"2026";"9";"venda";"134400,00";"17/06/2026 15:16:15";"27/07/2026 08:13:10"
"46827";"010676";"2026";"10";"venda";"134400,00";"17/06/2026 15:16:15";"27/07/2026 08:13:10"
"46828";"010676";"2026";"11";"venda";"134400,00";"17/06/2026 15:16:15";"27/07/2026 08:13:10"
"46829";"010676";"2026";"12";"venda";"134400,00";"17/06/2026 15:16:15";"27/07/2026 08:13:10"
"46830";"010677";"2026";"1";"venda";"50000,00";"17/06/2026 15:16:15";"05/08/2026 10:28:31"
"46831";"010677";"2026";"2";"venda";"50000,00";"17/06/2026 15:16:15";"05/08/2026 10:28:32"
"46832";"010677";"2026";"3";"venda";"50000,00";"17/06/2026 15:16:15";"05/08/2026 10:28:33"
"46833";"010677";"2026";"4";"venda";"50000,00";"17/06/2026 15:16:15";"05/08/2026 10:28:33"
"46834";"010677";"2026";"5";"venda";"50000,00";"17/06/2026 15:16:15";"05/08/2026 10:28:34"
"46835";"010677";"2026";"6";"venda";"50000,00";"17/06/2026 15:16:15";"05/08/2026 10:28:35"
"46836";"010677";"2026";"7";"venda";"50000,00";"17/06/2026 15:16:15";"29/07/2026 19:58:54"
"46837";"010677";"2026";"8";"venda";"50000,00";"17/06/2026 15:16:15";"05/08/2026 10:28:37"
"46838";"010677";"2026";"9";"venda";"50000,00";"17/06/2026 15:16:15";"05/08/2026 10:28:39"
"46839";"010677";"2026";"10";"venda";"50000,00";"17/06/2026 15:16:15";"05/08/2026 10:28:40"
"46840";"010677";"2026";"11";"venda";"50000,00";"17/06/2026 15:16:15";"05/08/2026 10:28:42"
"46841";"010677";"2026";"12";"venda";"50000,00";"17/06/2026 15:16:15";"05/08/2026 10:28:44"
"46842";"010682";"2026";"1";"venda";"7096,32";"17/06/2026 15:16:15";"27/07/2026 08:13:11"
"46843";"010682";"2026";"2";"venda";"40164,32";"17/06/2026 15:16:15";"27/07/2026 08:13:11"
"46844";"010682";"2026";"3";"venda";"6376,16";"17/06/2026 15:16:15";"27/07/2026 08:13:11"
"46845";"010682";"2026";"4";"venda";"112000,00";"17/06/2026 15:16:15";"27/07/2026 08:13:11"
"46846";"010682";"2026";"5";"venda";"128800,00";"17/06/2026 15:16:15";"27/07/2026 08:13:11"
"46847";"010682";"2026";"6";"venda";"128800,00";"17/06/2026 15:16:15";"27/07/2026 08:13:11"
"46848";"010682";"2026";"7";"venda";"128800,00";"17/06/2026 15:16:15";"27/07/2026 08:13:11"
"46849";"010682";"2026";"8";"venda";"128800,00";"17/06/2026 15:16:15";"27/07/2026 08:13:11"
"46850";"010682";"2026";"9";"venda";"128800,00";"17/06/2026 15:16:15";"27/07/2026 08:13:11"
"46851";"010682";"2026";"10";"venda";"128800,00";"17/06/2026 15:16:15";"27/07/2026 08:13:11"
"46852";"010682";"2026";"11";"venda";"128800,00";"17/06/2026 15:16:15";"27/07/2026 08:13:11"
"46853";"010682";"2026";"12";"venda";"128800,00";"17/06/2026 15:16:15";"27/07/2026 08:13:11"
"46854";"010683";"2026";"1";"venda";"30000,00";"17/06/2026 15:16:15";"05/08/2026 10:28:30"
"46855";"010683";"2026";"2";"venda";"30000,00";"17/06/2026 15:16:15";"05/08/2026 10:28:31"
"46856";"010683";"2026";"3";"venda";"30000,00";"17/06/2026 15:16:15";"05/08/2026 10:28:32"
"46857";"010683";"2026";"4";"venda";"30000,00";"17/06/2026 15:16:15";"05/08/2026 10:28:33"
"46858";"010683";"2026";"5";"venda";"30000,00";"17/06/2026 15:16:15";"05/08/2026 10:28:34"
"46859";"010683";"2026";"6";"venda";"30000,00";"17/06/2026 15:16:15";"05/08/2026 10:28:35"
"46860";"010683";"2026";"7";"venda";"30000,00";"17/06/2026 15:16:15";"29/07/2026 20:20:16"
"46861";"010683";"2026";"8";"venda";"30000,00";"17/06/2026 15:16:15";"05/08/2026 10:28:36"
"46862";"010683";"2026";"9";"venda";"30000,00";"17/06/2026 15:16:15";"05/08/2026 10:28:37"
"46863";"010683";"2026";"10";"venda";"30000,00";"17/06/2026 15:16:15";"05/08/2026 10:28:39"
"46864";"010683";"2026";"11";"venda";"30000,00";"17/06/2026 15:16:15";"05/08/2026 10:28:40"
"46865";"010683";"2026";"12";"venda";"30000,00";"17/06/2026 15:16:15";"05/08/2026 10:28:43"
"46866";"010684";"2026";"1";"venda";"0,00";"17/06/2026 15:16:15";"27/07/2026 08:13:11"
"46867";"010684";"2026";"2";"venda";"0,00";"17/06/2026 15:16:15";"27/07/2026 08:13:11"
"46868";"010684";"2026";"3";"venda";"0,00";"17/06/2026 15:16:15";"27/07/2026 08:13:11"
"46869";"010684";"2026";"4";"venda";"0,00";"17/06/2026 15:16:15";"27/07/2026 08:13:11"
"46870";"010684";"2026";"5";"venda";"0,00";"17/06/2026 15:16:15";"27/07/2026 08:13:11"
"46871";"010684";"2026";"6";"venda";"0,00";"17/06/2026 15:16:15";"18/06/2026 12:01:49"
"46872";"010684";"2026";"7";"venda";"0,00";"17/06/2026 15:16:15";"27/07/2026 08:13:11"
"46873";"010684";"2026";"8";"venda";"0,00";"17/06/2026 15:16:15";"27/07/2026 08:13:11"
"46874";"010684";"2026";"9";"venda";"0,00";"17/06/2026 15:16:15";"27/07/2026 08:13:11"
"46875";"010684";"2026";"10";"venda";"0,00";"17/06/2026 15:16:15";"27/07/2026 08:13:11"
"46876";"010684";"2026";"11";"venda";"0,00";"17/06/2026 15:16:15";"27/07/2026 08:13:11"
"46877";"010684";"2026";"12";"venda";"0,00";"17/06/2026 15:16:15";"27/07/2026 08:13:11"
"46878";"010685";"2026";"1";"venda";"6041,28";"17/06/2026 15:16:15";"27/07/2026 08:13:10"
"46879";"010685";"2026";"2";"venda";"6041,28";"17/06/2026 15:16:15";"27/07/2026 08:13:10"
"46880";"010685";"2026";"3";"venda";"6653,92";"17/06/2026 15:16:15";"27/07/2026 08:13:10"
"46881";"010685";"2026";"4";"venda";"89600,00";"17/06/2026 15:16:15";"27/07/2026 08:13:10"
"46882";"010685";"2026";"5";"venda";"100800,00";"17/06/2026 15:16:15";"27/07/2026 08:13:10"
"46883";"010685";"2026";"6";"venda";"100800,00";"17/06/2026 15:16:15";"27/07/2026 08:13:10"
"46884";"010685";"2026";"7";"venda";"100800,00";"17/06/2026 15:16:15";"27/07/2026 08:13:10"
"46885";"010685";"2026";"8";"venda";"100800,00";"17/06/2026 15:16:15";"27/07/2026 08:13:10"
"46886";"010685";"2026";"9";"venda";"100800,00";"17/06/2026 15:16:15";"27/07/2026 08:13:10"
"46887";"010685";"2026";"10";"venda";"100800,00";"17/06/2026 15:16:15";"27/07/2026 08:13:10"
"46888";"010685";"2026";"11";"venda";"100800,00";"17/06/2026 15:16:15";"27/07/2026 08:13:10"
"46889";"010685";"2026";"12";"venda";"100800,00";"17/06/2026 15:16:15";"27/07/2026 08:13:10"
"46890";"010686";"2026";"1";"venda";"100000,00";"17/06/2026 15:16:15";"05/08/2026 10:28:30"
"46891";"010686";"2026";"2";"venda";"100000,00";"17/06/2026 15:16:15";"05/08/2026 10:28:31"
"46892";"010686";"2026";"3";"venda";"100000,00";"17/06/2026 15:16:15";"05/08/2026 10:28:32"
"46893";"010686";"2026";"4";"venda";"100000,00";"17/06/2026 15:16:15";"05/08/2026 10:28:33"
"46894";"010686";"2026";"5";"venda";"100000,00";"17/06/2026 15:16:15";"05/08/2026 10:28:34"
"46895";"010686";"2026";"6";"venda";"100000,00";"17/06/2026 15:16:15";"05/08/2026 10:28:35"
"46896";"010686";"2026";"7";"venda";"100000,00";"17/06/2026 15:16:15";"31/07/2026 10:30:06"
"46897";"010686";"2026";"8";"venda";"100000,00";"17/06/2026 15:16:15";"05/08/2026 10:28:36"
"46898";"010686";"2026";"9";"venda";"100000,00";"17/06/2026 15:16:15";"05/08/2026 10:28:38"
"46899";"010686";"2026";"10";"venda";"100000,00";"17/06/2026 15:16:15";"05/08/2026 10:28:39"
"46900";"010686";"2026";"11";"venda";"100000,00";"17/06/2026 15:16:15";"05/08/2026 10:28:41"
"46901";"010686";"2026";"12";"venda";"100000,00";"17/06/2026 15:16:15";"05/08/2026 10:28:43"
"46902";"010687";"2026";"1";"venda";"157357,76";"17/06/2026 15:16:15";"27/07/2026 08:13:10"
"46903";"010687";"2026";"2";"venda";"146829,76";"17/06/2026 15:16:15";"27/07/2026 08:13:10"
"46904";"010687";"2026";"3";"venda";"459191,04";"17/06/2026 15:16:15";"27/07/2026 08:13:10"
"46905";"010687";"2026";"4";"venda";"194887,84";"17/06/2026 15:16:15";"27/07/2026 08:13:10"
"46906";"010687";"2026";"5";"venda";"145600,00";"17/06/2026 15:16:15";"27/07/2026 08:13:10"
"46907";"010687";"2026";"6";"venda";"186614,40";"17/06/2026 15:16:15";"27/07/2026 08:13:10"
"46908";"010687";"2026";"7";"venda";"470400,00";"17/06/2026 15:16:15";"27/07/2026 08:13:10"
"46909";"010687";"2026";"8";"venda";"224000,00";"17/06/2026 15:16:15";"27/07/2026 08:13:10"
"46910";"010687";"2026";"9";"venda";"201600,00";"17/06/2026 15:16:15";"27/07/2026 08:13:10"
"46911";"010687";"2026";"10";"venda";"207200,00";"17/06/2026 15:16:15";"27/07/2026 08:13:10"
"46912";"010687";"2026";"11";"venda";"453600,00";"17/06/2026 15:16:15";"27/07/2026 08:13:10"
"46913";"010687";"2026";"12";"venda";"134400,00";"17/06/2026 15:16:15";"27/07/2026 08:13:10"
"46914";"010688";"2026";"1";"venda";"30000,00";"17/06/2026 15:16:15";"05/08/2026 10:28:30"
"46915";"010688";"2026";"2";"venda";"30000,00";"17/06/2026 15:16:15";"05/08/2026 10:28:31"
"46916";"010688";"2026";"3";"venda";"30000,00";"17/06/2026 15:16:15";"05/08/2026 10:28:32"
"46917";"010688";"2026";"4";"venda";"30000,00";"17/06/2026 15:16:15";"05/08/2026 10:28:33"
"46918";"010688";"2026";"5";"venda";"30000,00";"17/06/2026 15:16:15";"05/08/2026 10:28:34"
"46919";"010688";"2026";"6";"venda";"30000,00";"17/06/2026 15:16:15";"05/08/2026 10:28:35"
"46920";"010688";"2026";"7";"venda";"30000,00";"17/06/2026 15:16:15";"29/07/2026 20:24:50"
"46921";"010688";"2026";"8";"venda";"30000,00";"17/06/2026 15:16:15";"05/08/2026 10:28:36"
"46922";"010688";"2026";"9";"venda";"30000,00";"17/06/2026 15:16:15";"05/08/2026 10:28:38"
"46923";"010688";"2026";"10";"venda";"30000,00";"17/06/2026 15:16:15";"05/08/2026 10:28:39"
"46924";"010688";"2026";"11";"venda";"30000,00";"17/06/2026 15:16:15";"05/08/2026 10:28:41"
"46925";"010688";"2026";"12";"venda";"30000,00";"17/06/2026 15:16:15";"05/08/2026 10:28:43"
"46926";"010694";"2026";"1";"venda";"179362,40";"17/06/2026 15:16:15";"27/07/2026 08:13:11"
"46927";"010694";"2026";"2";"venda";"277418,40";"17/06/2026 15:16:15";"27/07/2026 08:13:11"
"46928";"010694";"2026";"3";"venda";"179362,40";"17/06/2026 15:16:15";"27/07/2026 08:13:11"
"46929";"010694";"2026";"4";"venda";"281309,28";"17/06/2026 15:16:15";"27/07/2026 08:13:11"
"46930";"010694";"2026";"5";"venda";"184800,00";"17/06/2026 15:16:15";"27/07/2026 08:13:11"
"46931";"010694";"2026";"6";"venda";"280000,00";"17/06/2026 15:16:15";"27/07/2026 08:13:11"
"46932";"010694";"2026";"7";"venda";"156800,00";"17/06/2026 15:16:15";"27/07/2026 08:13:11"
"46933";"010694";"2026";"8";"venda";"156800,00";"17/06/2026 15:16:15";"27/07/2026 08:13:11"
"46934";"010694";"2026";"9";"venda";"156800,00";"17/06/2026 15:16:15";"27/07/2026 08:13:11"
"46935";"010694";"2026";"10";"venda";"184800,00";"17/06/2026 15:16:15";"27/07/2026 08:13:11"
"46936";"010694";"2026";"11";"venda";"184800,00";"17/06/2026 15:16:15";"27/07/2026 08:13:11"
"46937";"010694";"2026";"12";"venda";"341600,00";"17/06/2026 15:16:15";"27/07/2026 08:13:11"
"46938";"010699";"2026";"1";"venda";"320000,00";"17/06/2026 15:16:15";"05/08/2026 10:28:31"
"46939";"010699";"2026";"2";"venda";"320000,00";"17/06/2026 15:16:15";"05/08/2026 10:28:32"
"46940";"010699";"2026";"3";"venda";"320000,00";"17/06/2026 15:16:15";"05/08/2026 10:28:32"
"46941";"010699";"2026";"4";"venda";"320000,00";"17/06/2026 15:16:15";"05/08/2026 10:28:33"
"46942";"010699";"2026";"5";"venda";"320000,00";"17/06/2026 15:16:15";"05/08/2026 10:28:34"
"46943";"010699";"2026";"6";"venda";"320000,00";"17/06/2026 15:16:15";"05/08/2026 10:28:35"
"46944";"010699";"2026";"7";"venda";"320000,00";"17/06/2026 15:16:15";"29/07/2026 19:50:41"
"46945";"010699";"2026";"8";"venda";"320000,00";"17/06/2026 15:16:15";"05/08/2026 10:28:37"
"46946";"010699";"2026";"9";"venda";"320000,00";"17/06/2026 15:16:15";"05/08/2026 10:28:38"
"46947";"010699";"2026";"10";"venda";"320000,00";"17/06/2026 15:16:15";"05/08/2026 10:28:39"
"46948";"010699";"2026";"11";"venda";"320000,00";"17/06/2026 15:16:15";"05/08/2026 10:28:41"
"46949";"010699";"2026";"12";"venda";"320000,00";"17/06/2026 15:16:15";"05/08/2026 10:28:43"
"46950";"010700";"2026";"1";"venda";"30000,00";"17/06/2026 15:16:15";"05/08/2026 10:28:30"
"46951";"010700";"2026";"2";"venda";"30000,00";"17/06/2026 15:16:15";"05/08/2026 10:28:31"
"46952";"010700";"2026";"3";"venda";"30000,00";"17/06/2026 15:16:15";"05/08/2026 10:28:32"
"46953";"010700";"2026";"4";"venda";"30000,00";"17/06/2026 15:16:15";"05/08/2026 10:28:33"
"46954";"010700";"2026";"5";"venda";"30000,00";"17/06/2026 15:16:15";"05/08/2026 10:28:34"
"46955";"010700";"2026";"6";"venda";"30000,00";"17/06/2026 15:16:15";"05/08/2026 10:28:34"
"46956";"010700";"2026";"7";"venda";"30000,00";"17/06/2026 15:16:15";"31/07/2026 09:56:47"
"46957";"010700";"2026";"8";"venda";"30000,00";"17/06/2026 15:16:15";"05/08/2026 10:28:36"
"46958";"010700";"2026";"9";"venda";"30000,00";"17/06/2026 15:16:15";"05/08/2026 10:28:37"
"46959";"010700";"2026";"10";"venda";"30000,00";"17/06/2026 15:16:15";"05/08/2026 10:28:39"
"46960";"010700";"2026";"11";"venda";"30000,00";"17/06/2026 15:16:15";"05/08/2026 10:28:40"
"46961";"010700";"2026";"12";"venda";"30000,00";"17/06/2026 15:16:15";"05/08/2026 10:28:43"
"46962";"010701";"2026";"1";"venda";"187363,68";"17/06/2026 15:16:15";"27/07/2026 08:13:10"
"46963";"010701";"2026";"2";"venda";"306745,60";"17/06/2026 15:16:15";"27/07/2026 08:13:10"
"46964";"010701";"2026";"3";"venda";"197323,84";"17/06/2026 15:16:15";"27/07/2026 08:13:10"
"46965";"010701";"2026";"4";"venda";"347148,48";"17/06/2026 15:16:15";"27/07/2026 08:13:10"
"46966";"010701";"2026";"5";"venda";"229600,00";"17/06/2026 15:16:15";"27/07/2026 08:13:10"
"46967";"010701";"2026";"6";"venda";"302400,00";"17/06/2026 15:16:15";"27/07/2026 08:13:10"
"46968";"010701";"2026";"7";"venda";"397600,00";"17/06/2026 15:16:15";"27/07/2026 08:13:10"
"46969";"010701";"2026";"8";"venda";"246400,00";"17/06/2026 15:16:15";"27/07/2026 08:13:10"
"46970";"010701";"2026";"9";"venda";"280000,00";"17/06/2026 15:16:15";"27/07/2026 08:13:10"
"46971";"010701";"2026";"10";"venda";"560000,00";"17/06/2026 15:16:15";"27/07/2026 08:13:10"
"46972";"010701";"2026";"11";"venda";"879200,00";"17/06/2026 15:16:15";"27/07/2026 08:13:10"
"46973";"010701";"2026";"12";"venda";"263200,00";"17/06/2026 15:16:15";"27/07/2026 08:13:10"
"46974";"010703";"2026";"1";"venda";"166863,20";"17/06/2026 15:16:15";"27/07/2026 08:13:11"
"46975";"010703";"2026";"2";"venda";"68878,88";"17/06/2026 15:16:15";"27/07/2026 08:13:11"
"46976";"010703";"2026";"3";"venda";"102473,28";"17/06/2026 15:16:15";"27/07/2026 08:13:11"
"46977";"010703";"2026";"4";"venda";"90417,60";"17/06/2026 15:16:15";"27/07/2026 08:13:11"
"46978";"010703";"2026";"5";"venda";"112000,00";"17/06/2026 15:16:15";"27/07/2026 08:13:11"
"46979";"010703";"2026";"6";"venda";"101170,03";"17/06/2026 15:16:15";"27/07/2026 08:13:11"
"46980";"010703";"2026";"7";"venda";"100800,00";"17/06/2026 15:16:15";"27/07/2026 08:13:11"
"46981";"010703";"2026";"8";"venda";"100800,00";"17/06/2026 15:16:15";"27/07/2026 08:13:11"
"46982";"010703";"2026";"9";"venda";"100800,00";"17/06/2026 15:16:15";"27/07/2026 08:13:11"
"46983";"010703";"2026";"10";"venda";"100800,00";"17/06/2026 15:16:15";"27/07/2026 08:13:11"
"46984";"010703";"2026";"11";"venda";"235200,00";"17/06/2026 15:16:15";"27/07/2026 08:13:11"
"46985";"010703";"2026";"12";"venda";"235200,00";"17/06/2026 15:16:15";"27/07/2026 08:13:11"
"46986";"010706";"2026";"1";"venda";"35000,00";"17/06/2026 15:16:15";"05/08/2026 10:28:30"
"46987";"010706";"2026";"2";"venda";"35000,00";"17/06/2026 15:16:15";"05/08/2026 10:28:31"
"46988";"010706";"2026";"3";"venda";"35000,00";"17/06/2026 15:16:15";"05/08/2026 10:28:32"
"46989";"010706";"2026";"4";"venda";"35000,00";"17/06/2026 15:16:15";"05/08/2026 10:28:33"
"46990";"010706";"2026";"5";"venda";"35000,00";"17/06/2026 15:16:15";"05/08/2026 10:28:34"
"46991";"010706";"2026";"6";"venda";"35000,00";"17/06/2026 15:16:15";"05/08/2026 10:28:35"
"46992";"010706";"2026";"7";"venda";"35000,00";"17/06/2026 15:16:15";"29/07/2026 20:09:53"
"46993";"010706";"2026";"8";"venda";"35000,00";"17/06/2026 15:16:15";"05/08/2026 10:28:37"
"46994";"010706";"2026";"9";"venda";"35000,00";"17/06/2026 15:16:15";"05/08/2026 10:28:38"
"46995";"010706";"2026";"10";"venda";"35000,00";"17/06/2026 15:16:15";"05/08/2026 10:28:39"
"46996";"010706";"2026";"11";"venda";"35000,00";"17/06/2026 15:16:15";"05/08/2026 10:28:41"
"46997";"010706";"2026";"12";"venda";"35000,00";"17/06/2026 15:16:15";"05/08/2026 10:28:43"
"46998";"010709";"2026";"1";"venda";"21042,56";"17/06/2026 15:16:15";"27/07/2026 08:13:10"
"46999";"010709";"2026";"2";"venda";"21042,56";"17/06/2026 15:16:15";"27/07/2026 08:13:10"
"47000";"010709";"2026";"3";"venda";"13788,32";"17/06/2026 15:16:15";"27/07/2026 08:13:10"
"47001";"010709";"2026";"4";"venda";"134400,00";"17/06/2026 15:16:15";"27/07/2026 08:13:10"
"47002";"010709";"2026";"5";"venda";"134400,00";"17/06/2026 15:16:15";"27/07/2026 08:13:10"
"47003";"010709";"2026";"6";"venda";"134400,00";"17/06/2026 15:16:15";"27/07/2026 08:13:10"
"47004";"010709";"2026";"7";"venda";"134400,00";"17/06/2026 15:16:15";"27/07/2026 08:13:10"
"47005";"010709";"2026";"8";"venda";"134400,00";"17/06/2026 15:16:15";"27/07/2026 08:13:10"
"47006";"010709";"2026";"9";"venda";"134400,00";"17/06/2026 15:16:15";"27/07/2026 08:13:10"
"47007";"010709";"2026";"10";"venda";"134400,00";"17/06/2026 15:16:15";"27/07/2026 08:13:10"
"47008";"010709";"2026";"11";"venda";"134400,00";"17/06/2026 15:16:15";"27/07/2026 08:13:10"
"47009";"010709";"2026";"12";"venda";"134400,00";"17/06/2026 15:16:15";"27/07/2026 08:13:10"
"47010";"010710";"2026";"1";"venda";"59756,48";"17/06/2026 15:16:15";"27/07/2026 08:13:11"
"47011";"010710";"2026";"2";"venda";"56000,00";"17/06/2026 15:16:15";"27/07/2026 08:13:11"
"47012";"010710";"2026";"3";"venda";"56000,00";"17/06/2026 15:16:15";"27/07/2026 08:13:11"
"47013";"010710";"2026";"4";"venda";"134400,00";"17/06/2026 15:16:15";"27/07/2026 08:13:11"
"47014";"010710";"2026";"5";"venda";"134400,00";"17/06/2026 15:16:15";"27/07/2026 08:13:11"
"47015";"010710";"2026";"6";"venda";"153515,04";"17/06/2026 15:16:15";"27/07/2026 08:13:11"
"47016";"010710";"2026";"7";"venda";"134400,00";"17/06/2026 15:16:15";"27/07/2026 08:13:11"
"47017";"010710";"2026";"8";"venda";"134400,00";"17/06/2026 15:16:15";"27/07/2026 08:13:11"
"47018";"010710";"2026";"9";"venda";"134400,00";"17/06/2026 15:16:15";"27/07/2026 08:13:11"
"47019";"010710";"2026";"10";"venda";"134400,00";"17/06/2026 15:16:15";"27/07/2026 08:13:11"
"47020";"010710";"2026";"11";"venda";"134400,00";"17/06/2026 15:16:15";"27/07/2026 08:13:11"
"47021";"010710";"2026";"12";"venda";"134400,00";"17/06/2026 15:16:15";"27/07/2026 08:13:11"
"47022";"010711";"2026";"1";"venda";"120000,00";"17/06/2026 15:16:15";"05/08/2026 10:28:30"
"47023";"010711";"2026";"2";"venda";"120000,00";"17/06/2026 15:16:15";"05/08/2026 10:28:31"
"47024";"010711";"2026";"3";"venda";"120000,00";"17/06/2026 15:16:15";"05/08/2026 10:28:32"
"47025";"010711";"2026";"4";"venda";"120000,00";"17/06/2026 15:16:15";"05/08/2026 10:28:33"
"47026";"010711";"2026";"5";"venda";"120000,00";"17/06/2026 15:16:15";"05/08/2026 10:28:34"
"47027";"010711";"2026";"6";"venda";"120000,00";"17/06/2026 15:16:15";"05/08/2026 10:28:35"
"47028";"010711";"2026";"7";"venda";"120000,00";"17/06/2026 15:16:15";"30/07/2026 18:04:21"
"47029";"010711";"2026";"8";"venda";"120000,00";"17/06/2026 15:16:15";"05/08/2026 10:28:36"
"47030";"010711";"2026";"9";"venda";"120000,00";"17/06/2026 15:16:15";"05/08/2026 10:28:37"
"47031";"010711";"2026";"10";"venda";"120000,00";"17/06/2026 15:16:15";"05/08/2026 10:28:39"
"47032";"010711";"2026";"11";"venda";"120000,00";"17/06/2026 15:16:15";"05/08/2026 10:28:40"
"47033";"010711";"2026";"12";"venda";"120000,00";"17/06/2026 15:16:15";"05/08/2026 10:28:43"
"47034";"010715";"2026";"1";"venda";"45000,00";"17/06/2026 15:16:15";"05/08/2026 10:28:30"
"47035";"010715";"2026";"2";"venda";"45000,00";"17/06/2026 15:16:15";"05/08/2026 10:28:31"
"47036";"010715";"2026";"3";"venda";"45000,00";"17/06/2026 15:16:15";"05/08/2026 10:28:32"
"47037";"010715";"2026";"4";"venda";"45000,00";"17/06/2026 15:16:15";"05/08/2026 10:28:33"
"47038";"010715";"2026";"5";"venda";"45000,00";"17/06/2026 15:16:15";"05/08/2026 10:28:34"
"47039";"010715";"2026";"6";"venda";"45000,00";"17/06/2026 15:16:15";"05/08/2026 10:28:35"
"47040";"010715";"2026";"7";"venda";"45000,00";"17/06/2026 15:16:15";"29/07/2026 20:19:42"
"47041";"010715";"2026";"8";"venda";"45000,00";"17/06/2026 15:16:15";"05/08/2026 10:28:36"
"47042";"010715";"2026";"9";"venda";"45000,00";"17/06/2026 15:16:15";"05/08/2026 10:28:37"
"47043";"010715";"2026";"10";"venda";"45000,00";"17/06/2026 15:16:15";"05/08/2026 10:28:39"
"47044";"010715";"2026";"11";"venda";"45000,00";"17/06/2026 15:16:15";"05/08/2026 10:28:40"
"47045";"010715";"2026";"12";"venda";"45000,00";"17/06/2026 15:16:15";"05/08/2026 10:28:43"
"47046";"010717";"2026";"1";"venda";"88492,32";"17/06/2026 15:16:15";"27/07/2026 08:13:10"
"47047";"010717";"2026";"2";"venda";"317978,08";"17/06/2026 15:16:15";"27/07/2026 08:13:10"
"47048";"010717";"2026";"3";"venda";"158952,64";"17/06/2026 15:16:15";"27/07/2026 08:13:10"
"47049";"010717";"2026";"4";"venda";"134400,00";"17/06/2026 15:16:15";"27/07/2026 08:13:10"
"47050";"010717";"2026";"5";"venda";"134400,00";"17/06/2026 15:16:15";"27/07/2026 08:13:10"
"47051";"010717";"2026";"6";"venda";"134400,00";"17/06/2026 15:16:15";"27/07/2026 08:13:10"
"47052";"010717";"2026";"7";"venda";"134400,00";"17/06/2026 15:16:15";"27/07/2026 08:13:10"
"47053";"010717";"2026";"8";"venda";"134400,00";"17/06/2026 15:16:15";"27/07/2026 08:13:10"
"47054";"010717";"2026";"9";"venda";"134400,00";"17/06/2026 15:16:15";"27/07/2026 08:13:10"
"47055";"010717";"2026";"10";"venda";"134400,00";"17/06/2026 15:16:15";"27/07/2026 08:13:10"
"47056";"010717";"2026";"11";"venda";"134400,00";"17/06/2026 15:16:15";"27/07/2026 08:13:10"
"47057";"010717";"2026";"12";"venda";"134400,00";"17/06/2026 15:16:15";"27/07/2026 08:13:10"
"47058";"010718";"2026";"1";"venda";"6166,72";"17/06/2026 15:16:15";"27/07/2026 08:13:11"
"47059";"010718";"2026";"2";"venda";"60882,08";"17/06/2026 15:16:15";"27/07/2026 08:13:11"
"47060";"010718";"2026";"3";"venda";"15069,60";"17/06/2026 15:16:15";"27/07/2026 08:13:11"
"47061";"010718";"2026";"4";"venda";"134400,00";"17/06/2026 15:16:15";"27/07/2026 08:13:11"
"47062";"010718";"2026";"5";"venda";"134400,00";"17/06/2026 15:16:15";"27/07/2026 08:13:11"
"47063";"010718";"2026";"6";"venda";"134400,00";"17/06/2026 15:16:15";"27/07/2026 08:13:11"
"47064";"010718";"2026";"7";"venda";"134400,00";"17/06/2026 15:16:15";"27/07/2026 08:13:11"
"47065";"010718";"2026";"8";"venda";"134400,00";"17/06/2026 15:16:15";"27/07/2026 08:13:11"
"47066";"010718";"2026";"9";"venda";"134400,00";"17/06/2026 15:16:15";"27/07/2026 08:13:11"
"47067";"010718";"2026";"10";"venda";"134400,00";"17/06/2026 15:16:15";"27/07/2026 08:13:11"
"47068";"010718";"2026";"11";"venda";"134400,00";"17/06/2026 15:16:15";"27/07/2026 08:13:11"
"47069";"010718";"2026";"12";"venda";"134400,00";"17/06/2026 15:16:15";"27/07/2026 08:13:11"
"47070";"010719";"2026";"1";"venda";"49252,00";"17/06/2026 15:16:15";"27/07/2026 08:13:11"
"47071";"010719";"2026";"2";"venda";"9307,20";"17/06/2026 15:16:15";"27/07/2026 08:13:11"
"47072";"010719";"2026";"3";"venda";"21318,08";"17/06/2026 15:16:15";"27/07/2026 08:13:11"
"47073";"010719";"2026";"4";"venda";"134400,00";"17/06/2026 15:16:15";"27/07/2026 08:13:11"
"47074";"010719";"2026";"5";"venda";"134400,00";"17/06/2026 15:16:15";"27/07/2026 08:13:11"
"47075";"010719";"2026";"6";"venda";"134400,00";"17/06/2026 15:16:15";"27/07/2026 08:13:11"
"47076";"010719";"2026";"7";"venda";"134400,00";"17/06/2026 15:16:15";"27/07/2026 08:13:11"
"47077";"010719";"2026";"8";"venda";"134400,00";"17/06/2026 15:16:15";"27/07/2026 08:13:11"
"47078";"010719";"2026";"9";"venda";"134400,00";"17/06/2026 15:16:15";"27/07/2026 08:13:11"
"47079";"010719";"2026";"10";"venda";"134400,00";"17/06/2026 15:16:15";"27/07/2026 08:13:11"
"47080";"010719";"2026";"11";"venda";"134400,00";"17/06/2026 15:16:15";"27/07/2026 08:13:11"
"47081";"010719";"2026";"12";"venda";"134400,00";"17/06/2026 15:16:15";"27/07/2026 08:13:11"
"47082";"010723";"2026";"1";"venda";"504000,00";"17/06/2026 15:16:15";"27/07/2026 08:13:11"
"47083";"010723";"2026";"2";"venda";"504000,00";"17/06/2026 15:16:15";"27/07/2026 08:13:11"
"47084";"010723";"2026";"3";"venda";"504000,00";"17/06/2026 15:16:15";"27/07/2026 08:13:11"
"47085";"010723";"2026";"4";"venda";"504000,00";"17/06/2026 15:16:15";"27/07/2026 08:13:11"
"47086";"010723";"2026";"5";"venda";"504000,00";"17/06/2026 15:16:15";"27/07/2026 08:13:11"
"47087";"010723";"2026";"6";"venda";"448000,00";"17/06/2026 15:16:15";"27/07/2026 08:13:11"
"47088";"010723";"2026";"7";"venda";"504000,00";"17/06/2026 15:16:15";"27/07/2026 08:13:11"
"47089";"010723";"2026";"8";"venda";"504000,00";"17/06/2026 15:16:15";"27/07/2026 08:13:11"
"47090";"010723";"2026";"9";"venda";"504000,00";"17/06/2026 15:16:15";"27/07/2026 08:13:11"
"47091";"010723";"2026";"10";"venda";"504000,00";"17/06/2026 15:16:15";"27/07/2026 08:13:11"
"47092";"010723";"2026";"11";"venda";"504000,00";"17/06/2026 15:16:15";"27/07/2026 08:13:11"
"47093";"010723";"2026";"12";"venda";"504000,00";"17/06/2026 15:16:15";"27/07/2026 08:13:11"
"47094";"010727";"2026";"1";"venda";"57200,00";"17/06/2026 15:16:15";"05/08/2026 10:28:30"
"47095";"010727";"2026";"2";"venda";"57200,00";"17/06/2026 15:16:15";"05/08/2026 10:28:31"
"47096";"010727";"2026";"3";"venda";"57200,00";"17/06/2026 15:16:15";"05/08/2026 10:28:32"
"47097";"010727";"2026";"4";"venda";"57200,00";"17/06/2026 15:16:15";"05/08/2026 10:28:33"
"47098";"010727";"2026";"5";"venda";"57200,00";"17/06/2026 15:16:15";"05/08/2026 10:28:34"
"47099";"010727";"2026";"6";"venda";"57200,00";"17/06/2026 15:16:15";"05/08/2026 10:28:34"
"47100";"010727";"2026";"7";"venda";"57200,00";"17/06/2026 15:16:15";"31/07/2026 10:19:12"
"47101";"010727";"2026";"8";"venda";"57200,00";"17/06/2026 15:16:15";"05/08/2026 10:28:36"
"47102";"010727";"2026";"9";"venda";"37200,00";"17/06/2026 15:16:15";"15/09/2026 10:09:58"
"47103";"010727";"2026";"10";"venda";"57200,00";"17/06/2026 15:16:15";"05/08/2026 10:28:39"
"47104";"010727";"2026";"11";"venda";"57200,00";"17/06/2026 15:16:15";"05/08/2026 10:28:40"
"47105";"010727";"2026";"12";"venda";"57200,00";"17/06/2026 15:16:15";"05/08/2026 10:28:43"
"47106";"010728";"2026";"1";"venda";"410689,44";"17/06/2026 15:16:15";"27/07/2026 08:13:10"
"47107";"010728";"2026";"2";"venda";"451778,88";"17/06/2026 15:16:15";"27/07/2026 08:13:10"
"47108";"010728";"2026";"3";"venda";"308418,88";"17/06/2026 15:16:15";"27/07/2026 08:13:10"
"47109";"010728";"2026";"4";"venda";"580342,56";"17/06/2026 15:16:15";"27/07/2026 08:13:10"
"47110";"010728";"2026";"5";"venda";"319200,00";"17/06/2026 15:16:15";"27/07/2026 08:13:10"
"47111";"010728";"2026";"6";"venda";"479566,80";"17/06/2026 15:16:15";"27/07/2026 08:13:10"
"47112";"010728";"2026";"7";"venda";"336000,00";"17/06/2026 15:16:15";"27/07/2026 08:13:10"
"47113";"010728";"2026";"8";"venda";"515200,00";"17/06/2026 15:16:15";"27/07/2026 08:13:10"
"47114";"010728";"2026";"9";"venda";"537600,00";"17/06/2026 15:16:15";"27/07/2026 08:13:10"
"47115";"010728";"2026";"10";"venda";"582400,00";"17/06/2026 15:16:15";"27/07/2026 08:13:10"
"47116";"010728";"2026";"11";"venda";"386400,00";"17/06/2026 15:16:15";"27/07/2026 08:13:10"
"47117";"010728";"2026";"12";"venda";"453600,00";"17/06/2026 15:16:15";"27/07/2026 08:13:10"
"47118";"010729";"2026";"1";"venda";"30000,00";"17/06/2026 15:16:15";"05/08/2026 10:28:31"
"47119";"010729";"2026";"2";"venda";"30000,00";"17/06/2026 15:16:15";"05/08/2026 10:28:32"
"47120";"010729";"2026";"3";"venda";"30000,00";"17/06/2026 15:16:15";"05/08/2026 10:28:33"
"47121";"010729";"2026";"4";"venda";"30000,00";"17/06/2026 15:16:15";"05/08/2026 10:28:34"
"47122";"010729";"2026";"5";"venda";"30000,00";"17/06/2026 15:16:15";"05/08/2026 10:28:34"
"47123";"010729";"2026";"6";"venda";"30000,00";"17/06/2026 15:16:15";"05/08/2026 10:28:35"
"47124";"010729";"2026";"7";"venda";"30000,00";"17/06/2026 15:16:15";"31/07/2026 10:00:27"
"47125";"010729";"2026";"8";"venda";"0,00";"17/06/2026 15:16:15";"01/09/2026 10:00:05"
"47126";"010729";"2026";"9";"venda";"30000,00";"17/06/2026 15:16:15";"05/08/2026 10:28:39"
"47127";"010729";"2026";"10";"venda";"30000,00";"17/06/2026 15:16:15";"05/08/2026 10:28:40"
"47128";"010729";"2026";"11";"venda";"30000,00";"17/06/2026 15:16:15";"05/08/2026 10:28:42"
"47129";"010729";"2026";"12";"venda";"30000,00";"17/06/2026 15:16:15";"05/08/2026 10:28:44"
"47130";"010731";"2026";"1";"venda";"0,00";"17/06/2026 15:16:15";"27/07/2026 08:13:10"
"47131";"010731";"2026";"2";"venda";"0,00";"17/06/2026 15:16:15";"27/07/2026 08:13:10"
"47132";"010731";"2026";"3";"venda";"0,00";"17/06/2026 15:16:15";"27/07/2026 08:13:10"
"47133";"010731";"2026";"4";"venda";"0,00";"17/06/2026 15:16:15";"27/07/2026 08:13:10"
"47134";"010731";"2026";"5";"venda";"0,00";"17/06/2026 15:16:15";"17/06/2026 15:16:15"
"47135";"010731";"2026";"6";"venda";"0,00";"17/06/2026 15:16:15";"17/06/2026 15:16:15"
"47136";"010731";"2026";"7";"venda";"0,00";"17/06/2026 15:16:15";"17/06/2026 15:16:15"
"47137";"010731";"2026";"8";"venda";"0,00";"17/06/2026 15:16:15";"17/06/2026 15:16:15"
"47138";"010731";"2026";"9";"venda";"0,00";"17/06/2026 15:16:15";"17/06/2026 15:16:15"
"47139";"010731";"2026";"10";"venda";"0,00";"17/06/2026 15:16:15";"17/06/2026 15:16:15"
"47140";"010731";"2026";"11";"venda";"0,00";"17/06/2026 15:16:15";"17/06/2026 15:16:15"
"47141";"010731";"2026";"12";"venda";"0,00";"17/06/2026 15:16:15";"17/06/2026 15:16:15"
"47142";"010734";"2026";"1";"venda";"37889,60";"17/06/2026 15:16:15";"27/07/2026 08:13:10"
"47143";"010734";"2026";"2";"venda";"37889,60";"17/06/2026 15:16:15";"27/07/2026 08:13:10"
"47144";"010734";"2026";"3";"venda";"72253,44";"17/06/2026 15:16:15";"27/07/2026 08:13:10"
"47145";"010734";"2026";"4";"venda";"134400,00";"17/06/2026 15:16:15";"27/07/2026 08:13:10"
"47146";"010734";"2026";"5";"venda";"134400,00";"17/06/2026 15:16:15";"27/07/2026 08:13:10"
"47147";"010734";"2026";"6";"venda";"134400,00";"17/06/2026 15:16:15";"27/07/2026 08:13:10"
"47148";"010734";"2026";"7";"venda";"134400,00";"17/06/2026 15:16:15";"27/07/2026 08:13:10"
"47149";"010734";"2026";"8";"venda";"134400,00";"17/06/2026 15:16:15";"27/07/2026 08:13:10"
"47150";"010734";"2026";"9";"venda";"134400,00";"17/06/2026 15:16:15";"27/07/2026 08:13:10"
"47151";"010734";"2026";"10";"venda";"134400,00";"17/06/2026 15:16:15";"27/07/2026 08:13:10"
"47152";"010734";"2026";"11";"venda";"134400,00";"17/06/2026 15:16:15";"27/07/2026 08:13:10"
"47153";"010734";"2026";"12";"venda";"134400,00";"17/06/2026 15:16:15";"27/07/2026 08:13:10"
"47154";"010737";"2026";"1";"venda";"21978,88";"17/06/2026 15:16:15";"27/07/2026 08:13:10"
"47155";"010737";"2026";"2";"venda";"213304,00";"17/06/2026 15:16:15";"27/07/2026 08:13:10"
"47156";"010737";"2026";"3";"venda";"33507,04";"17/06/2026 15:16:15";"27/07/2026 08:13:10"
"47157";"010737";"2026";"4";"venda";"360295,04";"17/06/2026 15:16:15";"27/07/2026 08:13:10"
"47158";"010737";"2026";"5";"venda";"78400,00";"17/06/2026 15:16:15";"27/07/2026 08:13:10"
"47159";"010737";"2026";"6";"venda";"78400,00";"17/06/2026 15:16:15";"27/07/2026 08:13:10"
"47160";"010737";"2026";"7";"venda";"78400,00";"17/06/2026 15:16:15";"27/07/2026 08:13:10"
"47161";"010737";"2026";"8";"venda";"78400,00";"17/06/2026 15:16:15";"27/07/2026 08:13:10"
"47162";"010737";"2026";"9";"venda";"78400,00";"17/06/2026 15:16:15";"27/07/2026 08:13:10"
"47163";"010737";"2026";"10";"venda";"78400,00";"17/06/2026 15:16:15";"27/07/2026 08:13:10"
"47164";"010737";"2026";"11";"venda";"78400,00";"17/06/2026 15:16:15";"27/07/2026 08:13:10"
"47165";"010737";"2026";"12";"venda";"89600,00";"17/06/2026 15:16:15";"27/07/2026 08:13:10"
"47166";"010739";"2026";"1";"venda";"26787,04";"17/06/2026 15:16:15";"27/07/2026 08:13:11"
"47167";"010739";"2026";"2";"venda";"24661,28";"17/06/2026 15:16:15";"27/07/2026 08:13:11"
"47168";"010739";"2026";"3";"venda";"33153,12";"17/06/2026 15:16:15";"27/07/2026 08:13:11"
"47169";"010739";"2026";"4";"venda";"134400,00";"17/06/2026 15:16:15";"27/07/2026 08:13:11"
"47170";"010739";"2026";"5";"venda";"134400,00";"17/06/2026 15:16:15";"27/07/2026 08:13:11"
"47171";"010739";"2026";"6";"venda";"134400,00";"17/06/2026 15:16:15";"27/07/2026 08:13:11"
"47172";"010739";"2026";"7";"venda";"134400,00";"17/06/2026 15:16:15";"27/07/2026 08:13:11"
"47173";"010739";"2026";"8";"venda";"134400,00";"17/06/2026 15:16:15";"27/07/2026 08:13:11"
"47174";"010739";"2026";"9";"venda";"134400,00";"17/06/2026 15:16:15";"27/07/2026 08:13:11"
"47175";"010739";"2026";"10";"venda";"134400,00";"17/06/2026 15:16:15";"27/07/2026 08:13:11"
"47176";"010739";"2026";"11";"venda";"134400,00";"17/06/2026 15:16:15";"27/07/2026 08:13:11"
"47177";"010739";"2026";"12";"venda";"134400,00";"17/06/2026 15:16:15";"27/07/2026 08:13:11"
"47178";"010740";"2026";"1";"venda";"19847,52";"17/06/2026 15:16:15";"27/07/2026 08:13:10"
"47179";"010740";"2026";"2";"venda";"23085,44";"17/06/2026 15:16:15";"27/07/2026 08:13:10"
"47180";"010740";"2026";"3";"venda";"37582,72";"17/06/2026 15:16:15";"27/07/2026 08:13:10"
"47181";"010740";"2026";"4";"venda";"134400,00";"17/06/2026 15:16:15";"27/07/2026 08:13:10"
"47182";"010740";"2026";"5";"venda";"134400,00";"17/06/2026 15:16:15";"27/07/2026 08:13:10"
"47183";"010740";"2026";"6";"venda";"134400,00";"17/06/2026 15:16:15";"27/07/2026 08:13:10"
"47184";"010740";"2026";"7";"venda";"134400,00";"17/06/2026 15:16:15";"27/07/2026 08:13:10"
"47185";"010740";"2026";"8";"venda";"134400,00";"17/06/2026 15:16:15";"27/07/2026 08:13:10"
"47186";"010740";"2026";"9";"venda";"134400,00";"17/06/2026 15:16:15";"27/07/2026 08:13:10"
"47187";"010740";"2026";"10";"venda";"134400,00";"17/06/2026 15:16:15";"27/07/2026 08:13:10"
"47188";"010740";"2026";"11";"venda";"134400,00";"17/06/2026 15:16:15";"27/07/2026 08:13:10"
"47189";"010740";"2026";"12";"venda";"134400,00";"17/06/2026 15:16:15";"27/07/2026 08:13:10"
"47190";"010743";"2026";"1";"venda";"0,00";"17/06/2026 15:16:15";"05/08/2026 10:28:31"
"47191";"010743";"2026";"2";"venda";"0,00";"17/06/2026 15:16:15";"05/08/2026 10:28:32"
"47192";"010743";"2026";"3";"venda";"0,00";"17/06/2026 15:16:15";"05/08/2026 10:28:33"
"47193";"010743";"2026";"4";"venda";"0,00";"17/06/2026 15:16:15";"05/08/2026 10:28:33"
"47194";"010743";"2026";"5";"venda";"0,00";"17/06/2026 15:16:15";"05/08/2026 10:28:34"
"47195";"010743";"2026";"6";"venda";"0,00";"17/06/2026 15:16:15";"05/08/2026 10:28:35"
"47196";"010743";"2026";"7";"venda";"0,00";"17/06/2026 15:16:15";"29/07/2026 20:22:59"
"47197";"010743";"2026";"8";"venda";"0,00";"17/06/2026 15:16:15";"05/08/2026 10:28:37"
"47198";"010743";"2026";"9";"venda";"0,00";"17/06/2026 15:16:15";"05/08/2026 10:28:38"
"47199";"010743";"2026";"10";"venda";"0,00";"17/06/2026 15:16:15";"05/08/2026 10:28:40"
"47200";"010743";"2026";"11";"venda";"0,00";"17/06/2026 15:16:15";"05/08/2026 10:28:42"
"47201";"010743";"2026";"12";"venda";"0,00";"17/06/2026 15:16:15";"05/08/2026 10:28:43"
"47202";"010744";"2026";"1";"venda";"180000,00";"17/06/2026 15:16:15";"05/08/2026 10:28:31"
"47203";"010744";"2026";"2";"venda";"180000,00";"17/06/2026 15:16:15";"05/08/2026 10:28:31"
"47204";"010744";"2026";"3";"venda";"180000,00";"17/06/2026 15:16:15";"05/08/2026 10:28:32"
"47205";"010744";"2026";"4";"venda";"180000,00";"17/06/2026 15:16:15";"05/08/2026 10:28:33"
"47206";"010744";"2026";"5";"venda";"180000,00";"17/06/2026 15:16:15";"05/08/2026 10:28:34"
"47207";"010744";"2026";"6";"venda";"180000,00";"17/06/2026 15:16:15";"05/08/2026 10:28:35"
"47208";"010744";"2026";"7";"venda";"180000,00";"17/06/2026 15:16:15";"29/07/2026 20:34:45"
"47209";"010744";"2026";"8";"venda";"180000,00";"17/06/2026 15:16:15";"05/08/2026 10:28:37"
"47210";"010744";"2026";"9";"venda";"180000,00";"17/06/2026 15:16:15";"05/08/2026 10:28:38"
"47211";"010744";"2026";"10";"venda";"180000,00";"17/06/2026 15:16:15";"05/08/2026 10:28:39"
"47212";"010744";"2026";"11";"venda";"180000,00";"17/06/2026 15:16:15";"05/08/2026 10:28:41"
"47213";"010744";"2026";"12";"venda";"180000,00";"17/06/2026 15:16:15";"05/08/2026 10:28:43"
"47214";"010745";"2026";"1";"venda";"30000,00";"17/06/2026 15:16:15";"05/08/2026 10:28:31"
"47215";"010745";"2026";"2";"venda";"30000,00";"17/06/2026 15:16:15";"05/08/2026 10:28:32"
"47216";"010745";"2026";"3";"venda";"30000,00";"17/06/2026 15:16:15";"05/08/2026 10:28:33"
"47217";"010745";"2026";"4";"venda";"30000,00";"17/06/2026 15:16:15";"05/08/2026 10:28:33"
"47218";"010745";"2026";"5";"venda";"30000,00";"17/06/2026 15:16:15";"05/08/2026 10:28:34"
"47219";"010745";"2026";"6";"venda";"30000,00";"17/06/2026 15:16:15";"05/08/2026 10:28:35"
"47220";"010745";"2026";"7";"venda";"30000,00";"17/06/2026 15:16:15";"31/07/2026 10:31:02"
"47221";"010745";"2026";"8";"venda";"30000,00";"17/06/2026 15:16:15";"05/08/2026 10:28:37"
"47222";"010745";"2026";"9";"venda";"30000,00";"17/06/2026 15:16:15";"05/08/2026 10:28:38"
"47223";"010745";"2026";"10";"venda";"30000,00";"17/06/2026 15:16:15";"05/08/2026 10:28:40"
"47224";"010745";"2026";"11";"venda";"30000,00";"17/06/2026 15:16:15";"05/08/2026 10:28:42"
"47225";"010745";"2026";"12";"venda";"30000,00";"17/06/2026 15:16:15";"05/08/2026 10:28:43"
"47226";"010746";"2026";"1";"venda";"15739,36";"17/06/2026 15:16:15";"27/07/2026 08:13:11"
"47227";"010746";"2026";"2";"venda";"4272,80";"17/06/2026 15:16:15";"27/07/2026 08:13:11"
"47228";"010746";"2026";"3";"venda";"12936,00";"17/06/2026 15:16:15";"27/07/2026 08:13:11"
"47229";"010746";"2026";"4";"venda";"134400,00";"17/06/2026 15:16:15";"27/07/2026 08:13:11"
"47230";"010746";"2026";"5";"venda";"134400,00";"17/06/2026 15:16:15";"27/07/2026 08:13:11"
"47231";"010746";"2026";"6";"venda";"134400,00";"17/06/2026 15:16:15";"27/07/2026 08:13:11"
"47232";"010746";"2026";"7";"venda";"134400,00";"17/06/2026 15:16:15";"27/07/2026 08:13:11"
"47233";"010746";"2026";"8";"venda";"134400,00";"17/06/2026 15:16:15";"27/07/2026 08:13:11"
"47234";"010746";"2026";"9";"venda";"134400,00";"17/06/2026 15:16:15";"27/07/2026 08:13:11"
"47235";"010746";"2026";"10";"venda";"134400,00";"17/06/2026 15:16:15";"27/07/2026 08:13:11"
"47236";"010746";"2026";"11";"venda";"134400,00";"17/06/2026 15:16:15";"27/07/2026 08:13:11"
"47237";"010746";"2026";"12";"venda";"134400,00";"17/06/2026 15:16:15";"27/07/2026 08:13:11"
"47238";"010749";"2026";"1";"venda";"0,00";"17/06/2026 15:16:15";"27/07/2026 08:13:10"
"47239";"010749";"2026";"2";"venda";"0,00";"17/06/2026 15:16:15";"27/07/2026 08:13:10"
"47240";"010749";"2026";"3";"venda";"0,00";"17/06/2026 15:16:15";"17/06/2026 15:16:15"
"47241";"010749";"2026";"4";"venda";"0,00";"17/06/2026 15:16:15";"17/06/2026 15:16:15"
"47242";"010749";"2026";"5";"venda";"0,00";"17/06/2026 15:16:15";"17/06/2026 15:16:15"
"47243";"010749";"2026";"6";"venda";"0,00";"17/06/2026 15:16:15";"17/06/2026 15:16:15"
"47244";"010749";"2026";"7";"venda";"0,00";"17/06/2026 15:16:15";"17/06/2026 15:16:15"
"47245";"010749";"2026";"8";"venda";"0,00";"17/06/2026 15:16:15";"17/06/2026 15:16:15"
"47246";"010749";"2026";"9";"venda";"0,00";"17/06/2026 15:16:15";"17/06/2026 15:16:15"
"47247";"010749";"2026";"10";"venda";"0,00";"17/06/2026 15:16:15";"17/06/2026 15:16:15"
"47248";"010749";"2026";"11";"venda";"0,00";"17/06/2026 15:16:15";"17/06/2026 15:16:15"
"47249";"010749";"2026";"12";"venda";"0,00";"17/06/2026 15:16:15";"17/06/2026 15:16:15"
"47250";"010750";"2026";"1";"venda";"4962,72";"17/06/2026 15:16:15";"27/07/2026 08:13:11"
"47251";"010750";"2026";"2";"venda";"5458,88";"17/06/2026 15:16:15";"27/07/2026 08:13:11"
"47252";"010750";"2026";"3";"venda";"4962,72";"17/06/2026 15:16:15";"27/07/2026 08:13:11"
"47253";"010750";"2026";"4";"venda";"89600,00";"17/06/2026 15:16:15";"27/07/2026 08:13:11"
"47254";"010750";"2026";"5";"venda";"100800,00";"17/06/2026 15:16:15";"27/07/2026 08:13:11"
"47255";"010750";"2026";"6";"venda";"100800,00";"17/06/2026 15:16:15";"27/07/2026 08:13:11"
"47256";"010750";"2026";"7";"venda";"100800,00";"17/06/2026 15:16:15";"27/07/2026 08:13:11"
"47257";"010750";"2026";"8";"venda";"100800,00";"17/06/2026 15:16:15";"27/07/2026 08:13:11"
"47258";"010750";"2026";"9";"venda";"100800,00";"17/06/2026 15:16:15";"27/07/2026 08:13:11"
"47259";"010750";"2026";"10";"venda";"100800,00";"17/06/2026 15:16:15";"27/07/2026 08:13:11"
"47260";"010750";"2026";"11";"venda";"100800,00";"17/06/2026 15:16:15";"27/07/2026 08:13:11"
"47261";"010750";"2026";"12";"venda";"100800,00";"17/06/2026 15:16:15";"27/07/2026 08:13:11"
"47262";"010752";"2026";"1";"venda";"52076,64";"17/06/2026 15:16:15";"27/07/2026 08:13:11"
"47263";"010752";"2026";"2";"venda";"28358,40";"17/06/2026 15:16:15";"27/07/2026 08:13:11"
"47264";"010752";"2026";"3";"venda";"10311,84";"17/06/2026 15:16:15";"27/07/2026 08:13:11"
"47265";"010752";"2026";"4";"venda";"89600,00";"17/06/2026 15:16:15";"27/07/2026 08:13:11"
"47266";"010752";"2026";"5";"venda";"100800,00";"17/06/2026 15:16:15";"27/07/2026 08:13:11"
"47267";"010752";"2026";"6";"venda";"100800,00";"17/06/2026 15:16:15";"27/07/2026 08:13:11"
"47268";"010752";"2026";"7";"venda";"100800,00";"17/06/2026 15:16:15";"27/07/2026 08:13:11"
"47269";"010752";"2026";"8";"venda";"100800,00";"17/06/2026 15:16:15";"27/07/2026 08:13:11"
"47270";"010752";"2026";"9";"venda";"100800,00";"17/06/2026 15:16:15";"27/07/2026 08:13:11"
"47271";"010752";"2026";"10";"venda";"100800,00";"17/06/2026 15:16:15";"27/07/2026 08:13:11"
"47272";"010752";"2026";"11";"venda";"100800,00";"17/06/2026 15:16:15";"27/07/2026 08:13:11"
"47273";"010752";"2026";"12";"venda";"100800,00";"17/06/2026 15:16:15";"27/07/2026 08:13:11"
"47274";"010753";"2026";"1";"venda";"5257,28";"17/06/2026 15:16:15";"27/07/2026 08:13:10"
"47275";"010753";"2026";"2";"venda";"5257,28";"17/06/2026 15:16:15";"27/07/2026 08:13:10"
"47276";"010753";"2026";"3";"venda";"5843,04";"17/06/2026 15:16:15";"27/07/2026 08:13:10"
"47277";"010753";"2026";"4";"venda";"89600,00";"17/06/2026 15:16:15";"27/07/2026 08:13:10"
"47278";"010753";"2026";"5";"venda";"100800,00";"17/06/2026 15:16:15";"27/07/2026 08:13:10"
"47279";"010753";"2026";"6";"venda";"100800,00";"17/06/2026 15:16:15";"27/07/2026 08:13:10"
"47280";"010753";"2026";"7";"venda";"100800,00";"17/06/2026 15:16:15";"27/07/2026 08:13:10"
"47281";"010753";"2026";"8";"venda";"100800,00";"17/06/2026 15:16:15";"27/07/2026 08:13:10"
"47282";"010753";"2026";"9";"venda";"100800,00";"17/06/2026 15:16:15";"27/07/2026 08:13:10"
"47283";"010753";"2026";"10";"venda";"100800,00";"17/06/2026 15:16:15";"27/07/2026 08:13:10"
"47284";"010753";"2026";"11";"venda";"100800,00";"17/06/2026 15:16:15";"27/07/2026 08:13:10"
"47285";"010753";"2026";"12";"venda";"100800,00";"17/06/2026 15:16:15";"27/07/2026 08:13:10"
"47286";"010754";"2026";"1";"venda";"120078,56";"17/06/2026 15:16:15";"27/07/2026 08:13:11"
"47287";"010754";"2026";"2";"venda";"47424,16";"17/06/2026 15:16:15";"27/07/2026 08:13:11"
"47288";"010754";"2026";"3";"venda";"192544,80";"17/06/2026 15:16:15";"27/07/2026 08:13:11"
"47289";"010754";"2026";"4";"venda";"382100,32";"17/06/2026 15:16:15";"27/07/2026 08:13:11"
"47290";"010754";"2026";"5";"venda";"89600,00";"17/06/2026 15:16:15";"27/07/2026 08:13:11"
"47291";"010754";"2026";"6";"venda";"89600,00";"17/06/2026 15:16:15";"27/07/2026 08:13:11"
"47292";"010754";"2026";"7";"venda";"89600,00";"17/06/2026 15:16:15";"27/07/2026 08:13:11"
"47293";"010754";"2026";"8";"venda";"67200,00";"17/06/2026 15:16:15";"27/07/2026 08:13:11"
"47294";"010754";"2026";"9";"venda";"123200,00";"17/06/2026 15:16:15";"27/07/2026 08:13:11"
"47295";"010754";"2026";"10";"venda";"123200,00";"17/06/2026 15:16:15";"27/07/2026 08:13:11"
"47296";"010754";"2026";"11";"venda";"123200,00";"17/06/2026 15:16:15";"27/07/2026 08:13:11"
"47297";"010754";"2026";"12";"venda";"179200,00";"17/06/2026 15:16:15";"27/07/2026 08:13:11"
"47298";"010755";"2026";"1";"venda";"280000,00";"17/06/2026 15:16:15";"27/07/2026 08:13:10"
"47299";"010755";"2026";"2";"venda";"280000,00";"17/06/2026 15:16:15";"27/07/2026 08:13:10"
"47300";"010755";"2026";"3";"venda";"280000,00";"17/06/2026 15:16:15";"27/07/2026 08:13:10"
"47301";"010755";"2026";"4";"venda";"280000,00";"17/06/2026 15:16:15";"27/07/2026 08:13:10"
"47302";"010755";"2026";"5";"venda";"280000,00";"17/06/2026 15:16:15";"27/07/2026 08:13:10"
"47303";"010755";"2026";"6";"venda";"287141,68";"17/06/2026 15:16:15";"27/07/2026 08:13:10"
"47304";"010755";"2026";"7";"venda";"280000,00";"17/06/2026 15:16:15";"27/07/2026 08:13:10"
"47305";"010755";"2026";"8";"venda";"280000,00";"17/06/2026 15:16:15";"27/07/2026 08:13:10"
"47306";"010755";"2026";"9";"venda";"280000,00";"17/06/2026 15:16:15";"27/07/2026 08:13:10"
"47307";"010755";"2026";"10";"venda";"470400,00";"17/06/2026 15:16:15";"27/07/2026 08:13:10"
"47308";"010755";"2026";"11";"venda";"324800,00";"17/06/2026 15:16:15";"27/07/2026 08:13:10"
"47309";"010755";"2026";"12";"venda";"464800,00";"17/06/2026 15:16:15";"27/07/2026 08:13:10"
"47310";"010756";"2026";"1";"venda";"1374,24";"17/06/2026 15:16:15";"27/07/2026 08:13:11"
"47311";"010756";"2026";"2";"venda";"2016,00";"17/06/2026 15:16:15";"27/07/2026 08:13:11"
"47312";"010756";"2026";"3";"venda";"1374,24";"17/06/2026 15:16:15";"27/07/2026 08:13:11"
"47313";"010756";"2026";"4";"venda";"89600,00";"17/06/2026 15:16:15";"27/07/2026 08:13:11"
"47314";"010756";"2026";"5";"venda";"100800,00";"17/06/2026 15:16:15";"27/07/2026 08:13:11"
"47315";"010756";"2026";"6";"venda";"100800,00";"17/06/2026 15:16:15";"27/07/2026 08:13:11"
"47316";"010756";"2026";"7";"venda";"100800,00";"17/06/2026 15:16:15";"27/07/2026 08:13:11"
"47317";"010756";"2026";"8";"venda";"100800,00";"17/06/2026 15:16:15";"27/07/2026 08:13:11"
"47318";"010756";"2026";"9";"venda";"100800,00";"17/06/2026 15:16:15";"27/07/2026 08:13:11"
"47319";"010756";"2026";"10";"venda";"100800,00";"17/06/2026 15:16:15";"27/07/2026 08:13:11"
"47320";"010756";"2026";"11";"venda";"100800,00";"17/06/2026 15:16:15";"27/07/2026 08:13:11"
"47321";"010756";"2026";"12";"venda";"100800,00";"17/06/2026 15:16:15";"27/07/2026 08:13:11"
"47322";"010757";"2026";"1";"venda";"0,00";"17/06/2026 15:16:15";"17/06/2026 15:16:15"
"47323";"010757";"2026";"2";"venda";"0,00";"17/06/2026 15:16:15";"17/06/2026 15:16:15"
"47324";"010757";"2026";"3";"venda";"0,00";"17/06/2026 15:16:15";"27/07/2026 08:13:11"
"47325";"010757";"2026";"4";"venda";"0,00";"17/06/2026 15:16:15";"27/07/2026 08:13:11"
"47326";"010757";"2026";"5";"venda";"0,00";"17/06/2026 15:16:15";"27/07/2026 08:13:11"
"47327";"010757";"2026";"6";"venda";"0,00";"17/06/2026 15:16:15";"18/06/2026 12:01:50"
"47328";"010757";"2026";"7";"venda";"0,00";"17/06/2026 15:16:15";"27/07/2026 08:13:11"
"47329";"010757";"2026";"8";"venda";"0,00";"17/06/2026 15:16:15";"17/06/2026 15:16:15"
"47330";"010757";"2026";"9";"venda";"0,00";"17/06/2026 15:16:15";"17/06/2026 15:16:15"
"47331";"010757";"2026";"10";"venda";"0,00";"17/06/2026 15:16:15";"17/06/2026 15:16:15"
"47332";"010757";"2026";"11";"venda";"0,00";"17/06/2026 15:16:15";"17/06/2026 15:16:15"
"47333";"010757";"2026";"12";"venda";"0,00";"17/06/2026 15:16:15";"17/06/2026 15:16:15"
"47334";"010758";"2026";"1";"venda";"246400,00";"17/06/2026 15:16:15";"27/07/2026 08:13:10"
"47335";"010758";"2026";"2";"venda";"246400,00";"17/06/2026 15:16:15";"27/07/2026 08:13:10"
"47336";"010758";"2026";"3";"venda";"246400,00";"17/06/2026 15:16:15";"27/07/2026 08:13:10"
"47337";"010758";"2026";"4";"venda";"246400,00";"17/06/2026 15:16:15";"27/07/2026 08:13:10"
"47338";"010758";"2026";"5";"venda";"246400,00";"17/06/2026 15:16:15";"27/07/2026 08:13:10"
"47339";"010758";"2026";"6";"venda";"280000,00";"17/06/2026 15:16:15";"27/07/2026 08:13:10"
"47340";"010758";"2026";"7";"venda";"246400,00";"17/06/2026 15:16:15";"27/07/2026 08:13:10"
"47341";"010758";"2026";"8";"venda";"246400,00";"17/06/2026 15:16:15";"27/07/2026 08:13:10"
"47342";"010758";"2026";"9";"venda";"246400,00";"17/06/2026 15:16:15";"27/07/2026 08:13:10"
"47343";"010758";"2026";"10";"venda";"246400,00";"17/06/2026 15:16:15";"27/07/2026 08:13:10"
"47344";"010758";"2026";"11";"venda";"246400,00";"17/06/2026 15:16:15";"27/07/2026 08:13:10"
"47345";"010758";"2026";"12";"venda";"246400,00";"17/06/2026 15:16:15";"27/07/2026 08:13:11"
"47346";"10759";"2026";"1";"venda";"56000,00";"17/06/2026 15:16:15";"27/07/2026 08:13:10"
"47347";"10759";"2026";"2";"venda";"56000,00";"17/06/2026 15:16:15";"27/07/2026 08:13:10"
"47348";"10759";"2026";"3";"venda";"56000,00";"17/06/2026 15:16:15";"27/07/2026 08:13:10"
"47349";"10759";"2026";"4";"venda";"134400,00";"17/06/2026 15:16:15";"27/07/2026 08:13:10"
"47350";"10759";"2026";"5";"venda";"134400,00";"17/06/2026 15:16:15";"27/07/2026 08:13:10"
"47351";"10759";"2026";"6";"venda";"134400,00";"17/06/2026 15:16:15";"27/07/2026 08:13:10"
"47352";"10759";"2026";"7";"venda";"134400,00";"17/06/2026 15:16:15";"27/07/2026 08:13:10"
"47353";"10759";"2026";"8";"venda";"134400,00";"17/06/2026 15:16:15";"27/07/2026 08:13:10"
"47354";"10759";"2026";"9";"venda";"134400,00";"17/06/2026 15:16:15";"27/07/2026 08:13:10"
"47355";"10759";"2026";"10";"venda";"134400,00";"17/06/2026 15:16:15";"27/07/2026 08:13:10"
"47356";"10759";"2026";"11";"venda";"134400,00";"17/06/2026 15:16:15";"27/07/2026 08:13:10"
"47357";"10759";"2026";"12";"venda";"134400,00";"17/06/2026 15:16:15";"27/07/2026 08:13:10"
"47358";"010762";"2026";"1";"venda";"10729,60";"17/06/2026 15:16:15";"27/07/2026 08:13:11"
"47359";"010762";"2026";"2";"venda";"10729,60";"17/06/2026 15:16:15";"27/07/2026 08:13:11"
"47360";"010762";"2026";"3";"venda";"10729,60";"17/06/2026 15:16:15";"27/07/2026 08:13:11"
"47361";"010762";"2026";"4";"venda";"89600,00";"17/06/2026 15:16:15";"27/07/2026 08:13:11"
"47362";"010762";"2026";"5";"venda";"100800,00";"17/06/2026 15:16:15";"27/07/2026 08:13:11"
"47363";"010762";"2026";"6";"venda";"100800,00";"17/06/2026 15:16:15";"27/07/2026 08:13:11"
"47364";"010762";"2026";"7";"venda";"100800,00";"17/06/2026 15:16:15";"27/07/2026 08:13:11"
"47365";"010762";"2026";"8";"venda";"100800,00";"17/06/2026 15:16:15";"27/07/2026 08:13:11"
"47366";"010762";"2026";"9";"venda";"100800,00";"17/06/2026 15:16:15";"27/07/2026 08:13:11"
"47367";"010762";"2026";"10";"venda";"100800,00";"17/06/2026 15:16:15";"27/07/2026 08:13:11"
"47368";"010762";"2026";"11";"venda";"100800,00";"17/06/2026 15:16:15";"27/07/2026 08:13:11"
"47369";"010762";"2026";"12";"venda";"100800,00";"17/06/2026 15:16:15";"27/07/2026 08:13:11"
"47370";"010763";"2026";"1";"venda";"0,00";"17/06/2026 15:16:15";"05/08/2026 10:28:31"
"47371";"010763";"2026";"2";"venda";"0,00";"17/06/2026 15:16:15";"05/08/2026 10:28:32"
"47372";"010763";"2026";"3";"venda";"0,00";"17/06/2026 15:16:15";"05/08/2026 10:28:33"
"47373";"010763";"2026";"4";"venda";"0,00";"17/06/2026 15:16:15";"05/08/2026 10:28:33"
"47374";"010763";"2026";"5";"venda";"0,00";"17/06/2026 15:16:15";"05/08/2026 10:28:34"
"47375";"010763";"2026";"6";"venda";"0,00";"17/06/2026 15:16:15";"05/08/2026 10:28:35"
"47376";"010763";"2026";"7";"venda";"0,00";"17/06/2026 15:16:15";"29/07/2026 20:28:28"
"47377";"010763";"2026";"8";"venda";"0,00";"17/06/2026 15:16:15";"05/08/2026 10:28:37"
"47378";"010763";"2026";"9";"venda";"0,00";"17/06/2026 15:16:15";"05/08/2026 10:28:38"
"47379";"010763";"2026";"10";"venda";"0,00";"17/06/2026 15:16:15";"05/08/2026 10:28:40"
"47380";"010763";"2026";"11";"venda";"0,00";"17/06/2026 15:16:15";"05/08/2026 10:28:42"
"47381";"010763";"2026";"12";"venda";"0,00";"17/06/2026 15:16:15";"05/08/2026 10:28:43"
"47382";"010764";"2026";"1";"venda";"130000,00";"17/06/2026 15:16:15";"05/08/2026 10:28:31"
"47383";"010764";"2026";"2";"venda";"130000,00";"17/06/2026 15:16:15";"05/08/2026 10:28:31"
"47384";"010764";"2026";"3";"venda";"130000,00";"17/06/2026 15:16:15";"05/08/2026 10:28:32"
"47385";"010764";"2026";"4";"venda";"130000,00";"17/06/2026 15:16:15";"05/08/2026 10:28:33"
"47386";"010764";"2026";"5";"venda";"130000,00";"17/06/2026 15:16:15";"05/08/2026 10:28:34"
"47387";"010764";"2026";"6";"venda";"130000,00";"17/06/2026 15:16:15";"05/08/2026 10:28:35"
"47388";"010764";"2026";"7";"venda";"130000,00";"17/06/2026 15:16:15";"29/07/2026 19:49:49"
"47389";"010764";"2026";"8";"venda";"130000,00";"17/06/2026 15:16:15";"05/08/2026 10:28:37"
"47390";"010764";"2026";"9";"venda";"130000,00";"17/06/2026 15:16:15";"05/08/2026 10:28:38"
"47391";"010764";"2026";"10";"venda";"130000,00";"17/06/2026 15:16:15";"05/08/2026 10:28:39"
"47392";"010764";"2026";"11";"venda";"130000,00";"17/06/2026 15:16:15";"05/08/2026 10:28:41"
"47393";"010764";"2026";"12";"venda";"130000,00";"17/06/2026 15:16:15";"05/08/2026 10:28:43"
"47394";"010765";"2026";"1";"venda";"224000,00";"17/06/2026 15:16:15";"27/07/2026 08:13:10"
"47395";"010765";"2026";"2";"venda";"224000,00";"17/06/2026 15:16:15";"27/07/2026 08:13:10"
"47396";"010765";"2026";"3";"venda";"224000,00";"17/06/2026 15:16:15";"27/07/2026 08:13:10"
"47397";"010765";"2026";"4";"venda";"224000,00";"17/06/2026 15:16:15";"27/07/2026 08:13:10"
"47398";"010765";"2026";"5";"venda";"224000,00";"17/06/2026 15:16:15";"27/07/2026 08:13:10"
"47399";"010765";"2026";"6";"venda";"230371,64";"17/06/2026 15:16:15";"27/07/2026 08:13:10"
"47400";"010765";"2026";"7";"venda";"224000,00";"17/06/2026 15:16:15";"27/07/2026 08:13:10"
"47401";"010765";"2026";"8";"venda";"224000,00";"17/06/2026 15:16:15";"27/07/2026 08:13:10"
"47402";"010765";"2026";"9";"venda";"224000,00";"17/06/2026 15:16:15";"27/07/2026 08:13:10"
"47403";"010765";"2026";"10";"venda";"224000,00";"17/06/2026 15:16:15";"27/07/2026 08:13:10"
"47404";"010765";"2026";"11";"venda";"224000,00";"17/06/2026 15:16:15";"27/07/2026 08:13:10"
"47405";"010765";"2026";"12";"venda";"224000,00";"17/06/2026 15:16:15";"27/07/2026 08:13:10"
"47406";"010766";"2026";"1";"venda";"56000,00";"17/06/2026 15:16:15";"27/07/2026 08:13:11"
"47407";"010766";"2026";"2";"venda";"56000,00";"17/06/2026 15:16:15";"27/07/2026 08:13:11"
"47408";"010766";"2026";"3";"venda";"56000,00";"17/06/2026 15:16:15";"27/07/2026 08:13:11"
"47409";"010766";"2026";"4";"venda";"56000,00";"17/06/2026 15:16:15";"27/07/2026 08:13:11"
"47410";"010766";"2026";"5";"venda";"67200,00";"17/06/2026 15:16:15";"27/07/2026 08:13:11"
"47411";"010766";"2026";"6";"venda";"67200,00";"17/06/2026 15:16:15";"27/07/2026 08:13:11"
"47412";"010766";"2026";"7";"venda";"67200,00";"17/06/2026 15:16:15";"27/07/2026 08:13:11"
"47413";"010766";"2026";"8";"venda";"67200,00";"17/06/2026 15:16:15";"27/07/2026 08:13:11"
"47414";"010766";"2026";"9";"venda";"67200,00";"17/06/2026 15:16:15";"27/07/2026 08:13:11"
"47415";"010766";"2026";"10";"venda";"67200,00";"17/06/2026 15:16:15";"27/07/2026 08:13:11"
"47416";"010766";"2026";"11";"venda";"67200,00";"17/06/2026 15:16:15";"27/07/2026 08:13:11"
"47417";"010766";"2026";"12";"venda";"67200,00";"17/06/2026 15:16:15";"27/07/2026 08:13:11"
"47418";"010767";"2026";"1";"venda";"56000,00";"17/06/2026 15:16:15";"27/07/2026 08:13:10"
"47419";"010767";"2026";"2";"venda";"56000,00";"17/06/2026 15:16:15";"27/07/2026 08:13:10"
"47420";"010767";"2026";"3";"venda";"56000,00";"17/06/2026 15:16:15";"27/07/2026 08:13:10"
"47421";"010767";"2026";"4";"venda";"134400,00";"17/06/2026 15:16:15";"27/07/2026 08:13:10"
"47422";"010767";"2026";"5";"venda";"134400,00";"17/06/2026 15:16:15";"27/07/2026 08:13:10"
"47423";"010767";"2026";"6";"venda";"134400,00";"17/06/2026 15:16:15";"27/07/2026 08:13:10"
"47424";"010767";"2026";"7";"venda";"134400,00";"17/06/2026 15:16:15";"27/07/2026 08:13:10"
"47425";"010767";"2026";"8";"venda";"134400,00";"17/06/2026 15:16:15";"27/07/2026 08:13:10"
"47426";"010767";"2026";"9";"venda";"134400,00";"17/06/2026 15:16:15";"27/07/2026 08:13:10"
"47427";"010767";"2026";"10";"venda";"134400,00";"17/06/2026 15:16:15";"27/07/2026 08:13:10"
"47428";"010767";"2026";"11";"venda";"134400,00";"17/06/2026 15:16:15";"27/07/2026 08:13:10"
"47429";"010767";"2026";"12";"venda";"134400,00";"17/06/2026 15:16:15";"27/07/2026 08:13:10"
"47430";"010770";"2026";"1";"venda";"50000,00";"17/06/2026 15:16:15";"05/08/2026 10:28:31"
"47431";"010770";"2026";"2";"venda";"50000,00";"17/06/2026 15:16:15";"05/08/2026 10:28:32"
"47432";"010770";"2026";"3";"venda";"50000,00";"17/06/2026 15:16:15";"05/08/2026 10:28:33"
"47433";"010770";"2026";"4";"venda";"50000,00";"17/06/2026 15:16:15";"05/08/2026 10:28:33"
"47434";"010770";"2026";"5";"venda";"50000,00";"17/06/2026 15:16:15";"05/08/2026 10:28:34"
"47435";"010770";"2026";"6";"venda";"50000,00";"17/06/2026 15:16:15";"05/08/2026 10:28:35"
"47436";"010770";"2026";"7";"venda";"50000,00";"17/06/2026 15:16:15";"29/07/2026 20:04:14"
"47437";"010770";"2026";"8";"venda";"50000,00";"17/06/2026 15:16:15";"05/08/2026 10:28:37"
"47438";"010770";"2026";"9";"venda";"50000,00";"17/06/2026 15:16:15";"05/08/2026 10:28:38"
"47439";"010770";"2026";"10";"venda";"50000,00";"17/06/2026 15:16:15";"05/08/2026 10:28:39"
"47440";"010770";"2026";"11";"venda";"50000,00";"17/06/2026 15:16:15";"05/08/2026 10:28:42"
"47441";"010770";"2026";"12";"venda";"50000,00";"17/06/2026 15:16:15";"05/08/2026 10:28:43"
"47442";"010771";"2026";"1";"venda";"524,16";"17/06/2026 15:16:15";"27/07/2026 08:13:11"
"47443";"010771";"2026";"2";"venda";"524,16";"17/06/2026 15:16:15";"27/07/2026 08:13:11"
"47444";"010771";"2026";"3";"venda";"524,16";"17/06/2026 15:16:15";"27/07/2026 08:13:11"
"47445";"010771";"2026";"4";"venda";"89600,00";"17/06/2026 15:16:15";"27/07/2026 08:13:11"
"47446";"010771";"2026";"5";"venda";"100800,00";"17/06/2026 15:16:15";"27/07/2026 08:13:11"
"47447";"010771";"2026";"6";"venda";"100800,00";"17/06/2026 15:16:15";"27/07/2026 08:13:11"
"47448";"010771";"2026";"7";"venda";"100800,00";"17/06/2026 15:16:15";"27/07/2026 08:13:11"
"47449";"010771";"2026";"8";"venda";"100800,00";"17/06/2026 15:16:15";"27/07/2026 08:13:11"
"47450";"010771";"2026";"9";"venda";"100800,00";"17/06/2026 15:16:15";"27/07/2026 08:13:11"
"47451";"010771";"2026";"10";"venda";"100800,00";"17/06/2026 15:16:15";"27/07/2026 08:13:11"
"47452";"010771";"2026";"11";"venda";"100800,00";"17/06/2026 15:16:15";"27/07/2026 08:13:11"
"47453";"010771";"2026";"12";"venda";"100800,00";"17/06/2026 15:16:15";"27/07/2026 08:13:11"
"47454";"010774";"2026";"1";"venda";"69018,88";"17/06/2026 15:16:15";"27/07/2026 08:13:10"
"47455";"010774";"2026";"2";"venda";"69018,88";"17/06/2026 15:16:15";"27/07/2026 08:13:10"
"47456";"010774";"2026";"3";"venda";"69018,88";"17/06/2026 15:16:15";"27/07/2026 08:13:10"
"47457";"010774";"2026";"4";"venda";"134400,00";"17/06/2026 15:16:15";"27/07/2026 08:13:10"
"47458";"010774";"2026";"5";"venda";"134400,00";"17/06/2026 15:16:15";"27/07/2026 08:13:10"
"47459";"010774";"2026";"6";"venda";"134400,00";"17/06/2026 15:16:15";"27/07/2026 08:13:10"
"47460";"010774";"2026";"7";"venda";"134400,00";"17/06/2026 15:16:15";"27/07/2026 08:13:10"
"47461";"010774";"2026";"8";"venda";"134400,00";"17/06/2026 15:16:15";"27/07/2026 08:13:10"
"47462";"010774";"2026";"9";"venda";"134400,00";"17/06/2026 15:16:15";"27/07/2026 08:13:10"
"47463";"010774";"2026";"10";"venda";"134400,00";"17/06/2026 15:16:15";"27/07/2026 08:13:10"
"47464";"010774";"2026";"11";"venda";"134400,00";"17/06/2026 15:16:15";"27/07/2026 08:13:10"
"47465";"010774";"2026";"12";"venda";"134400,00";"17/06/2026 15:16:15";"27/07/2026 08:13:10"
"47466";"010775";"2026";"1";"venda";"5600000,00";"17/06/2026 15:16:15";"27/07/2026 08:13:10"
"47467";"010775";"2026";"2";"venda";"5600000,00";"17/06/2026 15:16:15";"27/07/2026 08:13:10"
"47468";"010775";"2026";"3";"venda";"5600000,00";"17/06/2026 15:16:15";"27/07/2026 08:13:10"
"47469";"010775";"2026";"4";"venda";"5600000,00";"17/06/2026 15:16:15";"27/07/2026 08:13:10"
"47470";"010775";"2026";"5";"venda";"5600000,00";"17/06/2026 15:16:15";"27/07/2026 08:13:10"
"47471";"010775";"2026";"6";"venda";"8960000,00";"17/06/2026 15:16:15";"27/07/2026 08:13:10"
"47472";"010775";"2026";"7";"venda";"5600000,00";"17/06/2026 15:16:15";"27/07/2026 08:13:10"
"47473";"010775";"2026";"8";"venda";"5600000,00";"17/06/2026 15:16:15";"27/07/2026 08:13:10"
"47474";"010775";"2026";"9";"venda";"5600000,00";"17/06/2026 15:16:15";"27/07/2026 08:13:10"
"47475";"010775";"2026";"10";"venda";"5600000,00";"17/06/2026 15:16:15";"27/07/2026 08:13:10"
"47476";"010775";"2026";"11";"venda";"5600000,00";"17/06/2026 15:16:15";"27/07/2026 08:13:10"
"47477";"010775";"2026";"12";"venda";"5600000,00";"17/06/2026 15:16:15";"27/07/2026 08:13:10"
"47478";"010776";"2026";"1";"venda";"3360000,00";"17/06/2026 15:16:15";"27/07/2026 08:13:11"
"47479";"010776";"2026";"2";"venda";"3360000,00";"17/06/2026 15:16:15";"27/07/2026 08:13:11"
"47480";"010776";"2026";"3";"venda";"3360000,00";"17/06/2026 15:16:15";"27/07/2026 08:13:11"
"47481";"010776";"2026";"4";"venda";"3360000,00";"17/06/2026 15:16:15";"27/07/2026 08:13:11"
"47482";"010776";"2026";"5";"venda";"3360000,00";"17/06/2026 15:16:15";"27/07/2026 08:13:11"
"47483";"010776";"2026";"6";"venda";"3360000,00";"17/06/2026 15:16:15";"27/07/2026 08:13:11"
"47484";"010776";"2026";"7";"venda";"3360000,00";"17/06/2026 15:16:15";"27/07/2026 08:13:11"
"47485";"010776";"2026";"8";"venda";"3360000,00";"17/06/2026 15:16:15";"27/07/2026 08:13:11"
"47486";"010776";"2026";"9";"venda";"3360000,00";"17/06/2026 15:16:15";"27/07/2026 08:13:11"
"47487";"010776";"2026";"10";"venda";"3360000,00";"17/06/2026 15:16:15";"27/07/2026 08:13:11"
"47488";"010776";"2026";"11";"venda";"3360000,00";"17/06/2026 15:16:15";"27/07/2026 08:13:11"
"47489";"010776";"2026";"12";"venda";"3360000,00";"17/06/2026 15:16:15";"27/07/2026 08:13:11"
"47490";"010779";"2026";"1";"venda";"286381,76";"17/06/2026 15:16:15";"27/07/2026 08:13:10"
"47491";"010779";"2026";"2";"venda";"346811,36";"17/06/2026 15:16:15";"27/07/2026 08:13:10"
"47492";"010779";"2026";"3";"venda";"389914,56";"17/06/2026 15:16:15";"27/07/2026 08:13:10"
"47493";"010779";"2026";"4";"venda";"445372,48";"17/06/2026 15:16:15";"27/07/2026 08:13:10"
"47494";"010779";"2026";"5";"venda";"408800,00";"17/06/2026 15:16:15";"27/07/2026 08:13:10"
"47495";"010779";"2026";"6";"venda";"458854,19";"17/06/2026 15:16:15";"27/07/2026 08:13:10"
"47496";"010779";"2026";"7";"venda";"470400,00";"17/06/2026 15:16:15";"27/07/2026 08:13:10"
"47497";"010779";"2026";"8";"venda";"599200,00";"17/06/2026 15:16:15";"27/07/2026 08:13:10"
"47498";"010779";"2026";"9";"venda";"576800,00";"17/06/2026 15:16:15";"27/07/2026 08:13:10"
"47499";"010779";"2026";"10";"venda";"464800,00";"17/06/2026 15:16:15";"27/07/2026 08:13:10"
"47500";"010779";"2026";"11";"venda";"560000,00";"17/06/2026 15:16:15";"27/07/2026 08:13:10"
"47501";"010779";"2026";"12";"venda";"515200,00";"17/06/2026 15:16:15";"27/07/2026 08:13:10"
"77083";"010586";"2026";"7";"venda";"750000,00";"06/07/2026 11:42:38";"06/07/2026 11:42:38"
"77084";"010597";"2026";"1";"faturamento";"0,00";"20/07/2026 15:23:30";"05/08/2026 10:28:30"
"77085";"010597";"2026";"2";"faturamento";"0,00";"20/07/2026 15:23:30";"05/08/2026 10:28:31"
"77086";"010597";"2026";"3";"faturamento";"0,00";"20/07/2026 15:23:30";"05/08/2026 10:28:32"
"77087";"010597";"2026";"4";"faturamento";"0,00";"20/07/2026 15:23:30";"05/08/2026 10:28:33"
"77088";"010597";"2026";"5";"faturamento";"0,00";"20/07/2026 15:23:30";"05/08/2026 10:28:34"
"77089";"010597";"2026";"6";"faturamento";"0,00";"20/07/2026 15:23:30";"05/08/2026 10:28:34"
"77090";"010597";"2026";"7";"faturamento";"0,00";"20/07/2026 15:23:30";"29/07/2026 20:15:13"
"77091";"010597";"2026";"8";"faturamento";"0,00";"20/07/2026 15:23:30";"05/08/2026 10:28:36"
"77092";"010597";"2026";"9";"faturamento";"0,00";"20/07/2026 15:23:30";"05/08/2026 10:28:37"
"77093";"010597";"2026";"10";"faturamento";"0,00";"20/07/2026 15:23:30";"05/08/2026 10:28:39"
"77094";"010597";"2026";"11";"faturamento";"0,00";"20/07/2026 15:23:30";"05/08/2026 10:28:40"
"77095";"010597";"2026";"12";"faturamento";"0,00";"20/07/2026 15:23:30";"05/08/2026 10:28:43"
"77096";"010712";"2026";"1";"faturamento";"0,00";"20/07/2026 15:23:30";"05/08/2026 10:28:30"
"77097";"010712";"2026";"2";"faturamento";"0,00";"20/07/2026 15:23:30";"05/08/2026 10:28:31"
"77098";"010712";"2026";"3";"faturamento";"0,00";"20/07/2026 15:23:30";"05/08/2026 10:28:32"
"77099";"010712";"2026";"4";"faturamento";"0,00";"20/07/2026 15:23:30";"05/08/2026 10:28:33"
"77100";"010712";"2026";"5";"faturamento";"0,00";"20/07/2026 15:23:30";"05/08/2026 10:28:34"
"77101";"010712";"2026";"6";"faturamento";"0,00";"20/07/2026 15:23:30";"05/08/2026 10:28:34"
"77102";"010712";"2026";"7";"faturamento";"0,00";"20/07/2026 15:23:30";"29/07/2026 20:15:48"
"77103";"010712";"2026";"8";"faturamento";"0,00";"20/07/2026 15:23:30";"05/08/2026 10:28:36"
"77104";"010712";"2026";"9";"faturamento";"0,00";"20/07/2026 15:23:30";"05/08/2026 10:28:37"
"77105";"010712";"2026";"10";"faturamento";"0,00";"20/07/2026 15:23:30";"05/08/2026 10:28:39"
"77106";"010712";"2026";"11";"faturamento";"0,00";"20/07/2026 15:23:30";"05/08/2026 10:28:40"
"77107";"010712";"2026";"12";"faturamento";"0,00";"20/07/2026 15:23:30";"05/08/2026 10:28:43"
"77108";"010702";"2026";"1";"faturamento";"100000,00";"20/07/2026 15:23:30";"20/07/2026 15:23:30"
"77109";"010702";"2026";"2";"faturamento";"100000,00";"20/07/2026 15:23:30";"20/07/2026 15:23:30"
"77110";"010702";"2026";"3";"faturamento";"100000,00";"20/07/2026 15:23:30";"20/07/2026 15:23:30"
"77111";"010702";"2026";"4";"faturamento";"100000,00";"20/07/2026 15:23:30";"20/07/2026 15:23:30"
"77112";"010702";"2026";"5";"faturamento";"100000,00";"20/07/2026 15:23:30";"20/07/2026 15:23:30"
"77113";"010702";"2026";"6";"faturamento";"100000,00";"20/07/2026 15:23:30";"20/07/2026 15:23:30"
"77114";"010702";"2026";"7";"faturamento";"100000,00";"20/07/2026 15:23:30";"20/07/2026 15:23:30"
"77115";"010702";"2026";"8";"faturamento";"100000,00";"20/07/2026 15:23:30";"20/07/2026 15:23:30"
"77116";"010702";"2026";"9";"faturamento";"100000,00";"20/07/2026 15:23:30";"20/07/2026 15:23:30"
"77117";"010702";"2026";"10";"faturamento";"100000,00";"20/07/2026 15:23:30";"20/07/2026 15:23:30"
"77118";"010702";"2026";"11";"faturamento";"100000,00";"20/07/2026 15:23:30";"20/07/2026 15:23:30"
"77119";"010702";"2026";"12";"faturamento";"100000,00";"20/07/2026 15:23:30";"20/07/2026 15:23:30"
"77120";"010660";"2026";"1";"faturamento";"100000,00";"20/07/2026 15:23:30";"20/07/2026 15:23:30"
"77121";"010660";"2026";"2";"faturamento";"100000,00";"20/07/2026 15:23:30";"20/07/2026 15:23:30"
"77122";"010660";"2026";"3";"faturamento";"100000,00";"20/07/2026 15:23:30";"20/07/2026 15:23:30"
"77123";"010660";"2026";"4";"faturamento";"100000,00";"20/07/2026 15:23:30";"20/07/2026 15:23:30"
"77124";"010660";"2026";"5";"faturamento";"100000,00";"20/07/2026 15:23:30";"20/07/2026 15:23:30"
"77125";"010660";"2026";"6";"faturamento";"100000,00";"20/07/2026 15:23:30";"20/07/2026 15:23:30"
"77126";"010660";"2026";"7";"faturamento";"100000,00";"20/07/2026 15:23:30";"20/07/2026 15:23:30"
"77127";"010660";"2026";"8";"faturamento";"100000,00";"20/07/2026 15:23:31";"20/07/2026 15:23:31"
"77128";"010660";"2026";"9";"faturamento";"100000,00";"20/07/2026 15:23:31";"20/07/2026 15:23:31"
"77129";"010660";"2026";"10";"faturamento";"100000,00";"20/07/2026 15:23:31";"20/07/2026 15:23:31"
"77130";"010660";"2026";"11";"faturamento";"100000,00";"20/07/2026 15:23:31";"20/07/2026 15:23:31"
"77131";"010660";"2026";"12";"faturamento";"100000,00";"20/07/2026 15:23:31";"20/07/2026 15:23:31"
"77132";"010624";"2026";"1";"faturamento";"0,00";"20/07/2026 15:23:31";"05/08/2026 10:28:30"
"77133";"010624";"2026";"2";"faturamento";"0,00";"20/07/2026 15:23:31";"05/08/2026 10:28:31"
"77134";"010624";"2026";"3";"faturamento";"0,00";"20/07/2026 15:23:31";"05/08/2026 10:28:32"
"77135";"010624";"2026";"4";"faturamento";"0,00";"20/07/2026 15:23:31";"05/08/2026 10:28:33"
"77136";"010624";"2026";"5";"faturamento";"0,00";"20/07/2026 15:23:31";"05/08/2026 10:28:34"
"77137";"010624";"2026";"6";"faturamento";"0,00";"20/07/2026 15:23:31";"05/08/2026 10:28:35"
"77138";"010624";"2026";"7";"faturamento";"0,00";"20/07/2026 15:23:31";"29/07/2026 20:18:34"
"77139";"010624";"2026";"8";"faturamento";"0,00";"20/07/2026 15:23:31";"05/08/2026 10:28:36"
"77140";"010624";"2026";"9";"faturamento";"0,00";"20/07/2026 15:23:31";"05/08/2026 10:28:37"
"77141";"010624";"2026";"10";"faturamento";"0,00";"20/07/2026 15:23:31";"05/08/2026 10:28:39"
"77142";"010624";"2026";"11";"faturamento";"0,00";"20/07/2026 15:23:31";"05/08/2026 10:28:40"
"77143";"010624";"2026";"12";"faturamento";"0,00";"20/07/2026 15:23:31";"05/08/2026 10:28:43"
"77144";"010768";"2026";"1";"faturamento";"100000,00";"20/07/2026 15:23:31";"20/07/2026 15:23:31"
"77145";"010768";"2026";"2";"faturamento";"100000,00";"20/07/2026 15:23:31";"20/07/2026 15:23:31"
"77146";"010768";"2026";"3";"faturamento";"100000,00";"20/07/2026 15:23:31";"20/07/2026 15:23:31"
"77147";"010768";"2026";"4";"faturamento";"100000,00";"20/07/2026 15:23:31";"20/07/2026 15:23:31"
"77148";"010768";"2026";"5";"faturamento";"100000,00";"20/07/2026 15:23:31";"20/07/2026 15:23:31"
"77149";"010768";"2026";"6";"faturamento";"100000,00";"20/07/2026 15:23:31";"20/07/2026 15:23:31"
"77150";"010768";"2026";"7";"faturamento";"100000,00";"20/07/2026 15:23:31";"20/07/2026 15:23:31"
"77151";"010768";"2026";"8";"faturamento";"100000,00";"20/07/2026 15:23:31";"20/07/2026 15:23:31"
"77152";"010768";"2026";"9";"faturamento";"100000,00";"20/07/2026 15:23:31";"20/07/2026 15:23:31"
"77153";"010768";"2026";"10";"faturamento";"100000,00";"20/07/2026 15:23:31";"20/07/2026 15:23:31"
"77154";"010768";"2026";"11";"faturamento";"100000,00";"20/07/2026 15:23:31";"20/07/2026 15:23:31"
"77155";"010768";"2026";"12";"faturamento";"100000,00";"20/07/2026 15:23:31";"20/07/2026 15:23:31"
"77156";"010596";"2026";"1";"faturamento";"100000,00";"20/07/2026 15:23:31";"20/07/2026 15:23:31"
"77157";"010596";"2026";"2";"faturamento";"100000,00";"20/07/2026 15:23:31";"20/07/2026 15:23:31"
"77158";"010596";"2026";"3";"faturamento";"100000,00";"20/07/2026 15:23:31";"20/07/2026 15:23:31"
"77159";"010596";"2026";"4";"faturamento";"100000,00";"20/07/2026 15:23:31";"20/07/2026 15:23:31"
"77160";"010596";"2026";"5";"faturamento";"100000,00";"20/07/2026 15:23:31";"20/07/2026 15:23:31"
"77161";"010596";"2026";"6";"faturamento";"100000,00";"20/07/2026 15:23:31";"20/07/2026 15:23:31"
"77162";"010596";"2026";"7";"faturamento";"100000,00";"20/07/2026 15:23:31";"20/07/2026 15:23:31"
"77163";"010596";"2026";"8";"faturamento";"100000,00";"20/07/2026 15:23:31";"20/07/2026 15:23:31"
"77164";"010596";"2026";"9";"faturamento";"100000,00";"20/07/2026 15:23:31";"20/07/2026 15:23:31"
"77165";"010596";"2026";"10";"faturamento";"100000,00";"20/07/2026 15:23:31";"20/07/2026 15:23:31"
"77166";"010596";"2026";"11";"faturamento";"100000,00";"20/07/2026 15:23:31";"20/07/2026 15:23:31"
"77167";"010596";"2026";"12";"faturamento";"100000,00";"20/07/2026 15:23:31";"20/07/2026 15:23:31"
"77168";"010735";"2026";"1";"faturamento";"100000,00";"20/07/2026 15:23:31";"20/07/2026 15:23:31"
"77169";"010735";"2026";"2";"faturamento";"100000,00";"20/07/2026 15:23:31";"20/07/2026 15:23:31"
"77170";"010735";"2026";"3";"faturamento";"100000,00";"20/07/2026 15:23:31";"20/07/2026 15:23:31"
"77171";"010735";"2026";"4";"faturamento";"100000,00";"20/07/2026 15:23:31";"20/07/2026 15:23:31"
"77172";"010735";"2026";"5";"faturamento";"100000,00";"20/07/2026 15:23:31";"20/07/2026 15:23:31"
"77173";"010735";"2026";"6";"faturamento";"100000,00";"20/07/2026 15:23:31";"20/07/2026 15:23:31"
"77174";"010735";"2026";"7";"faturamento";"100000,00";"20/07/2026 15:23:31";"20/07/2026 15:23:31"
"77175";"010735";"2026";"8";"faturamento";"100000,00";"20/07/2026 15:23:31";"20/07/2026 15:23:31"
"77176";"010735";"2026";"9";"faturamento";"100000,00";"20/07/2026 15:23:31";"20/07/2026 15:23:31"
"77177";"010735";"2026";"10";"faturamento";"100000,00";"20/07/2026 15:23:31";"20/07/2026 15:23:31"
"77178";"010735";"2026";"11";"faturamento";"100000,00";"20/07/2026 15:23:31";"20/07/2026 15:23:31"
"77179";"010735";"2026";"12";"faturamento";"100000,00";"20/07/2026 15:23:31";"20/07/2026 15:23:31"
"77180";"010741";"2026";"1";"faturamento";"0,00";"20/07/2026 15:23:31";"05/08/2026 10:28:31"
"77181";"010741";"2026";"2";"faturamento";"0,00";"20/07/2026 15:23:31";"05/08/2026 10:28:31"
"77182";"010741";"2026";"3";"faturamento";"0,00";"20/07/2026 15:23:31";"05/08/2026 10:28:32"
"77183";"010741";"2026";"4";"faturamento";"0,00";"20/07/2026 15:23:31";"05/08/2026 10:28:33"
"77184";"010741";"2026";"5";"faturamento";"0,00";"20/07/2026 15:23:31";"05/08/2026 10:28:34"
"77185";"010741";"2026";"6";"faturamento";"0,00";"20/07/2026 15:23:31";"05/08/2026 10:28:35"
"77186";"010741";"2026";"7";"faturamento";"0,00";"20/07/2026 15:23:31";"29/07/2026 20:26:38"
"77187";"010741";"2026";"8";"faturamento";"0,00";"20/07/2026 15:23:31";"05/08/2026 10:28:37"
"77188";"010741";"2026";"9";"faturamento";"0,00";"20/07/2026 15:23:31";"05/08/2026 10:28:38"
"77189";"010741";"2026";"10";"faturamento";"0,00";"20/07/2026 15:23:31";"05/08/2026 10:28:39"
"77190";"010741";"2026";"11";"faturamento";"0,00";"20/07/2026 15:23:31";"05/08/2026 10:28:41"
"77191";"010741";"2026";"12";"faturamento";"0,00";"20/07/2026 15:23:31";"05/08/2026 10:28:43"
"77192";"010704";"2026";"1";"faturamento";"100000,00";"20/07/2026 15:23:31";"20/07/2026 15:23:31"
"77193";"010704";"2026";"2";"faturamento";"100000,00";"20/07/2026 15:23:31";"20/07/2026 15:23:31"
"77194";"010704";"2026";"3";"faturamento";"100000,00";"20/07/2026 15:23:31";"20/07/2026 15:23:31"
"77195";"010704";"2026";"4";"faturamento";"100000,00";"20/07/2026 15:23:31";"20/07/2026 15:23:31"
"77196";"010704";"2026";"5";"faturamento";"100000,00";"20/07/2026 15:23:31";"20/07/2026 15:23:31"
"77197";"010704";"2026";"6";"faturamento";"100000,00";"20/07/2026 15:23:31";"20/07/2026 15:23:31"
"77198";"010704";"2026";"7";"faturamento";"100000,00";"20/07/2026 15:23:31";"20/07/2026 15:23:31"
"77199";"010704";"2026";"8";"faturamento";"100000,00";"20/07/2026 15:23:31";"20/07/2026 15:23:31"
"77200";"010704";"2026";"9";"faturamento";"100000,00";"20/07/2026 15:23:31";"20/07/2026 15:23:31"
"77201";"010704";"2026";"10";"faturamento";"100000,00";"20/07/2026 15:23:31";"20/07/2026 15:23:31"
"77202";"010704";"2026";"11";"faturamento";"100000,00";"20/07/2026 15:23:31";"20/07/2026 15:23:31"
"77203";"010704";"2026";"12";"faturamento";"100000,00";"20/07/2026 15:23:31";"20/07/2026 15:23:31"
"77204";"010538";"2026";"1";"faturamento";"100000,00";"20/07/2026 15:23:31";"20/07/2026 15:23:31"
"77205";"010538";"2026";"2";"faturamento";"100000,00";"20/07/2026 15:23:31";"20/07/2026 15:23:31"
"77206";"010538";"2026";"3";"faturamento";"100000,00";"20/07/2026 15:23:31";"20/07/2026 15:23:31"
"77207";"010538";"2026";"4";"faturamento";"100000,00";"20/07/2026 15:23:31";"20/07/2026 15:23:31"
"77208";"010538";"2026";"5";"faturamento";"100000,00";"20/07/2026 15:23:31";"20/07/2026 15:23:31"
"77209";"010538";"2026";"6";"faturamento";"100000,00";"20/07/2026 15:23:31";"20/07/2026 15:23:31"
"77210";"010538";"2026";"7";"faturamento";"100000,00";"20/07/2026 15:23:31";"20/07/2026 15:23:31"
"77211";"010538";"2026";"8";"faturamento";"100000,00";"20/07/2026 15:23:31";"20/07/2026 15:23:31"
"77212";"010538";"2026";"9";"faturamento";"100000,00";"20/07/2026 15:23:31";"20/07/2026 15:23:31"
"77213";"010538";"2026";"10";"faturamento";"100000,00";"20/07/2026 15:23:31";"20/07/2026 15:23:31"
"77214";"010538";"2026";"11";"faturamento";"100000,00";"20/07/2026 15:23:31";"20/07/2026 15:23:31"
"77215";"010538";"2026";"12";"faturamento";"100000,00";"20/07/2026 15:23:31";"20/07/2026 15:23:31"
"77216";"010363";"2026";"1";"faturamento";"100000,00";"20/07/2026 15:23:31";"20/07/2026 15:23:31"
"77217";"010363";"2026";"2";"faturamento";"100000,00";"20/07/2026 15:23:31";"20/07/2026 15:23:31"
"77218";"010363";"2026";"3";"faturamento";"100000,00";"20/07/2026 15:23:31";"20/07/2026 15:23:31"
"77219";"010363";"2026";"4";"faturamento";"100000,00";"20/07/2026 15:23:31";"20/07/2026 15:23:31"
"77220";"010363";"2026";"5";"faturamento";"100000,00";"20/07/2026 15:23:31";"20/07/2026 15:23:31"
"77221";"010363";"2026";"6";"faturamento";"100000,00";"20/07/2026 15:23:31";"20/07/2026 15:23:31"
"77222";"010363";"2026";"7";"faturamento";"100000,00";"20/07/2026 15:23:31";"20/07/2026 15:23:31"
"77223";"010363";"2026";"8";"faturamento";"100000,00";"20/07/2026 15:23:31";"20/07/2026 15:23:31"
"77224";"010363";"2026";"9";"faturamento";"100000,00";"20/07/2026 15:23:31";"20/07/2026 15:23:31"
"77225";"010363";"2026";"10";"faturamento";"100000,00";"20/07/2026 15:23:31";"20/07/2026 15:23:31"
"77226";"010363";"2026";"11";"faturamento";"100000,00";"20/07/2026 15:23:31";"20/07/2026 15:23:31"
"77227";"010363";"2026";"12";"faturamento";"100000,00";"20/07/2026 15:23:31";"20/07/2026 15:23:31"
"77228";"010748";"2026";"1";"faturamento";"100000,00";"20/07/2026 15:23:31";"20/07/2026 15:23:31"
"77229";"010748";"2026";"2";"faturamento";"100000,00";"20/07/2026 15:23:31";"20/07/2026 15:23:31"
"77230";"010748";"2026";"3";"faturamento";"100000,00";"20/07/2026 15:23:31";"20/07/2026 15:23:31"
"77231";"010748";"2026";"4";"faturamento";"100000,00";"20/07/2026 15:23:31";"20/07/2026 15:23:31"
"77232";"010748";"2026";"5";"faturamento";"100000,00";"20/07/2026 15:23:31";"20/07/2026 15:23:31"
"77233";"010748";"2026";"6";"faturamento";"100000,00";"20/07/2026 15:23:31";"20/07/2026 15:23:31"
"77234";"010748";"2026";"7";"faturamento";"100000,00";"20/07/2026 15:23:31";"20/07/2026 15:23:31"
"77235";"010748";"2026";"8";"faturamento";"100000,00";"20/07/2026 15:23:31";"20/07/2026 15:23:31"
"77236";"010748";"2026";"9";"faturamento";"100000,00";"20/07/2026 15:23:31";"20/07/2026 15:23:31"
"77237";"010748";"2026";"10";"faturamento";"100000,00";"20/07/2026 15:23:31";"20/07/2026 15:23:31"
"77238";"010748";"2026";"11";"faturamento";"100000,00";"20/07/2026 15:23:31";"20/07/2026 15:23:31"
"77239";"010748";"2026";"12";"faturamento";"100000,00";"20/07/2026 15:23:31";"20/07/2026 15:23:31"
"77240";"010721";"2026";"1";"faturamento";"100000,00";"20/07/2026 15:23:31";"20/07/2026 15:23:31"
"77241";"010721";"2026";"2";"faturamento";"100000,00";"20/07/2026 15:23:31";"20/07/2026 15:23:31"
"77242";"010721";"2026";"3";"faturamento";"100000,00";"20/07/2026 15:23:31";"20/07/2026 15:23:31"
"77243";"010721";"2026";"4";"faturamento";"100000,00";"20/07/2026 15:23:31";"20/07/2026 15:23:31"
"77244";"010721";"2026";"5";"faturamento";"100000,00";"20/07/2026 15:23:31";"20/07/2026 15:23:31"
"77245";"010721";"2026";"6";"faturamento";"100000,00";"20/07/2026 15:23:31";"20/07/2026 15:23:31"
"77246";"010721";"2026";"7";"faturamento";"100000,00";"20/07/2026 15:23:31";"20/07/2026 15:23:31"
"77247";"010721";"2026";"8";"faturamento";"100000,00";"20/07/2026 15:23:31";"20/07/2026 15:23:31"
"77248";"010721";"2026";"9";"faturamento";"100000,00";"20/07/2026 15:23:31";"20/07/2026 15:23:31"
"77249";"010721";"2026";"10";"faturamento";"100000,00";"20/07/2026 15:23:31";"20/07/2026 15:23:31"
"77250";"010721";"2026";"11";"faturamento";"100000,00";"20/07/2026 15:23:31";"20/07/2026 15:23:31"
"77251";"010721";"2026";"12";"faturamento";"100000,00";"20/07/2026 15:23:31";"20/07/2026 15:23:31"
"77252";"000384";"2026";"1";"faturamento";"100000,00";"20/07/2026 15:23:31";"20/07/2026 15:23:31"
"77253";"000384";"2026";"2";"faturamento";"100000,00";"20/07/2026 15:23:31";"20/07/2026 15:23:31"
"77254";"000384";"2026";"3";"faturamento";"100000,00";"20/07/2026 15:23:31";"20/07/2026 15:23:31"
"77255";"000384";"2026";"4";"faturamento";"100000,00";"20/07/2026 15:23:31";"20/07/2026 15:23:31"
"77256";"000384";"2026";"5";"faturamento";"100000,00";"20/07/2026 15:23:31";"20/07/2026 15:23:31"
"77257";"000384";"2026";"6";"faturamento";"100000,00";"20/07/2026 15:23:31";"20/07/2026 15:23:31"
"77258";"000384";"2026";"7";"faturamento";"100000,00";"20/07/2026 15:23:31";"20/07/2026 15:23:31"
"77259";"000384";"2026";"8";"faturamento";"100000,00";"20/07/2026 15:23:31";"20/07/2026 15:23:31"
"77260";"000384";"2026";"9";"faturamento";"100000,00";"20/07/2026 15:23:31";"20/07/2026 15:23:31"
"77261";"000384";"2026";"10";"faturamento";"100000,00";"20/07/2026 15:23:31";"20/07/2026 15:23:31"
"77262";"000384";"2026";"11";"faturamento";"100000,00";"20/07/2026 15:23:31";"20/07/2026 15:23:31"
"77263";"000384";"2026";"12";"faturamento";"100000,00";"20/07/2026 15:23:31";"20/07/2026 15:23:31"
"77264";"000099";"2026";"1";"faturamento";"100000,00";"20/07/2026 15:23:31";"20/07/2026 15:23:31"
"77265";"000099";"2026";"2";"faturamento";"100000,00";"20/07/2026 15:23:31";"20/07/2026 15:23:31"
"77266";"000099";"2026";"3";"faturamento";"100000,00";"20/07/2026 15:23:31";"20/07/2026 15:23:31"
"77267";"000099";"2026";"4";"faturamento";"100000,00";"20/07/2026 15:23:31";"20/07/2026 15:23:31"
"77268";"000099";"2026";"5";"faturamento";"100000,00";"20/07/2026 15:23:31";"20/07/2026 15:23:31"
"77269";"000099";"2026";"6";"faturamento";"100000,00";"20/07/2026 15:23:31";"20/07/2026 15:23:31"
"77270";"000099";"2026";"7";"faturamento";"100000,00";"20/07/2026 15:23:31";"20/07/2026 15:23:31"
"77271";"000099";"2026";"8";"faturamento";"100000,00";"20/07/2026 15:23:31";"20/07/2026 15:23:31"
"77272";"000099";"2026";"9";"faturamento";"100000,00";"20/07/2026 15:23:31";"20/07/2026 15:23:31"
"77273";"000099";"2026";"10";"faturamento";"100000,00";"20/07/2026 15:23:31";"20/07/2026 15:23:31"
"77274";"000099";"2026";"11";"faturamento";"100000,00";"20/07/2026 15:23:31";"20/07/2026 15:23:31"
"77275";"000099";"2026";"12";"faturamento";"100000,00";"20/07/2026 15:23:31";"20/07/2026 15:23:31"
"77276";"010772";"2026";"1";"faturamento";"10000,00";"20/07/2026 15:23:31";"20/07/2026 15:23:31"
"77277";"010772";"2026";"2";"faturamento";"10000,00";"20/07/2026 15:23:31";"20/07/2026 15:23:31"
"77278";"010772";"2026";"3";"faturamento";"10000,00";"20/07/2026 15:23:31";"20/07/2026 15:23:31"
"77279";"010772";"2026";"4";"faturamento";"10000,00";"20/07/2026 15:23:32";"20/07/2026 15:23:32"
"77280";"010772";"2026";"5";"faturamento";"10000,00";"20/07/2026 15:23:32";"20/07/2026 15:23:32"
"77281";"010772";"2026";"6";"faturamento";"10000,00";"20/07/2026 15:23:32";"20/07/2026 15:23:32"
"77282";"010772";"2026";"7";"faturamento";"10000,00";"20/07/2026 15:23:32";"20/07/2026 15:23:32"
"77283";"010772";"2026";"8";"faturamento";"10000,00";"20/07/2026 15:23:32";"20/07/2026 15:23:32"
"77284";"010772";"2026";"9";"faturamento";"10000,00";"20/07/2026 15:23:32";"20/07/2026 15:23:32"
"77285";"010772";"2026";"10";"faturamento";"10000,00";"20/07/2026 15:23:32";"20/07/2026 15:23:32"
"77286";"010772";"2026";"11";"faturamento";"10000,00";"20/07/2026 15:23:32";"20/07/2026 15:23:32"
"77287";"010772";"2026";"12";"faturamento";"10000,00";"20/07/2026 15:23:32";"20/07/2026 15:23:32"
"77768";"00006";"2026";"1";"faturamento";"1450000,00";"27/07/2026 08:13:08";"05/08/2026 10:28:30"
"77769";"00006";"2026";"2";"faturamento";"1450000,00";"27/07/2026 08:13:08";"05/08/2026 10:28:31"
"77770";"00006";"2026";"3";"faturamento";"1450000,00";"27/07/2026 08:13:08";"05/08/2026 10:28:32"
"77771";"00006";"2026";"4";"faturamento";"1450000,00";"27/07/2026 08:13:08";"05/08/2026 10:28:33"
"77772";"00006";"2026";"5";"faturamento";"1450000,00";"27/07/2026 08:13:08";"05/08/2026 10:28:34"
"77773";"00006";"2026";"6";"faturamento";"1450000,00";"27/07/2026 08:13:08";"05/08/2026 10:28:35"
"77774";"00006";"2026";"7";"faturamento";"1450000,00";"27/07/2026 08:13:08";"27/07/2026 08:13:08"
"77775";"00006";"2026";"8";"faturamento";"1450000,00";"27/07/2026 08:13:08";"05/08/2026 10:28:36"
"77776";"00006";"2026";"9";"faturamento";"1450000,00";"27/07/2026 08:13:08";"05/08/2026 10:28:38"
"77777";"00006";"2026";"10";"faturamento";"1450000,00";"27/07/2026 08:13:08";"05/08/2026 10:28:39"
"77778";"00006";"2026";"11";"faturamento";"1450000,00";"27/07/2026 08:13:08";"05/08/2026 10:28:41"
"77779";"00006";"2026";"12";"faturamento";"1450000,00";"27/07/2026 08:13:08";"05/08/2026 10:28:43"
"78740";"000000";"2026";"1";"faturamento";"0,00";"27/07/2026 08:13:09";"27/07/2026 08:13:09"
"78741";"000000";"2026";"2";"faturamento";"0,00";"27/07/2026 08:13:09";"27/07/2026 08:13:09"
"78742";"000000";"2026";"3";"faturamento";"0,00";"27/07/2026 08:13:09";"27/07/2026 08:13:09"
"78743";"000000";"2026";"4";"faturamento";"0,00";"27/07/2026 08:13:09";"27/07/2026 08:13:09"
"78744";"000000";"2026";"5";"faturamento";"0,00";"27/07/2026 08:13:09";"27/07/2026 08:13:09"
"78745";"000000";"2026";"6";"faturamento";"0,00";"27/07/2026 08:13:09";"27/07/2026 08:13:09"
"78746";"000000";"2026";"7";"faturamento";"0,00";"27/07/2026 08:13:09";"27/07/2026 08:13:09"
"78747";"000000";"2026";"8";"faturamento";"0,00";"27/07/2026 08:13:09";"27/07/2026 08:13:09"
"78748";"000000";"2026";"9";"faturamento";"0,00";"27/07/2026 08:13:09";"27/07/2026 08:13:09"
"78749";"000000";"2026";"10";"faturamento";"0,00";"27/07/2026 08:13:09";"27/07/2026 08:13:09"
"78750";"000000";"2026";"11";"faturamento";"0,00";"27/07/2026 08:13:09";"27/07/2026 08:13:09"
"78751";"000000";"2026";"12";"faturamento";"0,00";"27/07/2026 08:13:09";"27/07/2026 08:13:09"
"78884";"010773";"2026";"1";"faturamento";"0,00";"27/07/2026 08:13:09";"27/07/2026 08:13:09"
"78885";"010773";"2026";"2";"faturamento";"0,00";"27/07/2026 08:13:09";"27/07/2026 08:13:09"
"78886";"010773";"2026";"3";"faturamento";"0,00";"27/07/2026 08:13:09";"27/07/2026 08:13:09"
"78887";"010773";"2026";"4";"faturamento";"0,00";"27/07/2026 08:13:09";"27/07/2026 08:13:09"
"78888";"010773";"2026";"5";"faturamento";"0,00";"27/07/2026 08:13:09";"27/07/2026 08:13:09"
"78889";"010773";"2026";"6";"faturamento";"0,00";"27/07/2026 08:13:09";"27/07/2026 08:13:09"
"78890";"010773";"2026";"7";"faturamento";"0,00";"27/07/2026 08:13:09";"27/07/2026 08:13:09"
"78891";"010773";"2026";"8";"faturamento";"0,00";"27/07/2026 08:13:09";"27/07/2026 08:13:09"
"78892";"010773";"2026";"9";"faturamento";"0,00";"27/07/2026 08:13:09";"27/07/2026 08:13:09"
"78893";"010773";"2026";"10";"faturamento";"0,00";"27/07/2026 08:13:09";"27/07/2026 08:13:09"
"78894";"010773";"2026";"11";"faturamento";"0,00";"27/07/2026 08:13:09";"27/07/2026 08:13:09"
"78895";"010773";"2026";"12";"faturamento";"0,00";"27/07/2026 08:13:09";"27/07/2026 08:13:09"
"79640";"010722";"2026";"1";"faturamento";"0,00";"27/07/2026 08:13:10";"27/07/2026 08:13:10"
"79641";"010722";"2026";"2";"faturamento";"0,00";"27/07/2026 08:13:10";"27/07/2026 08:13:10"
"79642";"010722";"2026";"3";"faturamento";"0,00";"27/07/2026 08:13:10";"27/07/2026 08:13:10"
"79643";"010722";"2026";"4";"faturamento";"0,00";"27/07/2026 08:13:10";"27/07/2026 08:13:10"
"79644";"010722";"2026";"5";"faturamento";"0,00";"27/07/2026 08:13:10";"27/07/2026 08:13:10"
"79645";"010722";"2026";"6";"faturamento";"0,00";"27/07/2026 08:13:10";"27/07/2026 08:13:10"
"79646";"010722";"2026";"7";"faturamento";"0,00";"27/07/2026 08:13:10";"27/07/2026 08:13:10"
"79647";"010722";"2026";"8";"faturamento";"0,00";"27/07/2026 08:13:10";"27/07/2026 08:13:10"
"79648";"010722";"2026";"9";"faturamento";"0,00";"27/07/2026 08:13:10";"27/07/2026 08:13:10"
"79649";"010722";"2026";"10";"faturamento";"0,00";"27/07/2026 08:13:10";"27/07/2026 08:13:10"
"79650";"010722";"2026";"11";"faturamento";"0,00";"27/07/2026 08:13:10";"27/07/2026 08:13:10"
"79651";"010722";"2026";"12";"faturamento";"0,00";"27/07/2026 08:13:10";"27/07/2026 08:13:10"
"79712";"010597";"2026";"1";"venda";"0,00";"27/07/2026 08:13:10";"05/08/2026 10:28:30"
"79713";"010597";"2026";"2";"venda";"0,00";"27/07/2026 08:13:10";"05/08/2026 10:28:31"
"79714";"010597";"2026";"3";"venda";"0,00";"27/07/2026 08:13:10";"05/08/2026 10:28:32"
"79715";"010597";"2026";"4";"venda";"0,00";"27/07/2026 08:13:10";"05/08/2026 10:28:33"
"79716";"010597";"2026";"5";"venda";"0,00";"27/07/2026 08:13:10";"05/08/2026 10:28:34"
"79717";"010597";"2026";"6";"venda";"0,00";"27/07/2026 08:13:10";"05/08/2026 10:28:34"
"79718";"010597";"2026";"7";"venda";"0,00";"27/07/2026 08:13:10";"29/07/2026 20:15:13"
"79719";"010597";"2026";"8";"venda";"0,00";"27/07/2026 08:13:10";"05/08/2026 10:28:36"
"79720";"010597";"2026";"9";"venda";"0,00";"27/07/2026 08:13:10";"05/08/2026 10:28:37"
"79721";"010597";"2026";"10";"venda";"0,00";"27/07/2026 08:13:10";"05/08/2026 10:28:39"
"79722";"010597";"2026";"11";"venda";"0,00";"27/07/2026 08:13:10";"05/08/2026 10:28:40"
"79723";"010597";"2026";"12";"venda";"0,00";"27/07/2026 08:13:10";"05/08/2026 10:28:43"
"79748";"010772";"2026";"1";"venda";"11200,00";"27/07/2026 08:13:10";"27/07/2026 08:13:10"
"79749";"010772";"2026";"2";"venda";"11200,00";"27/07/2026 08:13:10";"27/07/2026 08:13:10"
"79750";"010772";"2026";"3";"venda";"11200,00";"27/07/2026 08:13:10";"27/07/2026 08:13:10"
"79751";"010772";"2026";"4";"venda";"11200,00";"27/07/2026 08:13:10";"27/07/2026 08:13:10"
"79752";"010772";"2026";"5";"venda";"11200,00";"27/07/2026 08:13:10";"27/07/2026 08:13:10"
"79753";"010772";"2026";"6";"venda";"11200,00";"27/07/2026 08:13:10";"27/07/2026 08:13:10"
"79754";"010772";"2026";"7";"venda";"11200,00";"27/07/2026 08:13:10";"27/07/2026 08:13:10"
"79755";"010772";"2026";"8";"venda";"11200,00";"27/07/2026 08:13:10";"27/07/2026 08:13:10"
"79756";"010772";"2026";"9";"venda";"11200,00";"27/07/2026 08:13:10";"27/07/2026 08:13:10"
"79757";"010772";"2026";"10";"venda";"11200,00";"27/07/2026 08:13:10";"27/07/2026 08:13:10"
"79758";"010772";"2026";"11";"venda";"11200,00";"27/07/2026 08:13:10";"27/07/2026 08:13:10"
"79759";"010772";"2026";"12";"venda";"11200,00";"27/07/2026 08:13:10";"27/07/2026 08:13:10"
"79808";"010712";"2026";"1";"venda";"0,00";"27/07/2026 08:13:10";"05/08/2026 10:28:30"
"79809";"010712";"2026";"2";"venda";"0,00";"27/07/2026 08:13:10";"05/08/2026 10:28:31"
"79810";"010712";"2026";"3";"venda";"0,00";"27/07/2026 08:13:10";"05/08/2026 10:28:32"
"79811";"010712";"2026";"4";"venda";"0,00";"27/07/2026 08:13:10";"05/08/2026 10:28:33"
"79812";"010712";"2026";"5";"venda";"0,00";"27/07/2026 08:13:10";"05/08/2026 10:28:34"
"79813";"010712";"2026";"6";"venda";"0,00";"27/07/2026 08:13:10";"05/08/2026 10:28:34"
"79814";"010712";"2026";"7";"venda";"0,00";"27/07/2026 08:13:10";"29/07/2026 20:15:48"
"79815";"010712";"2026";"8";"venda";"0,00";"27/07/2026 08:13:10";"05/08/2026 10:28:36"
"79816";"010712";"2026";"9";"venda";"0,00";"27/07/2026 08:13:10";"05/08/2026 10:28:37"
"79817";"010712";"2026";"10";"venda";"0,00";"27/07/2026 08:13:10";"05/08/2026 10:28:39"
"79818";"010712";"2026";"11";"venda";"0,00";"27/07/2026 08:13:10";"05/08/2026 10:28:40"
"79819";"010712";"2026";"12";"venda";"0,00";"27/07/2026 08:13:10";"05/08/2026 10:28:43"
"79916";"010702";"2026";"1";"venda";"112000,00";"27/07/2026 08:13:10";"27/07/2026 08:13:10"
"79917";"010702";"2026";"2";"venda";"112000,00";"27/07/2026 08:13:10";"27/07/2026 08:13:10"
"79918";"010702";"2026";"3";"venda";"112000,00";"27/07/2026 08:13:10";"27/07/2026 08:13:10"
"79919";"010702";"2026";"4";"venda";"112000,00";"27/07/2026 08:13:10";"27/07/2026 08:13:10"
"79920";"010702";"2026";"5";"venda";"112000,00";"27/07/2026 08:13:10";"27/07/2026 08:13:10"
"79921";"010702";"2026";"6";"venda";"112000,00";"27/07/2026 08:13:10";"27/07/2026 08:13:10"
"79922";"010702";"2026";"7";"venda";"112000,00";"27/07/2026 08:13:10";"27/07/2026 08:13:10"
"79923";"010702";"2026";"8";"venda";"112000,00";"27/07/2026 08:13:10";"27/07/2026 08:13:10"
"79924";"010702";"2026";"9";"venda";"112000,00";"27/07/2026 08:13:10";"27/07/2026 08:13:10"
"79925";"010702";"2026";"10";"venda";"112000,00";"27/07/2026 08:13:10";"27/07/2026 08:13:10"
"79926";"010702";"2026";"11";"venda";"112000,00";"27/07/2026 08:13:10";"27/07/2026 08:13:10"
"79927";"010702";"2026";"12";"venda";"112000,00";"27/07/2026 08:13:10";"27/07/2026 08:13:10"
"79964";"010660";"2026";"1";"venda";"112000,00";"27/07/2026 08:13:10";"27/07/2026 08:13:10"
"79965";"010660";"2026";"2";"venda";"112000,00";"27/07/2026 08:13:10";"27/07/2026 08:13:10"
"79966";"010660";"2026";"3";"venda";"112000,00";"27/07/2026 08:13:10";"27/07/2026 08:13:10"
"79967";"010660";"2026";"4";"venda";"112000,00";"27/07/2026 08:13:10";"27/07/2026 08:13:10"
"79968";"010660";"2026";"5";"venda";"112000,00";"27/07/2026 08:13:10";"27/07/2026 08:13:10"
"79969";"010660";"2026";"6";"venda";"112000,00";"27/07/2026 08:13:10";"27/07/2026 08:13:10"
"79970";"010660";"2026";"7";"venda";"112000,00";"27/07/2026 08:13:10";"27/07/2026 08:13:10"
"79971";"010660";"2026";"8";"venda";"112000,00";"27/07/2026 08:13:10";"27/07/2026 08:13:10"
"79972";"010660";"2026";"9";"venda";"112000,00";"27/07/2026 08:13:10";"27/07/2026 08:13:10"
"79973";"010660";"2026";"10";"venda";"112000,00";"27/07/2026 08:13:10";"27/07/2026 08:13:10"
"79974";"010660";"2026";"11";"venda";"112000,00";"27/07/2026 08:13:10";"27/07/2026 08:13:10"
"79975";"010660";"2026";"12";"venda";"112000,00";"27/07/2026 08:13:10";"27/07/2026 08:13:10"
"80012";"010624";"2026";"1";"venda";"0,00";"27/07/2026 08:13:10";"05/08/2026 10:28:30"
"80013";"010624";"2026";"2";"venda";"0,00";"27/07/2026 08:13:10";"05/08/2026 10:28:31"
"80014";"010624";"2026";"3";"venda";"0,00";"27/07/2026 08:13:10";"05/08/2026 10:28:32"
"80015";"010624";"2026";"4";"venda";"0,00";"27/07/2026 08:13:10";"05/08/2026 10:28:33"
"80016";"010624";"2026";"5";"venda";"0,00";"27/07/2026 08:13:10";"05/08/2026 10:28:34"
"80017";"010624";"2026";"6";"venda";"0,00";"27/07/2026 08:13:10";"05/08/2026 10:28:35"
"80018";"010624";"2026";"7";"venda";"0,00";"27/07/2026 08:13:10";"29/07/2026 20:18:34"
"80019";"010624";"2026";"8";"venda";"0,00";"27/07/2026 08:13:10";"05/08/2026 10:28:36"
"80020";"010624";"2026";"9";"venda";"0,00";"27/07/2026 08:13:10";"05/08/2026 10:28:37"
"80021";"010624";"2026";"10";"venda";"0,00";"27/07/2026 08:13:10";"05/08/2026 10:28:39"
"80022";"010624";"2026";"11";"venda";"0,00";"27/07/2026 08:13:10";"05/08/2026 10:28:40"
"80023";"010624";"2026";"12";"venda";"0,00";"27/07/2026 08:13:10";"05/08/2026 10:28:43"
"80060";"010768";"2026";"1";"venda";"112000,00";"27/07/2026 08:13:10";"27/07/2026 08:13:10"
"80061";"010768";"2026";"2";"venda";"112000,00";"27/07/2026 08:13:10";"27/07/2026 08:13:10"
"80062";"010768";"2026";"3";"venda";"112000,00";"27/07/2026 08:13:10";"27/07/2026 08:13:10"
"80063";"010768";"2026";"4";"venda";"112000,00";"27/07/2026 08:13:10";"27/07/2026 08:13:10"
"80064";"010768";"2026";"5";"venda";"112000,00";"27/07/2026 08:13:10";"27/07/2026 08:13:10"
"80065";"010768";"2026";"6";"venda";"112000,00";"27/07/2026 08:13:10";"27/07/2026 08:13:10"
"80066";"010768";"2026";"7";"venda";"112000,00";"27/07/2026 08:13:10";"27/07/2026 08:13:10"
"80067";"010768";"2026";"8";"venda";"112000,00";"27/07/2026 08:13:10";"27/07/2026 08:13:10"
"80068";"010768";"2026";"9";"venda";"112000,00";"27/07/2026 08:13:10";"27/07/2026 08:13:10"
"80069";"010768";"2026";"10";"venda";"112000,00";"27/07/2026 08:13:10";"27/07/2026 08:13:10"
"80070";"010768";"2026";"11";"venda";"112000,00";"27/07/2026 08:13:10";"27/07/2026 08:13:10"
"80071";"010768";"2026";"12";"venda";"112000,00";"27/07/2026 08:13:10";"27/07/2026 08:13:10"
"80132";"00006";"2026";"1";"venda";"1624000,00";"27/07/2026 08:13:10";"05/08/2026 10:28:30"
"80133";"00006";"2026";"2";"venda";"1624000,00";"27/07/2026 08:13:10";"05/08/2026 10:28:31"
"80134";"00006";"2026";"3";"venda";"1624000,00";"27/07/2026 08:13:10";"05/08/2026 10:28:32"
"80135";"00006";"2026";"4";"venda";"1624000,00";"27/07/2026 08:13:10";"05/08/2026 10:28:33"
"80136";"00006";"2026";"5";"venda";"1624000,00";"27/07/2026 08:13:10";"05/08/2026 10:28:34"
"80137";"00006";"2026";"6";"venda";"1624000,00";"27/07/2026 08:13:10";"05/08/2026 10:28:35"
"80138";"00006";"2026";"7";"venda";"1624000,00";"27/07/2026 08:13:10";"27/07/2026 08:13:10"
"80139";"00006";"2026";"8";"venda";"1624000,00";"27/07/2026 08:13:10";"05/08/2026 10:28:36"
"80140";"00006";"2026";"9";"venda";"1624000,00";"27/07/2026 08:13:10";"05/08/2026 10:28:38"
"80141";"00006";"2026";"10";"venda";"1624000,00";"27/07/2026 08:13:10";"05/08/2026 10:28:39"
"80142";"00006";"2026";"11";"venda";"1624000,00";"27/07/2026 08:13:10";"05/08/2026 10:28:41"
"80143";"00006";"2026";"12";"venda";"1624000,00";"27/07/2026 08:13:10";"05/08/2026 10:28:43"
"80204";"010596";"2026";"1";"venda";"112000,00";"27/07/2026 08:13:10";"27/07/2026 08:13:10"
"80205";"010596";"2026";"2";"venda";"112000,00";"27/07/2026 08:13:10";"27/07/2026 08:13:10"
"80206";"010596";"2026";"3";"venda";"112000,00";"27/07/2026 08:13:10";"27/07/2026 08:13:10"
"80207";"010596";"2026";"4";"venda";"112000,00";"27/07/2026 08:13:10";"27/07/2026 08:13:10"
"80208";"010596";"2026";"5";"venda";"112000,00";"27/07/2026 08:13:10";"27/07/2026 08:13:10"
"80209";"010596";"2026";"6";"venda";"112000,00";"27/07/2026 08:13:10";"27/07/2026 08:13:10"
"80210";"010596";"2026";"7";"venda";"112000,00";"27/07/2026 08:13:10";"27/07/2026 08:13:10"
"80211";"010596";"2026";"8";"venda";"112000,00";"27/07/2026 08:13:10";"27/07/2026 08:13:10"
"80212";"010596";"2026";"9";"venda";"112000,00";"27/07/2026 08:13:10";"27/07/2026 08:13:10"
"80213";"010596";"2026";"10";"venda";"112000,00";"27/07/2026 08:13:10";"27/07/2026 08:13:10"
"80214";"010596";"2026";"11";"venda";"112000,00";"27/07/2026 08:13:10";"27/07/2026 08:13:10"
"80215";"010596";"2026";"12";"venda";"112000,00";"27/07/2026 08:13:10";"27/07/2026 08:13:10"
"80384";"010735";"2026";"1";"venda";"112000,00";"27/07/2026 08:13:10";"27/07/2026 08:13:10"
"80385";"010735";"2026";"2";"venda";"112000,00";"27/07/2026 08:13:10";"27/07/2026 08:13:10"
"80386";"010735";"2026";"3";"venda";"112000,00";"27/07/2026 08:13:10";"27/07/2026 08:13:10"
"80387";"010735";"2026";"4";"venda";"112000,00";"27/07/2026 08:13:10";"27/07/2026 08:13:10"
"80388";"010735";"2026";"5";"venda";"112000,00";"27/07/2026 08:13:10";"27/07/2026 08:13:10"
"80389";"010735";"2026";"6";"venda";"112000,00";"27/07/2026 08:13:10";"27/07/2026 08:13:10"
"80390";"010735";"2026";"7";"venda";"112000,00";"27/07/2026 08:13:10";"27/07/2026 08:13:10"
"80391";"010735";"2026";"8";"venda";"112000,00";"27/07/2026 08:13:10";"27/07/2026 08:13:10"
"80392";"010735";"2026";"9";"venda";"112000,00";"27/07/2026 08:13:10";"27/07/2026 08:13:10"
"80393";"010735";"2026";"10";"venda";"112000,00";"27/07/2026 08:13:10";"27/07/2026 08:13:10"
"80394";"010735";"2026";"11";"venda";"112000,00";"27/07/2026 08:13:10";"27/07/2026 08:13:10"
"80395";"010735";"2026";"12";"venda";"112000,00";"27/07/2026 08:13:10";"27/07/2026 08:13:10"
"80432";"010741";"2026";"1";"venda";"0,00";"27/07/2026 08:13:10";"05/08/2026 10:28:31"
"80433";"010741";"2026";"2";"venda";"0,00";"27/07/2026 08:13:10";"05/08/2026 10:28:31"
"80434";"010741";"2026";"3";"venda";"0,00";"27/07/2026 08:13:10";"05/08/2026 10:28:32"
"80435";"010741";"2026";"4";"venda";"0,00";"27/07/2026 08:13:10";"05/08/2026 10:28:33"
"80436";"010741";"2026";"5";"venda";"0,00";"27/07/2026 08:13:10";"05/08/2026 10:28:34"
"80437";"010741";"2026";"6";"venda";"0,00";"27/07/2026 08:13:10";"05/08/2026 10:28:35"
"80438";"010741";"2026";"7";"venda";"0,00";"27/07/2026 08:13:10";"29/07/2026 20:26:38"
"80439";"010741";"2026";"8";"venda";"0,00";"27/07/2026 08:13:10";"05/08/2026 10:28:37"
"80440";"010741";"2026";"9";"venda";"0,00";"27/07/2026 08:13:10";"05/08/2026 10:28:38"
"80441";"010741";"2026";"10";"venda";"0,00";"27/07/2026 08:13:10";"05/08/2026 10:28:39"
"80442";"010741";"2026";"11";"venda";"0,00";"27/07/2026 08:13:10";"05/08/2026 10:28:41"
"80443";"010741";"2026";"12";"venda";"0,00";"27/07/2026 08:13:10";"05/08/2026 10:28:43"
"80444";"010704";"2026";"1";"venda";"112000,00";"27/07/2026 08:13:10";"27/07/2026 08:13:10"
"80445";"010704";"2026";"2";"venda";"112000,00";"27/07/2026 08:13:10";"27/07/2026 08:13:10"
"80446";"010704";"2026";"3";"venda";"112000,00";"27/07/2026 08:13:10";"27/07/2026 08:13:10"
"80447";"010704";"2026";"4";"venda";"112000,00";"27/07/2026 08:13:10";"27/07/2026 08:13:10"
"80448";"010704";"2026";"5";"venda";"112000,00";"27/07/2026 08:13:10";"27/07/2026 08:13:10"
"80449";"010704";"2026";"6";"venda";"112000,00";"27/07/2026 08:13:10";"27/07/2026 08:13:10"
"80450";"010704";"2026";"7";"venda";"112000,00";"27/07/2026 08:13:10";"27/07/2026 08:13:10"
"80451";"010704";"2026";"8";"venda";"112000,00";"27/07/2026 08:13:10";"27/07/2026 08:13:10"
"80452";"010704";"2026";"9";"venda";"112000,00";"27/07/2026 08:13:10";"27/07/2026 08:13:10"
"80453";"010704";"2026";"10";"venda";"112000,00";"27/07/2026 08:13:10";"27/07/2026 08:13:10"
"80454";"010704";"2026";"11";"venda";"112000,00";"27/07/2026 08:13:10";"27/07/2026 08:13:10"
"80455";"010704";"2026";"12";"venda";"112000,00";"27/07/2026 08:13:10";"27/07/2026 08:13:10"
"80684";"010538";"2026";"1";"venda";"112000,00";"27/07/2026 08:13:10";"27/07/2026 08:13:10"
"80685";"010538";"2026";"2";"venda";"112000,00";"27/07/2026 08:13:10";"27/07/2026 08:13:10"
"80686";"010538";"2026";"3";"venda";"112000,00";"27/07/2026 08:13:10";"27/07/2026 08:13:10"
"80687";"010538";"2026";"4";"venda";"112000,00";"27/07/2026 08:13:10";"27/07/2026 08:13:10"
"80688";"010538";"2026";"5";"venda";"112000,00";"27/07/2026 08:13:10";"27/07/2026 08:13:10"
"80689";"010538";"2026";"6";"venda";"112000,00";"27/07/2026 08:13:10";"27/07/2026 08:13:10"
"80690";"010538";"2026";"7";"venda";"112000,00";"27/07/2026 08:13:10";"27/07/2026 08:13:10"
"80691";"010538";"2026";"8";"venda";"112000,00";"27/07/2026 08:13:10";"27/07/2026 08:13:10"
"80692";"010538";"2026";"9";"venda";"112000,00";"27/07/2026 08:13:10";"27/07/2026 08:13:10"
"80693";"010538";"2026";"10";"venda";"112000,00";"27/07/2026 08:13:10";"27/07/2026 08:13:10"
"80694";"010538";"2026";"11";"venda";"112000,00";"27/07/2026 08:13:10";"27/07/2026 08:13:10"
"80695";"010538";"2026";"12";"venda";"112000,00";"27/07/2026 08:13:10";"27/07/2026 08:13:10"
"80756";"000384";"2026";"1";"venda";"112000,00";"27/07/2026 08:13:10";"27/07/2026 08:13:10"
"80757";"000384";"2026";"2";"venda";"112000,00";"27/07/2026 08:13:10";"27/07/2026 08:13:10"
"80758";"000384";"2026";"3";"venda";"112000,00";"27/07/2026 08:13:10";"27/07/2026 08:13:10"
"80759";"000384";"2026";"4";"venda";"112000,00";"27/07/2026 08:13:10";"27/07/2026 08:13:10"
"80760";"000384";"2026";"5";"venda";"112000,00";"27/07/2026 08:13:10";"27/07/2026 08:13:10"
"80761";"000384";"2026";"6";"venda";"112000,00";"27/07/2026 08:13:10";"27/07/2026 08:13:10"
"80762";"000384";"2026";"7";"venda";"112000,00";"27/07/2026 08:13:10";"27/07/2026 08:13:10"
"80763";"000384";"2026";"8";"venda";"112000,00";"27/07/2026 08:13:10";"27/07/2026 08:13:10"
"80764";"000384";"2026";"9";"venda";"112000,00";"27/07/2026 08:13:10";"27/07/2026 08:13:10"
"80765";"000384";"2026";"10";"venda";"112000,00";"27/07/2026 08:13:10";"27/07/2026 08:13:10"
"80766";"000384";"2026";"11";"venda";"112000,00";"27/07/2026 08:13:10";"27/07/2026 08:13:10"
"80767";"000384";"2026";"12";"venda";"112000,00";"27/07/2026 08:13:10";"27/07/2026 08:13:10"
"80828";"010363";"2026";"1";"venda";"112000,00";"27/07/2026 08:13:10";"27/07/2026 08:13:10"
"80829";"010363";"2026";"2";"venda";"112000,00";"27/07/2026 08:13:10";"27/07/2026 08:13:10"
"80830";"010363";"2026";"3";"venda";"112000,00";"27/07/2026 08:13:10";"27/07/2026 08:13:10"
"80831";"010363";"2026";"4";"venda";"112000,00";"27/07/2026 08:13:10";"27/07/2026 08:13:10"
"80832";"010363";"2026";"5";"venda";"112000,00";"27/07/2026 08:13:10";"27/07/2026 08:13:10"
"80833";"010363";"2026";"6";"venda";"112000,00";"27/07/2026 08:13:10";"27/07/2026 08:13:10"
"80834";"010363";"2026";"7";"venda";"112000,00";"27/07/2026 08:13:10";"27/07/2026 08:13:10"
"80835";"010363";"2026";"8";"venda";"112000,00";"27/07/2026 08:13:10";"27/07/2026 08:13:10"
"80836";"010363";"2026";"9";"venda";"112000,00";"27/07/2026 08:13:10";"27/07/2026 08:13:10"
"80837";"010363";"2026";"10";"venda";"112000,00";"27/07/2026 08:13:10";"27/07/2026 08:13:10"
"80838";"010363";"2026";"11";"venda";"112000,00";"27/07/2026 08:13:10";"27/07/2026 08:13:10"
"80839";"010363";"2026";"12";"venda";"112000,00";"27/07/2026 08:13:10";"27/07/2026 08:13:10"
"80912";"010748";"2026";"1";"venda";"112000,00";"27/07/2026 08:13:10";"27/07/2026 08:13:10"
"80913";"010748";"2026";"2";"venda";"112000,00";"27/07/2026 08:13:10";"27/07/2026 08:13:10"
"80914";"010748";"2026";"3";"venda";"112000,00";"27/07/2026 08:13:10";"27/07/2026 08:13:10"
"80915";"010748";"2026";"4";"venda";"112000,00";"27/07/2026 08:13:10";"27/07/2026 08:13:10"
"80916";"010748";"2026";"5";"venda";"112000,00";"27/07/2026 08:13:10";"27/07/2026 08:13:10"
"80917";"010748";"2026";"6";"venda";"112000,00";"27/07/2026 08:13:10";"27/07/2026 08:13:10"
"80918";"010748";"2026";"7";"venda";"112000,00";"27/07/2026 08:13:10";"27/07/2026 08:13:10"
"80919";"010748";"2026";"8";"venda";"112000,00";"27/07/2026 08:13:10";"27/07/2026 08:13:10"
"80920";"010748";"2026";"9";"venda";"112000,00";"27/07/2026 08:13:10";"27/07/2026 08:13:10"
"80921";"010748";"2026";"10";"venda";"112000,00";"27/07/2026 08:13:10";"27/07/2026 08:13:10"
"80922";"010748";"2026";"11";"venda";"112000,00";"27/07/2026 08:13:10";"27/07/2026 08:13:10"
"80923";"010748";"2026";"12";"venda";"112000,00";"27/07/2026 08:13:10";"27/07/2026 08:13:10"
"81104";"000000";"2026";"1";"venda";"0,00";"27/07/2026 08:13:11";"27/07/2026 08:13:11"
"81105";"000000";"2026";"2";"venda";"0,00";"27/07/2026 08:13:11";"27/07/2026 08:13:11"
"81106";"000000";"2026";"3";"venda";"0,00";"27/07/2026 08:13:11";"27/07/2026 08:13:11"
"81107";"000000";"2026";"4";"venda";"0,00";"27/07/2026 08:13:11";"27/07/2026 08:13:11"
"81108";"000000";"2026";"5";"venda";"0,00";"27/07/2026 08:13:11";"27/07/2026 08:13:11"
"81109";"000000";"2026";"6";"venda";"0,00";"27/07/2026 08:13:11";"27/07/2026 08:13:11"
"81110";"000000";"2026";"7";"venda";"0,00";"27/07/2026 08:13:11";"27/07/2026 08:13:11"
"81111";"000000";"2026";"8";"venda";"0,00";"27/07/2026 08:13:11";"27/07/2026 08:13:11"
"81112";"000000";"2026";"9";"venda";"0,00";"27/07/2026 08:13:11";"27/07/2026 08:13:11"
"81113";"000000";"2026";"10";"venda";"0,00";"27/07/2026 08:13:11";"27/07/2026 08:13:11"
"81114";"000000";"2026";"11";"venda";"0,00";"27/07/2026 08:13:11";"27/07/2026 08:13:11"
"81115";"000000";"2026";"12";"venda";"0,00";"27/07/2026 08:13:11";"27/07/2026 08:13:11"
"81176";"010584";"2026";"1";"venda";"16026,35";"27/07/2026 08:13:11";"27/07/2026 08:13:11"
"81177";"010584";"2026";"2";"venda";"19191,26";"27/07/2026 08:13:11";"27/07/2026 08:13:11"
"81178";"010584";"2026";"3";"venda";"16008,00";"27/07/2026 08:13:11";"27/07/2026 08:13:11"
"81179";"010584";"2026";"4";"venda";"134400,00";"27/07/2026 08:13:11";"27/07/2026 08:13:11"
"81180";"010584";"2026";"5";"venda";"134400,00";"27/07/2026 08:13:11";"27/07/2026 08:13:11"
"81181";"010584";"2026";"6";"venda";"134400,00";"27/07/2026 08:13:11";"27/07/2026 08:13:11"
"81182";"010584";"2026";"7";"venda";"134400,00";"27/07/2026 08:13:11";"27/07/2026 08:13:11"
"81183";"010584";"2026";"8";"venda";"134400,00";"27/07/2026 08:13:11";"27/07/2026 08:13:11"
"81184";"010584";"2026";"9";"venda";"134400,00";"27/07/2026 08:13:11";"27/07/2026 08:13:11"
"81185";"010584";"2026";"10";"venda";"134400,00";"27/07/2026 08:13:11";"27/07/2026 08:13:11"
"81186";"010584";"2026";"11";"venda";"134400,00";"27/07/2026 08:13:11";"27/07/2026 08:13:11"
"81187";"010584";"2026";"12";"venda";"134400,00";"27/07/2026 08:13:11";"27/07/2026 08:13:11"
"81248";"010773";"2026";"1";"venda";"0,00";"27/07/2026 08:13:11";"27/07/2026 08:13:11"
"81249";"010773";"2026";"2";"venda";"0,00";"27/07/2026 08:13:11";"27/07/2026 08:13:11"
"81250";"010773";"2026";"3";"venda";"0,00";"27/07/2026 08:13:11";"27/07/2026 08:13:11"
"81251";"010773";"2026";"4";"venda";"0,00";"27/07/2026 08:13:11";"27/07/2026 08:13:11"
"81252";"010773";"2026";"5";"venda";"0,00";"27/07/2026 08:13:11";"27/07/2026 08:13:11"
"81253";"010773";"2026";"6";"venda";"0,00";"27/07/2026 08:13:11";"27/07/2026 08:13:11"
"81254";"010773";"2026";"7";"venda";"0,00";"27/07/2026 08:13:11";"27/07/2026 08:13:11"
"81255";"010773";"2026";"8";"venda";"0,00";"27/07/2026 08:13:11";"27/07/2026 08:13:11"
"81256";"010773";"2026";"9";"venda";"0,00";"27/07/2026 08:13:11";"27/07/2026 08:13:11"
"81257";"010773";"2026";"10";"venda";"0,00";"27/07/2026 08:13:11";"27/07/2026 08:13:11"
"81258";"010773";"2026";"11";"venda";"0,00";"27/07/2026 08:13:11";"27/07/2026 08:13:11"
"81259";"010773";"2026";"12";"venda";"0,00";"27/07/2026 08:13:11";"27/07/2026 08:13:11"
"81368";"010721";"2026";"1";"venda";"112000,00";"27/07/2026 08:13:11";"27/07/2026 08:13:11"
"81369";"010721";"2026";"2";"venda";"112000,00";"27/07/2026 08:13:11";"27/07/2026 08:13:11"
"81370";"010721";"2026";"3";"venda";"112000,00";"27/07/2026 08:13:11";"27/07/2026 08:13:11"
"81371";"010721";"2026";"4";"venda";"112000,00";"27/07/2026 08:13:11";"27/07/2026 08:13:11"
"81372";"010721";"2026";"5";"venda";"112000,00";"27/07/2026 08:13:11";"27/07/2026 08:13:11"
"81373";"010721";"2026";"6";"venda";"112000,00";"27/07/2026 08:13:11";"27/07/2026 08:13:11"
"81374";"010721";"2026";"7";"venda";"112000,00";"27/07/2026 08:13:11";"27/07/2026 08:13:11"
"81375";"010721";"2026";"8";"venda";"112000,00";"27/07/2026 08:13:11";"27/07/2026 08:13:11"
"81376";"010721";"2026";"9";"venda";"112000,00";"27/07/2026 08:13:11";"27/07/2026 08:13:11"
"81377";"010721";"2026";"10";"venda";"112000,00";"27/07/2026 08:13:11";"27/07/2026 08:13:11"
"81378";"010721";"2026";"11";"venda";"112000,00";"27/07/2026 08:13:11";"27/07/2026 08:13:11"
"81379";"010721";"2026";"12";"venda";"112000,00";"27/07/2026 08:13:11";"27/07/2026 08:13:11"
"81668";"000099";"2026";"1";"venda";"112000,00";"27/07/2026 08:13:11";"27/07/2026 08:13:11"
"81669";"000099";"2026";"2";"venda";"112000,00";"27/07/2026 08:13:11";"27/07/2026 08:13:11"
"81670";"000099";"2026";"3";"venda";"112000,00";"27/07/2026 08:13:11";"27/07/2026 08:13:11"
"81671";"000099";"2026";"4";"venda";"112000,00";"27/07/2026 08:13:11";"27/07/2026 08:13:11"
"81672";"000099";"2026";"5";"venda";"112000,00";"27/07/2026 08:13:11";"27/07/2026 08:13:11"
"81673";"000099";"2026";"6";"venda";"112000,00";"27/07/2026 08:13:11";"27/07/2026 08:13:11"
"81674";"000099";"2026";"7";"venda";"112000,00";"27/07/2026 08:13:11";"27/07/2026 08:13:11"
"81675";"000099";"2026";"8";"venda";"112000,00";"27/07/2026 08:13:11";"27/07/2026 08:13:11"
"81676";"000099";"2026";"9";"venda";"112000,00";"27/07/2026 08:13:11";"27/07/2026 08:13:11"
"81677";"000099";"2026";"10";"venda";"112000,00";"27/07/2026 08:13:11";"27/07/2026 08:13:11"
"81678";"000099";"2026";"11";"venda";"112000,00";"27/07/2026 08:13:11";"27/07/2026 08:13:11"
"81679";"000099";"2026";"12";"venda";"112000,00";"27/07/2026 08:13:11";"27/07/2026 08:13:11"
"82004";"010722";"2026";"1";"venda";"0,00";"27/07/2026 08:13:11";"27/07/2026 08:13:11"
"82005";"010722";"2026";"2";"venda";"0,00";"27/07/2026 08:13:11";"27/07/2026 08:13:11"
"82006";"010722";"2026";"3";"venda";"0,00";"27/07/2026 08:13:11";"27/07/2026 08:13:11"
"82007";"010722";"2026";"4";"venda";"0,00";"27/07/2026 08:13:11";"27/07/2026 08:13:11"
"82008";"010722";"2026";"5";"venda";"0,00";"27/07/2026 08:13:11";"27/07/2026 08:13:11"
"82009";"010722";"2026";"6";"venda";"0,00";"27/07/2026 08:13:11";"27/07/2026 08:13:11"
"82010";"010722";"2026";"7";"venda";"0,00";"27/07/2026 08:13:11";"27/07/2026 08:13:11"
"82011";"010722";"2026";"8";"venda";"0,00";"27/07/2026 08:13:11";"27/07/2026 08:13:11"
"82012";"010722";"2026";"9";"venda";"0,00";"27/07/2026 08:13:11";"27/07/2026 08:13:11"
"82013";"010722";"2026";"10";"venda";"0,00";"27/07/2026 08:13:11";"27/07/2026 08:13:11"
"82014";"010722";"2026";"11";"venda";"0,00";"27/07/2026 08:13:11";"27/07/2026 08:13:11"
"82015";"010722";"2026";"12";"venda";"0,00";"27/07/2026 08:13:11";"27/07/2026 08:13:11"
"82190";"010788";"2026";"7";"faturamento";"20000,00";"31/07/2026 09:53:54";"31/07/2026 09:53:54"
"82191";"010788";"2026";"7";"venda";"30000,00";"31/07/2026 09:53:54";"31/07/2026 09:53:54"
"82339";"010788";"2026";"1";"faturamento";"20000,00";"05/08/2026 10:28:30";"05/08/2026 10:28:30"
"82340";"010788";"2026";"1";"venda";"30000,00";"05/08/2026 10:28:30";"05/08/2026 10:28:30"
"82475";"010788";"2026";"2";"faturamento";"20000,00";"05/08/2026 10:28:31";"05/08/2026 10:28:31"
"82476";"010788";"2026";"2";"venda";"30000,00";"05/08/2026 10:28:31";"05/08/2026 10:28:31"
"82611";"010788";"2026";"3";"faturamento";"20000,00";"05/08/2026 10:28:32";"05/08/2026 10:28:32"
"82612";"010788";"2026";"3";"venda";"30000,00";"05/08/2026 10:28:32";"05/08/2026 10:28:32"
"82747";"010788";"2026";"4";"faturamento";"20000,00";"05/08/2026 10:28:33";"05/08/2026 10:28:33"
"82748";"010788";"2026";"4";"venda";"30000,00";"05/08/2026 10:28:33";"05/08/2026 10:28:33"
"82883";"010788";"2026";"5";"faturamento";"20000,00";"05/08/2026 10:28:34";"05/08/2026 10:28:34"
"82884";"010788";"2026";"5";"venda";"30000,00";"05/08/2026 10:28:34";"05/08/2026 10:28:34"
"83019";"010788";"2026";"6";"faturamento";"20000,00";"05/08/2026 10:28:35";"05/08/2026 10:28:35"
"83020";"010788";"2026";"6";"venda";"30000,00";"05/08/2026 10:28:35";"05/08/2026 10:28:35"
"83291";"010788";"2026";"8";"faturamento";"20000,00";"05/08/2026 10:28:36";"05/08/2026 10:28:36"
"83292";"010788";"2026";"8";"venda";"30000,00";"05/08/2026 10:28:36";"05/08/2026 10:28:36"
"83427";"010788";"2026";"9";"faturamento";"20000,00";"05/08/2026 10:28:38";"05/08/2026 10:28:38"
"83428";"010788";"2026";"9";"venda";"30000,00";"05/08/2026 10:28:38";"05/08/2026 10:28:38"
"83563";"010788";"2026";"10";"faturamento";"20000,00";"05/08/2026 10:28:39";"05/08/2026 10:28:39"
"83564";"010788";"2026";"10";"venda";"30000,00";"05/08/2026 10:28:39";"05/08/2026 10:28:39"
"83699";"010788";"2026";"11";"faturamento";"20000,00";"05/08/2026 10:28:41";"05/08/2026 10:28:41"
"83700";"010788";"2026";"11";"venda";"30000,00";"05/08/2026 10:28:41";"05/08/2026 10:28:41"
"83835";"010788";"2026";"12";"faturamento";"20000,00";"05/08/2026 10:28:43";"05/08/2026 10:28:43"
"83836";"010788";"2026";"12";"venda";"30000,00";"05/08/2026 10:28:43";"05/08/2026 10:28:43"
"83930";"010586";"2026";"8";"venda";"0,00";"10/08/2026 17:03:50";"10/08/2026 17:03:50"
"83935";"010389";"2026";"8";"interna_equipe";"3600000,00";"28/08/2026 11:22:00";"28/08/2026 11:22:00"
"83936";"000006";"2026";"8";"interna_equipe";"5000000,00";"28/08/2026 11:22:00";"28/08/2026 11:22:00"
"83937";"010775";"2026";"8";"interna_equipe";"0,00";"28/08/2026 11:22:00";"28/08/2026 11:22:00"
"83938";"000115";"2026";"8";"interna_equipe";"1500000,00";"28/08/2026 11:22:00";"28/08/2026 11:22:00"
"83939";"010650";"2026";"8";"interna_equipe";"1500000,00";"28/08/2026 11:22:00";"28/08/2026 11:22:00"
"83940";"010389";"2026";"8";"interna_vendedor";"45000,00";"28/08/2026 11:22:00";"28/08/2026 11:22:00"
"83941";"000006";"2026";"8";"interna_vendedor";"1600000,00";"28/08/2026 11:22:00";"28/08/2026 11:22:00"
"83942";"000115";"2026";"8";"interna_vendedor";"900000,00";"28/08/2026 11:22:00";"28/08/2026 11:22:00"
"83943";"010650";"2026";"8";"interna_vendedor";"100000,00";"28/08/2026 11:22:00";"28/08/2026 11:22:00"
